Chromosome,Position,Reads
CP048230.1,1774,2040
CP048230.1,21047,104
CP048230.1,36168,3292
CP048230.1,39101,1
CP048230.1,39102,1
CP048230.1,39235,477
CP048230.1,39241,1
CP048230.1,39248,18
CP048230.1,39272,3747
CP048230.1,39279,1526
CP048230.1,39283,10
CP048230.1,39290,1075
CP048230.1,39407,2
CP048230.1,39659,124
CP048230.1,39666,1
CP048230.1,40428,1025
CP048230.1,40625,147
CP048230.1,43314,58
CP048230.1,43493,185
CP048230.1,44723,62
CP048230.1,44732,447
CP048230.1,45436,1
CP048230.1,45872,705
CP048230.1,47477,1908
CP048230.1,47550,1
CP048230.1,47789,376
CP048230.1,47878,1111
CP048230.1,49192,1710
CP048230.1,49332,1
CP048230.1,49339,885
CP048230.1,49399,1
CP048230.1,49695,3640
CP048230.1,50503,1
CP048230.1,50510,2082
CP048230.1,50563,1
CP048230.1,50915,573
CP048230.1,51121,1524
CP048230.1,51160,1
CP048230.1,51236,180
CP048230.1,51243,2309
CP048230.1,51519,12
CP048230.1,51535,2
CP048230.1,51553,1128
CP048230.1,51556,1
CP048230.1,51624,565
CP048230.1,51625,2944
CP048230.1,51700,1
CP048230.1,51713,1
CP048230.1,51757,944
CP048230.1,51764,3331
CP048230.1,51772,1
CP048230.1,52037,2396
CP048230.1,52044,2992
CP048230.1,52074,1908
CP048230.1,52266,1
CP048230.1,52270,44
CP048230.1,53930,189
CP048230.1,55184,127
CP048230.1,55213,122
CP048230.1,55280,1155
CP048230.1,55281,1
CP048230.1,55377,371
CP048230.1,57138,2662
CP048230.1,57172,942
CP048230.1,58889,1
CP048230.1,58940,493
CP048230.1,58956,1445
CP048230.1,58996,147
CP048230.1,59007,222
CP048230.1,59014,1
CP048230.1,59129,310
CP048230.1,59145,1
CP048230.1,59496,51
CP048230.1,59624,1939
CP048230.1,59998,1
CP048230.1,60428,1083
CP048230.1,60475,42
CP048230.1,60927,879
CP048230.1,60988,2
CP048230.1,61053,381
CP048230.1,61060,610
CP048230.1,61088,437
CP048230.1,61113,610
CP048230.1,61117,217
CP048230.1,61119,201
CP048230.1,61121,61
CP048230.1,61151,365
CP048230.1,61242,50
CP048230.1,61361,77
CP048230.1,61384,1
CP048230.1,61469,2
CP048230.1,61475,654
CP048230.1,61536,460
CP048230.1,61612,530
CP048230.1,61614,2936
CP048230.1,61621,3486
CP048230.1,61641,665
CP048230.1,61690,137
CP048230.1,61699,1637
CP048230.1,61721,44
CP048230.1,61815,1
CP048230.1,61819,321
CP048230.1,61884,1
CP048230.1,62090,1035
CP048230.1,63259,155
CP048230.1,65613,311
CP048230.1,66037,145
CP048230.1,67279,113
CP048230.1,67972,23
CP048230.1,68950,2
CP048230.1,68951,2317
CP048230.1,68963,767
CP048230.1,69023,1
CP048230.1,69066,556
CP048230.1,69073,162
CP048230.1,69353,8
CP048230.1,69449,815
CP048230.1,69650,1
CP048230.1,72666,409
CP048230.1,72675,1
CP048230.1,72734,8
CP048230.1,72823,1617
CP048230.1,73089,2
CP048230.1,73096,1820
CP048230.1,73098,4385
CP048230.1,73103,4
CP048230.1,73108,3539
CP048230.1,73115,3
CP048230.1,73117,4
CP048230.1,73148,128
CP048230.1,73155,5
CP048230.1,73162,4205
CP048230.1,73164,1
CP048230.1,73219,1
CP048230.1,73224,6
CP048230.1,73246,1759
CP048230.1,73381,7267
CP048230.1,73429,1
CP048230.1,73434,1248
CP048230.1,73436,86
CP048230.1,73606,1
CP048230.1,73750,1199
CP048230.1,73751,1
CP048230.1,73773,17578
CP048230.1,73776,1
CP048230.1,73780,11613
CP048230.1,74087,275
CP048230.1,74320,1
CP048230.1,74736,2440
CP048230.1,75292,1
CP048230.1,75810,1523
CP048230.1,75932,2
CP048230.1,76661,471
CP048230.1,76803,1
CP048230.1,77552,946
CP048230.1,77696,382
CP048230.1,77840,596
CP048230.1,77995,1790
CP048230.1,78016,554
CP048230.1,78023,361
CP048230.1,78071,2515
CP048230.1,78094,2233
CP048230.1,78108,1
CP048230.1,78215,1
CP048230.1,78225,1531
CP048230.1,78347,2722
CP048230.1,78361,23
CP048230.1,78387,793
CP048230.1,78415,132
CP048230.1,78422,189
CP048230.1,78438,3667
CP048230.1,78445,3501
CP048230.1,78519,1803
CP048230.1,78522,3040
CP048230.1,78524,566
CP048230.1,78531,3779
CP048230.1,78621,414
CP048230.1,78629,2701
CP048230.1,78636,3
CP048230.1,78652,15
CP048230.1,78674,2
CP048230.1,78706,208
CP048230.1,78756,1474
CP048230.1,78761,1710
CP048230.1,78830,9
CP048230.1,78856,12
CP048230.1,78860,39
CP048230.1,78892,1
CP048230.1,78899,1
CP048230.1,78915,290
CP048230.1,79000,109
CP048230.1,79004,1731
CP048230.1,79029,1
CP048230.1,79038,925
CP048230.1,79116,472
CP048230.1,79201,1
CP048230.1,79224,20
CP048230.1,79230,2849
CP048230.1,79434,299
CP048230.1,79461,1267
CP048230.1,79473,1
CP048230.1,79511,618
CP048230.1,79578,618
CP048230.1,79585,64
CP048230.1,79586,1
CP048230.1,79689,1
CP048230.1,79698,1
CP048230.1,79708,438
CP048230.1,79752,2321
CP048230.1,79759,821
CP048230.1,80644,1022
CP048230.1,81454,12
CP048230.1,81498,48
CP048230.1,83557,48
CP048230.1,84035,750
CP048230.1,84042,70
CP048230.1,84063,1174
CP048230.1,84071,2116
CP048230.1,84078,5040
CP048230.1,84191,1
CP048230.1,84203,1481
CP048230.1,84272,5
CP048230.1,84536,843
CP048230.1,86029,2719
CP048230.1,86036,561
CP048230.1,86098,1
CP048230.1,86163,88
CP048230.1,86184,619
CP048230.1,86208,106
CP048230.1,86210,461
CP048230.1,86215,13
CP048230.1,86221,1
CP048230.1,86224,1
CP048230.1,86313,1345
CP048230.1,86371,1
CP048230.1,86445,1077
CP048230.1,86459,269
CP048230.1,86529,1741
CP048230.1,86531,2078
CP048230.1,87294,184
CP048230.1,87382,2413
CP048230.1,87408,221
CP048230.1,87428,1
CP048230.1,87488,1
CP048230.1,87550,2111
CP048230.1,87557,2985
CP048230.1,87665,1291
CP048230.1,88966,742
CP048230.1,90840,3
CP048230.1,90877,574
CP048230.1,91159,258
CP048230.1,91166,2
CP048230.1,91208,276
CP048230.1,91220,1
CP048230.1,91547,982
CP048230.1,92897,1173
CP048230.1,92918,769
CP048230.1,92985,2247
CP048230.1,93033,2312
CP048230.1,93040,20
CP048230.1,93047,1296
CP048230.1,93080,10
CP048230.1,93087,43
CP048230.1,93148,63
CP048230.1,93198,12
CP048230.1,93369,1190
CP048230.1,93566,247
CP048230.1,93584,112
CP048230.1,94442,6
CP048230.1,94449,69
CP048230.1,94563,1050
CP048230.1,94663,144
CP048230.1,94802,4223
CP048230.1,94881,1
CP048230.1,94882,13
CP048230.1,94899,49
CP048230.1,94918,226
CP048230.1,94923,1771
CP048230.1,95025,1399
CP048230.1,95032,787
CP048230.1,95052,91
CP048230.1,95113,1018
CP048230.1,95119,1243
CP048230.1,95120,1
CP048230.1,95133,383
CP048230.1,95185,57
CP048230.1,95259,54
CP048230.1,95307,3662
CP048230.1,95462,89
CP048230.1,96024,1214
CP048230.1,96376,1315
CP048230.1,96432,12
CP048230.1,96536,2121
CP048230.1,96632,1
CP048230.1,96679,112
CP048230.1,96686,493
CP048230.1,96867,1
CP048230.1,97027,1458
CP048230.1,97031,72
CP048230.1,97041,2590
CP048230.1,97104,12
CP048230.1,97149,1
CP048230.1,97260,3
CP048230.1,97271,1
CP048230.1,97544,135
CP048230.1,97548,1
CP048230.1,97551,4041
CP048230.1,97576,820
CP048230.1,97583,3045
CP048230.1,97868,971
CP048230.1,98059,1558
CP048230.1,98066,374
CP048230.1,98127,94
CP048230.1,98134,2319
CP048230.1,98248,260
CP048230.1,98308,1246
CP048230.1,98356,746
CP048230.1,98363,77
CP048230.1,98395,1208
CP048230.1,98407,1355
CP048230.1,98414,4361
CP048230.1,98635,644
CP048230.1,98653,1206
CP048230.1,98689,994
CP048230.1,98690,408
CP048230.1,99007,808
CP048230.1,99061,72
CP048230.1,99112,56
CP048230.1,99240,91
CP048230.1,99242,100
CP048230.1,99244,888
CP048230.1,99251,1905
CP048230.1,99266,276
CP048230.1,99284,14
CP048230.1,99292,52
CP048230.1,99299,2609
CP048230.1,99387,527
CP048230.1,99391,23
CP048230.1,99398,46
CP048230.1,99406,332
CP048230.1,99413,1
CP048230.1,99429,605
CP048230.1,99475,3
CP048230.1,99491,1
CP048230.1,99684,1166
CP048230.1,99713,980
CP048230.1,99786,34
CP048230.1,99849,1583
CP048230.1,99861,73
CP048230.1,99949,2088
CP048230.1,100319,1088
CP048230.1,100570,1109
CP048230.1,100714,1
CP048230.1,100853,1
CP048230.1,100906,825
CP048230.1,100914,460
CP048230.1,101012,17
CP048230.1,101266,2446
CP048230.1,101594,22
CP048230.1,101650,1146
CP048230.1,102000,1365
CP048230.1,102131,211
CP048230.1,102145,288
CP048230.1,102490,31
CP048230.1,102491,919
CP048230.1,106410,4
CP048230.1,106415,1587
CP048230.1,106444,430
CP048230.1,106621,17
CP048230.1,107373,1711
CP048230.1,107644,320
CP048230.1,107705,311
CP048230.1,107712,323
CP048230.1,108826,2
CP048230.1,108842,455
CP048230.1,108849,2015
CP048230.1,108880,712
CP048230.1,108887,1753
CP048230.1,109080,339
CP048230.1,110242,1
CP048230.1,110418,40
CP048230.1,111093,1083
CP048230.1,112284,61
CP048230.1,113558,8
CP048230.1,113894,1
CP048230.1,114120,336
CP048230.1,114753,99
CP048230.1,115170,242
CP048230.1,117072,996
CP048230.1,117599,12
CP048230.1,117861,22
CP048230.1,119760,488
CP048230.1,120218,8
CP048230.1,120225,1686
CP048230.1,120246,1381
CP048230.1,120711,2557
CP048230.1,120753,5
CP048230.1,120902,64
CP048230.1,120915,1
CP048230.1,120916,1096
CP048230.1,121018,106
CP048230.1,121026,132
CP048230.1,121028,2130
CP048230.1,121030,338
CP048230.1,121033,812
CP048230.1,121035,2749
CP048230.1,121072,11
CP048230.1,122012,86
CP048230.1,122020,1
CP048230.1,122021,1774
CP048230.1,122023,3290
CP048230.1,122118,147
CP048230.1,122130,148
CP048230.1,122185,1
CP048230.1,122229,476
CP048230.1,122437,2217
CP048230.1,122439,732
CP048230.1,122443,1
CP048230.1,122452,9
CP048230.1,122595,25
CP048230.1,122602,1
CP048230.1,122617,1063
CP048230.1,122694,1088
CP048230.1,122697,3129
CP048230.1,122704,1
CP048230.1,122711,626
CP048230.1,122733,4193
CP048230.1,122789,15
CP048230.1,122807,415
CP048230.1,122814,596
CP048230.1,122822,1877
CP048230.1,122877,1
CP048230.1,123119,465
CP048230.1,123143,4447
CP048230.1,123145,5485
CP048230.1,123152,13
CP048230.1,123154,10748
CP048230.1,123161,3637
CP048230.1,123253,400
CP048230.1,123329,1
CP048230.1,123341,1
CP048230.1,123363,1
CP048230.1,123370,4191
CP048230.1,123375,1
CP048230.1,123377,696
CP048230.1,123386,309
CP048230.1,123399,1
CP048230.1,123407,95
CP048230.1,123422,1
CP048230.1,123426,2
CP048230.1,123431,1598
CP048230.1,123434,1
CP048230.1,123441,2242
CP048230.1,123448,947
CP048230.1,123450,2012
CP048230.1,123473,1
CP048230.1,123564,1
CP048230.1,125284,1610
CP048230.1,125945,1
CP048230.1,126629,1
CP048230.1,127530,1765
CP048230.1,127544,1652
CP048230.1,127585,448
CP048230.1,127603,541
CP048230.1,127608,800
CP048230.1,127615,3360
CP048230.1,127715,263
CP048230.1,127717,1
CP048230.1,127722,1972
CP048230.1,127762,56
CP048230.1,127771,1
CP048230.1,127799,465
CP048230.1,127806,190
CP048230.1,127808,1954
CP048230.1,127843,1
CP048230.1,127973,4734
CP048230.1,127986,15
CP048230.1,128042,555
CP048230.1,128322,2994
CP048230.1,128329,1
CP048230.1,130621,27
CP048230.1,131573,1750
CP048230.1,131580,1225
CP048230.1,131887,1485
CP048230.1,132115,6
CP048230.1,132245,804
CP048230.1,132252,2128
CP048230.1,132273,108
CP048230.1,132280,2481
CP048230.1,132281,848
CP048230.1,132295,365
CP048230.1,132329,358
CP048230.1,132357,1255
CP048230.1,132361,1169
CP048230.1,132375,285
CP048230.1,132382,615
CP048230.1,132401,4357
CP048230.1,132408,2499
CP048230.1,132417,1113
CP048230.1,132429,3720
CP048230.1,132480,1
CP048230.1,132487,872
CP048230.1,133072,1
CP048230.1,133074,2812
CP048230.1,133076,18
CP048230.1,133085,1
CP048230.1,133087,60
CP048230.1,133217,981
CP048230.1,133791,508
CP048230.1,134759,1622
CP048230.1,137804,1
CP048230.1,137963,26
CP048230.1,138381,59
CP048230.1,140802,1821
CP048230.1,140874,47
CP048230.1,140890,3384
CP048230.1,140918,1
CP048230.1,140923,1
CP048230.1,140930,1
CP048230.1,140943,1
CP048230.1,140944,3398
CP048230.1,140956,2
CP048230.1,141135,1387
CP048230.1,141142,631
CP048230.1,141222,2
CP048230.1,141229,87
CP048230.1,141231,1496
CP048230.1,141262,1
CP048230.1,141276,323
CP048230.1,141295,131
CP048230.1,141416,88
CP048230.1,141543,699
CP048230.1,141584,33
CP048230.1,141585,39
CP048230.1,141828,1
CP048230.1,141830,384
CP048230.1,141837,21
CP048230.1,141915,1
CP048230.1,142096,1
CP048230.1,142176,1485
CP048230.1,142294,2163
CP048230.1,142380,217
CP048230.1,142428,690
CP048230.1,142435,6212
CP048230.1,142452,2577
CP048230.1,142600,1916
CP048230.1,142753,1
CP048230.1,142811,78
CP048230.1,143298,84
CP048230.1,145013,885
CP048230.1,145052,1270
CP048230.1,145171,13
CP048230.1,145185,432
CP048230.1,145211,2
CP048230.1,145542,527
CP048230.1,145603,220
CP048230.1,145709,171
CP048230.1,145782,3459
CP048230.1,145789,2625
CP048230.1,145847,1947
CP048230.1,145871,1763
CP048230.1,145929,2
CP048230.1,145992,1
CP048230.1,146109,121
CP048230.1,146154,1527
CP048230.1,146328,884
CP048230.1,146410,1
CP048230.1,146424,1
CP048230.1,146505,562
CP048230.1,146599,116
CP048230.1,146606,3101
CP048230.1,146750,644
CP048230.1,146766,99
CP048230.1,146791,1024
CP048230.1,147208,1755
CP048230.1,147215,238
CP048230.1,148810,1
CP048230.1,149619,45
CP048230.1,149911,1
CP048230.1,150056,76
CP048230.1,150342,1
CP048230.1,150459,1278
CP048230.1,150513,32
CP048230.1,150515,3496
CP048230.1,150653,1
CP048230.1,150722,16
CP048230.1,150740,178
CP048230.1,150750,456
CP048230.1,150753,2
CP048230.1,150780,1
CP048230.1,150795,292
CP048230.1,150819,1152
CP048230.1,150928,568
CP048230.1,150933,38
CP048230.1,150986,1
CP048230.1,151146,570
CP048230.1,152344,645
CP048230.1,153317,170
CP048230.1,153515,588
CP048230.1,154849,48
CP048230.1,159117,77
CP048230.1,159905,1
CP048230.1,159987,2668
CP048230.1,160237,654
CP048230.1,160350,12
CP048230.1,161448,280
CP048230.1,161639,2
CP048230.1,162481,86
CP048230.1,164673,71
CP048230.1,164932,1744
CP048230.1,167803,1241
CP048230.1,168193,1
CP048230.1,168303,175
CP048230.1,168370,118
CP048230.1,168377,33
CP048230.1,168395,155
CP048230.1,168424,839
CP048230.1,169983,2053
CP048230.1,170183,6
CP048230.1,170355,1
CP048230.1,170370,116
CP048230.1,170547,1170
CP048230.1,170548,172
CP048230.1,173493,1360
CP048230.1,173543,1
CP048230.1,173560,235
CP048230.1,173567,45
CP048230.1,173576,8
CP048230.1,173577,694
CP048230.1,173708,8
CP048230.1,174450,86
CP048230.1,174580,1
CP048230.1,176347,217
CP048230.1,176385,1
CP048230.1,176794,337
CP048230.1,176820,1240
CP048230.1,179433,1
CP048230.1,179487,4
CP048230.1,179595,553
CP048230.1,179637,54
CP048230.1,179638,582
CP048230.1,179666,1804
CP048230.1,179698,1
CP048230.1,180027,1
CP048230.1,180095,96
CP048230.1,180632,13
CP048230.1,180975,628
CP048230.1,181017,4398
CP048230.1,181231,573
CP048230.1,181240,1
CP048230.1,181284,807
CP048230.1,181290,106
CP048230.1,181297,1163
CP048230.1,181326,1
CP048230.1,181395,1
CP048230.1,181843,1
CP048230.1,181872,161
CP048230.1,181879,3001
CP048230.1,181911,1444
CP048230.1,182051,23
CP048230.1,182058,1
CP048230.1,182134,1883
CP048230.1,182415,4
CP048230.1,182606,347
CP048230.1,182755,93
CP048230.1,182762,88
CP048230.1,183372,402
CP048230.1,183391,1
CP048230.1,183402,1
CP048230.1,183409,3575
CP048230.1,183416,245
CP048230.1,183420,111
CP048230.1,183438,1617
CP048230.1,183451,2987
CP048230.1,183458,1
CP048230.1,183484,3742
CP048230.1,183561,62
CP048230.1,183580,7794
CP048230.1,183587,1
CP048230.1,183592,234
CP048230.1,183674,1423
CP048230.1,183688,931
CP048230.1,183720,740
CP048230.1,183755,113
CP048230.1,183838,74
CP048230.1,183942,1265
CP048230.1,183975,55
CP048230.1,183977,1
CP048230.1,184005,1
CP048230.1,184040,1915
CP048230.1,184067,18
CP048230.1,184124,1
CP048230.1,184279,1
CP048230.1,184355,670
CP048230.1,184491,4
CP048230.1,185125,849
CP048230.1,185166,124
CP048230.1,185193,334
CP048230.1,185223,10
CP048230.1,185281,5
CP048230.1,185488,1678
CP048230.1,185558,1882
CP048230.1,185565,729
CP048230.1,185570,50
CP048230.1,185572,210
CP048230.1,185955,265
CP048230.1,188267,120
CP048230.1,188979,71
CP048230.1,189945,4
CP048230.1,190086,1
CP048230.1,190280,201
CP048230.1,190287,253
CP048230.1,190320,1929
CP048230.1,190372,53
CP048230.1,190399,3
CP048230.1,190411,1
CP048230.1,190428,956
CP048230.1,190488,1415
CP048230.1,190515,325
CP048230.1,190540,1
CP048230.1,191536,100
CP048230.1,191543,189
CP048230.1,191552,61
CP048230.1,191564,1
CP048230.1,191676,239
CP048230.1,191683,28
CP048230.1,191690,1
CP048230.1,191823,1629
CP048230.1,193666,119
CP048230.1,195807,174
CP048230.1,195951,110
CP048230.1,196282,226
CP048230.1,196456,228
CP048230.1,197351,4173
CP048230.1,198138,313
CP048230.1,198477,11
CP048230.1,198942,311
CP048230.1,198986,1707
CP048230.1,199113,1324
CP048230.1,199936,455
CP048230.1,200208,1
CP048230.1,200261,586
CP048230.1,200289,231
CP048230.1,200354,486
CP048230.1,200386,755
CP048230.1,200549,216
CP048230.1,200671,35
CP048230.1,201390,59
CP048230.1,202731,78
CP048230.1,202778,47
CP048230.1,202940,37
CP048230.1,203160,24
CP048230.1,203167,461
CP048230.1,203274,193
CP048230.1,203278,193
CP048230.1,203366,108
CP048230.1,204026,1443
CP048230.1,204229,84
CP048230.1,204536,372
CP048230.1,204543,803
CP048230.1,205514,1
CP048230.1,205667,392
CP048230.1,207607,49
CP048230.1,207941,2
CP048230.1,207994,172
CP048230.1,208754,8
CP048230.1,212127,276
CP048230.1,212134,305
CP048230.1,212153,5
CP048230.1,212609,67
CP048230.1,215610,1
CP048230.1,215645,312
CP048230.1,215820,1141
CP048230.1,227565,117
CP048230.1,229406,61
CP048230.1,231104,530
CP048230.1,231445,1
CP048230.1,231702,372
CP048230.1,232706,33
CP048230.1,232868,220
CP048230.1,235267,1
CP048230.1,235293,21
CP048230.1,235338,1223
CP048230.1,235363,1
CP048230.1,235783,228
CP048230.1,235991,1516
CP048230.1,235998,1558
CP048230.1,236014,6518
CP048230.1,236096,109
CP048230.1,236171,2
CP048230.1,236266,276
CP048230.1,236275,202
CP048230.1,236333,9
CP048230.1,236387,304
CP048230.1,236459,826
CP048230.1,236599,883
CP048230.1,236606,14
CP048230.1,236635,430
CP048230.1,239238,1067
CP048230.1,239439,147
CP048230.1,239446,106
CP048230.1,239479,137
CP048230.1,242154,229
CP048230.1,242196,1
CP048230.1,244667,330
CP048230.1,246067,997
CP048230.1,246647,166
CP048230.1,246823,1597
CP048230.1,250232,487
CP048230.1,250269,1
CP048230.1,250538,351
CP048230.1,252622,427
CP048230.1,252627,818
CP048230.1,253018,1051
CP048230.1,253025,186
CP048230.1,253181,11
CP048230.1,253884,82
CP048230.1,254625,392
CP048230.1,254711,42
CP048230.1,254812,307
CP048230.1,254895,1230
CP048230.1,254902,13
CP048230.1,255652,1650
CP048230.1,257080,559
CP048230.1,257257,1
CP048230.1,257432,87
CP048230.1,258944,44
CP048230.1,258959,1
CP048230.1,258966,26
CP048230.1,259017,442
CP048230.1,259049,2
CP048230.1,259149,32
CP048230.1,259203,1684
CP048230.1,259806,1943
CP048230.1,260027,276
CP048230.1,260034,155
CP048230.1,260124,1042
CP048230.1,260131,1273
CP048230.1,260133,242
CP048230.1,260149,1189
CP048230.1,260151,1363
CP048230.1,260332,1
CP048230.1,260580,2
CP048230.1,261155,19
CP048230.1,263916,1
CP048230.1,264072,1
CP048230.1,264140,95
CP048230.1,264217,102
CP048230.1,264274,1
CP048230.1,264280,151
CP048230.1,264301,58
CP048230.1,264308,828
CP048230.1,264344,2688
CP048230.1,264458,1
CP048230.1,265112,398
CP048230.1,265114,92
CP048230.1,265243,850
CP048230.1,265379,1
CP048230.1,265447,1187
CP048230.1,266089,638
CP048230.1,266459,425
CP048230.1,267219,38
CP048230.1,268375,753
CP048230.1,268574,4193
CP048230.1,268809,4649
CP048230.1,268928,577
CP048230.1,269228,134
CP048230.1,270424,1
CP048230.1,270425,50
CP048230.1,270491,34
CP048230.1,270557,1231
CP048230.1,270558,1
CP048230.1,270564,11
CP048230.1,270613,881
CP048230.1,270645,475
CP048230.1,270820,1
CP048230.1,271130,92
CP048230.1,271148,534
CP048230.1,272474,508
CP048230.1,273146,1
CP048230.1,273661,196
CP048230.1,273663,1
CP048230.1,273669,36
CP048230.1,273676,277
CP048230.1,273721,124
CP048230.1,273773,1
CP048230.1,276312,1
CP048230.1,276922,2691
CP048230.1,276927,31
CP048230.1,279140,1369
CP048230.1,279150,680
CP048230.1,279152,562
CP048230.1,279157,6627
CP048230.1,279159,1482
CP048230.1,279166,1425
CP048230.1,279183,1681
CP048230.1,279235,544
CP048230.1,279242,2960
CP048230.1,279337,38
CP048230.1,279344,2043
CP048230.1,281160,1
CP048230.1,281186,1
CP048230.1,281193,1
CP048230.1,285025,84
CP048230.1,285363,1025
CP048230.1,285426,258
CP048230.1,285445,1211
CP048230.1,285452,1102
CP048230.1,285486,80
CP048230.1,285592,374
CP048230.1,286696,1
CP048230.1,288190,2639
CP048230.1,288524,838
CP048230.1,291490,48
CP048230.1,291809,1072
CP048230.1,291817,48
CP048230.1,291934,8
CP048230.1,292496,3246
CP048230.1,292953,1561
CP048230.1,292960,3522
CP048230.1,296129,780
CP048230.1,296585,1050
CP048230.1,296647,577
CP048230.1,296654,1
CP048230.1,304809,52
CP048230.1,305261,1
CP048230.1,309192,125
CP048230.1,309195,1
CP048230.1,312281,1
CP048230.1,317227,267
CP048230.1,318421,601
CP048230.1,318879,59
CP048230.1,321120,1046
CP048230.1,321127,1727
CP048230.1,323005,501
CP048230.1,324928,698
CP048230.1,327079,24
CP048230.1,327631,1
CP048230.1,327822,113
CP048230.1,328333,1240
CP048230.1,328396,676
CP048230.1,328465,1
CP048230.1,328477,2
CP048230.1,328542,2
CP048230.1,328712,1
CP048230.1,328728,1661
CP048230.1,328750,878
CP048230.1,328924,1
CP048230.1,328944,613
CP048230.1,328951,3206
CP048230.1,328968,58
CP048230.1,328975,1
CP048230.1,329018,522
CP048230.1,329025,118
CP048230.1,329063,174
CP048230.1,329115,1410
CP048230.1,329163,1
CP048230.1,330710,1
CP048230.1,332030,1671
CP048230.1,332038,1198
CP048230.1,332073,31
CP048230.1,332281,1612
CP048230.1,332332,521
CP048230.1,332440,64
CP048230.1,332447,1902
CP048230.1,332456,234
CP048230.1,332463,1154
CP048230.1,332465,33
CP048230.1,332470,1969
CP048230.1,332472,1143
CP048230.1,332479,1967
CP048230.1,332609,12
CP048230.1,332619,364
CP048230.1,332650,2
CP048230.1,333493,1
CP048230.1,333637,1
CP048230.1,334133,1
CP048230.1,334364,1503
CP048230.1,335287,28
CP048230.1,335477,190
CP048230.1,339635,6
CP048230.1,339668,311
CP048230.1,339762,1
CP048230.1,339872,1839
CP048230.1,340131,514
CP048230.1,340355,506
CP048230.1,340443,1
CP048230.1,340593,26
CP048230.1,340595,98
CP048230.1,341508,1039
CP048230.1,341981,2053
CP048230.1,342004,2
CP048230.1,342345,58
CP048230.1,342513,51
CP048230.1,342600,525
CP048230.1,342965,116
CP048230.1,343338,1
CP048230.1,343444,934
CP048230.1,343451,1078
CP048230.1,345122,1716
CP048230.1,346246,1
CP048230.1,346510,1
CP048230.1,351063,1308
CP048230.1,351065,1081
CP048230.1,351072,724
CP048230.1,351273,3147
CP048230.1,351280,4899
CP048230.1,351372,278
CP048230.1,351375,1
CP048230.1,351380,1
CP048230.1,351436,5
CP048230.1,351591,1888
CP048230.1,351598,1114
CP048230.1,351977,1
CP048230.1,353255,1497
CP048230.1,353257,1458
CP048230.1,353262,1
CP048230.1,353312,5
CP048230.1,353319,812
CP048230.1,355128,1
CP048230.1,355137,1
CP048230.1,355185,2017
CP048230.1,355276,215
CP048230.1,355299,1023
CP048230.1,355306,3307
CP048230.1,357353,1
CP048230.1,358704,115
CP048230.1,361116,1
CP048230.1,361766,54
CP048230.1,364658,34
CP048230.1,371138,1
CP048230.1,372083,1
CP048230.1,372207,919
CP048230.1,372331,305
CP048230.1,372338,1161
CP048230.1,372909,1480
CP048230.1,372911,676
CP048230.1,372916,750
CP048230.1,372983,89
CP048230.1,373078,1328
CP048230.1,373122,886
CP048230.1,373124,1609
CP048230.1,373134,1
CP048230.1,373195,1043
CP048230.1,373290,742
CP048230.1,373335,78
CP048230.1,373337,30
CP048230.1,373344,54
CP048230.1,373421,584
CP048230.1,373541,767
CP048230.1,374483,3459
CP048230.1,374805,40
CP048230.1,375079,8
CP048230.1,375413,36
CP048230.1,375415,377
CP048230.1,375460,143
CP048230.1,375601,40
CP048230.1,376381,102
CP048230.1,376439,387
CP048230.1,376469,31
CP048230.1,376514,1542
CP048230.1,376534,383
CP048230.1,376567,1325
CP048230.1,376768,1053
CP048230.1,376776,251
CP048230.1,376792,1
CP048230.1,381424,963
CP048230.1,382483,776
CP048230.1,382750,2005
CP048230.1,382963,559
CP048230.1,383006,1407
CP048230.1,383808,504
CP048230.1,384517,967
CP048230.1,388079,53
CP048230.1,391827,365
CP048230.1,391829,1
CP048230.1,391873,345
CP048230.1,391922,90
CP048230.1,392666,848
CP048230.1,395125,1
CP048230.1,396826,1
CP048230.1,399482,1
CP048230.1,399483,434
CP048230.1,399642,110
CP048230.1,399649,487
CP048230.1,399694,734
CP048230.1,400243,114
CP048230.1,400397,152
CP048230.1,400404,1
CP048230.1,402695,160
CP048230.1,404634,716
CP048230.1,405328,159
CP048230.1,405506,22
CP048230.1,407586,1242
CP048230.1,407588,214
CP048230.1,407591,34
CP048230.1,410549,1
CP048230.1,411299,13
CP048230.1,411518,5
CP048230.1,411520,2402
CP048230.1,411527,1861
CP048230.1,411567,260
CP048230.1,411577,2
CP048230.1,411608,1
CP048230.1,411615,1498
CP048230.1,411653,771
CP048230.1,411662,1
CP048230.1,411664,1
CP048230.1,411666,2259
CP048230.1,411734,595
CP048230.1,411742,1
CP048230.1,411771,146
CP048230.1,411778,1955
CP048230.1,411835,1616
CP048230.1,411842,1641
CP048230.1,413608,184
CP048230.1,414043,82
CP048230.1,414215,1
CP048230.1,414511,1
CP048230.1,418933,40
CP048230.1,419202,8
CP048230.1,422653,274
CP048230.1,422657,1
CP048230.1,422687,2304
CP048230.1,422834,2
CP048230.1,422936,672
CP048230.1,423032,114
CP048230.1,423975,1
CP048230.1,424111,273
CP048230.1,424165,55
CP048230.1,424458,1
CP048230.1,424502,894
CP048230.1,424555,5080
CP048230.1,424562,12
CP048230.1,425574,235
CP048230.1,425591,106
CP048230.1,426124,1
CP048230.1,427292,313
CP048230.1,430175,3013
CP048230.1,430590,50
CP048230.1,430615,258
CP048230.1,430837,57
CP048230.1,430844,1497
CP048230.1,430920,128
CP048230.1,430947,1
CP048230.1,430968,62
CP048230.1,431395,246
CP048230.1,431702,936
CP048230.1,431804,544
CP048230.1,431843,362
CP048230.1,434726,229
CP048230.1,434733,848
CP048230.1,434741,1
CP048230.1,434744,1132
CP048230.1,438548,1
CP048230.1,439540,1046
CP048230.1,439547,3269
CP048230.1,439578,1720
CP048230.1,439587,1
CP048230.1,439594,1047
CP048230.1,439621,1
CP048230.1,439799,66
CP048230.1,439803,372
CP048230.1,439974,2205
CP048230.1,440018,2038
CP048230.1,440382,458
CP048230.1,440392,2064
CP048230.1,440639,1516
CP048230.1,442810,404
CP048230.1,443149,31
CP048230.1,443271,1
CP048230.1,443481,1
CP048230.1,443483,3193
CP048230.1,443490,1
CP048230.1,443514,1763
CP048230.1,443581,1
CP048230.1,443608,16
CP048230.1,443668,2477
CP048230.1,443675,3991
CP048230.1,443677,1
CP048230.1,443682,655
CP048230.1,443743,1
CP048230.1,443787,2511
CP048230.1,443795,1
CP048230.1,443817,701
CP048230.1,443824,1
CP048230.1,443929,1053
CP048230.1,443943,1506
CP048230.1,443953,1771
CP048230.1,443963,634
CP048230.1,443974,260
CP048230.1,443985,1
CP048230.1,444006,1571
CP048230.1,444116,1347
CP048230.1,444135,1743
CP048230.1,444637,125
CP048230.1,446364,1200
CP048230.1,447027,524
CP048230.1,447077,8
CP048230.1,447971,27
CP048230.1,447975,36
CP048230.1,447978,1003
CP048230.1,448432,720
CP048230.1,450971,666
CP048230.1,450975,22
CP048230.1,451967,1995
CP048230.1,452294,1
CP048230.1,452667,1
CP048230.1,456110,38
CP048230.1,456234,19
CP048230.1,456436,312
CP048230.1,456444,1
CP048230.1,456550,251
CP048230.1,456578,1
CP048230.1,457699,1
CP048230.1,460685,444
CP048230.1,460740,188
CP048230.1,460769,1
CP048230.1,460801,956
CP048230.1,460817,20
CP048230.1,460824,2101
CP048230.1,463112,504
CP048230.1,463440,566
CP048230.1,463695,368
CP048230.1,468255,7
CP048230.1,468997,122
CP048230.1,469005,851
CP048230.1,469039,294
CP048230.1,470684,402
CP048230.1,471008,786
CP048230.1,471088,14
CP048230.1,474387,605
CP048230.1,474389,888
CP048230.1,474665,240
CP048230.1,475839,1
CP048230.1,476336,2
CP048230.1,476354,170
CP048230.1,476435,145
CP048230.1,476446,108
CP048230.1,476496,1
CP048230.1,476528,205
CP048230.1,476530,151
CP048230.1,476532,126
CP048230.1,476535,3286
CP048230.1,476576,515
CP048230.1,476637,229
CP048230.1,476652,1510
CP048230.1,477124,883
CP048230.1,477413,156
CP048230.1,477778,3
CP048230.1,478993,239
CP048230.1,478994,93
CP048230.1,479009,792
CP048230.1,479016,81
CP048230.1,479212,47
CP048230.1,479240,115
CP048230.1,481751,19
CP048230.1,481752,1
CP048230.1,481794,371
CP048230.1,481808,291
CP048230.1,481810,1002
CP048230.1,481817,108
CP048230.1,481931,1
CP048230.1,482023,1652
CP048230.1,482108,1
CP048230.1,482294,287
CP048230.1,483592,556
CP048230.1,484419,27
CP048230.1,484471,1159
CP048230.1,487249,69
CP048230.1,487695,666
CP048230.1,487797,494
CP048230.1,488285,1696
CP048230.1,488473,1424
CP048230.1,488876,1763
CP048230.1,488940,1762
CP048230.1,497251,357
CP048230.1,499299,2
CP048230.1,499599,2
CP048230.1,499899,6
CP048230.1,500199,2
CP048230.1,500499,5
CP048230.1,507757,19
CP048230.1,508489,210
CP048231.1,3580,28
CP048231.1,5055,1
CP048231.1,11489,697
CP048231.1,15303,742
CP048231.1,17163,1236
CP048231.1,17170,1
CP048231.1,17188,118
CP048231.1,17915,357
CP048231.1,18407,1101
CP048231.1,18436,247
CP048231.1,18508,216
CP048231.1,18581,1
CP048231.1,18655,4
CP048231.1,18666,45
CP048231.1,26267,50
CP048231.1,26878,9
CP048231.1,27870,149
CP048231.1,27871,718
CP048231.1,27961,1
CP048231.1,28169,72
CP048231.1,28419,1
CP048231.1,29891,13
CP048231.1,31171,3825
CP048231.1,31252,1171
CP048231.1,31913,1
CP048231.1,31936,440
CP048231.1,31981,1364
CP048231.1,31988,993
CP048231.1,32104,868
CP048231.1,32283,3372
CP048231.1,32290,8
CP048231.1,32365,5610
CP048231.1,32372,168
CP048231.1,32491,12
CP048231.1,32701,83
CP048231.1,32754,1
CP048231.1,32763,57
CP048231.1,32794,1124
CP048231.1,32810,2050
CP048231.1,35557,1
CP048231.1,37200,1
CP048231.1,37210,139
CP048231.1,37232,1
CP048231.1,37233,190
CP048231.1,37755,18
CP048231.1,38457,2
CP048231.1,38593,65
CP048231.1,42968,212
CP048231.1,42975,1085
CP048231.1,42977,74
CP048231.1,43063,364
CP048231.1,43200,1
CP048231.1,43381,66
CP048231.1,43408,1
CP048231.1,43410,55
CP048231.1,43837,600
CP048231.1,45863,1149
CP048231.1,45972,3109
CP048231.1,47285,1
CP048231.1,47316,1
CP048231.1,49092,940
CP048231.1,49196,180
CP048231.1,49293,1
CP048231.1,49300,57
CP048231.1,49310,1
CP048231.1,51274,1598
CP048231.1,51330,1270
CP048231.1,51368,106
CP048231.1,51375,169
CP048231.1,51532,3
CP048231.1,51593,1
CP048231.1,52016,1700
CP048231.1,52345,480
CP048231.1,52369,309
CP048231.1,52524,1
CP048231.1,52609,1
CP048231.1,53049,1898
CP048231.1,53377,1193
CP048231.1,53384,361
CP048231.1,53434,477
CP048231.1,53832,1223
CP048231.1,53839,1133
CP048231.1,53891,41
CP048231.1,53900,357
CP048231.1,53927,239
CP048231.1,53955,157
CP048231.1,54082,1429
CP048231.1,54830,675
CP048231.1,54838,480
CP048231.1,54938,1157
CP048231.1,54973,2054
CP048231.1,55006,82
CP048231.1,55111,2521
CP048231.1,55118,1578
CP048231.1,55131,1530
CP048231.1,57348,156
CP048231.1,61527,15
CP048231.1,64879,236
CP048231.1,64942,92
CP048231.1,65001,246
CP048231.1,65040,134
CP048231.1,65105,850
CP048231.1,65106,23
CP048231.1,65194,1820
CP048231.1,65229,1697
CP048231.1,65250,1625
CP048231.1,65357,1429
CP048231.1,65386,1
CP048231.1,65484,60
CP048231.1,65491,5562
CP048231.1,65519,1
CP048231.1,65522,1
CP048231.1,68063,62
CP048231.1,68070,30
CP048231.1,68117,830
CP048231.1,68128,2405
CP048231.1,68135,881
CP048231.1,71709,31
CP048231.1,72544,663
CP048231.1,75229,257
CP048231.1,75496,1185
CP048231.1,75624,1
CP048231.1,75663,1964
CP048231.1,75687,51
CP048231.1,75700,10
CP048231.1,75731,107
CP048231.1,75811,1
CP048231.1,75848,76
CP048231.1,75855,565
CP048231.1,75895,348
CP048231.1,75901,1210
CP048231.1,75919,1
CP048231.1,75926,1493
CP048231.1,75933,250
CP048231.1,75937,38
CP048231.1,76150,1312
CP048231.1,77751,2622
CP048231.1,78225,213
CP048231.1,78255,901
CP048231.1,78260,1
CP048231.1,78262,1
CP048231.1,78348,153
CP048231.1,81098,2039
CP048231.1,81830,7
CP048231.1,83028,748
CP048231.1,83256,616
CP048231.1,83315,959
CP048231.1,83577,123
CP048231.1,83594,1154
CP048231.1,83606,73
CP048231.1,83928,3
CP048231.1,84038,50
CP048231.1,84149,2088
CP048231.1,85708,27
CP048231.1,87893,400
CP048231.1,88324,106
CP048231.1,88334,56
CP048231.1,89894,90
CP048231.1,89897,2
CP048231.1,90065,4
CP048231.1,90170,2031
CP048231.1,90177,1
CP048231.1,90291,1
CP048231.1,90298,1338
CP048231.1,90370,126
CP048231.1,90377,478
CP048231.1,90570,1297
CP048231.1,91064,764
CP048231.1,91446,2
CP048231.1,92011,965
CP048231.1,92016,16
CP048231.1,92041,1
CP048231.1,92048,3392
CP048231.1,92076,17
CP048231.1,92116,645
CP048231.1,92220,17
CP048231.1,92239,233
CP048231.1,92492,132
CP048231.1,92581,119
CP048231.1,92648,1
CP048231.1,92687,634
CP048231.1,92692,1867
CP048231.1,92694,1
CP048231.1,93037,1092
CP048231.1,93207,44
CP048231.1,93219,3259
CP048231.1,96610,24
CP048231.1,97004,1
CP048231.1,97011,844
CP048231.1,97125,36
CP048231.1,97268,167
CP048231.1,97296,1
CP048231.1,97300,217
CP048231.1,97303,361
CP048231.1,97499,65
CP048231.1,97642,1
CP048231.1,97821,1
CP048231.1,97851,1
CP048231.1,97865,174
CP048231.1,97955,1
CP048231.1,98005,1
CP048231.1,98050,4
CP048231.1,98183,4705
CP048231.1,98190,765
CP048231.1,98308,1615
CP048231.1,98424,2
CP048231.1,99082,134
CP048231.1,99603,1703
CP048231.1,102039,243
CP048231.1,102054,2280
CP048231.1,102089,2618
CP048231.1,102098,1
CP048231.1,102145,165
CP048231.1,102225,1
CP048231.1,102395,1
CP048231.1,102456,2262
CP048231.1,102547,316
CP048231.1,102627,1
CP048231.1,102688,3
CP048231.1,102696,1
CP048231.1,102739,1
CP048231.1,103043,400
CP048231.1,103282,631
CP048231.1,103750,2570
CP048231.1,103801,2094
CP048231.1,104665,84
CP048231.1,105914,1
CP048231.1,106024,479
CP048231.1,109674,1964
CP048231.1,110645,634
CP048231.1,110960,1
CP048231.1,112692,32
CP048231.1,114435,1
CP048231.1,114558,350
CP048231.1,116782,865
CP048231.1,116815,790
CP048231.1,116822,2533
CP048231.1,117005,1
CP048231.1,117820,1
CP048231.1,121710,404
CP048231.1,121724,401
CP048231.1,121733,813
CP048231.1,122804,1012
CP048231.1,125595,1
CP048231.1,125602,1098
CP048231.1,127724,1
CP048231.1,128046,560
CP048231.1,134045,248
CP048231.1,135195,220
CP048231.1,135206,190
CP048231.1,135410,75
CP048231.1,137304,429
CP048231.1,137519,268
CP048231.1,139326,1885
CP048231.1,139347,1
CP048231.1,139386,249
CP048231.1,139446,26
CP048231.1,140933,1207
CP048231.1,140940,128
CP048231.1,141023,1473
CP048231.1,141024,206
CP048231.1,141030,2113
CP048231.1,141031,43
CP048231.1,146538,189
CP048231.1,148394,647
CP048231.1,148777,1
CP048231.1,150668,27
CP048231.1,153511,29
CP048231.1,156059,455
CP048231.1,157173,2
CP048231.1,158902,980
CP048231.1,159153,705
CP048231.1,159376,184
CP048231.1,159406,161
CP048231.1,161234,7
CP048231.1,163720,1408
CP048231.1,163727,41
CP048231.1,164436,379
CP048231.1,164784,401
CP048231.1,165072,189
CP048231.1,165238,29
CP048231.1,165310,662
CP048231.1,169250,4
CP048231.1,173496,1
CP048231.1,173646,1
CP048231.1,173716,531
CP048231.1,173723,1
CP048231.1,173778,1
CP048231.1,176985,416
CP048231.1,177030,475
CP048231.1,177107,1
CP048231.1,177218,2114
CP048231.1,178366,78
CP048231.1,179854,6
CP048231.1,183446,234
CP048231.1,183723,1084
CP048231.1,183735,277
CP048231.1,183906,439
CP048231.1,183936,1131
CP048231.1,183984,1354
CP048231.1,184131,222
CP048231.1,184168,182
CP048231.1,184177,1404
CP048231.1,184213,232
CP048231.1,184678,1266
CP048231.1,184982,845
CP048231.1,185420,99
CP048231.1,185865,1
CP048231.1,187906,1
CP048231.1,189996,3198
CP048231.1,189998,1
CP048231.1,192519,546
CP048231.1,193218,1932
CP048231.1,193680,3001
CP048231.1,193703,56
CP048231.1,194984,1
CP048231.1,196493,292
CP048231.1,196525,3197
CP048231.1,196756,2284
CP048231.1,197419,9
CP048231.1,198867,1
CP048231.1,200144,1625
CP048231.1,200155,1106
CP048231.1,200219,1698
CP048231.1,200258,1183
CP048231.1,200326,1
CP048231.1,200328,204
CP048231.1,200329,1653
CP048231.1,200331,18
CP048231.1,200661,447
CP048231.1,202488,63
CP048231.1,203100,603
CP048231.1,203438,1
CP048231.1,218412,1392
CP048231.1,219470,1384
CP048231.1,221723,420
CP048231.1,221822,1
CP048231.1,221827,1
CP048231.1,221842,2122
CP048231.1,222070,654
CP048231.1,222077,97
CP048231.1,222095,1
CP048231.1,222363,1
CP048231.1,222878,12
CP048231.1,223526,945
CP048231.1,225336,12
CP048231.1,225832,1922
CP048231.1,225884,1
CP048231.1,226582,806
CP048231.1,226666,1
CP048231.1,227253,397
CP048231.1,229929,1442
CP048231.1,230100,10
CP048231.1,230406,15
CP048231.1,230408,1
CP048231.1,230410,3
CP048231.1,230511,1
CP048231.1,230552,616
CP048231.1,230559,785
CP048231.1,230928,3434
CP048231.1,232145,3178
CP048231.1,232323,404
CP048231.1,233463,816
CP048231.1,233726,194
CP048231.1,233730,368
CP048231.1,233732,899
CP048231.1,233733,99
CP048231.1,233734,1285
CP048231.1,233737,23
CP048231.1,233739,35
CP048231.1,233762,3237
CP048231.1,233769,414
CP048231.1,233803,1760
CP048231.1,233828,1
CP048231.1,233838,602
CP048231.1,234069,1
CP048231.1,234204,1
CP048231.1,234328,242
CP048231.1,234335,1240
CP048231.1,234371,188
CP048231.1,234376,1504
CP048231.1,234487,129
CP048231.1,234509,276
CP048231.1,234539,435
CP048231.1,235793,1
CP048231.1,237693,636
CP048231.1,237700,1
CP048231.1,237939,2
CP048231.1,237957,2391
CP048231.1,238020,300
CP048231.1,238204,1891
CP048231.1,238708,2398
CP048231.1,238715,3947
CP048231.1,238745,4729
CP048231.1,238747,2080
CP048231.1,238754,61
CP048231.1,238758,2664
CP048231.1,238810,1095
CP048231.1,238817,461
CP048231.1,238832,3
CP048231.1,238870,5
CP048231.1,238971,629
CP048231.1,239717,395
CP048231.1,240370,692
CP048231.1,242618,1441
CP048231.1,242746,1510
CP048231.1,246114,162
CP048231.1,246155,40
CP048231.1,246456,609
CP048231.1,246646,47
CP048231.1,248367,1300
CP048231.1,248603,45
CP048231.1,248615,140
CP048231.1,248788,16
CP048231.1,248798,2700
CP048231.1,248805,1254
CP048231.1,248888,24
CP048231.1,248911,1
CP048231.1,249232,216
CP048231.1,249881,1
CP048231.1,250327,18
CP048231.1,250497,9
CP048231.1,252970,395
CP048231.1,252983,822
CP048231.1,252990,4964
CP048231.1,253609,1395
CP048231.1,254706,401
CP048231.1,255400,197
CP048231.1,256228,198
CP048231.1,256451,936
CP048231.1,256524,17
CP048231.1,256555,640
CP048231.1,256557,1458
CP048231.1,256562,590
CP048231.1,256643,1
CP048231.1,256676,1
CP048231.1,256748,1
CP048231.1,256772,596
CP048231.1,256858,16
CP048231.1,256860,2549
CP048231.1,256904,1
CP048231.1,256918,2617
CP048231.1,256925,1301
CP048231.1,256930,911
CP048231.1,256932,1
CP048231.1,257028,196
CP048231.1,257044,1
CP048231.1,257063,10
CP048231.1,257304,1
CP048231.1,260698,229
CP048231.1,261011,17
CP048231.1,263376,1
CP048231.1,263685,1
CP048231.1,263692,1610
CP048231.1,263881,562
CP048231.1,264028,1379
CP048231.1,264080,1
CP048231.1,264098,1060
CP048231.1,264231,2900
CP048231.1,264238,2681
CP048231.1,264284,418
CP048231.1,264288,672
CP048231.1,264306,1
CP048231.1,264329,523
CP048231.1,264358,1
CP048231.1,264365,1
CP048231.1,264396,15
CP048231.1,264549,1196
CP048231.1,264556,53
CP048231.1,264563,457
CP048231.1,264573,3
CP048231.1,264840,4
CP048231.1,264871,1419
CP048231.1,266156,8
CP048231.1,267172,139
CP048231.1,267183,996
CP048231.1,269125,1
CP048231.1,269189,72
CP048231.1,273507,839
CP048231.1,276536,117
CP048231.1,276708,1
CP048231.1,276881,905
CP048231.1,277403,1886
CP048231.1,278076,1
CP048231.1,278304,1
CP048231.1,278379,1
CP048231.1,278381,744
CP048231.1,278427,958
CP048231.1,278434,1608
CP048231.1,278468,568
CP048231.1,278475,4821
CP048231.1,278535,338
CP048231.1,278638,61
CP048231.1,278640,854
CP048231.1,278696,1
CP048231.1,278703,24
CP048231.1,278744,85
CP048231.1,278751,99
CP048231.1,278765,401
CP048231.1,279096,661
CP048231.1,279138,66
CP048231.1,279319,1
CP048231.1,279359,690
CP048231.1,279366,163
CP048231.1,279394,322
CP048231.1,279395,1
CP048231.1,279401,111
CP048231.1,279426,1088
CP048231.1,279433,568
CP048231.1,279463,1
CP048231.1,279525,1078
CP048231.1,279532,1013
CP048231.1,279549,1
CP048231.1,279606,3
CP048231.1,279627,3180
CP048231.1,279634,2207
CP048231.1,279756,882
CP048231.1,279761,6
CP048231.1,279847,562
CP048231.1,279852,1
CP048231.1,279856,2773
CP048231.1,279862,1418
CP048231.1,279947,1078
CP048231.1,279980,1845
CP048231.1,279988,855
CP048231.1,280014,7
CP048231.1,280030,26
CP048231.1,280037,1495
CP048231.1,280059,1998
CP048231.1,280191,1007
CP048231.1,281031,1
CP048231.1,281231,5
CP048231.1,281241,90
CP048231.1,281293,616
CP048231.1,281558,1
CP048231.1,281853,57
CP048231.1,282237,15
CP048231.1,283392,14
CP048231.1,283784,3517
CP048231.1,283791,479
CP048231.1,283802,5
CP048231.1,284202,61
CP048231.1,284244,1047
CP048231.1,284259,125
CP048231.1,284266,239
CP048231.1,284273,2
CP048231.1,284280,1
CP048231.1,284289,318
CP048231.1,284296,3475
CP048231.1,284324,1187
CP048231.1,284362,938
CP048231.1,284507,1201
CP048231.1,284556,2
CP048231.1,284591,233
CP048231.1,284652,1
CP048231.1,284659,71
CP048231.1,284668,24
CP048231.1,284791,3
CP048231.1,284808,2
CP048231.1,284921,661
CP048231.1,285337,208
CP048231.1,285967,92
CP048231.1,286530,1442
CP048231.1,289441,1
CP048231.1,289442,440
CP048231.1,289449,2430
CP048231.1,289471,44
CP048231.1,289480,1690
CP048231.1,289482,634
CP048231.1,289663,1
CP048231.1,289670,317
CP048231.1,289713,448
CP048231.1,289755,60
CP048231.1,289762,459
CP048231.1,289783,1
CP048231.1,289785,612
CP048231.1,289841,5
CP048231.1,290116,28
CP048231.1,290183,5
CP048231.1,290257,2666
CP048231.1,290264,1
CP048231.1,290289,1394
CP048231.1,290296,300
CP048231.1,290303,1798
CP048231.1,290316,27
CP048231.1,290437,48
CP048231.1,290512,2
CP048231.1,290513,1731
CP048231.1,290519,1
CP048231.1,290541,16
CP048231.1,290564,671
CP048231.1,290571,1615
CP048231.1,290651,38
CP048231.1,290792,44
CP048231.1,291074,1187
CP048231.1,291486,52
CP048231.1,292036,2
CP048231.1,292269,894
CP048231.1,292603,35
CP048231.1,292642,1386
CP048231.1,292652,211
CP048231.1,292721,95
CP048231.1,292864,1
CP048231.1,293224,12
CP048231.1,295184,4
CP048231.1,295793,1207
CP048231.1,295798,21
CP048231.1,295806,980
CP048231.1,295855,156
CP048231.1,295899,135
CP048231.1,295905,149
CP048231.1,295962,1
CP048231.1,295971,149
CP048231.1,295999,1962
CP048231.1,296040,31
CP048231.1,296047,3180
CP048231.1,296069,7
CP048231.1,296116,3536
CP048231.1,296125,1
CP048231.1,296132,2
CP048231.1,296141,1
CP048231.1,296184,348
CP048231.1,296717,1
CP048231.1,296745,1851
CP048231.1,296764,1389
CP048231.1,296801,756
CP048231.1,296811,144
CP048231.1,296813,433
CP048231.1,296818,2524
CP048231.1,296820,14550
CP048231.1,296825,416
CP048231.1,296905,2203
CP048231.1,296941,211
CP048231.1,296961,1465
CP048231.1,296988,1892
CP048231.1,296995,3514
CP048231.1,297014,82
CP048231.1,297040,85
CP048231.1,297115,3
CP048231.1,297254,99
CP048231.1,297267,1741
CP048231.1,298841,1136
CP048231.1,298956,3554
CP048231.1,298963,1855
CP048231.1,298982,1527
CP048231.1,298989,444
CP048231.1,298994,830
CP048231.1,299098,1
CP048231.1,299113,609
CP048231.1,299118,335
CP048231.1,299210,1
CP048231.1,299671,1042
CP048231.1,299813,2867
CP048231.1,299842,6868
CP048231.1,299849,1920
CP048231.1,299856,371
CP048231.1,299894,1217
CP048231.1,299901,230
CP048231.1,299937,6
CP048231.1,299942,102
CP048231.1,299949,4105
CP048231.1,299953,1926
CP048231.1,299955,1223
CP048231.1,299962,1470
CP048231.1,299978,1265
CP048231.1,300022,998
CP048231.1,300029,130
CP048231.1,300056,1
CP048231.1,300062,151
CP048231.1,300132,2065
CP048231.1,300134,599
CP048231.1,300141,10596
CP048231.1,300193,226
CP048231.1,300199,968
CP048231.1,300203,1928
CP048231.1,300230,1942
CP048231.1,300237,21
CP048231.1,300247,53
CP048231.1,300254,16
CP048231.1,300262,559
CP048231.1,300265,581
CP048231.1,300269,289
CP048231.1,300335,2231
CP048231.1,300350,1073
CP048231.1,300351,58
CP048231.1,300399,1746
CP048231.1,300510,1766
CP048231.1,300587,605
CP048231.1,300596,466
CP048231.1,300606,9
CP048231.1,302536,41
CP048231.1,302573,1620
CP048231.1,302580,119
CP048231.1,302581,240
CP048231.1,302588,236
CP048231.1,302679,1926
CP048231.1,302683,175
CP048231.1,302686,34
CP048231.1,302690,389
CP048231.1,302801,1953
CP048231.1,302802,1
CP048231.1,302982,105
CP048231.1,303053,1488
CP048231.1,303141,72
CP048231.1,303148,859
CP048231.1,303160,52
CP048231.1,303180,2883
CP048231.1,303191,1
CP048231.1,303320,371
CP048231.1,303346,243
CP048231.1,303353,1
CP048231.1,303497,2432
CP048231.1,303567,1276
CP048231.1,303588,1442
CP048231.1,303590,8637
CP048231.1,303591,2434
CP048231.1,303593,1
CP048231.1,303597,6145
CP048231.1,303633,43
CP048231.1,303655,1
CP048231.1,303670,1871
CP048231.1,303750,1
CP048231.1,303757,1
CP048231.1,303871,1
CP048231.1,304271,1
CP048231.1,304278,2167
CP048231.1,305550,44
CP048231.1,308337,2
CP048231.1,308472,31
CP048231.1,309863,66
CP048231.1,309865,159
CP048231.1,310097,57
CP048231.1,311302,321
CP048231.1,311330,1
CP048231.1,311462,10
CP048231.1,312061,1230
CP048231.1,316345,1372
CP048231.1,316882,1061
CP048231.1,316891,1086
CP048231.1,316898,29
CP048231.1,318128,1153
CP048231.1,318159,51
CP048231.1,318166,2255
CP048231.1,318168,154
CP048231.1,319057,15
CP048231.1,320376,1
CP048231.1,321109,11
CP048231.1,321164,385
CP048231.1,321171,1096
CP048231.1,321185,28
CP048231.1,321377,177
CP048231.1,321701,5
CP048231.1,321738,1482
CP048231.1,322665,1017
CP048231.1,324581,1032
CP048231.1,324650,674
CP048231.1,324756,735
CP048231.1,325057,2145
CP048231.1,325242,1
CP048231.1,325505,1
CP048231.1,326350,1161
CP048231.1,326997,1
CP048231.1,330461,993
CP048231.1,331420,110
CP048231.1,331718,509
CP048231.1,332185,773
CP048231.1,332781,1251
CP048231.1,332822,301
CP048231.1,333259,17
CP048231.1,333266,1576
CP048231.1,334588,1030
CP048231.1,338133,1658
CP048231.1,338159,200
CP048231.1,338210,1106
CP048231.1,338451,1
CP048231.1,338491,212
CP048231.1,339815,1827
CP048231.1,340134,2
CP048231.1,340271,1
CP048231.1,340850,681
CP048231.1,340913,92
CP048231.1,340968,1527
CP048231.1,343199,8
CP048231.1,343394,102
CP048231.1,343551,484
CP048231.1,343558,66
CP048231.1,343662,227
CP048231.1,343674,1
CP048231.1,343819,4406
CP048231.1,343918,1572
CP048231.1,344153,8
CP048231.1,344501,1
CP048231.1,344605,1020
CP048231.1,347464,168
CP048231.1,347588,552
CP048231.1,351178,1036
CP048231.1,351193,2
CP048231.1,351211,293
CP048231.1,351250,2
CP048231.1,351940,2919
CP048231.1,351942,2
CP048231.1,351960,1
CP048231.1,351984,140
CP048231.1,351993,1278
CP048231.1,352156,1
CP048231.1,352585,1
CP048231.1,352616,3046
CP048231.1,352794,1
CP048231.1,353014,887
CP048231.1,353221,1187
CP048231.1,353638,1
CP048231.1,353992,1337
CP048231.1,354016,8
CP048231.1,354082,1
CP048231.1,354137,1
CP048231.1,354138,8
CP048231.1,354175,2
CP048231.1,354176,1439
CP048231.1,354190,783
CP048231.1,354192,1
CP048231.1,354210,1
CP048231.1,354277,1910
CP048231.1,354278,1
CP048231.1,354284,360
CP048231.1,354291,15
CP048231.1,354312,1786
CP048231.1,354313,18
CP048231.1,354340,1275
CP048231.1,354347,1
CP048231.1,354363,5
CP048231.1,354365,4116
CP048231.1,354366,853
CP048231.1,354371,64
CP048231.1,354372,50
CP048231.1,354375,1
CP048231.1,354377,1122
CP048231.1,354378,1
CP048231.1,354383,3004
CP048231.1,354384,1955
CP048231.1,354390,2313
CP048231.1,354414,1516
CP048231.1,354429,258
CP048231.1,354477,1
CP048231.1,354531,1
CP048231.1,354575,2215
CP048231.1,354600,328
CP048231.1,354607,1
CP048231.1,354609,20
CP048231.1,354655,108
CP048231.1,354662,3
CP048231.1,354688,1
CP048231.1,354802,54
CP048231.1,354845,54
CP048231.1,354858,1395
CP048231.1,355084,168
CP048231.1,355109,47
CP048231.1,355182,3
CP048231.1,355188,131
CP048231.1,355189,371
CP048231.1,355195,711
CP048231.1,355205,10
CP048231.1,355301,3
CP048231.1,355303,1
CP048231.1,355316,20
CP048231.1,355346,5688
CP048231.1,355488,965
CP048231.1,355574,909
CP048231.1,355579,16
CP048231.1,355581,1
CP048231.1,355586,3762
CP048231.1,355593,3
CP048231.1,355600,776
CP048231.1,355639,2436
CP048231.1,355662,82
CP048231.1,355678,1
CP048231.1,355735,1
CP048231.1,355831,716
CP048231.1,355838,620
CP048231.1,355886,2
CP048231.1,355891,7
CP048231.1,355951,200
CP048231.1,355956,1707
CP048231.1,356137,1424
CP048231.1,356142,1
CP048231.1,356144,1661
CP048231.1,356303,204
CP048231.1,356310,337
CP048231.1,356311,1001
CP048231.1,356407,150
CP048231.1,360556,1
CP048231.1,361323,1
CP048231.1,361360,1
CP048231.1,363171,1482
CP048231.1,363299,1959
CP048231.1,365385,1
CP048231.1,365410,856
CP048231.1,365886,1
CP048231.1,369214,27
CP048231.1,369458,278
CP048231.1,369469,1
CP048231.1,369482,1
CP048231.1,369490,1
CP048231.1,369537,10
CP048231.1,369679,832
CP048231.1,369693,69
CP048231.1,369728,1747
CP048231.1,369731,1
CP048231.1,369780,47
CP048231.1,370214,4494
CP048231.1,370336,1579
CP048231.1,370398,812
CP048231.1,370400,6864
CP048231.1,370405,1998
CP048231.1,370799,1
CP048231.1,370810,1
CP048231.1,370872,276
CP048231.1,370900,3
CP048231.1,370984,4105
CP048231.1,370993,4
CP048231.1,370994,4946
CP048231.1,371045,4979
CP048231.1,371057,1
CP048231.1,371126,2
CP048231.1,371184,2139
CP048231.1,371196,3718
CP048231.1,371250,1104
CP048231.1,371252,1
CP048231.1,371449,1851
CP048231.1,371498,1
CP048231.1,371557,2642
CP048231.1,371701,1006
CP048231.1,371710,3354
CP048231.1,371717,1787
CP048231.1,371816,1
CP048231.1,371823,358
CP048231.1,371836,404
CP048231.1,371854,37
CP048231.1,371858,84
CP048231.1,372025,243
CP048231.1,372078,5
CP048231.1,372087,222
CP048231.1,372088,1
CP048231.1,372108,1
CP048231.1,372128,1
CP048231.1,372137,4684
CP048231.1,372144,3188
CP048231.1,372188,36
CP048231.1,372233,1
CP048231.1,372344,1
CP048231.1,372346,1597
CP048231.1,372358,6
CP048231.1,372437,1
CP048231.1,372444,1375
CP048231.1,372445,2
CP048231.1,372499,50
CP048231.1,372509,558
CP048231.1,372510,465
CP048231.1,372511,3432
CP048231.1,372526,2
CP048231.1,372534,73
CP048231.1,372560,1
CP048231.1,372567,1
CP048231.1,372585,1
CP048231.1,372596,1
CP048231.1,372607,1909
CP048231.1,372614,2385
CP048231.1,372731,2426
CP048231.1,372773,1
CP048231.1,372983,1989
CP048231.1,373688,1414
CP048231.1,373703,1844
CP048231.1,375385,534
CP048231.1,375487,18
CP048231.1,375493,400
CP048231.1,375494,797
CP048231.1,375497,1016
CP048231.1,376016,80
CP048231.1,376041,208
CP048231.1,376098,66
CP048231.1,376102,615
CP048231.1,378289,516
CP048231.1,379680,50
CP048231.1,380188,1
CP048231.1,380270,1217
CP048231.1,380278,1
CP048231.1,380327,1040
CP048231.1,380335,684
CP048231.1,380361,578
CP048231.1,380454,1324
CP048231.1,380461,2481
CP048231.1,380533,590
CP048231.1,380584,1
CP048231.1,380599,199
CP048231.1,380629,2046
CP048231.1,380646,2855
CP048231.1,380659,2643
CP048231.1,380679,54
CP048231.1,380762,1
CP048231.1,380783,533
CP048231.1,380843,850
CP048231.1,380863,1414
CP048231.1,380940,2240
CP048231.1,380951,11
CP048231.1,381056,1
CP048231.1,381079,2648
CP048231.1,381084,138
CP048231.1,381086,241
CP048231.1,381147,644
CP048231.1,381177,712
CP048231.1,381181,8
CP048231.1,381184,339
CP048231.1,381229,1282
CP048231.1,381235,7374
CP048231.1,381236,2658
CP048231.1,381242,11481
CP048231.1,381278,458
CP048231.1,381289,1239
CP048231.1,381296,1
CP048231.1,381383,367
CP048231.1,381384,1774
CP048231.1,381400,605
CP048231.1,381435,1288
CP048231.1,381452,577
CP048231.1,381457,9
CP048231.1,381475,1
CP048231.1,381492,1049
CP048231.1,381699,4338
CP048231.1,381706,79
CP048231.1,382164,588
CP048231.1,382171,1099
CP048231.1,382243,1
CP048231.1,382265,136
CP048231.1,382280,1
CP048231.1,382293,5
CP048231.1,382297,2207
CP048231.1,382323,626
CP048231.1,382330,7302
CP048231.1,382331,358
CP048231.1,382334,1
CP048231.1,382338,1
CP048231.1,382339,2654
CP048231.1,382341,1314
CP048231.1,382347,1
CP048231.1,382354,1486
CP048231.1,382383,1077
CP048231.1,382387,5
CP048231.1,382416,1068
CP048231.1,382431,1
CP048231.1,382457,638
CP048231.1,382487,595
CP048231.1,382557,1688
CP048231.1,382606,1
CP048231.1,382820,1573
CP048231.1,383002,93
CP048231.1,383178,44
CP048231.1,383354,752
CP048231.1,383539,1720
CP048231.1,383695,1
CP048231.1,383759,11
CP048231.1,383766,1011
CP048231.1,383917,1
CP048231.1,384045,1
CP048231.1,384052,12
CP048231.1,384062,4160
CP048231.1,384117,1
CP048231.1,384331,1122
CP048231.1,384338,1284
CP048231.1,384887,7
CP048231.1,384894,1648
CP048231.1,384980,86
CP048231.1,385146,1
CP048231.1,385250,137
CP048231.1,385852,17
CP048231.1,388945,213
CP048231.1,389034,133
CP048231.1,389051,1
CP048231.1,389058,456
CP048231.1,389264,54
CP048231.1,389321,33
CP048231.1,389935,45
CP048231.1,390082,261
CP048231.1,391300,1
CP048231.1,392013,1691
CP048231.1,392020,169
CP048231.1,392032,58
CP048231.1,392391,2
CP048231.1,392407,1250
CP048231.1,392438,1
CP048231.1,392783,745
CP048231.1,392845,1
CP048231.1,393037,1866
CP048231.1,393099,1047
CP048231.1,394139,669
CP048231.1,395089,920
CP048231.1,395178,1
CP048231.1,397310,163
CP048231.1,397728,120
CP048231.1,397735,185
CP048231.1,397742,2327
CP048231.1,397748,1
CP048231.1,397775,139
CP048231.1,398028,100
CP048231.1,399120,1686
CP048231.1,399284,1271
CP048231.1,399652,12
CP048231.1,399654,86
CP048231.1,399666,1078
CP048231.1,400601,1
CP048231.1,400625,1
CP048231.1,400786,1
CP048231.1,401587,86
CP048231.1,401647,1617
CP048231.1,401769,262
CP048231.1,401899,1630
CP048231.1,401910,1
CP048231.1,401941,1
CP048231.1,401943,2239
CP048231.1,401980,280
CP048231.1,401994,1639
CP048231.1,402192,16
CP048231.1,402389,362
CP048231.1,402645,69
CP048231.1,402814,2543
CP048231.1,403091,224
CP048231.1,403129,168
CP048231.1,403267,1
CP048231.1,403465,864
CP048231.1,403472,1
CP048231.1,405033,313
CP048231.1,405263,16
CP048231.1,409956,31
CP048231.1,409978,1254
CP048231.1,410156,262
CP048231.1,410163,1119
CP048231.1,410180,667
CP048231.1,410238,129
CP048231.1,410297,1596
CP048231.1,410299,1
CP048231.1,410308,28
CP048231.1,410310,959
CP048231.1,410384,1429
CP048231.1,410396,595
CP048231.1,410431,780
CP048231.1,410527,190
CP048231.1,410567,41
CP048231.1,410581,41
CP048231.1,410623,297
CP048231.1,410639,169
CP048231.1,410646,144
CP048231.1,411723,140
CP048231.1,411839,1365
CP048231.1,412583,1
CP048231.1,412585,1761
CP048231.1,412677,903
CP048231.1,412697,156
CP048231.1,412882,427
CP048231.1,412889,669
CP048231.1,413170,11
CP048231.1,413274,714
CP048231.1,413322,5
CP048231.1,413389,1
CP048231.1,416889,1731
CP048231.1,417235,1
CP048231.1,417429,1
CP048231.1,417437,435
CP048231.1,417588,224
CP048231.1,417599,1162
CP048231.1,417648,548
CP048231.1,417978,126
CP048231.1,418062,76
CP048231.1,418280,5
CP048231.1,418305,1694
CP048231.1,418824,469
CP048231.1,419218,145
CP048231.1,419266,1
CP048231.1,419273,28
CP048231.1,419340,6
CP048231.1,419347,6
CP048231.1,419414,216
CP048231.1,419421,853
CP048231.1,419710,338
CP048231.1,420908,598
CP048231.1,420952,1
CP048231.1,421985,923
CP048231.1,422648,3063
CP048231.1,422734,985
CP048231.1,423026,2044
CP048231.1,423762,1
CP048231.1,424047,4
CP048231.1,424453,1
CP048231.1,424843,93
CP048231.1,424850,17
CP048231.1,424921,45
CP048231.1,424928,1
CP048231.1,424936,5
CP048231.1,424970,126
CP048231.1,424979,1313
CP048231.1,424981,299
CP048231.1,424989,1
CP048231.1,425114,667
CP048231.1,426014,295
CP048231.1,426213,18
CP048231.1,426441,14
CP048231.1,426535,1194
CP048231.1,426632,1024
CP048231.1,426659,57
CP048231.1,426674,2
CP048231.1,428506,1
CP048231.1,428911,1120
CP048231.1,429223,85
CP048231.1,430923,643
CP048231.1,431426,1
CP048231.1,431465,427
CP048231.1,431494,1663
CP048231.1,432505,1
CP048231.1,432721,1
CP048231.1,433294,783
CP048231.1,433877,4
CP048231.1,433908,1
CP048231.1,433944,1
CP048231.1,434045,163
CP048231.1,434615,313
CP048231.1,435289,1973
CP048231.1,436947,213
CP048231.1,436956,5
CP048231.1,437051,284
CP048231.1,437171,190
CP048231.1,437178,1446
CP048231.1,437187,256
CP048231.1,437192,5
CP048231.1,437194,2132
CP048231.1,437199,1597
CP048231.1,437201,4484
CP048231.1,437212,82
CP048231.1,437248,652
CP048231.1,437273,1511
CP048231.1,437276,83
CP048231.1,437280,3224
CP048231.1,437281,199
CP048231.1,437282,241
CP048231.1,437305,1291
CP048231.1,437311,1
CP048231.1,437320,3
CP048231.1,437338,263
CP048231.1,437373,227
CP048231.1,437382,36
CP048231.1,437389,2422
CP048231.1,437402,1474
CP048231.1,437409,6273
CP048231.1,437426,176
CP048231.1,437431,1
CP048231.1,437438,432
CP048231.1,437777,14
CP048231.1,437779,44
CP048231.1,438056,75
CP048231.1,438436,1
CP048231.1,438443,1224
CP048231.1,438968,44
CP048231.1,439298,103
CP048231.1,440000,1
CP048231.1,440129,2186
CP048231.1,440289,1333
CP048231.1,440342,1165
CP048231.1,440905,1275
CP048231.1,441556,12
CP048231.1,443261,854
CP048231.1,443315,1405
CP048231.1,443466,141
CP048231.1,443486,3037
CP048231.1,443548,1499
CP048231.1,443580,570
CP048231.1,443620,3916
CP048231.1,443642,3589
CP048231.1,443649,843
CP048231.1,443655,82
CP048231.1,443680,19
CP048231.1,443681,706
CP048231.1,443686,2
CP048231.1,443688,1081
CP048231.1,443720,210
CP048231.1,443736,368
CP048231.1,443741,125
CP048231.1,443743,872
CP048231.1,443765,819
CP048231.1,443772,1
CP048231.1,443773,1118
CP048231.1,443781,2155
CP048231.1,443783,1
CP048231.1,443785,1190
CP048231.1,443788,195
CP048231.1,443792,1674
CP048231.1,443800,1158
CP048231.1,443807,78
CP048231.1,443826,1
CP048231.1,443937,1
CP048231.1,443976,77
CP048231.1,444056,1897
CP048231.1,444058,1
CP048231.1,444065,1
CP048231.1,444076,1
CP048231.1,444083,34
CP048231.1,444114,1
CP048231.1,444144,2156
CP048231.1,444151,268
CP048231.1,444199,7
CP048231.1,444244,1312
CP048231.1,444248,86
CP048231.1,444298,371
CP048231.1,444305,20
CP048231.1,444311,5162
CP048231.1,444348,1
CP048231.1,444754,29
CP048231.1,444787,455
CP048231.1,444958,3298
CP048231.1,445113,676
CP048231.1,445345,664
CP048231.1,445524,1196
CP048231.1,446187,2140
CP048231.1,446431,1389
CP048231.1,446621,1
CP048231.1,446809,2
CP048231.1,446816,1
CP048231.1,446818,1434
CP048231.1,446846,1
CP048231.1,446854,578
CP048231.1,446861,1118
CP048231.1,446862,303
CP048231.1,446868,673
CP048231.1,446870,1
CP048231.1,446875,1319
CP048231.1,446877,198
CP048231.1,446879,2
CP048231.1,446886,1
CP048231.1,446928,1682
CP048231.1,446935,9291
CP048231.1,446938,1
CP048231.1,446942,2459
CP048231.1,446944,822
CP048231.1,446949,114
CP048231.1,447042,530
CP048231.1,447046,937
CP048231.1,447053,1
CP048231.1,447054,1828
CP048231.1,447087,3193
CP048231.1,447089,821
CP048231.1,447091,21
CP048231.1,447100,91
CP048231.1,447121,1
CP048231.1,447150,11
CP048231.1,447277,1
CP048231.1,447313,6
CP048231.1,447929,998
CP048231.1,448042,1327
CP048231.1,448106,2
CP048231.1,448113,3139
CP048231.1,448178,49
CP048231.1,448254,3
CP048231.1,448261,436
CP048231.1,448268,1
CP048231.1,448291,194
CP048231.1,448401,961
CP048231.1,448412,903
CP048231.1,448421,1
CP048231.1,448433,1585
CP048231.1,448447,1
CP048231.1,448451,3
CP048231.1,448458,2453
CP048231.1,448516,1527
CP048231.1,448742,305
CP048231.1,449395,6
CP048231.1,449443,544
CP048231.1,449869,218
CP048231.1,450140,20
CP048231.1,450308,1
CP048231.1,450360,1151
CP048231.1,450948,26
CP048231.1,452365,650
CP048231.1,453014,1
CP048231.1,453021,127
CP048231.1,453035,1
CP048231.1,453040,167
CP048231.1,453121,1633
CP048231.1,453128,744
CP048231.1,453206,1
CP048231.1,453212,43
CP048231.1,453232,1180
CP048231.1,453254,447
CP048231.1,453283,2286
CP048231.1,453294,3
CP048231.1,453299,584
CP048231.1,453375,537
CP048231.1,453419,72
CP048231.1,453454,409
CP048231.1,453675,11
CP048231.1,453677,1
CP048231.1,453838,220
CP048231.1,454006,1027
CP048231.1,454358,1
CP048231.1,454431,1115
CP048231.1,454487,800
CP048231.1,454704,7
CP048231.1,454793,1
CP048231.1,454852,707
CP048231.1,454935,1097
CP048231.1,455044,1690
CP048231.1,455149,626
CP048231.1,455156,746
CP048231.1,455204,1
CP048231.1,455378,815
CP048231.1,455404,1
CP048231.1,455853,681
CP048231.1,455890,2214
CP048231.1,455897,2
CP048231.1,456093,1900
CP048231.1,456183,137
CP048231.1,456252,2152
CP048231.1,456343,964
CP048231.1,456378,845
CP048231.1,456385,1129
CP048231.1,456392,329
CP048231.1,456421,1
CP048231.1,456446,11
CP048231.1,456447,78
CP048231.1,456450,2
CP048231.1,456457,3
CP048231.1,456458,347
CP048231.1,456516,905
CP048231.1,456523,501
CP048231.1,456534,136
CP048231.1,456536,2923
CP048231.1,456541,1
CP048231.1,456543,6611
CP048231.1,456686,1167
CP048231.1,456875,6
CP048231.1,456877,3479
CP048231.1,456902,1786
CP048231.1,456954,89
CP048231.1,457122,430
CP048231.1,457333,53
CP048231.1,457340,564
CP048231.1,458313,1
CP048231.1,459313,84
CP048231.1,459320,444
CP048231.1,459364,1
CP048231.1,459514,1
CP048231.1,459571,1
CP048231.1,459587,1
CP048231.1,459602,414
CP048231.1,459609,589
CP048231.1,459615,942
CP048231.1,459623,667
CP048231.1,459728,98
CP048231.1,459794,1220
CP048231.1,459805,11
CP048231.1,460096,2
CP048231.1,460168,113
CP048231.1,460176,1
CP048231.1,460187,1
CP048231.1,460416,1
CP048231.1,460583,1
CP048231.1,460618,180
CP048231.1,460736,1
CP048231.1,460798,880
CP048231.1,460814,2134
CP048231.1,460818,1
CP048231.1,460889,114
CP048231.1,460907,1373
CP048231.1,460914,3049
CP048231.1,461033,1
CP048231.1,461167,206
CP048231.1,461171,31
CP048231.1,461276,1
CP048231.1,461469,2561
CP048231.1,461494,1
CP048231.1,461495,27
CP048231.1,461496,507
CP048231.1,461516,1728
CP048231.1,461536,1935
CP048231.1,461571,2
CP048231.1,461641,458
CP048231.1,461660,1
CP048231.1,461808,1453
CP048231.1,461846,1667
CP048231.1,462161,42
CP048231.1,462750,1
CP048231.1,462763,62
CP048231.1,462803,3138
CP048231.1,462815,6
CP048231.1,462885,680
CP048231.1,462912,471
CP048231.1,462913,8
CP048231.1,462919,1792
CP048231.1,463190,1
CP048231.1,463564,1
CP048231.1,464281,1
CP048231.1,464317,1
CP048231.1,464863,5
CP048231.1,464870,911
CP048231.1,464926,2396
CP048231.1,464930,19
CP048231.1,464933,482
CP048231.1,464937,1891
CP048231.1,465145,1056
CP048231.1,465960,912
CP048231.1,466382,1
CP048231.1,466987,5
CP048231.1,467383,1880
CP048231.1,469271,2026
CP048231.1,469452,145
CP048231.1,469805,1401
CP048231.1,469986,1390
CP048231.1,470278,261
CP048231.1,470385,873
CP048231.1,470692,1
CP048231.1,470718,3
CP048231.1,470728,143
CP048231.1,470773,1
CP048231.1,470780,84
CP048231.1,470824,1166
CP048231.1,470857,441
CP048231.1,470957,1641
CP048231.1,471023,1188
CP048231.1,471041,767
CP048231.1,471096,1016
CP048231.1,471180,604
CP048231.1,471187,7
CP048231.1,471958,81
CP048231.1,472476,1469
CP048231.1,472480,573
CP048231.1,472488,67
CP048231.1,472564,999
CP048231.1,472670,2046
CP048231.1,472677,4
CP048231.1,472723,1017
CP048231.1,472780,572
CP048231.1,472890,1
CP048231.1,473478,825
CP048231.1,473484,1351
CP048231.1,473738,708
CP048231.1,473979,237
CP048231.1,474134,566
CP048231.1,474346,136
CP048231.1,474467,1046
CP048231.1,474593,807
CP048231.1,474712,1217
CP048231.1,474719,1
CP048231.1,474721,68
CP048231.1,474966,16
CP048231.1,475032,15
CP048231.1,475034,183
CP048231.1,475145,997
CP048231.1,475219,521
CP048231.1,475257,655
CP048231.1,475280,2
CP048231.1,475351,1390
CP048231.1,475388,1305
CP048231.1,475389,1235
CP048231.1,475396,3447
CP048231.1,475540,1
CP048231.1,475614,512
CP048231.1,475728,257
CP048231.1,475788,811
CP048231.1,475848,329
CP048231.1,475899,101
CP048231.1,475908,58
CP048231.1,475912,8
CP048231.1,475925,59
CP048231.1,475975,2518
CP048231.1,475980,143
CP048231.1,475982,1
CP048231.1,476158,36
CP048231.1,476165,1486
CP048231.1,476259,98
CP048231.1,476266,1228
CP048231.1,476293,19
CP048231.1,476296,1128
CP048231.1,476298,1
CP048231.1,476300,32
CP048231.1,476348,69
CP048231.1,476402,1
CP048231.1,476424,603
CP048231.1,476430,1
CP048231.1,476452,22
CP048231.1,476532,6
CP048231.1,476610,144
CP048231.1,476615,1527
CP048231.1,476715,783
CP048231.1,476723,52
CP048231.1,476730,1
CP048231.1,476741,1
CP048231.1,476756,272
CP048231.1,476805,2080
CP048231.1,476913,394
CP048231.1,477352,322
CP048231.1,478042,1861
CP048231.1,479117,1
CP048231.1,479796,2
CP048231.1,481155,264
CP048231.1,481689,1099
CP048231.1,481851,1
CP048231.1,482114,805
CP048231.1,482167,2317
CP048231.1,482183,38
CP048231.1,482227,1921
CP048231.1,482263,1
CP048231.1,482282,57
CP048231.1,482291,923
CP048231.1,482298,1
CP048231.1,482314,1
CP048231.1,482559,1
CP048231.1,482594,3
CP048231.1,482607,769
CP048231.1,482637,1933
CP048231.1,482643,1
CP048231.1,482674,1254
CP048231.1,482676,3293
CP048231.1,482736,1355
CP048231.1,482740,1667
CP048231.1,482743,4054
CP048231.1,482747,2155
CP048231.1,482786,4712
CP048231.1,482850,1
CP048231.1,482852,497
CP048231.1,482854,1285
CP048231.1,482856,29
CP048231.1,482860,791
CP048231.1,482861,1
CP048231.1,482863,16
CP048231.1,482865,177
CP048231.1,482867,843
CP048231.1,482869,9
CP048231.1,482938,1
CP048231.1,482943,1
CP048231.1,483025,408
CP048231.1,483047,27
CP048231.1,483366,966
CP048231.1,485065,658
CP048231.1,485072,276
CP048231.1,485095,3
CP048231.1,485102,747
CP048231.1,485122,462
CP048231.1,485152,179
CP048231.1,485331,1
CP048231.1,486343,1066
CP048231.1,486359,83
CP048231.1,486393,226
CP048231.1,486447,716
CP048231.1,486586,540
CP048231.1,486593,708
CP048231.1,486934,947
CP048231.1,487137,914
CP048231.1,487249,964
CP048231.1,487361,1392
CP048231.1,487363,409
CP048231.1,487389,30
CP048231.1,487546,12
CP048231.1,487562,730
CP048231.1,487563,1389
CP048231.1,487569,44
CP048231.1,487571,1216
CP048231.1,487578,908
CP048231.1,487596,2
CP048231.1,487602,72
CP048231.1,487605,2
CP048231.1,487623,362
CP048231.1,487656,327
CP048231.1,487692,914
CP048231.1,487703,1
CP048231.1,487707,314
CP048231.1,488311,36
CP048231.1,488932,595
CP048231.1,489481,423
CP048231.1,508600,1
CP048231.1,508669,1
CP048232.1,2380,277
CP048232.1,11384,1171
CP048232.1,16465,21
CP048232.1,16612,1197
CP048232.1,18754,55
CP048232.1,20743,577
CP048232.1,21695,533
CP048232.1,21759,19
CP048232.1,22751,2908
CP048232.1,22765,1
CP048232.1,22828,405
CP048232.1,27516,1050
CP048232.1,27543,337
CP048232.1,27567,2698
CP048232.1,27576,1
CP048232.1,27578,1748
CP048232.1,27585,1
CP048232.1,27698,1
CP048232.1,27707,612
CP048232.1,27714,1
CP048232.1,27733,218
CP048232.1,30332,1690
CP048232.1,30790,269
CP048232.1,31579,1
CP048232.1,31645,180
CP048232.1,31670,902
CP048232.1,34587,4
CP048232.1,35489,323
CP048232.1,36019,230
CP048232.1,36640,1636
CP048232.1,36646,1
CP048232.1,36653,996
CP048232.1,36741,327
CP048232.1,36748,2002
CP048232.1,36771,1155
CP048232.1,36941,98
CP048232.1,38070,1
CP048232.1,39390,278
CP048232.1,39407,1033
CP048232.1,39583,224
CP048232.1,39592,1159
CP048232.1,40073,271
CP048232.1,40236,1176
CP048232.1,41178,108
CP048232.1,42236,1
CP048232.1,42254,74
CP048232.1,42313,2126
CP048232.1,42635,825
CP048232.1,42642,2017
CP048232.1,42649,1037
CP048232.1,42650,1924
CP048232.1,42667,1
CP048232.1,42683,829
CP048232.1,42788,1
CP048232.1,42805,3193
CP048232.1,42812,1863
CP048232.1,42886,1
CP048232.1,42919,581
CP048232.1,43692,2
CP048232.1,45092,1
CP048232.1,45199,58
CP048232.1,45207,692
CP048232.1,45271,25
CP048232.1,56455,5
CP048232.1,56568,595
CP048232.1,58227,1
CP048232.1,59081,1135
CP048232.1,59164,125
CP048232.1,59275,69
CP048232.1,59282,164
CP048232.1,59286,1859
CP048232.1,59321,2
CP048232.1,59328,127
CP048232.1,59330,839
CP048232.1,59386,3578
CP048232.1,59635,371
CP048232.1,59640,14
CP048232.1,59668,405
CP048232.1,59790,171
CP048232.1,59797,94
CP048232.1,59801,4
CP048232.1,59804,2615
CP048232.1,59826,1
CP048232.1,59835,1007
CP048232.1,59846,1
CP048232.1,59879,3
CP048232.1,59899,1
CP048232.1,60179,4
CP048232.1,60290,169
CP048232.1,60301,146
CP048232.1,60405,44
CP048232.1,60874,1
CP048232.1,62298,3
CP048232.1,64503,1
CP048232.1,64730,97
CP048232.1,64760,522
CP048232.1,65448,851
CP048232.1,66167,34
CP048232.1,66510,1
CP048232.1,66512,1339
CP048232.1,66536,1
CP048232.1,67059,1188
CP048232.1,67652,567
CP048232.1,67890,1
CP048232.1,71104,914
CP048232.1,71275,145
CP048232.1,71510,1134
CP048232.1,71519,1
CP048232.1,71534,1
CP048232.1,71600,1
CP048232.1,71603,1513
CP048232.1,71734,2320
CP048232.1,71772,1
CP048232.1,72227,1
CP048232.1,74086,1
CP048232.1,74385,2
CP048232.1,74473,911
CP048232.1,76012,69
CP048232.1,76202,1061
CP048232.1,77314,109
CP048232.1,83462,2569
CP048232.1,83469,533
CP048232.1,83643,432
CP048232.1,83661,220
CP048232.1,83692,965
CP048232.1,83727,1
CP048232.1,83729,285
CP048232.1,83792,4
CP048232.1,83969,846
CP048232.1,88344,108
CP048232.1,88600,192
CP048232.1,88716,796
CP048232.1,88993,5138
CP048232.1,89019,1789
CP048232.1,89256,460
CP048232.1,89274,24
CP048232.1,89466,349
CP048232.1,89596,2723
CP048232.1,89665,2121
CP048232.1,90099,196
CP048232.1,91579,1
CP048232.1,92401,1
CP048232.1,92489,1
CP048232.1,95606,4085
CP048232.1,96263,886
CP048232.1,96418,994
CP048232.1,102524,2
CP048232.1,104655,1006
CP048232.1,104883,471
CP048232.1,104930,1093
CP048232.1,104993,65
CP048232.1,105133,1
CP048232.1,105668,1
CP048232.1,108191,1
CP048232.1,108197,1
CP048232.1,109312,1
CP048232.1,109341,402
CP048232.1,109365,372
CP048232.1,109997,30
CP048232.1,111290,20
CP048232.1,111671,602
CP048232.1,111674,945
CP048232.1,111687,747
CP048232.1,111727,1651
CP048232.1,111729,2269
CP048232.1,111734,192
CP048232.1,111736,1
CP048232.1,111831,3
CP048232.1,111838,340
CP048232.1,111856,287
CP048232.1,112294,1
CP048232.1,113823,1
CP048232.1,114421,2
CP048232.1,115010,768
CP048232.1,116447,1310
CP048232.1,119522,417
CP048232.1,121815,116
CP048232.1,122104,1
CP048232.1,122773,1
CP048232.1,122780,1
CP048232.1,122796,1540
CP048232.1,122807,339
CP048232.1,122814,590
CP048232.1,122939,2
CP048232.1,123139,1671
CP048232.1,123144,669
CP048232.1,123224,2139
CP048232.1,126125,552
CP048232.1,132366,13
CP048232.1,132368,783
CP048232.1,133182,1
CP048232.1,133503,5
CP048232.1,133564,1517
CP048232.1,133620,366
CP048232.1,133752,322
CP048232.1,134272,423
CP048232.1,136917,795
CP048232.1,137051,3090
CP048232.1,137254,826
CP048232.1,137261,1912
CP048232.1,137263,2949
CP048232.1,137312,1740
CP048232.1,138100,291
CP048232.1,138612,1
CP048232.1,138619,160
CP048232.1,138627,1
CP048232.1,138650,960
CP048232.1,138788,168
CP048232.1,138793,1
CP048232.1,140585,43
CP048232.1,142490,3400
CP048232.1,143011,1
CP048232.1,143039,1471
CP048232.1,143041,1
CP048232.1,143044,1339
CP048232.1,143078,611
CP048232.1,143095,17
CP048232.1,143131,406
CP048232.1,143350,542
CP048232.1,143941,79
CP048232.1,149017,208
CP048232.1,149196,1
CP048232.1,149775,882
CP048232.1,152136,46
CP048232.1,153405,167
CP048232.1,153412,43
CP048232.1,153556,35
CP048232.1,153564,248
CP048232.1,153804,2387
CP048232.1,153808,737
CP048232.1,153820,49
CP048232.1,157341,970
CP048232.1,160338,222
CP048232.1,162722,329
CP048232.1,162742,1
CP048232.1,162743,1238
CP048232.1,163670,848
CP048232.1,164150,74
CP048232.1,164323,678
CP048232.1,166291,311
CP048232.1,166540,1224
CP048232.1,167577,1
CP048232.1,167612,132
CP048232.1,167854,1502
CP048232.1,167861,343
CP048232.1,167880,1014
CP048232.1,167884,3824
CP048232.1,167912,86
CP048232.1,167928,658
CP048232.1,168018,129
CP048232.1,168165,283
CP048232.1,168186,150
CP048232.1,168201,1
CP048232.1,168204,3604
CP048232.1,168222,2599
CP048232.1,168229,16372
CP048232.1,168231,1
CP048232.1,168256,1452
CP048232.1,168257,2484
CP048232.1,168260,1
CP048232.1,168322,1223
CP048232.1,168374,1050
CP048232.1,168443,1
CP048232.1,168449,2411
CP048232.1,168494,168
CP048232.1,168689,1
CP048232.1,168719,40
CP048232.1,169019,2022
CP048232.1,169059,361
CP048232.1,169122,3219
CP048232.1,169296,3575
CP048232.1,169700,2596
CP048232.1,169762,81
CP048232.1,169794,648
CP048232.1,169831,1495
CP048232.1,171170,537
CP048232.1,173203,1
CP048232.1,173210,477
CP048232.1,174772,665
CP048232.1,175984,5
CP048232.1,176354,1
CP048232.1,176691,653
CP048232.1,180579,1718
CP048232.1,180687,1986
CP048232.1,180729,844
CP048232.1,180768,308
CP048232.1,180777,221
CP048232.1,180977,1065
CP048232.1,180981,761
CP048232.1,180984,10249
CP048232.1,180988,3507
CP048232.1,181067,1
CP048232.1,181252,81
CP048232.1,182813,1
CP048232.1,183685,1
CP048232.1,183887,243
CP048232.1,183927,2
CP048232.1,184218,365
CP048232.1,184358,2053
CP048232.1,184365,1382
CP048232.1,184382,1184
CP048232.1,184625,1
CP048232.1,186685,1
CP048232.1,187113,1
CP048232.1,188187,314
CP048232.1,188523,4162
CP048232.1,188530,1
CP048232.1,188697,1732
CP048232.1,188699,56
CP048232.1,188706,1110
CP048232.1,188802,53
CP048232.1,188832,541
CP048232.1,188834,1248
CP048232.1,189245,2
CP048232.1,190181,1
CP048232.1,190232,903
CP048232.1,190278,5
CP048232.1,190285,1963
CP048232.1,190297,2
CP048232.1,190660,283
CP048232.1,190690,1191
CP048232.1,190751,15
CP048232.1,190753,1424
CP048232.1,190760,265
CP048232.1,190860,1
CP048232.1,191208,544
CP048232.1,191247,3
CP048232.1,191344,1
CP048232.1,191878,1
CP048232.1,191896,1
CP048232.1,192225,2338
CP048232.1,192495,1
CP048232.1,193476,40
CP048232.1,197843,182
CP048232.1,199514,1027
CP048232.1,203967,109
CP048232.1,205254,182
CP048232.1,206274,1331
CP048232.1,206289,1
CP048232.1,206315,5
CP048232.1,211081,1498
CP048232.1,215438,893
CP048232.1,215459,641
CP048232.1,215612,2
CP048232.1,215629,1138
CP048232.1,215754,1
CP048232.1,215762,1
CP048232.1,215955,3
CP048232.1,216308,1262
CP048232.1,216703,1
CP048232.1,217239,1078
CP048232.1,217246,889
CP048232.1,217435,1
CP048232.1,217437,519
CP048232.1,217441,84
CP048232.1,218396,281
CP048232.1,219715,1436
CP048232.1,219776,591
CP048232.1,219832,467
CP048232.1,222261,24
CP048232.1,222269,9
CP048232.1,222300,7
CP048232.1,222523,46
CP048232.1,222813,1
CP048232.1,222816,802
CP048232.1,222820,1600
CP048232.1,222861,2239
CP048232.1,222870,105
CP048232.1,222990,197
CP048232.1,223136,27
CP048232.1,223325,1
CP048232.1,225195,5
CP048232.1,228487,672
CP048232.1,228554,675
CP048232.1,230936,670
CP048232.1,231030,979
CP048232.1,231120,503
CP048232.1,231188,9
CP048232.1,231573,395
CP048232.1,231608,1
CP048232.1,231796,385
CP048232.1,231800,1196
CP048232.1,231807,577
CP048232.1,231820,18
CP048232.1,231848,4
CP048232.1,231850,1
CP048232.1,231873,2700
CP048232.1,231918,221
CP048232.1,234687,32
CP048232.1,234714,3
CP048232.1,234735,143
CP048232.1,234742,508
CP048232.1,234800,243
CP048232.1,234853,1375
CP048232.1,235091,5028
CP048232.1,235098,14
CP048232.1,235100,1288
CP048232.1,235107,61
CP048232.1,235224,2367
CP048232.1,235310,2
CP048232.1,235322,1
CP048232.1,235426,2481
CP048232.1,235633,3357
CP048232.1,235756,608
CP048232.1,236507,1079
CP048232.1,237963,696
CP048232.1,238624,59
CP048232.1,238826,373
CP048232.1,241634,1
CP048232.1,241898,2
CP048232.1,241960,124
CP048232.1,242048,1
CP048232.1,242074,1809
CP048232.1,242109,2
CP048232.1,242112,1889
CP048232.1,242155,1243
CP048232.1,242162,2
CP048232.1,242169,1096
CP048232.1,242173,17
CP048232.1,242180,1765
CP048232.1,242186,409
CP048232.1,242205,1
CP048232.1,242549,2
CP048232.1,242580,1774
CP048232.1,245068,49
CP048232.1,245342,1
CP048232.1,245349,183
CP048232.1,245353,38
CP048232.1,245411,23
CP048232.1,245422,1
CP048232.1,245983,10
CP048232.1,245996,6
CP048232.1,246053,1591
CP048232.1,246201,1
CP048232.1,246322,1401
CP048232.1,246939,1
CP048232.1,247110,196
CP048232.1,247114,1131
CP048232.1,247121,251
CP048232.1,247260,1275
CP048232.1,247303,384
CP048232.1,247310,922
CP048232.1,247742,1013
CP048232.1,248992,2
CP048232.1,249156,1558
CP048232.1,249163,2
CP048232.1,249165,3132
CP048232.1,249276,360
CP048232.1,249283,210
CP048232.1,249421,1
CP048232.1,249468,4
CP048232.1,249861,1
CP048232.1,249882,1399
CP048232.1,250100,1987
CP048232.1,250165,179
CP048232.1,250575,1
CP048232.1,258436,1
CP048232.1,260903,554
CP048232.1,260917,1871
CP048232.1,260961,992
CP048232.1,260968,3
CP048232.1,260997,2295
CP048232.1,263286,1640
CP048232.1,263452,168
CP048232.1,263478,233
CP048232.1,263528,1
CP048232.1,263722,1740
CP048232.1,266749,54
CP048232.1,266879,94
CP048232.1,266964,1466
CP048232.1,268992,43
CP048232.1,273215,882
CP048232.1,273222,1
CP048232.1,273597,3768
CP048232.1,273604,598
CP048232.1,273607,760
CP048232.1,273640,498
CP048232.1,276016,374
CP048232.1,276461,1
CP048232.1,276641,1
CP048232.1,276866,80
CP048232.1,277045,455
CP048232.1,277072,279
CP048232.1,277076,887
CP048232.1,277079,85
CP048232.1,278882,1173
CP048232.1,278922,208
CP048232.1,279651,1412
CP048232.1,279658,1
CP048232.1,281520,29
CP048232.1,281728,1
CP048232.1,282778,140
CP048232.1,283832,48
CP048232.1,283837,1040
CP048232.1,283883,26
CP048232.1,283910,825
CP048232.1,283964,815
CP048232.1,284035,363
CP048232.1,284139,1531
CP048232.1,284149,1
CP048232.1,284179,39
CP048232.1,284199,724
CP048232.1,284207,1
CP048232.1,284209,672
CP048232.1,284241,65
CP048232.1,284898,1233
CP048232.1,284940,1
CP048232.1,284947,1
CP048232.1,285166,1
CP048232.1,285200,22
CP048232.1,285255,1467
CP048232.1,285506,1014
CP048232.1,286833,113
CP048232.1,288193,966
CP048232.1,290017,179
CP048232.1,290024,417
CP048232.1,290026,363
CP048232.1,290103,15
CP048232.1,290136,1365
CP048232.1,290180,20
CP048232.1,290308,2061
CP048232.1,290427,321
CP048232.1,290705,1
CP048232.1,291399,7
CP048232.1,291848,20
CP048232.1,292236,255
CP048232.1,292501,96
CP048232.1,295044,2379
CP048232.1,298597,1933
CP048232.1,298604,1
CP048232.1,298637,6
CP048232.1,299844,558
CP048232.1,299849,618
CP048232.1,299866,796
CP048232.1,299948,879
CP048232.1,299955,1427
CP048232.1,300006,54
CP048232.1,301110,7
CP048232.1,301355,22
CP048232.1,301368,2067
CP048232.1,301377,1229
CP048232.1,301384,1
CP048232.1,305275,1508
CP048232.1,306510,69
CP048232.1,306844,888
CP048232.1,306888,1
CP048232.1,306968,955
CP048232.1,307111,95
CP048232.1,307292,792
CP048232.1,309378,2
CP048232.1,311335,3275
CP048232.1,312408,1220
CP048232.1,314091,1
CP048232.1,315381,329
CP048232.1,315733,1
CP048232.1,315734,2428
CP048232.1,316079,20
CP048232.1,316097,1587
CP048232.1,316172,366
CP048232.1,316428,1
CP048232.1,316540,5040
CP048232.1,316587,2466
CP048232.1,316594,1
CP048232.1,316774,916
CP048232.1,316781,6
CP048232.1,316794,4
CP048232.1,316801,1770
CP048232.1,316841,1
CP048232.1,316844,1597
CP048232.1,316851,313
CP048232.1,316861,1
CP048232.1,316973,2
CP048232.1,316977,1441
CP048232.1,317006,990
CP048232.1,317013,107
CP048232.1,317053,123
CP048232.1,317306,48
CP048232.1,317453,1592
CP048232.1,317507,1799
CP048232.1,317689,2039
CP048232.1,317769,26
CP048232.1,317963,47
CP048232.1,318131,887
CP048232.1,318193,627
CP048232.1,318198,410
CP048232.1,318281,1097
CP048232.1,318288,107
CP048232.1,318311,2094
CP048232.1,318314,407
CP048232.1,318318,831
CP048232.1,318377,1
CP048232.1,318394,1761
CP048232.1,318405,7
CP048232.1,318448,177
CP048232.1,318538,4690
CP048232.1,318564,1
CP048232.1,318602,70
CP048232.1,318621,132
CP048232.1,318632,334
CP048232.1,318634,2
CP048232.1,318660,2048
CP048232.1,318666,1
CP048232.1,318680,208
CP048232.1,318687,2
CP048232.1,318716,1
CP048232.1,318725,1
CP048232.1,318731,1
CP048232.1,318758,481
CP048232.1,318815,35
CP048232.1,318864,999
CP048232.1,318883,1
CP048232.1,318891,1
CP048232.1,319238,127
CP048232.1,319364,570
CP048232.1,319638,1
CP048232.1,321136,336
CP048232.1,321479,431
CP048232.1,321482,597
CP048232.1,321554,755
CP048232.1,321693,2626
CP048232.1,321817,1
CP048232.1,322269,1
CP048232.1,322297,956
CP048232.1,322422,1675
CP048232.1,322495,11
CP048232.1,322546,672
CP048232.1,322569,77
CP048232.1,322984,1
CP048232.1,323097,147
CP048232.1,323754,41
CP048232.1,323788,612
CP048232.1,323893,345
CP048232.1,323996,2
CP048232.1,324095,1372
CP048232.1,324126,449
CP048232.1,324136,74
CP048232.1,324143,1249
CP048232.1,324356,1
CP048232.1,326587,1533
CP048232.1,328408,1873
CP048232.1,329261,131
CP048232.1,329923,1
CP048232.1,329930,41
CP048232.1,330039,208
CP048232.1,330044,1005
CP048232.1,330046,1927
CP048232.1,330051,4332
CP048232.1,330083,63
CP048232.1,330464,10379
CP048232.1,330471,10335
CP048232.1,330972,64
CP048232.1,332500,336
CP048232.1,332691,7
CP048232.1,334236,393
CP048232.1,334352,1
CP048232.1,337030,231
CP048232.1,337052,596
CP048232.1,337392,1
CP048232.1,338297,178
CP048232.1,338845,36
CP048232.1,339079,19
CP048232.1,339871,2
CP048232.1,340481,87
CP048232.1,340904,1
CP048232.1,341359,2005
CP048232.1,341366,4
CP048232.1,341446,909
CP048232.1,341486,288
CP048232.1,341497,652
CP048232.1,341504,318
CP048232.1,341528,3
CP048232.1,341553,1211
CP048232.1,341563,1307
CP048232.1,341570,1214
CP048232.1,341602,1
CP048232.1,341694,67
CP048232.1,343302,603
CP048232.1,343309,46
CP048232.1,343474,4
CP048232.1,343522,23
CP048232.1,343529,509
CP048232.1,343551,2
CP048232.1,343588,284
CP048232.1,343624,21
CP048232.1,343628,44
CP048232.1,343640,10
CP048232.1,343756,1
CP048232.1,343763,1
CP048232.1,345091,1
CP048232.1,345294,22
CP048232.1,345419,871
CP048232.1,345928,613
CP048232.1,346766,14
CP048232.1,346890,1342
CP048232.1,349012,199
CP048232.1,349019,121
CP048232.1,349145,10
CP048232.1,349222,1
CP048232.1,349251,1
CP048232.1,350046,43
CP048232.1,350300,343
CP048232.1,350492,1
CP048232.1,351808,1
CP048232.1,352301,1772
CP048232.1,354864,1
CP048232.1,355505,689
CP048232.1,355648,3280
CP048232.1,355655,1
CP048232.1,355911,1
CP048232.1,355970,1
CP048232.1,356023,1
CP048232.1,356024,3669
CP048232.1,356031,29589
CP048232.1,356076,1601
CP048232.1,356083,4806
CP048232.1,356211,3392
CP048232.1,356524,1
CP048232.1,356780,1
CP048232.1,356850,3573
CP048232.1,356993,388
CP048232.1,356994,1
CP048232.1,357041,3
CP048232.1,357351,1
CP048232.1,357483,280
CP048232.1,357555,367
CP048232.1,358374,599
CP048232.1,360159,616
CP048232.1,360335,1
CP048232.1,362383,1387
CP048232.1,362385,1
CP048232.1,362509,406
CP048232.1,362527,295
CP048232.1,362649,1042
CP048232.1,363837,1
CP048232.1,365404,1447
CP048232.1,365423,1
CP048232.1,365430,4
CP048232.1,365472,3500
CP048232.1,365479,35
CP048232.1,365500,88
CP048232.1,365780,1
CP048232.1,366473,1
CP048232.1,366480,1
CP048232.1,366607,1265
CP048232.1,368138,1
CP048232.1,368213,912
CP048232.1,368275,628
CP048232.1,368568,1344
CP048232.1,368574,1452
CP048232.1,368581,621
CP048232.1,368604,1
CP048232.1,368632,1
CP048232.1,368723,567
CP048232.1,368755,604
CP048232.1,368820,360
CP048232.1,368947,1199
CP048232.1,369030,739
CP048232.1,369031,15
CP048232.1,369037,2509
CP048232.1,369051,1
CP048232.1,369225,1706
CP048232.1,369293,81
CP048232.1,369300,1649
CP048232.1,369302,1
CP048232.1,369379,4
CP048232.1,369520,419
CP048232.1,369607,1
CP048232.1,369684,50
CP048232.1,369763,1031
CP048232.1,369766,55
CP048232.1,369779,1744
CP048232.1,369786,1
CP048232.1,369795,1
CP048232.1,369802,1
CP048232.1,369880,103
CP048232.1,370037,1
CP048232.1,370040,88
CP048232.1,370053,1364
CP048232.1,370060,2
CP048232.1,370084,1647
CP048232.1,370091,69
CP048232.1,370150,4
CP048232.1,370157,806
CP048232.1,370181,2450
CP048232.1,370188,4120
CP048232.1,370206,1521
CP048232.1,370343,1440
CP048232.1,370352,1
CP048232.1,370368,64
CP048232.1,370735,121
CP048232.1,370776,16
CP048232.1,370984,25
CP048232.1,371044,79
CP048232.1,371353,469
CP048232.1,371358,1237
CP048232.1,371747,1
CP048232.1,372393,466
CP048232.1,372479,258
CP048232.1,372486,557
CP048232.1,372685,470
CP048232.1,372870,1
CP048232.1,373788,318
CP048232.1,373795,162
CP048232.1,374165,310
CP048232.1,374173,14
CP048232.1,374196,287
CP048232.1,374203,1183
CP048232.1,374212,170
CP048232.1,374281,782
CP048232.1,374285,327
CP048232.1,374288,4
CP048232.1,374351,1
CP048232.1,374360,973
CP048232.1,374367,1298
CP048232.1,374528,471
CP048232.1,374765,146
CP048232.1,376113,78
CP048232.1,376218,1
CP048232.1,376240,1
CP048232.1,376275,881
CP048232.1,376282,979
CP048232.1,376720,2026
CP048232.1,376721,2224
CP048232.1,376722,1452
CP048232.1,376727,1461
CP048232.1,376738,86
CP048232.1,376739,8
CP048232.1,376768,1
CP048232.1,376775,2487
CP048232.1,376814,1
CP048232.1,376957,1315
CP048232.1,377846,1566
CP048232.1,378132,648
CP048232.1,378988,1623
CP048232.1,378995,22
CP048232.1,379129,1
CP048232.1,379145,474
CP048232.1,380935,1669
CP048232.1,381453,1
CP048232.1,381461,2924
CP048232.1,381505,1
CP048232.1,381613,1905
CP048232.1,382103,23
CP048232.1,382689,1392
CP048232.1,382859,1677
CP048232.1,382894,94
CP048232.1,384040,1223
CP048232.1,384480,136
CP048232.1,384549,882
CP048232.1,384574,103
CP048232.1,384607,118
CP048232.1,385136,760
CP048232.1,386861,2
CP048232.1,386913,13
CP048232.1,389184,1463
CP048232.1,389202,2
CP048232.1,389209,1
CP048232.1,389246,1
CP048232.1,389278,1
CP048232.1,389379,121
CP048232.1,389380,1
CP048232.1,389381,1589
CP048232.1,389393,140
CP048232.1,389415,189
CP048232.1,389425,1505
CP048232.1,389471,2816
CP048232.1,389478,1414
CP048232.1,389497,37
CP048232.1,389505,1712
CP048232.1,389512,1168
CP048232.1,389514,748
CP048232.1,389519,1362
CP048232.1,389526,1
CP048232.1,389528,62
CP048232.1,389552,1
CP048232.1,389624,52
CP048232.1,389633,439
CP048232.1,389742,16
CP048232.1,390046,74
CP048232.1,390306,661
CP048232.1,390400,95
CP048232.1,390407,2
CP048232.1,390582,683
CP048232.1,390775,12
CP048232.1,391111,13
CP048232.1,391293,720
CP048232.1,391589,1503
CP048232.1,391825,34
CP048232.1,392003,3
CP048232.1,392542,5
CP048232.1,392543,28
CP048232.1,392628,1396
CP048232.1,392637,1291
CP048232.1,392644,1556
CP048232.1,392648,6
CP048232.1,392783,1078
CP048232.1,392835,16
CP048232.1,392836,35
CP048232.1,392843,1235
CP048232.1,392959,1323
CP048232.1,392966,358
CP048232.1,392969,1246
CP048232.1,392976,14
CP048232.1,392977,1
CP048232.1,393052,1555
CP048232.1,393054,3715
CP048232.1,393059,2721
CP048232.1,393061,21982
CP048232.1,393098,941
CP048232.1,393103,12
CP048232.1,393105,2
CP048232.1,393134,149
CP048232.1,393139,1
CP048232.1,393141,1
CP048232.1,393155,8
CP048232.1,393215,11
CP048232.1,393590,297
CP048232.1,393735,1
CP048232.1,393759,64
CP048232.1,393953,156
CP048232.1,393968,3407
CP048232.1,393981,1
CP048232.1,394112,1
CP048232.1,394149,1
CP048232.1,394151,2568
CP048232.1,394158,2756
CP048232.1,394193,3956
CP048232.1,394200,1666
CP048232.1,394340,1798
CP048232.1,394358,2049
CP048232.1,394359,1
CP048232.1,394366,614
CP048232.1,394379,2798
CP048232.1,394386,1904
CP048232.1,394483,7079
CP048232.1,394960,1
CP048232.1,395333,26
CP048232.1,395635,1
CP048232.1,395642,1601
CP048232.1,395794,6
CP048232.1,396210,173
CP048232.1,397639,264
CP048232.1,397668,3
CP048232.1,397760,1
CP048232.1,397763,2
CP048232.1,397767,46
CP048232.1,398326,27
CP048232.1,399149,127
CP048232.1,399843,54
CP048232.1,402959,1522
CP048232.1,402993,17
CP048232.1,402996,448
CP048232.1,403121,1255
CP048232.1,403180,1420
CP048232.1,403182,1156
CP048232.1,403185,11
CP048232.1,403209,891
CP048232.1,403271,728
CP048232.1,403272,319
CP048232.1,403300,1
CP048232.1,405293,264
CP048232.1,405332,964
CP048232.1,405423,763
CP048232.1,405430,2052
CP048232.1,405431,7
CP048232.1,405437,499
CP048232.1,405491,430
CP048232.1,405492,995
CP048232.1,405493,217
CP048232.1,405498,4967
CP048232.1,405500,571
CP048232.1,405507,2150
CP048232.1,405508,2686
CP048232.1,405515,5234
CP048232.1,405531,194
CP048232.1,405540,741
CP048232.1,405644,123
CP048232.1,405666,1
CP048232.1,405681,1617
CP048232.1,405683,1926
CP048232.1,405688,849
CP048232.1,405690,7443
CP048232.1,405703,3
CP048232.1,405710,975
CP048232.1,405719,215
CP048232.1,405761,84
CP048232.1,405770,91
CP048232.1,405893,1805
CP048232.1,405899,2808
CP048232.1,405945,868
CP048232.1,405950,3662
CP048232.1,405952,15713
CP048232.1,405954,10
CP048232.1,406011,2055
CP048232.1,406013,1
CP048232.1,406098,126
CP048232.1,406139,52
CP048232.1,406174,17
CP048232.1,406270,1297
CP048232.1,406301,1459
CP048232.1,406305,19
CP048232.1,406357,480
CP048232.1,406380,272
CP048232.1,406395,1515
CP048232.1,406671,396
CP048232.1,406804,1422
CP048232.1,406822,1
CP048232.1,407003,1
CP048232.1,407407,150
CP048232.1,407813,1
CP048232.1,407820,2873
CP048232.1,407843,51
CP048232.1,408018,1
CP048232.1,408522,2
CP048232.1,408628,1
CP048232.1,408744,64
CP048232.1,408748,1
CP048232.1,408755,195
CP048232.1,408798,2675
CP048232.1,408805,409
CP048232.1,408900,636
CP048232.1,409223,347
CP048232.1,409335,625
CP048232.1,409339,446
CP048232.1,409350,15
CP048232.1,409593,632
CP048232.1,409654,212
CP048232.1,409690,671
CP048232.1,409811,1156
CP048232.1,409915,63
CP048232.1,410036,1
CP048232.1,410217,9
CP048232.1,410371,7
CP048232.1,410403,634
CP048232.1,410410,1356
CP048232.1,410582,17
CP048232.1,410602,14
CP048232.1,410612,311
CP048232.1,410648,230
CP048232.1,410655,47
CP048232.1,410717,36
CP048232.1,410787,978
CP048232.1,410789,118
CP048232.1,410796,165
CP048232.1,410916,843
CP048232.1,411057,1
CP048232.1,411098,617
CP048232.1,411226,393
CP048232.1,411273,1113
CP048232.1,411422,4
CP048232.1,411535,2180
CP048232.1,411538,1
CP048232.1,412306,1
CP048232.1,412405,1880
CP048232.1,412465,7772
CP048232.1,412470,1
CP048232.1,412472,1
CP048232.1,412479,398
CP048232.1,412486,1
CP048232.1,412537,1
CP048232.1,412540,167
CP048232.1,412641,4813
CP048232.1,412759,3929
CP048232.1,412795,2310
CP048232.1,412797,2276
CP048232.1,412801,2
CP048232.1,412802,4960
CP048232.1,412829,2215
CP048232.1,412854,1
CP048232.1,412860,1
CP048232.1,412861,1
CP048232.1,412871,363
CP048232.1,412878,1605
CP048232.1,412891,1
CP048232.1,412918,1
CP048232.1,412932,1776
CP048232.1,412998,16084
CP048232.1,413003,319
CP048232.1,413016,938
CP048232.1,413017,126
CP048232.1,413019,430
CP048232.1,413024,513
CP048232.1,413028,78
CP048232.1,413039,35
CP048232.1,413042,1
CP048232.1,413046,5059
CP048232.1,413051,1
CP048232.1,413053,2818
CP048232.1,413056,2200
CP048232.1,413062,312
CP048232.1,413069,1
CP048232.1,413074,1
CP048232.1,413079,727
CP048232.1,413082,1
CP048232.1,413083,2883
CP048232.1,413089,2
CP048232.1,413091,1
CP048232.1,413106,623
CP048232.1,413115,1892
CP048232.1,413144,1
CP048232.1,413185,1923
CP048232.1,413186,1005
CP048232.1,413246,1
CP048232.1,413264,172
CP048232.1,413329,1387
CP048232.1,413879,751
CP048232.1,414157,338
CP048232.1,416343,1
CP048232.1,417545,805
CP048232.1,417547,1
CP048232.1,417573,1
CP048232.1,417576,1
CP048232.1,417581,6923
CP048232.1,417587,1
CP048232.1,417594,3587
CP048232.1,417609,700
CP048232.1,417697,789
CP048232.1,417704,802
CP048232.1,417727,2058
CP048232.1,417734,375
CP048232.1,417937,1851
CP048232.1,418018,162
CP048232.1,418046,1139
CP048232.1,418055,60
CP048232.1,418283,1
CP048232.1,418430,242
CP048232.1,419018,1
CP048232.1,419085,1430
CP048232.1,419464,135
CP048232.1,419485,1368
CP048232.1,419514,1141
CP048232.1,419727,3
CP048232.1,420466,1
CP048232.1,420473,1227
CP048232.1,420720,1
CP048232.1,420795,2038
CP048232.1,420804,1378
CP048232.1,420865,83
CP048232.1,421144,50
CP048232.1,421213,1662
CP048232.1,421239,3926
CP048232.1,421244,72
CP048232.1,421245,1474
CP048232.1,421246,9693
CP048232.1,421252,8501
CP048232.1,421254,2426
CP048232.1,421257,1489
CP048232.1,421261,1870
CP048232.1,421268,2227
CP048232.1,421301,171
CP048232.1,421318,2757
CP048232.1,421338,768
CP048232.1,421421,54
CP048232.1,421428,240
CP048232.1,421541,15
CP048232.1,421549,1
CP048232.1,421556,1
CP048232.1,421608,17
CP048232.1,421684,1
CP048232.1,421691,1953
CP048232.1,421775,374
CP048232.1,421784,2
CP048232.1,421786,129
CP048232.1,421920,2756
CP048232.1,422240,1
CP048232.1,422414,1455
CP048232.1,422421,85
CP048232.1,422429,1819
CP048232.1,422475,408
CP048232.1,422589,109
CP048232.1,422609,755
CP048232.1,424486,190
CP048232.1,424792,1534
CP048232.1,425359,2830
CP048232.1,425698,12
CP048232.1,425881,1
CP048232.1,425949,27
CP048232.1,425951,775
CP048232.1,425991,38
CP048232.1,426038,725
CP048232.1,426136,1
CP048232.1,426137,473
CP048232.1,426144,64
CP048232.1,426166,874
CP048232.1,426178,1624
CP048232.1,426179,1
CP048232.1,426248,4233
CP048232.1,426255,2114
CP048232.1,426310,467
CP048232.1,426317,1
CP048232.1,426384,1422
CP048232.1,426391,128
CP048232.1,426475,1825
CP048232.1,426543,388
CP048232.1,426559,307
CP048232.1,426568,110
CP048232.1,426733,1828
CP048232.1,426823,1
CP048232.1,426871,70
CP048232.1,426883,911
CP048232.1,427515,1250
CP048232.1,428075,26
CP048232.1,428297,1818
CP048232.1,428567,1039
CP048232.1,428574,569
CP048232.1,428604,1
CP048232.1,428749,827
CP048232.1,428813,430
CP048232.1,428863,1
CP048232.1,428892,1
CP048232.1,428894,1763
CP048232.1,428972,554
CP048232.1,429958,460
CP048232.1,430463,10
CP048232.1,430578,739
CP048232.1,430655,1
CP048232.1,430693,1966
CP048232.1,430782,149
CP048232.1,430785,2024
CP048232.1,430789,3917
CP048232.1,430859,790
CP048232.1,430866,2488
CP048232.1,430907,3037
CP048232.1,430914,161
CP048232.1,431171,2341
CP048232.1,431636,1
CP048232.1,431658,2317
CP048232.1,431690,666
CP048232.1,431737,1
CP048232.1,431749,2341
CP048232.1,431756,95
CP048232.1,431770,1385
CP048232.1,431774,2
CP048232.1,431777,2305
CP048232.1,431779,261
CP048232.1,431781,2601
CP048232.1,431798,1
CP048232.1,431805,1
CP048232.1,431809,105
CP048232.1,431826,241
CP048232.1,431828,326
CP048232.1,431952,2598
CP048232.1,431959,721
CP048232.1,432034,316
CP048232.1,432037,1724
CP048232.1,432041,5856
CP048232.1,432048,1
CP048232.1,432085,2456
CP048232.1,432138,2702
CP048232.1,432145,2077
CP048232.1,432149,135
CP048232.1,432229,30
CP048232.1,432236,273
CP048232.1,432263,2
CP048232.1,432265,1521
CP048232.1,432271,354
CP048232.1,432272,1696
CP048232.1,432278,10
CP048232.1,432279,764
CP048232.1,432283,3160
CP048232.1,432286,1125
CP048232.1,432287,24
CP048232.1,432290,1325
CP048232.1,432293,1
CP048232.1,432295,1
CP048232.1,432328,441
CP048232.1,432330,106
CP048232.1,432361,1588
CP048232.1,432376,6003
CP048232.1,432383,793
CP048232.1,432416,93
CP048232.1,432480,1
CP048232.1,432508,1431
CP048232.1,432515,1314
CP048232.1,432539,1590
CP048232.1,432572,1
CP048232.1,432593,1
CP048232.1,432615,205
CP048232.1,432666,1
CP048232.1,432675,1848
CP048232.1,432682,2134
CP048232.1,432701,132
CP048232.1,432708,886
CP048232.1,432724,950
CP048232.1,432728,5282
CP048232.1,432731,2681
CP048232.1,432733,1483
CP048232.1,432735,142
CP048232.1,432740,2
CP048232.1,432768,317
CP048232.1,432828,3
CP048232.1,432830,19
CP048232.1,432853,673
CP048232.1,432863,1
CP048232.1,432870,851
CP048232.1,432916,1
CP048232.1,432931,269
CP048232.1,432994,703
CP048232.1,433033,1
CP048232.1,433127,101
CP048232.1,433180,59
CP048232.1,433333,1
CP048232.1,433382,414
CP048232.1,433386,136
CP048232.1,433392,3862
CP048232.1,433393,1488
CP048232.1,433399,1766
CP048232.1,433439,1646
CP048232.1,433450,607
CP048232.1,433454,1
CP048232.1,433457,179
CP048232.1,433459,584
CP048232.1,433660,1858
CP048232.1,433836,896
CP048232.1,433942,1
CP048232.1,433963,1993
CP048232.1,433970,2585
CP048232.1,433980,1177
CP048232.1,434010,88
CP048232.1,434012,853
CP048232.1,434014,266
CP048232.1,434017,2743
CP048232.1,434019,1
CP048232.1,434037,1574
CP048232.1,434058,156
CP048232.1,434073,5
CP048232.1,434463,292
CP048232.1,434468,144
CP048232.1,434470,1064
CP048232.1,434532,37
CP048232.1,434631,1
CP048232.1,434698,1
CP048232.1,434706,1
CP048232.1,434710,4
CP048232.1,434713,2976
CP048232.1,434792,371
CP048232.1,435197,1243
CP048232.1,435364,1040
CP048232.1,435371,349
CP048232.1,435383,133
CP048232.1,435408,3709
CP048232.1,435556,1
CP048232.1,435591,624
CP048232.1,435678,1
CP048232.1,435758,1
CP048232.1,435855,555
CP048232.1,435997,189
CP048232.1,436000,3210
CP048232.1,436017,698
CP048232.1,436676,1
CP048232.1,436683,1
CP048232.1,436707,302
CP048232.1,436850,1
CP048232.1,437211,2012
CP048232.1,437213,754
CP048232.1,437467,1
CP048232.1,437496,1
CP048232.1,437498,2475
CP048232.1,437505,6
CP048232.1,438402,1
CP048232.1,438749,1
CP048232.1,438946,27
CP048232.1,439059,1
CP048232.1,439113,84
CP048232.1,440292,1258
CP048232.1,440299,1
CP048232.1,440334,683
CP048232.1,440362,979
CP048232.1,440578,679
CP048232.1,440651,423
CP048232.1,440654,1
CP048232.1,440658,1
CP048232.1,440660,1506
CP048232.1,440687,1128
CP048232.1,440699,513
CP048232.1,440706,845
CP048232.1,440715,543
CP048232.1,440748,243
CP048232.1,440762,2514
CP048232.1,440769,1309
CP048232.1,440807,3009
CP048232.1,440811,277
CP048232.1,440839,379
CP048232.1,440852,2425
CP048232.1,440859,2934
CP048232.1,440878,1269
CP048232.1,440912,121
CP048232.1,440927,1
CP048232.1,440931,3977
CP048232.1,440995,163
CP048232.1,441006,1313
CP048232.1,441013,9312
CP048232.1,441101,2690
CP048232.1,441170,32
CP048232.1,441177,6261
CP048232.1,441193,427
CP048232.1,441202,18
CP048232.1,441227,3
CP048232.1,441289,741
CP048232.1,441296,20
CP048232.1,441372,1114
CP048232.1,441433,263
CP048232.1,441455,692
CP048232.1,441502,1
CP048232.1,441684,1257
CP048232.1,441689,609
CP048232.1,441700,1
CP048232.1,442800,1
CP048232.1,442855,626
CP048232.1,443155,100
CP048232.1,443322,1
CP048232.1,443617,1
CP048232.1,443636,31
CP048232.1,443696,884
CP048232.1,443768,84
CP048232.1,443798,3
CP048232.1,443805,3829
CP048232.1,443806,2
CP048232.1,443896,1198
CP048232.1,443903,744
CP048232.1,444005,1576
CP048232.1,444016,696
CP048232.1,444018,358
CP048232.1,444172,20
CP048232.1,444285,205
CP048232.1,444374,1
CP048232.1,444531,1790
CP048232.1,444538,70
CP048232.1,444750,1198
CP048232.1,444757,1
CP048232.1,445333,1430
CP048232.1,445475,160
CP048232.1,445646,1
CP048232.1,445851,88
CP048232.1,445926,1
CP048232.1,446285,1287
CP048232.1,446488,8
CP048232.1,446877,2
CP048232.1,450306,34
CP048232.1,450373,591
CP048232.1,450533,1767
CP048232.1,450553,2072
CP048232.1,450560,127
CP048232.1,450589,3
CP048232.1,450596,177
CP048232.1,450614,1
CP048232.1,450638,1
CP048232.1,450673,852
CP048232.1,450688,808
CP048232.1,450693,354
CP048232.1,450700,1632
CP048232.1,450746,327
CP048232.1,450750,1
CP048232.1,450810,108
CP048232.1,450991,1550
CP048232.1,451029,268
CP048232.1,451156,2083
CP048232.1,451163,1655
CP048232.1,451167,28
CP048232.1,451198,91
CP048232.1,451215,1399
CP048232.1,451235,111
CP048232.1,451403,576
CP048232.1,451484,664
CP048232.1,451649,1
CP048232.1,451656,1667
CP048232.1,451780,835
CP048232.1,451812,173
CP048232.1,451843,33
CP048232.1,451866,128
CP048232.1,451993,6
CP048232.1,452320,669
CP048232.1,452671,1
CP048232.1,452680,1378
CP048232.1,452795,1870
CP048232.1,452829,178
CP048232.1,452834,1102
CP048232.1,452875,74
CP048232.1,452882,1186
CP048232.1,454207,401
CP048232.1,454346,214
CP048232.1,454355,2271
CP048232.1,454368,181
CP048232.1,454376,169
CP048232.1,454435,856
CP048232.1,454437,1271
CP048232.1,454444,17
CP048232.1,459345,39
CP048232.1,459385,618
CP048232.1,459439,2392
CP048232.1,459551,380
CP048232.1,459568,1
CP048232.1,459594,1
CP048232.1,459608,34
CP048232.1,459647,27
CP048232.1,459679,3111
CP048232.1,459732,26
CP048232.1,459739,1053
CP048232.1,459747,697
CP048232.1,459748,1873
CP048232.1,459755,2346
CP048232.1,460822,1
CP048232.1,462768,1329
CP048232.1,462856,634
CP048232.1,462892,950
CP048232.1,462941,54
CP048232.1,463279,428
CP048232.1,463418,201
CP048232.1,463723,1352
CP048232.1,463924,1291
CP048232.1,466092,2
CP048232.1,466915,79
CP048232.1,466976,1251
CP048232.1,467058,250
CP048232.1,467065,6
CP048232.1,467074,1342
CP048232.1,467076,12
CP048232.1,467083,76
CP048232.1,467486,593
CP048232.1,467857,946
CP048232.1,469214,644
CP048232.1,469219,1
CP048232.1,470496,604
CP048232.1,470712,1
CP048232.1,471609,80
CP048232.1,471717,552
CP048232.1,471744,722
CP048232.1,471926,933
CP048232.1,471933,458
CP048232.1,471948,573
CP048232.1,472009,220
CP048232.1,472437,1867
CP048232.1,472444,82
CP048232.1,472475,4
CP048232.1,472522,100
CP048232.1,472580,1
CP048232.1,472587,1477
CP048232.1,472814,719
CP048232.1,472867,49
CP048232.1,473387,2483
CP048232.1,473696,1
CP048232.1,473754,1059
CP048232.1,473770,3529
CP048232.1,473777,2130
CP048232.1,473804,658
CP048232.1,473985,1
CP048232.1,473986,1972
CP048232.1,474135,899
CP048232.1,474142,2746
CP048232.1,474173,1820
CP048232.1,474227,1257
CP048232.1,474264,5
CP048232.1,474302,429
CP048232.1,474333,1492
CP048232.1,474348,721
CP048232.1,474355,526
CP048232.1,474391,17
CP048232.1,474570,555
CP048232.1,474572,586
CP048232.1,474577,1163
CP048232.1,474766,9
CP048232.1,474863,247
CP048232.1,474865,3
CP048232.1,475664,2126
CP048232.1,476347,277
CP048232.1,476406,1876
CP048232.1,476484,1957
CP048232.1,476491,574
CP048232.1,476581,2034
CP048232.1,476598,867
CP048232.1,476605,514
CP048232.1,476616,1
CP048232.1,476658,43
CP048232.1,476670,319
CP048232.1,476733,1
CP048232.1,476765,183
CP048232.1,476784,2
CP048232.1,476882,1980
CP048232.1,477091,106
CP048232.1,477169,38
CP048232.1,477174,2005
CP048232.1,477176,9265
CP048232.1,477177,1
CP048232.1,477183,305
CP048232.1,477213,1
CP048232.1,478714,130
CP048232.1,478719,797
CP048232.1,478750,159
CP048232.1,478906,63
CP048232.1,479095,1
CP048232.1,479295,1
CP048232.1,479324,1
CP048232.1,479477,3730
CP048232.1,479484,966
CP048232.1,479544,1
CP048232.1,479545,2
CP048232.1,479551,1
CP048232.1,480176,4
CP048232.1,480345,647
CP048232.1,480793,184
CP048232.1,481441,1141
CP048232.1,481683,589
CP048232.1,483464,605
CP048232.1,483619,752
CP048232.1,485261,913
CP048232.1,485293,556
CP048232.1,485296,2161
CP048232.1,485300,427
CP048232.1,485494,2
CP048232.1,485539,69
CP048232.1,486524,1321
CP048232.1,487457,1462
CP048232.1,488075,254
CP048232.1,488192,69
CP048232.1,488335,1138
CP048232.1,488408,3
CP048232.1,488973,1
CP048232.1,490329,1
CP048232.1,491357,1050
CP048232.1,491994,1387
CP048232.1,492001,326
CP048232.1,492473,376
CP048232.1,492483,10
CP048232.1,493146,20
CP048232.1,493164,609
CP048232.1,493769,250
CP048232.1,496060,1
CP048232.1,496131,1666
CP048232.1,497202,185
CP048232.1,497246,2167
CP048232.1,497247,2397
CP048232.1,497326,387
CP048232.1,497331,2185
CP048232.1,497410,478
CP048232.1,497417,5
CP048232.1,497498,951
CP048232.1,498203,653
CP048232.1,498822,827
CP048232.1,499221,1
CP048232.1,500842,374
CP048232.1,501146,1509
CP048232.1,501168,104
CP048232.1,501293,2691
CP048232.1,501400,1
CP048232.1,501410,695
CP048232.1,501411,1017
CP048232.1,501421,1
CP048232.1,501470,1
CP048232.1,501472,482
CP048232.1,501477,1579
CP048232.1,503789,867
CP048232.1,503795,1035
CP048232.1,504265,4
CP048232.1,504347,19
CP048232.1,504480,1882
CP048232.1,504487,2
CP048232.1,504520,397
CP048232.1,504556,800
CP048232.1,504594,1
CP048232.1,504660,2906
CP048232.1,506755,368
CP048232.1,506884,261
CP048232.1,507702,8
CP048232.1,508862,8
CP048232.1,508977,559
CP048232.1,509077,537
CP048232.1,509086,41
CP048232.1,511782,214
CP048232.1,512833,2083
CP048232.1,513344,1360
CP048232.1,513634,1740
CP048232.1,513826,1
CP048232.1,515927,673
CP048232.1,516119,374
CP048232.1,516557,329
CP048232.1,516772,227
CP048232.1,518798,422
CP048232.1,520152,1614
CP048232.1,520582,785
CP048232.1,520644,1
CP048232.1,520739,1
CP048232.1,520863,1
CP048232.1,521004,1667
CP048232.1,521011,5376
CP048232.1,521018,344
CP048232.1,521169,1624
CP048232.1,521224,1239
CP048232.1,521233,11
CP048232.1,521240,2
CP048232.1,521287,1
CP048232.1,524143,1005
CP048232.1,528768,1
CP048232.1,528970,1352
CP048232.1,529090,354
CP048232.1,530518,802
CP048232.1,532671,16
CP048232.1,532868,744
CP048232.1,533073,1
CP048233.1,916,1
CP048233.1,1597,266
CP048233.1,9262,1117
CP048233.1,15933,307
CP048233.1,16476,965
CP048233.1,17712,1195
CP048233.1,17885,92
CP048233.1,18326,94
CP048233.1,18470,104
CP048233.1,19466,22
CP048233.1,20017,1512
CP048233.1,20110,69
CP048233.1,20174,234
CP048233.1,21920,377
CP048233.1,23026,1
CP048233.1,23979,1
CP048233.1,24170,1
CP048233.1,24221,43
CP048233.1,24644,1147
CP048233.1,25114,1
CP048233.1,25576,1
CP048233.1,25927,2
CP048233.1,26003,2
CP048233.1,26611,1
CP048233.1,27473,1
CP048233.1,27749,1
CP048233.1,27788,1
CP048233.1,28171,4
CP048233.1,28238,1
CP048233.1,28300,2
CP048233.1,28337,1
CP048233.1,28444,1
CP048233.1,28576,4227
CP048233.1,28806,1
CP048233.1,28819,4
CP048233.1,29099,4585
CP048233.1,29100,1
CP048233.1,29352,1
CP048233.1,29468,1
CP048233.1,29476,1
CP048233.1,29493,1416
CP048233.1,29573,2033
CP048233.1,29719,1410
CP048233.1,29726,5677
CP048233.1,29727,2
CP048233.1,29781,7
CP048233.1,29809,1
CP048233.1,29915,545
CP048233.1,30254,2726
CP048233.1,30278,253
CP048233.1,30361,1
CP048233.1,30493,2
CP048233.1,30552,1
CP048233.1,30553,1
CP048233.1,30683,1
CP048233.1,30712,1297
CP048233.1,30720,9
CP048233.1,30754,1
CP048233.1,30773,1710
CP048233.1,30812,1
CP048233.1,30877,2
CP048233.1,30879,1786
CP048233.1,30886,1
CP048233.1,31640,479
CP048233.1,31825,477
CP048233.1,34410,1
CP048233.1,44619,998
CP048233.1,44621,27
CP048233.1,44625,248
CP048233.1,44632,593
CP048233.1,51336,44
CP048233.1,51343,32
CP048233.1,51554,55
CP048233.1,53472,1965
CP048233.1,54931,590
CP048233.1,55167,208
CP048233.1,55206,1178
CP048233.1,55317,1370
CP048233.1,55349,40
CP048233.1,55356,2
CP048233.1,55495,53
CP048233.1,55525,961
CP048233.1,55539,287
CP048233.1,55546,57
CP048233.1,55604,1
CP048233.1,55611,217
CP048233.1,55634,30
CP048233.1,55641,1609
CP048233.1,55681,35
CP048233.1,55726,81
CP048233.1,55731,85
CP048233.1,55745,149
CP048233.1,55911,1
CP048233.1,55955,145
CP048233.1,55980,244
CP048233.1,56000,1078
CP048233.1,56329,3
CP048233.1,57596,41
CP048233.1,57715,1436
CP048233.1,57752,1
CP048233.1,59551,313
CP048233.1,59581,347
CP048233.1,59840,76
CP048233.1,62388,172
CP048233.1,62437,1
CP048233.1,62578,1698
CP048233.1,62617,1582
CP048233.1,62659,2294
CP048233.1,62666,567
CP048233.1,67555,73
CP048233.1,67706,1
CP048233.1,68020,58
CP048233.1,68297,156
CP048233.1,68332,1023
CP048233.1,68622,2
CP048233.1,68672,1027
CP048233.1,68744,327
CP048233.1,70600,9
CP048233.1,71337,1128
CP048233.1,71420,31
CP048233.1,72708,848
CP048233.1,72715,454
CP048233.1,72857,2073
CP048233.1,74741,1
CP048233.1,74881,715
CP048233.1,75053,84
CP048233.1,75183,165
CP048233.1,75211,828
CP048233.1,75236,1
CP048233.1,78226,749
CP048233.1,78404,1838
CP048233.1,78405,3
CP048233.1,78530,113
CP048233.1,78713,14
CP048233.1,78715,88
CP048233.1,79434,11
CP048233.1,79435,741
CP048233.1,79437,1548
CP048233.1,79444,1
CP048233.1,80633,903
CP048233.1,80775,2574
CP048233.1,80782,145
CP048233.1,80906,1139
CP048233.1,80913,507
CP048233.1,81085,1071
CP048233.1,81092,1
CP048233.1,82137,1
CP048233.1,84252,2268
CP048233.1,85104,785
CP048233.1,85406,373
CP048233.1,85587,28
CP048233.1,85603,1038
CP048233.1,85611,746
CP048233.1,85972,384
CP048233.1,90984,931
CP048233.1,91021,1164
CP048233.1,91106,1
CP048233.1,91218,2
CP048233.1,91222,2438
CP048233.1,91247,403
CP048233.1,91671,1240
CP048233.1,91718,3
CP048233.1,91864,5
CP048233.1,91880,1172
CP048233.1,92335,807
CP048233.1,92342,31
CP048233.1,93604,219
CP048233.1,93745,735
CP048233.1,94096,172
CP048233.1,94131,1
CP048233.1,95568,2117
CP048233.1,95659,1
CP048233.1,95666,46
CP048233.1,95937,1989
CP048233.1,95944,3
CP048233.1,96054,29
CP048233.1,96061,310
CP048233.1,96803,585
CP048233.1,96985,222
CP048233.1,97024,4
CP048233.1,97046,1813
CP048233.1,97063,105
CP048233.1,97165,220
CP048233.1,97172,274
CP048233.1,97181,653
CP048233.1,97230,1
CP048233.1,97235,1
CP048233.1,97288,1
CP048233.1,97327,2433
CP048233.1,98315,348
CP048233.1,98633,1
CP048233.1,98740,1255
CP048233.1,98754,23
CP048233.1,98785,267
CP048233.1,98812,1
CP048233.1,98894,1
CP048233.1,99214,1117
CP048233.1,99219,374
CP048233.1,99232,876
CP048233.1,99719,53
CP048233.1,99726,72
CP048233.1,99741,24
CP048233.1,99977,110
CP048233.1,100023,568
CP048233.1,103149,1198
CP048233.1,103191,1172
CP048233.1,103270,2
CP048233.1,103277,93
CP048233.1,103479,952
CP048233.1,103531,56
CP048233.1,103887,482
CP048233.1,105958,171
CP048233.1,106085,2909
CP048233.1,106443,493
CP048233.1,106444,285
CP048233.1,106505,1699
CP048233.1,106601,1
CP048233.1,106615,355
CP048233.1,106622,2096
CP048233.1,106675,501
CP048233.1,106681,77
CP048233.1,106799,1644
CP048233.1,106841,1082
CP048233.1,106844,1
CP048233.1,106915,679
CP048233.1,106954,1146
CP048233.1,106961,3830
CP048233.1,106963,1
CP048233.1,107155,1370
CP048233.1,107173,2032
CP048233.1,107177,2678
CP048233.1,107332,1
CP048233.1,107421,877
CP048233.1,107423,919
CP048233.1,107432,56
CP048233.1,107859,3
CP048233.1,107934,157
CP048233.1,108907,154
CP048233.1,115910,35
CP048233.1,115914,123
CP048233.1,115926,189
CP048233.1,117767,11
CP048233.1,117885,2
CP048233.1,121594,69
CP048233.1,121686,1
CP048233.1,122008,160
CP048233.1,122170,1
CP048233.1,122827,831
CP048233.1,122975,2569
CP048233.1,123023,1091
CP048233.1,123126,96
CP048233.1,123150,1612
CP048233.1,125041,1271
CP048233.1,125326,97
CP048233.1,126729,1695
CP048233.1,128656,3239
CP048233.1,129391,3704
CP048233.1,129508,19
CP048233.1,129525,393
CP048233.1,129586,2400
CP048233.1,129624,1116
CP048233.1,129657,1266
CP048233.1,129666,59
CP048233.1,129740,1
CP048233.1,129795,16
CP048233.1,129846,1377
CP048233.1,129853,1
CP048233.1,129878,103
CP048233.1,129885,561
CP048233.1,130126,1402
CP048233.1,130255,351
CP048233.1,133404,4
CP048233.1,134912,1
CP048233.1,135669,746
CP048233.1,136086,185
CP048233.1,136104,54
CP048233.1,136192,356
CP048233.1,136636,1
CP048233.1,136895,2708
CP048233.1,136902,700
CP048233.1,137195,2
CP048233.1,137996,572
CP048233.1,138051,1
CP048233.1,138058,21
CP048233.1,140193,5
CP048233.1,140452,1985
CP048233.1,140477,10
CP048233.1,140573,805
CP048233.1,140587,1
CP048233.1,140619,586
CP048233.1,140658,1
CP048233.1,142046,821
CP048233.1,146812,67
CP048233.1,146906,22
CP048233.1,146923,21
CP048233.1,146930,135
CP048233.1,146932,14
CP048233.1,148666,400
CP048233.1,148677,33
CP048233.1,149205,171
CP048233.1,151641,219
CP048233.1,152409,183
CP048233.1,152443,963
CP048233.1,152565,2986
CP048233.1,152572,63
CP048233.1,152653,43
CP048233.1,152687,143
CP048233.1,152746,44
CP048233.1,153517,293
CP048233.1,161221,764
CP048233.1,161382,345
CP048233.1,161498,86
CP048233.1,161615,266
CP048233.1,161622,1
CP048233.1,162149,1
CP048233.1,163445,1
CP048233.1,168289,1365
CP048233.1,168321,741
CP048233.1,168327,764
CP048233.1,168472,1
CP048233.1,168682,119
CP048233.1,168693,1172
CP048233.1,168702,1
CP048233.1,168856,415
CP048233.1,168859,1
CP048233.1,169023,1
CP048233.1,169091,2216
CP048233.1,169156,8
CP048233.1,169265,1265
CP048233.1,169326,1
CP048233.1,169454,1909
CP048233.1,169691,903
CP048233.1,170381,601
CP048233.1,170721,1
CP048233.1,170723,10
CP048233.1,170725,110
CP048233.1,176986,770
CP048233.1,178726,1
CP048233.1,181980,1537
CP048233.1,182755,2
CP048233.1,182778,479
CP048233.1,182800,1247
CP048233.1,182832,13
CP048233.1,182835,157
CP048233.1,182845,555
CP048233.1,182875,151
CP048233.1,182919,1043
CP048233.1,182926,394
CP048233.1,185268,326
CP048233.1,185449,700
CP048233.1,185467,1143
CP048233.1,185918,1
CP048233.1,186412,1837
CP048233.1,186419,1
CP048233.1,186421,1642
CP048233.1,186525,787
CP048233.1,186532,982
CP048233.1,186724,2213
CP048233.1,186731,4772
CP048233.1,186798,1
CP048233.1,186941,1
CP048233.1,187822,5
CP048233.1,187834,1215
CP048233.1,188757,3239
CP048233.1,189195,1006
CP048233.1,189202,1193
CP048233.1,189203,705
CP048233.1,189524,5077
CP048233.1,189663,1
CP048233.1,189665,13
CP048233.1,189772,182
CP048233.1,189865,1069
CP048233.1,189910,1036
CP048233.1,192856,19
CP048233.1,192858,103
CP048233.1,193142,248
CP048233.1,193804,1
CP048233.1,194401,53
CP048233.1,194457,4
CP048233.1,196832,1
CP048233.1,202829,571
CP048233.1,204632,1
CP048233.1,205434,15
CP048233.1,208744,272
CP048233.1,211724,2074
CP048233.1,212759,194
CP048233.1,214508,764
CP048233.1,215254,41
CP048233.1,215279,15
CP048233.1,215334,1148
CP048233.1,215341,422
CP048233.1,215375,1082
CP048233.1,215392,291
CP048233.1,215502,733
CP048233.1,216825,1
CP048233.1,226855,1017
CP048233.1,227726,2647
CP048233.1,227796,1
CP048233.1,227898,1254
CP048233.1,228147,422
CP048233.1,233287,9
CP048233.1,233310,1028
CP048233.1,235735,67
CP048233.1,241429,168
CP048233.1,243177,527
CP048233.1,243243,4
CP048233.1,243592,33
CP048233.1,243606,8
CP048233.1,243849,1
CP048233.1,243904,3
CP048233.1,243957,2
CP048233.1,244077,1258
CP048233.1,244174,108
CP048233.1,245873,5
CP048233.1,248874,1181
CP048233.1,248904,1
CP048233.1,248908,1184
CP048233.1,248913,1865
CP048233.1,248915,4077
CP048233.1,248922,2898
CP048233.1,248937,843
CP048233.1,249030,1238
CP048233.1,249035,147
CP048233.1,249050,1097
CP048233.1,249095,2
CP048233.1,249115,5641
CP048233.1,249121,2
CP048233.1,249841,50
CP048233.1,252216,2
CP048233.1,255636,716
CP048233.1,255831,148
CP048233.1,257939,1578
CP048233.1,258674,1
CP048233.1,258724,1072
CP048233.1,259005,1433
CP048233.1,259230,837
CP048233.1,261172,427
CP048233.1,261221,62
CP048233.1,262393,132
CP048233.1,263853,1897
CP048233.1,264725,240
CP048233.1,265737,957
CP048233.1,265744,1715
CP048233.1,265991,399
CP048233.1,273306,572
CP048233.1,274301,1074
CP048233.1,274746,325
CP048233.1,276783,698
CP048233.1,277012,1505
CP048233.1,277014,67
CP048233.1,277021,1
CP048233.1,277067,135
CP048233.1,277194,1
CP048233.1,277547,745
CP048233.1,280538,3
CP048233.1,281721,825
CP048233.1,287558,32
CP048233.1,292731,714
CP048233.1,295382,1990
CP048233.1,298432,4
CP048233.1,298439,198
CP048233.1,301644,55
CP048233.1,301692,68
CP048233.1,302713,1
CP048233.1,305481,143
CP048233.1,306151,189
CP048233.1,306350,229
CP048233.1,306465,1295
CP048233.1,306621,1
CP048233.1,306781,262
CP048233.1,307402,821
CP048233.1,307437,1003
CP048233.1,308107,2350
CP048233.1,312780,1416
CP048233.1,313085,24
CP048233.1,314733,68
CP048233.1,315606,188
CP048233.1,317195,6
CP048233.1,317197,7
CP048233.1,317199,303
CP048233.1,317221,215
CP048233.1,317238,84
CP048233.1,317248,561
CP048233.1,327079,82
CP048233.1,327094,1964
CP048233.1,333904,3
CP048233.1,333978,139
CP048233.1,334597,292
CP048233.1,336709,215
CP048233.1,336897,1
CP048233.1,339329,255
CP048233.1,344213,176
CP048233.1,345366,769
CP048233.1,345466,1
CP048233.1,347488,1
CP048233.1,347603,585
CP048233.1,347610,1191
CP048233.1,347617,115
CP048233.1,348141,437
CP048233.1,349394,4
CP048233.1,350986,1
CP048233.1,351001,1
CP048233.1,351660,1
CP048233.1,352536,1
CP048233.1,352664,678
CP048233.1,352701,2702
CP048233.1,352702,3585
CP048233.1,352710,4389
CP048233.1,352711,1
CP048233.1,352754,7870
CP048233.1,353003,210
CP048233.1,353010,1
CP048233.1,354661,1
CP048233.1,361790,124
CP048233.1,361888,93
CP048233.1,361895,966
CP048233.1,362392,3
CP048233.1,365128,1540
CP048233.1,365868,1826
CP048233.1,368822,1
CP048233.1,369222,717
CP048233.1,375733,1097
CP048233.1,376078,67
CP048233.1,377094,391
CP048233.1,377564,1437
CP048233.1,379403,1791
CP048233.1,380806,1
CP048233.1,380907,1164
CP048233.1,381620,91
CP048233.1,381624,156
CP048233.1,383709,1634
CP048233.1,383870,1
CP048233.1,385203,601
CP048233.1,385463,1427
CP048233.1,387517,1710
CP048233.1,387565,2678
CP048233.1,387572,3505
CP048233.1,387704,166
CP048233.1,387761,1126
CP048233.1,387850,1
CP048233.1,387857,370
CP048233.1,387946,1
CP048233.1,387953,592
CP048233.1,388097,2
CP048233.1,388211,1636
CP048233.1,388216,1
CP048233.1,388401,4961
CP048233.1,388526,309
CP048233.1,388528,1
CP048233.1,388580,2075
CP048233.1,389125,1
CP048233.1,394358,384
CP048233.1,394597,1
CP048233.1,395089,727
CP048233.1,395105,1619
CP048233.1,395114,657
CP048233.1,395119,15
CP048233.1,395166,107
CP048233.1,395173,374
CP048233.1,395174,968
CP048233.1,395773,2
CP048233.1,399709,577
CP048233.1,399728,1926
CP048233.1,399769,977
CP048233.1,399773,210
CP048233.1,399857,1021
CP048233.1,399909,1
CP048233.1,399932,229
CP048233.1,399948,34
CP048233.1,399949,806
CP048233.1,400135,158
CP048233.1,400178,493
CP048233.1,401547,1
CP048233.1,401554,2405
CP048233.1,401555,1
CP048233.1,401620,1558
CP048233.1,401628,769
CP048233.1,401818,1850
CP048233.1,401881,579
CP048233.1,402889,141
CP048233.1,406074,1
CP048233.1,406122,477
CP048233.1,406140,493
CP048233.1,406147,771
CP048233.1,407768,1
CP048233.1,408149,2772
CP048233.1,408832,38
CP048233.1,409519,292
CP048233.1,411812,1497
CP048233.1,414326,2194
CP048233.1,414348,1
CP048233.1,414943,1
CP048233.1,418606,666
CP048233.1,419016,2169
CP048233.1,419521,324
CP048233.1,419690,779
CP048233.1,419714,166
CP048233.1,419903,89
CP048233.1,419907,9
CP048233.1,422947,568
CP048233.1,423064,1582
CP048233.1,423092,889
CP048233.1,423102,1849
CP048233.1,423142,54
CP048233.1,423372,1826
CP048233.1,423377,741
CP048233.1,423724,2
CP048233.1,423832,790
CP048233.1,424027,1429
CP048233.1,427553,16
CP048233.1,428210,70
CP048233.1,432261,853
CP048233.1,432471,1423
CP048233.1,432532,1805
CP048233.1,433655,48
CP048233.1,433867,1173
CP048233.1,433895,1
CP048233.1,433921,1
CP048233.1,434045,1
CP048233.1,434106,2
CP048233.1,434241,1794
CP048233.1,437308,13
CP048233.1,437330,31
CP048233.1,439463,29
CP048233.1,441733,1
CP048233.1,441906,2249
CP048233.1,441913,1
CP048233.1,442467,1
CP048233.1,442631,2
CP048233.1,443713,1
CP048233.1,443879,1
CP048233.1,444008,1425
CP048233.1,444015,574
CP048233.1,445649,537
CP048233.1,445884,24
CP048233.1,446006,1449
CP048233.1,446013,1
CP048233.1,448147,30
CP048233.1,449601,1048
CP048233.1,450370,1678
CP048233.1,450422,240
CP048233.1,450452,126
CP048233.1,450761,2815
CP048233.1,451022,81
CP048233.1,454092,1901
CP048233.1,454101,2704
CP048233.1,454108,1
CP048233.1,454110,156
CP048233.1,454115,256
CP048233.1,454117,1792
CP048233.1,454223,1897
CP048233.1,454253,24
CP048233.1,454268,1515
CP048233.1,456329,157
CP048233.1,461505,697
CP048233.1,462907,18
CP048233.1,462925,1168
CP048233.1,462930,75
CP048233.1,462932,1745
CP048233.1,462981,29
CP048233.1,464815,1431
CP048233.1,465313,923
CP048233.1,465447,81
CP048233.1,465664,1015
CP048233.1,465671,1643
CP048233.1,465766,3059
CP048233.1,465802,242
CP048233.1,470141,4524
CP048233.1,470473,955
CP048233.1,470877,1311
CP048233.1,470927,124
CP048233.1,471120,28
CP048233.1,471153,383
CP048233.1,471160,48
CP048233.1,471325,80
CP048233.1,471423,1419
CP048233.1,471432,2
CP048233.1,471435,762
CP048233.1,471497,3219
CP048233.1,471531,316
CP048233.1,471543,1
CP048233.1,471614,1
CP048233.1,471644,1
CP048233.1,471711,25
CP048233.1,471714,1570
CP048233.1,472583,2042
CP048233.1,472590,1
CP048233.1,478176,3924
CP048233.1,478197,375
CP048233.1,478264,279
CP048233.1,478267,1
CP048233.1,478368,1674
CP048233.1,478380,1
CP048233.1,478402,1463
CP048233.1,478485,759
CP048233.1,478537,2691
CP048233.1,478634,2474
CP048233.1,478698,17
CP048233.1,478700,9
CP048233.1,478767,1957
CP048233.1,480553,311
CP048233.1,481024,812
CP048233.1,484237,1550
CP048233.1,484528,1330
CP048233.1,484604,433
CP048233.1,484632,1303
CP048233.1,484639,1996
CP048233.1,486679,522
CP048233.1,488436,1
CP048233.1,489024,152
CP048233.1,491244,28
CP048233.1,492654,26
CP048233.1,492670,1
CP048233.1,492703,1044
CP048233.1,494222,1
CP048233.1,494351,1071
CP048233.1,494395,837
CP048233.1,495661,46
CP048233.1,495695,1
CP048233.1,495907,3803
CP048233.1,495914,1049
CP048233.1,496112,44
CP048233.1,496781,1
CP048233.1,496803,981
CP048233.1,496807,1127
CP048233.1,496810,245
CP048233.1,496984,634
CP048233.1,496989,545
CP048233.1,497245,8
CP048233.1,497316,8
CP048233.1,497346,183
CP048233.1,500962,10
CP048233.1,502440,6249
CP048233.1,502447,1
CP048233.1,502461,214
CP048233.1,502471,586
CP048233.1,502484,2908
CP048233.1,502499,13
CP048233.1,502541,1625
CP048233.1,502624,2324
CP048233.1,502677,207
CP048233.1,503502,417
CP048233.1,505971,3
CP048233.1,506608,1
CP048233.1,506920,236
CP048233.1,506927,3
CP048233.1,507095,434
CP048233.1,507477,1600
CP048233.1,509930,957
CP048233.1,510025,42
CP048233.1,510526,1
CP048233.1,510542,2
CP048233.1,510551,1
CP048233.1,511194,1669
CP048233.1,511201,31
CP048233.1,511260,86
CP048233.1,511277,784
CP048233.1,513025,315
CP048233.1,513558,1
CP048233.1,513867,544
CP048233.1,514647,645
CP048233.1,514653,21
CP048233.1,514785,1
CP048233.1,516408,1
CP048233.1,517076,660
CP048233.1,517078,1
CP048233.1,517267,514
CP048233.1,522491,405
CP048233.1,522498,895
CP048233.1,522902,3
CP048233.1,523237,217
CP048233.1,524506,65
CP048233.1,524508,662
CP048233.1,529417,1
CP048233.1,530606,686
CP048233.1,530854,810
CP048233.1,532621,1
CP048233.1,532642,160
CP048233.1,532649,98
CP048233.1,532739,1248
CP048233.1,532743,147
CP048233.1,532746,1
CP048233.1,532750,79
CP048233.1,532764,82
CP048233.1,532778,1491
CP048233.1,532780,3
CP048233.1,532785,1795
CP048233.1,532866,155
CP048233.1,532945,46
CP048233.1,533291,1274
CP048233.1,533313,154
CP048233.1,533363,156
CP048233.1,533433,1712
CP048233.1,533496,1
CP048233.1,533551,1
CP048233.1,534162,2858
CP048233.1,534920,67
CP048233.1,535007,2098
CP048233.1,535130,5
CP048233.1,536307,1480
CP048233.1,536661,1521
CP048233.1,536668,705
CP048233.1,536868,31
CP048233.1,536875,3603
CP048233.1,537132,1513
CP048233.1,537176,19
CP048233.1,537433,1
CP048233.1,537440,421
CP048233.1,537460,1494
CP048233.1,537467,2129
CP048233.1,537542,24
CP048233.1,537628,3864
CP048233.1,537635,19
CP048233.1,537698,150
CP048233.1,537705,2
CP048233.1,537737,760
CP048233.1,537883,668
CP048233.1,537975,687
CP048233.1,538039,54
CP048233.1,538100,1
CP048233.1,538136,540
CP048233.1,538210,23
CP048233.1,538240,1468
CP048233.1,539880,1173
CP048233.1,540057,1
CP048233.1,540059,602
CP048233.1,540066,415
CP048233.1,540077,1
CP048233.1,540132,440
CP048233.1,540196,1
CP048233.1,540229,208
CP048233.1,540310,11
CP048233.1,540356,1467
CP048233.1,540402,721
CP048233.1,540412,1
CP048233.1,540434,1
CP048233.1,540466,2098
CP048233.1,540520,82
CP048233.1,540838,5
CP048233.1,541522,267
CP048233.1,541529,132
CP048233.1,541533,2
CP048233.1,541750,2
CP048233.1,541874,1561
CP048233.1,541989,917
CP048233.1,542108,183
CP048233.1,542131,230
CP048233.1,542133,18
CP048233.1,542163,4
CP048233.1,542275,1
CP048233.1,542281,13
CP048233.1,542283,938
CP048233.1,542646,1
CP048233.1,542998,3772
CP048233.1,543002,461
CP048233.1,543004,3753
CP048233.1,543010,1171
CP048233.1,543011,691
CP048233.1,543016,330
CP048233.1,543017,3
CP048233.1,543020,291
CP048233.1,543022,590
CP048233.1,543023,604
CP048233.1,543029,71
CP048233.1,543255,2
CP048233.1,543272,1240
CP048233.1,544155,1
CP048233.1,544188,265
CP048233.1,545221,17
CP048233.1,548667,2388
CP048233.1,549579,50
CP048233.1,549781,632
CP048233.1,550072,20
CP048233.1,550861,20
CP048233.1,550868,1
CP048233.1,551191,3
CP048233.1,551503,2780
CP048233.1,551548,1
CP048233.1,551862,2
CP048233.1,551962,1
CP048233.1,552014,2044
CP048233.1,552060,1
CP048233.1,552106,1
CP048233.1,552110,1176
CP048233.1,552112,2356
CP048233.1,552113,1
CP048233.1,552115,1
CP048233.1,552117,1
CP048233.1,552119,2320
CP048233.1,552121,8
CP048233.1,552134,129
CP048233.1,552189,1
CP048233.1,552197,1584
CP048233.1,552418,1173
CP048233.1,553503,493
CP048233.1,553549,21
CP048233.1,554133,414
CP048233.1,555096,819
CP048233.1,556942,453
CP048233.1,557129,139
CP048233.1,557246,1883
CP048233.1,557929,14
CP048233.1,558825,1
CP048233.1,558827,602
CP048233.1,558830,769
CP048233.1,558836,170
CP048233.1,558928,1397
CP048233.1,558955,10
CP048233.1,558977,1
CP048233.1,558982,882
CP048233.1,558984,119
CP048233.1,558987,1472
CP048233.1,559018,211
CP048233.1,559037,702
CP048233.1,559050,3177
CP048233.1,559064,2282
CP048233.1,559211,157
CP048233.1,559308,73
CP048233.1,559315,1
CP048233.1,559324,6433
CP048233.1,559331,981
CP048233.1,559354,63
CP048233.1,559368,106
CP048233.1,559415,289
CP048233.1,559418,3389
CP048233.1,559419,408
CP048233.1,559424,2270
CP048233.1,559425,4152
CP048233.1,559428,30
CP048233.1,559429,3344
CP048233.1,559430,631
CP048233.1,559431,1496
CP048233.1,559437,368
CP048233.1,559532,2029
CP048233.1,559541,1
CP048233.1,559545,995
CP048233.1,559577,61
CP048233.1,559596,11
CP048233.1,559621,1396
CP048233.1,559778,516
CP048233.1,560080,1
CP048233.1,560137,1724
CP048233.1,560144,780
CP048233.1,560190,317
CP048233.1,561736,1
CP048233.1,561752,2321
CP048233.1,561764,1
CP048233.1,561825,1
CP048233.1,562003,133
CP048233.1,562945,2493
CP048233.1,563135,773
CP048233.1,563979,1
CP048233.1,564278,1
CP048233.1,564323,1
CP048233.1,564363,1853
CP048233.1,564370,4039
CP048233.1,564551,2336
CP048233.1,564755,1325
CP048233.1,565000,36
CP048233.1,565042,438
CP048233.1,565512,716
CP048233.1,566245,83
CP048233.1,570491,3
CP048233.1,570647,17
CP048233.1,571703,1
CP048233.1,574077,1
CP048233.1,574403,2
CP048233.1,574713,292
CP048233.1,574718,1
CP048233.1,574721,1
CP048233.1,574761,1
CP048233.1,574830,966
CP048233.1,574834,2998
CP048233.1,574872,3368
CP048233.1,574928,280
CP048233.1,574982,1
CP048233.1,575014,100
CP048233.1,575021,1
CP048233.1,575088,8
CP048233.1,575416,1251
CP048233.1,575423,513
CP048233.1,575468,1882
CP048233.1,575470,1459
CP048233.1,575475,3038
CP048233.1,575477,1
CP048233.1,575486,1
CP048233.1,575488,1
CP048233.1,575805,1655
CP048233.1,575841,2784
CP048233.1,576506,1
CP048233.1,576655,1608
CP048233.1,577347,575
CP048233.1,577378,925
CP048233.1,579052,2
CP048233.1,579157,1
CP048233.1,579296,181
CP048233.1,579391,303
CP048233.1,579456,1
CP048233.1,579565,78
CP048233.1,579606,1
CP048233.1,580075,951
CP048233.1,580903,1
CP048233.1,580923,1486
CP048233.1,581318,1001
CP048233.1,581351,11
CP048233.1,581360,17
CP048233.1,581379,39
CP048233.1,581424,13
CP048233.1,581432,4
CP048233.1,581439,1477
CP048233.1,581479,194
CP048233.1,581492,1620
CP048233.1,581536,1071
CP048233.1,581543,388
CP048233.1,581548,857
CP048233.1,581550,3369
CP048233.1,581555,2513
CP048233.1,581557,28
CP048233.1,581579,1
CP048233.1,581615,1613
CP048233.1,581626,1479
CP048233.1,581668,6228
CP048233.1,581675,2534
CP048233.1,581679,322
CP048233.1,581686,1111
CP048233.1,581690,3174
CP048233.1,581703,298
CP048233.1,581917,83
CP048233.1,582243,70
CP048233.1,583582,230
CP048233.1,583790,288
CP048233.1,584627,2842
CP048233.1,585197,26
CP048233.1,585224,636
CP048233.1,585231,2627
CP048233.1,586734,1012
CP048233.1,586842,6
CP048233.1,587617,1
CP048233.1,588983,1
CP048233.1,588984,299
CP048233.1,589151,32
CP048233.1,589564,7
CP048233.1,589587,554
CP048233.1,589594,24
CP048233.1,591455,300
CP048233.1,594125,587
CP048233.1,594420,1105
CP048233.1,594471,3
CP048233.1,594472,2526
CP048233.1,594663,1
CP048233.1,595038,679
CP048233.1,595123,469
CP048233.1,595364,1162
CP048233.1,595371,2
CP048233.1,595660,53
CP048233.1,595716,1988
CP048233.1,595797,144
CP048233.1,595808,909
CP048233.1,595826,9
CP048233.1,595837,2476
CP048233.1,595844,4649
CP048233.1,595893,76
CP048233.1,595938,316
CP048233.1,595950,580
CP048233.1,595965,1214
CP048233.1,595972,2075
CP048233.1,596101,1209
CP048233.1,596507,956
CP048233.1,596521,512
CP048233.1,596659,1317
CP048233.1,596668,1
CP048233.1,596958,1
CP048233.1,597009,392
CP048233.1,597093,423
CP048233.1,597104,462
CP048233.1,597312,567
CP048233.1,597529,61
CP048233.1,597716,9
CP048233.1,597788,146
CP048233.1,597792,1
CP048233.1,597893,1342
CP048233.1,597963,431
CP048233.1,597975,1
CP048233.1,598126,1002
CP048233.1,598158,1074
CP048233.1,598683,5
CP048233.1,598685,48
CP048233.1,598692,903
CP048233.1,598693,468
CP048233.1,598694,1580
CP048233.1,598700,1
CP048233.1,598702,109
CP048233.1,598726,2
CP048233.1,598749,674
CP048233.1,598756,861
CP048233.1,599003,96
CP048233.1,599028,403
CP048233.1,599041,1562
CP048233.1,599216,1953
CP048233.1,599267,1225
CP048233.1,599295,562
CP048233.1,599358,7
CP048233.1,599532,2
CP048233.1,599733,499
CP048233.1,599740,1
CP048233.1,600071,1027
CP048233.1,600440,22
CP048233.1,601128,887
CP048233.1,601203,15
CP048233.1,601366,545
CP048233.1,601404,1
CP048233.1,601551,524
CP048233.1,601558,59
CP048233.1,601570,8
CP048233.1,601731,41
CP048233.1,601900,1
CP048233.1,601907,1350
CP048233.1,601927,605
CP048233.1,601928,863
CP048233.1,601953,1159
CP048233.1,601959,3729
CP048233.1,601960,180
CP048233.1,601961,4512
CP048233.1,601966,537
CP048233.1,601968,2278
CP048233.1,603658,1
CP048233.1,603913,193
CP048233.1,604113,26
CP048233.1,604268,107
CP048233.1,604347,36
CP048233.1,604377,2
CP048233.1,604380,1239
CP048233.1,604402,2734
CP048233.1,604925,1324
CP048233.1,605087,1
CP048233.1,605628,922
CP048233.1,605779,835
CP048233.1,606605,1
CP048233.1,606743,55
CP048233.1,606763,1
CP048233.1,606792,1
CP048233.1,606799,579
CP048233.1,606949,1
CP048233.1,606952,1
CP048233.1,606985,1008
CP048233.1,606996,100
CP048233.1,607192,275
CP048233.1,607213,4
CP048233.1,607269,1232
CP048233.1,607301,594
CP048233.1,607339,308
CP048233.1,607389,46
CP048233.1,607491,1077
CP048233.1,607497,1
CP048233.1,607506,1291
CP048233.1,607519,2
CP048233.1,607526,1048
CP048233.1,608834,1
CP048233.1,609256,3374
CP048233.1,609263,1
CP048233.1,609548,1
CP048233.1,609556,1
CP048233.1,609563,1703
CP048233.1,609592,1
CP048233.1,609603,983
CP048233.1,609616,2979
CP048233.1,609637,2465
CP048233.1,609639,1004
CP048233.1,609646,72
CP048233.1,609647,306
CP048233.1,609655,19
CP048233.1,609662,1
CP048233.1,609721,2
CP048233.1,609728,3470
CP048233.1,609830,3773
CP048233.1,609837,993
CP048233.1,609851,1682
CP048233.1,609903,3486
CP048233.1,610067,4043
CP048233.1,610074,1
CP048233.1,610119,22
CP048233.1,612093,22
CP048233.1,612125,108
CP048233.1,612340,100
CP048233.1,612376,1203
CP048233.1,612382,1
CP048233.1,612853,1127
CP048233.1,613037,103
CP048233.1,613404,354
CP048233.1,613432,379
CP048233.1,613436,170
CP048233.1,613443,1473
CP048233.1,613449,284
CP048233.1,613496,680
CP048233.1,613503,357
CP048233.1,613626,74
CP048233.1,613633,202
CP048233.1,613749,111
CP048233.1,613959,1
CP048233.1,614956,564
CP048233.1,615179,433
CP048233.1,615355,43
CP048233.1,615368,233
CP048233.1,615564,1438
CP048233.1,615571,774
CP048233.1,615677,707
CP048233.1,617634,2192
CP048233.1,617774,164
CP048233.1,617820,103
CP048233.1,617844,577
CP048233.1,619481,2
CP048233.1,619488,225
CP048233.1,619662,1313
CP048233.1,619664,12
CP048233.1,619863,810
CP048233.1,620014,1383
CP048233.1,620029,1395
CP048233.1,620044,1
CP048233.1,620217,28
CP048233.1,620321,598
CP048233.1,620866,318
CP048233.1,621342,534
CP048233.1,621456,1
CP048233.1,621494,801
CP048233.1,621658,1
CP048233.1,621673,81
CP048233.1,621716,1158
CP048233.1,621818,175
CP048233.1,623031,2
CP048233.1,623199,272
CP048233.1,623643,170
CP048233.1,623713,2362
CP048233.1,623720,30
CP048233.1,624110,1
CP048233.1,627842,1910
CP048233.1,628313,416
CP048233.1,628319,2521
CP048233.1,628531,678
CP048233.1,628742,491
CP048233.1,629018,1696
CP048233.1,629025,5303
CP048233.1,629127,2011
CP048233.1,629350,965
CP048233.1,629406,1871
CP048233.1,629505,651
CP048233.1,629798,378
CP048233.1,629947,1
CP048233.1,630493,362
CP048233.1,631461,133
CP048233.1,631778,1333
CP048233.1,631893,1
CP048233.1,632200,909
CP048233.1,632741,3
CP048233.1,632742,1
CP048233.1,632797,1283
CP048233.1,632956,7
CP048233.1,633330,118
CP048233.1,633363,108
CP048233.1,633720,825
CP048233.1,633903,1
CP048233.1,633927,166
CP048233.1,634159,137
CP048233.1,634976,85
CP048233.1,635535,1
CP048233.1,635700,1
CP048233.1,635826,1348
CP048233.1,635871,754
CP048233.1,635981,929
CP048233.1,636764,2696
CP048233.1,636773,50
CP048233.1,638375,54
CP048233.1,638389,702
CP048233.1,638484,2
CP048233.1,638505,765
CP048233.1,638525,9
CP048233.1,638532,905
CP048233.1,638589,68
CP048233.1,638596,1
CP048233.1,638632,78
CP048233.1,638662,1
CP048233.1,638875,1
CP048233.1,640754,444
CP048233.1,643042,61
CP048233.1,643159,1
CP048233.1,643195,892
CP048233.1,643581,1313
CP048233.1,643638,108
CP048233.1,643664,1149
CP048233.1,643665,236
CP048233.1,643672,249
CP048233.1,643886,1
CP048233.1,643908,279
CP048233.1,644883,2124
CP048233.1,644886,2966
CP048233.1,644893,4806
CP048233.1,644939,336
CP048233.1,644943,1081
CP048233.1,645103,803
CP048233.1,645139,2492
CP048233.1,645141,2181
CP048233.1,645209,1
CP048233.1,645316,10
CP048233.1,645417,13
CP048233.1,645498,1184
CP048233.1,645509,153
CP048233.1,645639,652
CP048233.1,645765,477
CP048233.1,645877,578
CP048233.1,645884,1416
CP048233.1,645974,1
CP048233.1,645997,3045
CP048233.1,646034,1
CP048233.1,646078,166
CP048233.1,646095,853
CP048233.1,646100,142
CP048233.1,646102,3760
CP048233.1,646109,2614
CP048233.1,646116,3
CP048233.1,646121,2361
CP048233.1,646123,3737
CP048233.1,646130,1
CP048233.1,646137,7414
CP048233.1,646144,291
CP048233.1,646149,4
CP048233.1,646151,5837
CP048233.1,646153,1203
CP048233.1,646158,1396
CP048233.1,646160,10
CP048233.1,646167,276
CP048233.1,646174,1779
CP048233.1,646181,1
CP048233.1,646188,4589
CP048233.1,646195,6876
CP048233.1,646224,1
CP048233.1,646236,4493
CP048233.1,646240,3058
CP048233.1,646249,263
CP048233.1,646250,5677
CP048233.1,646257,3736
CP048233.1,646270,3184
CP048233.1,646275,1455
CP048233.1,646277,1404
CP048233.1,646323,526
CP048233.1,646330,7132
CP048233.1,646345,31
CP048233.1,646352,7135
CP048233.1,646366,1
CP048233.1,646391,1588
CP048233.1,646398,11327
CP048233.1,646418,1
CP048233.1,646458,124
CP048233.1,646512,1
CP048233.1,646837,2
CP048233.1,647050,1
CP048233.1,647158,705
CP048233.1,647248,5000
CP048233.1,647477,2
CP048233.1,647534,1
CP048233.1,647622,96
CP048233.1,647811,1
CP048233.1,647841,204
CP048233.1,647872,2323
CP048233.1,647878,212
CP048233.1,647887,1
CP048233.1,648045,281
CP048233.1,648085,1672
CP048233.1,648124,95
CP048233.1,648126,64
CP048233.1,648128,589
CP048233.1,648130,37
CP048233.1,648132,2
CP048233.1,648133,456
CP048233.1,648135,2
CP048233.1,648143,2
CP048233.1,648144,39
CP048233.1,648146,856
CP048233.1,648151,184
CP048233.1,648153,2296
CP048233.1,651259,1665
CP048233.1,651506,1
CP048233.1,651695,236
CP048233.1,651699,446
CP048233.1,651904,2474
CP048233.1,651911,1884
CP048233.1,651947,1
CP048233.1,656624,1
CP048233.1,657924,1
CP048233.1,657954,875
CP048233.1,658022,759
CP048233.1,658033,1
CP048233.1,658038,58
CP048233.1,658045,4567
CP048233.1,658052,1
CP048233.1,658141,680
CP048233.1,658200,12
CP048233.1,662497,762
CP048233.1,664236,1163
CP048233.1,665271,2
CP048233.1,665308,259
CP048233.1,665324,2620
CP048233.1,665404,2323
CP048233.1,665479,22
CP048233.1,665524,1926
CP048233.1,665531,757
CP048233.1,665655,77
CP048233.1,665715,2
CP048233.1,665726,1110
CP048233.1,665747,1330
CP048233.1,665814,23
CP048233.1,665940,1981
CP048233.1,666044,216
CP048233.1,666064,746
CP048233.1,666071,2615
CP048233.1,666072,5
CP048233.1,666157,55
CP048233.1,666164,1885
CP048233.1,666434,1
CP048233.1,666467,760
CP048233.1,666493,4032
CP048233.1,666496,6
CP048233.1,666540,818
CP048233.1,666676,1
CP048233.1,666758,38
CP048233.1,666784,1076
CP048233.1,666894,571
CP048233.1,666950,286
CP048233.1,666954,88
CP048233.1,666966,1149
CP048233.1,666969,637
CP048233.1,666975,1
CP048233.1,668933,306
CP048233.1,669022,1537
CP048233.1,669054,2073
CP048233.1,669069,3560
CP048233.1,669075,152
CP048233.1,669076,1
CP048233.1,669081,1
CP048233.1,669086,466
CP048233.1,669088,4
CP048233.1,669106,14
CP048233.1,669109,1
CP048233.1,669115,1
CP048233.1,669273,4628
CP048233.1,669333,1
CP048233.1,669354,305
CP048233.1,669361,763
CP048233.1,669421,1
CP048233.1,669444,1417
CP048233.1,669467,21
CP048233.1,669823,1642
CP048233.1,669841,143
CP048233.1,669843,7
CP048233.1,669894,102
CP048233.1,669896,47
CP048233.1,669905,8178
CP048233.1,669908,17
CP048233.1,669912,491
CP048233.1,669934,307
CP048233.1,669946,2356
CP048233.1,670031,4
CP048233.1,670059,352
CP048233.1,670453,362
CP048233.1,670458,687
CP048233.1,672105,5
CP048233.1,672362,46
CP048233.1,672614,441
CP048233.1,672621,24
CP048233.1,672727,1
CP048233.1,673629,288
CP048233.1,674855,441
CP048233.1,676657,36
CP048233.1,676748,38
CP048233.1,676813,1939
CP048233.1,676931,730
CP048233.1,676937,2665
CP048233.1,677073,95
CP048233.1,677080,556
CP048233.1,677355,1
CP048233.1,677473,12
CP048233.1,677480,3006
CP048233.1,677494,116
CP048233.1,677496,972
CP048233.1,677505,1433
CP048233.1,681110,171
CP048233.1,681167,2505
CP048233.1,681174,3877
CP048233.1,681201,5
CP048233.1,681245,4
CP048233.1,681248,1369
CP048233.1,681374,1
CP048233.1,681520,59
CP048233.1,681850,1478
CP048233.1,682177,1475
CP048233.1,682193,1514
CP048233.1,682200,1173
CP048233.1,682221,1
CP048233.1,682289,1
CP048233.1,682399,1445
CP048233.1,682716,1563
CP048233.1,682726,352
CP048233.1,682733,1593
CP048233.1,682767,17
CP048233.1,682798,945
CP048233.1,682815,2105
CP048233.1,682822,1758
CP048233.1,682863,10127
CP048233.1,682900,48
CP048233.1,682941,1
CP048233.1,682968,732
CP048233.1,683057,3
CP048233.1,683088,538
CP048233.1,683162,1
CP048233.1,683248,291
CP048233.1,683770,2
CP048233.1,684286,249
CP048233.1,684405,1
CP048233.1,684412,30
CP048233.1,685984,1
CP048233.1,686258,1059
CP048233.1,686806,114
CP048233.1,686811,1
CP048233.1,687000,852
CP048233.1,687326,1052
CP048233.1,687341,1344
CP048233.1,688273,211
CP048233.1,699436,80
CP048234.1,14669,1
CP048234.1,14692,942
CP048234.1,41514,1
CP048234.1,41572,662
CP048234.1,41579,1034
CP048234.1,42141,1
CP048234.1,48375,1
CP048234.1,51074,1
CP048234.1,52372,5
CP048234.1,52645,259
CP048234.1,53223,3591
CP048234.1,55688,1203
CP048234.1,56008,1
CP048234.1,56747,327
CP048234.1,63698,213
CP048234.1,66680,1
CP048234.1,66956,4
CP048234.1,67171,834
CP048234.1,68008,5
CP048234.1,68986,2081
CP048234.1,69149,1831
CP048234.1,69167,1
CP048234.1,69212,554
CP048234.1,69213,2225
CP048234.1,69224,2802
CP048234.1,69267,23
CP048234.1,70295,1
CP048234.1,73029,64
CP048234.1,73052,19
CP048234.1,73100,1
CP048234.1,73107,1
CP048234.1,74141,54
CP048234.1,74179,1285
CP048234.1,74276,1
CP048234.1,80549,2
CP048234.1,80556,189
CP048234.1,80779,1
CP048234.1,80884,1878
CP048234.1,80885,2
CP048234.1,80913,1
CP048234.1,81042,129
CP048234.1,82164,87
CP048234.1,83176,1
CP048234.1,87272,1160
CP048234.1,87568,61
CP048234.1,87599,643
CP048234.1,87638,3142
CP048234.1,87645,312
CP048234.1,89089,14
CP048234.1,91509,302
CP048234.1,91510,83
CP048234.1,91521,1
CP048234.1,91566,135
CP048234.1,91670,1
CP048234.1,91706,3116
CP048234.1,91923,7
CP048234.1,92061,13
CP048234.1,92401,1
CP048234.1,92408,4
CP048234.1,92428,80
CP048234.1,92646,1
CP048234.1,92941,263
CP048234.1,93246,1
CP048234.1,93251,223
CP048234.1,93317,11
CP048234.1,99147,1
CP048234.1,99392,988
CP048234.1,99468,1067
CP048234.1,100928,39
CP048234.1,101215,1315
CP048234.1,101217,132
CP048234.1,101271,210
CP048234.1,101617,1
CP048234.1,101902,1192
CP048234.1,102272,2545
CP048234.1,102714,999
CP048234.1,103069,628
CP048234.1,109167,38
CP048234.1,110681,2779
CP048234.1,110682,1
CP048234.1,110685,629
CP048234.1,116230,1
CP048234.1,116271,344
CP048234.1,117944,21
CP048234.1,119027,1125
CP048234.1,119028,364
CP048234.1,119637,459
CP048234.1,122915,137
CP048234.1,123188,268
CP048234.1,124587,41
CP048234.1,124589,3
CP048234.1,124614,1
CP048234.1,124660,1
CP048234.1,124934,453
CP048234.1,124966,192
CP048234.1,125074,574
CP048234.1,126245,1
CP048234.1,126256,1
CP048234.1,126460,262
CP048234.1,126507,2387
CP048234.1,126544,1
CP048234.1,126549,101
CP048234.1,126556,2195
CP048234.1,126570,9
CP048234.1,126583,137
CP048234.1,126591,4
CP048234.1,126605,2482
CP048234.1,126629,1
CP048234.1,126674,1
CP048234.1,126682,537
CP048234.1,126690,3205
CP048234.1,126692,1840
CP048234.1,126700,2
CP048234.1,126716,1183
CP048234.1,126731,1
CP048234.1,126733,1949
CP048234.1,126740,400
CP048234.1,126773,1
CP048234.1,126867,5
CP048234.1,126869,35
CP048234.1,127153,10
CP048234.1,127559,421
CP048234.1,129208,9
CP048234.1,129265,853
CP048234.1,129350,2
CP048234.1,129511,65
CP048234.1,129781,434
CP048234.1,130020,1381
CP048234.1,130132,1
CP048234.1,130199,2889
CP048234.1,130243,1322
CP048234.1,130286,30
CP048234.1,130287,1
CP048234.1,130302,1
CP048234.1,130360,162
CP048234.1,130368,31
CP048234.1,130370,3
CP048234.1,130375,781
CP048234.1,130376,1622
CP048234.1,130383,44
CP048234.1,130391,645
CP048234.1,130402,533
CP048234.1,130409,1722
CP048234.1,130416,873
CP048234.1,130462,43
CP048234.1,130469,318
CP048234.1,130528,156
CP048234.1,130576,473
CP048234.1,130676,376
CP048234.1,131036,1
CP048234.1,131697,1056
CP048234.1,133029,312
CP048234.1,136639,65
CP048234.1,138788,123
CP048234.1,139116,1
CP048234.1,139291,375
CP048234.1,139386,1
CP048234.1,139565,1361
CP048234.1,139571,9
CP048234.1,139575,1533
CP048234.1,139669,1646
CP048234.1,139835,1
CP048234.1,139989,136
CP048234.1,140214,1031
CP048234.1,140235,1
CP048234.1,142281,6
CP048234.1,142324,657
CP048234.1,142678,1
CP048234.1,143147,1
CP048234.1,143330,582
CP048234.1,143370,157
CP048234.1,143461,235
CP048234.1,143474,1443
CP048234.1,143476,693
CP048234.1,143481,1188
CP048234.1,143492,185
CP048234.1,143498,2099
CP048234.1,143499,5
CP048234.1,143549,1
CP048234.1,143567,1
CP048234.1,143616,859
CP048234.1,143623,2772
CP048234.1,143694,9
CP048234.1,143701,836
CP048234.1,143704,59
CP048234.1,143712,5
CP048234.1,143746,1402
CP048234.1,143754,1700
CP048234.1,143761,2728
CP048234.1,143884,1
CP048234.1,143885,1578
CP048234.1,143928,962
CP048234.1,146469,151
CP048234.1,146568,1605
CP048234.1,146640,1367
CP048234.1,146673,33
CP048234.1,147060,3159
CP048234.1,148040,1
CP048234.1,152141,1503
CP048234.1,152191,561
CP048234.1,152198,1
CP048234.1,152199,17
CP048234.1,154460,489
CP048234.1,156679,392
CP048234.1,158527,8
CP048234.1,158531,1
CP048234.1,158564,1
CP048234.1,158728,5585
CP048234.1,162440,31
CP048234.1,163212,280
CP048234.1,165371,141
CP048234.1,166103,1070
CP048234.1,166184,1486
CP048234.1,166220,1
CP048234.1,168264,6
CP048234.1,171521,55
CP048234.1,171658,14
CP048234.1,171668,57
CP048234.1,173184,140
CP048234.1,174104,2328
CP048234.1,174108,1
CP048234.1,176922,2020
CP048234.1,177356,1018
CP048234.1,178994,60
CP048234.1,179034,774
CP048234.1,179116,1
CP048234.1,179228,587
CP048234.1,179563,1115
CP048234.1,180563,1249
CP048234.1,180749,1338
CP048234.1,180750,40
CP048234.1,180757,1
CP048234.1,181270,186
CP048234.1,181451,875
CP048234.1,182576,4184
CP048234.1,187320,1016
CP048234.1,188467,1280
CP048234.1,188683,1
CP048234.1,188983,72
CP048234.1,188990,2
CP048234.1,189080,634
CP048234.1,190216,1
CP048234.1,190325,7
CP048234.1,190390,1790
CP048234.1,190583,190
CP048234.1,190596,188
CP048234.1,190630,27
CP048234.1,190656,1021
CP048234.1,190679,4063
CP048234.1,190737,1
CP048234.1,190745,694
CP048234.1,190810,10
CP048234.1,190954,2979
CP048234.1,190961,3475
CP048234.1,191026,66
CP048234.1,191136,642
CP048234.1,191273,1345
CP048234.1,191358,816
CP048234.1,191532,796
CP048234.1,191555,2
CP048234.1,191561,105
CP048234.1,191989,4
CP048234.1,192010,75
CP048234.1,192066,175
CP048234.1,192133,1
CP048234.1,192301,2282
CP048234.1,193745,187
CP048234.1,197416,29
CP048234.1,198224,1621
CP048234.1,198239,1
CP048234.1,198248,24
CP048234.1,198332,220
CP048234.1,198373,580
CP048234.1,198380,2051
CP048234.1,198419,218
CP048234.1,198444,6
CP048234.1,198459,2095
CP048234.1,198498,658
CP048234.1,198546,1
CP048234.1,198607,292
CP048234.1,198615,2
CP048234.1,198714,630
CP048234.1,199184,98
CP048234.1,199559,1
CP048234.1,200281,487
CP048234.1,201292,837
CP048234.1,201414,2432
CP048234.1,201493,1569
CP048234.1,201504,1
CP048234.1,201587,1
CP048234.1,201675,34
CP048234.1,201711,218
CP048234.1,201873,1
CP048234.1,201880,1
CP048234.1,202302,995
CP048234.1,202514,1580
CP048234.1,202759,332
CP048234.1,203809,31
CP048234.1,204013,1
CP048234.1,205346,343
CP048234.1,206005,1
CP048234.1,206189,1569
CP048234.1,206240,17
CP048234.1,206264,462
CP048234.1,206297,530
CP048234.1,206458,1
CP048234.1,206465,1
CP048234.1,206560,5
CP048234.1,206585,36
CP048234.1,206695,1
CP048234.1,206978,1
CP048234.1,208332,827
CP048234.1,208771,7
CP048234.1,208805,1074
CP048234.1,208812,466
CP048234.1,208920,536
CP048234.1,210046,1571
CP048234.1,210204,1
CP048234.1,211258,326
CP048234.1,211332,155
CP048234.1,211470,1416
CP048234.1,211847,123
CP048234.1,212813,1
CP048234.1,214013,1187
CP048234.1,215254,4210
CP048234.1,216195,1136
CP048234.1,216439,339
CP048234.1,216566,1243
CP048234.1,216688,342
CP048234.1,217365,40
CP048234.1,217673,1
CP048234.1,217701,1
CP048234.1,217875,535
CP048234.1,217932,1705
CP048234.1,217947,2
CP048234.1,217955,6133
CP048234.1,217962,4079
CP048234.1,217967,335
CP048234.1,217975,2
CP048234.1,218028,62
CP048234.1,218064,110
CP048234.1,218071,1
CP048234.1,218083,1
CP048234.1,218098,4049
CP048234.1,218102,2271
CP048234.1,218103,544
CP048234.1,218179,1
CP048234.1,218183,1
CP048234.1,218201,1
CP048234.1,219986,411
CP048234.1,219996,67
CP048234.1,220044,63
CP048234.1,220065,345
CP048234.1,220103,748
CP048234.1,220105,198
CP048234.1,220110,66
CP048234.1,220112,1585
CP048234.1,220127,233
CP048234.1,220160,25
CP048234.1,220199,627
CP048234.1,220244,200
CP048234.1,220373,3059
CP048234.1,220423,31
CP048234.1,221916,802
CP048234.1,221922,129
CP048234.1,221934,1179
CP048234.1,221940,394
CP048234.1,222061,891
CP048234.1,222066,1
CP048234.1,222318,60
CP048234.1,222463,1514
CP048234.1,223048,165
CP048234.1,224298,1658
CP048234.1,225793,2568
CP048234.1,225800,4
CP048234.1,226335,64
CP048234.1,226486,13
CP048234.1,226487,984
CP048234.1,226488,1
CP048234.1,226588,1481
CP048234.1,226626,354
CP048234.1,226832,1301
CP048234.1,226853,581
CP048234.1,226891,1709
CP048234.1,226920,1593
CP048234.1,226934,1767
CP048234.1,226953,512
CP048234.1,226960,519
CP048234.1,227110,437
CP048234.1,227175,2781
CP048234.1,227182,2932
CP048234.1,227278,1
CP048234.1,227285,1
CP048234.1,227359,868
CP048234.1,227451,1
CP048234.1,229933,211
CP048234.1,229948,423
CP048234.1,230112,1
CP048234.1,230121,676
CP048234.1,230135,1333
CP048234.1,232355,154
CP048234.1,232420,4
CP048234.1,232426,61
CP048234.1,232435,563
CP048234.1,232490,1
CP048234.1,232497,3796
CP048234.1,232511,1
CP048234.1,232527,64
CP048234.1,232613,1617
CP048234.1,232623,1067
CP048234.1,232766,1984
CP048234.1,232827,166
CP048234.1,233250,1
CP048234.1,233354,29
CP048234.1,233425,353
CP048234.1,233621,1
CP048234.1,234952,466
CP048234.1,235105,1199
CP048234.1,235334,1368
CP048234.1,235557,2036
CP048234.1,235661,89
CP048234.1,235676,1138
CP048234.1,235692,1
CP048234.1,235699,524
CP048234.1,235717,762
CP048234.1,235758,1
CP048234.1,235865,1
CP048234.1,235879,1
CP048234.1,235909,59
CP048234.1,235965,72
CP048234.1,236077,289
CP048234.1,236078,408
CP048234.1,236085,6
CP048234.1,236141,65
CP048234.1,236143,1
CP048234.1,236148,2916
CP048234.1,236149,310
CP048234.1,236174,51
CP048234.1,236258,1
CP048234.1,236328,772
CP048234.1,236336,1
CP048234.1,236343,499
CP048234.1,236378,57
CP048234.1,236687,1
CP048234.1,236734,676
CP048234.1,236839,16
CP048234.1,236911,480
CP048234.1,236990,181
CP048234.1,237026,1
CP048234.1,237060,2
CP048234.1,237075,3
CP048234.1,237104,1
CP048234.1,237112,583
CP048234.1,237129,203
CP048234.1,237156,1
CP048234.1,237158,311
CP048234.1,237242,1783
CP048234.1,237259,2095
CP048234.1,237295,1
CP048234.1,237318,1
CP048234.1,237408,72
CP048234.1,237485,932
CP048234.1,237506,2254
CP048234.1,237618,1244
CP048234.1,237686,3
CP048234.1,237774,720
CP048234.1,237855,493
CP048234.1,237862,1
CP048234.1,237908,456
CP048234.1,237956,5
CP048234.1,238006,1
CP048234.1,238017,3902
CP048234.1,238122,6
CP048234.1,238127,1660
CP048234.1,238129,1669
CP048234.1,238134,146
CP048234.1,238168,2
CP048234.1,238175,2012
CP048234.1,238181,317
CP048234.1,238188,415
CP048234.1,238223,1152
CP048234.1,238261,1
CP048234.1,238280,392
CP048234.1,238297,276
CP048234.1,238309,61
CP048234.1,238346,230
CP048234.1,238389,1
CP048234.1,238394,1
CP048234.1,238425,58
CP048234.1,238508,784
CP048234.1,238792,162
CP048234.1,238900,1
CP048234.1,239381,603
CP048234.1,239388,19
CP048234.1,239513,8
CP048234.1,239583,1380
CP048234.1,239611,1389
CP048234.1,239889,384
CP048234.1,239987,715
CP048234.1,239994,5
CP048234.1,240139,3
CP048234.1,241408,4474
CP048234.1,241415,706
CP048234.1,241596,1270
CP048234.1,241625,2111
CP048234.1,241721,128
CP048234.1,241728,91
CP048234.1,241745,62
CP048234.1,241779,1
CP048234.1,241837,1490
CP048234.1,241843,1
CP048234.1,242652,1616
CP048234.1,242733,74
CP048234.1,242757,1343
CP048234.1,242771,4270
CP048234.1,242778,107
CP048234.1,242793,82
CP048234.1,243168,1
CP048234.1,243211,744
CP048234.1,243274,838
CP048234.1,243316,25
CP048234.1,243325,238
CP048234.1,243379,836
CP048234.1,243386,6
CP048234.1,243398,1
CP048234.1,244043,1
CP048234.1,244197,1
CP048234.1,244200,110
CP048234.1,244655,491
CP048234.1,244958,586
CP048234.1,245140,1
CP048234.1,245203,1
CP048234.1,245807,968
CP048234.1,248496,1
CP048234.1,249989,1
CP048234.1,250475,3044
CP048234.1,250489,2
CP048234.1,250808,780
CP048234.1,251203,67
CP048234.1,251210,2597
CP048234.1,251230,605
CP048234.1,251240,1307
CP048234.1,251245,75
CP048234.1,251436,286
CP048234.1,251752,318
CP048234.1,251754,2
CP048234.1,253871,641
CP048234.1,254776,1
CP048234.1,254792,1147
CP048234.1,255036,82
CP048234.1,255182,33
CP048234.1,255200,1
CP048234.1,255350,223
CP048234.1,255570,5
CP048234.1,255742,1
CP048234.1,255998,151
CP048234.1,256115,702
CP048234.1,256122,661
CP048234.1,256199,3
CP048234.1,256207,1
CP048234.1,256212,127
CP048234.1,256214,133
CP048234.1,256216,700
CP048234.1,256264,1
CP048234.1,256290,654
CP048234.1,256351,2281
CP048234.1,256358,1701
CP048234.1,256366,961
CP048234.1,256392,610
CP048234.1,256397,1158
CP048234.1,256408,581
CP048234.1,256412,1
CP048234.1,256415,2786
CP048234.1,256548,43
CP048234.1,256557,298
CP048234.1,256564,8
CP048234.1,256606,765
CP048234.1,256611,36
CP048234.1,256630,162
CP048234.1,256631,36
CP048234.1,256637,1340
CP048234.1,256641,475
CP048234.1,256648,558
CP048234.1,256772,28
CP048234.1,257333,148
CP048234.1,257352,546
CP048234.1,257359,250
CP048234.1,259092,66
CP048234.1,259468,96
CP048234.1,259498,11
CP048234.1,260434,1
CP048234.1,261310,1351
CP048234.1,261576,682
CP048234.1,261998,5
CP048234.1,262124,284
CP048234.1,262167,510
CP048234.1,262173,1
CP048234.1,262202,3236
CP048234.1,262203,83
CP048234.1,262220,832
CP048234.1,262224,726
CP048234.1,262235,1175
CP048234.1,262242,275
CP048234.1,262262,1627
CP048234.1,262273,2
CP048234.1,262769,537
CP048234.1,262931,1203
CP048234.1,263058,646
CP048234.1,263065,124
CP048234.1,263110,272
CP048234.1,263158,381
CP048234.1,263263,256
CP048234.1,263274,25
CP048234.1,263400,103
CP048234.1,263459,580
CP048234.1,263466,17
CP048234.1,263499,1004
CP048234.1,263561,820
CP048234.1,263568,1
CP048234.1,263575,234
CP048234.1,263735,2
CP048234.1,263750,23
CP048234.1,263865,11
CP048234.1,264496,130
CP048234.1,264503,1
CP048234.1,264527,1023
CP048234.1,264632,89
CP048234.1,264639,702
CP048234.1,264645,1
CP048234.1,264654,8
CP048234.1,264662,1
CP048234.1,264663,620
CP048234.1,264683,37
CP048234.1,264734,667
CP048234.1,264747,2146
CP048234.1,264804,1
CP048234.1,264818,315
CP048234.1,264820,58
CP048234.1,264829,454
CP048234.1,264837,155
CP048234.1,264850,843
CP048234.1,264897,22
CP048234.1,264899,1366
CP048234.1,264903,649
CP048234.1,264942,945
CP048234.1,265081,1266
CP048234.1,265088,119
CP048234.1,265097,6
CP048234.1,265216,83
CP048234.1,265218,1
CP048234.1,265225,676
CP048234.1,265235,1
CP048234.1,265242,373
CP048234.1,265396,115
CP048234.1,266375,94
CP048234.1,266393,8
CP048234.1,266586,182
CP048234.1,266627,547
CP048234.1,266970,76
CP048234.1,266995,1210
CP048234.1,267002,128
CP048234.1,267100,1
CP048234.1,269336,941
CP048234.1,269689,1733
CP048234.1,269696,7
CP048234.1,270528,2
CP048234.1,270536,137
CP048234.1,270544,756
CP048234.1,270559,1
CP048234.1,270566,2378
CP048234.1,270611,1
CP048234.1,270618,20
CP048234.1,270619,98
CP048234.1,270937,142
CP048234.1,270981,149
CP048234.1,271277,28
CP048234.1,271605,1
CP048234.1,271612,1679
CP048234.1,271713,12
CP048234.1,271772,99
CP048234.1,272335,1383
CP048234.1,272486,531
CP048234.1,272525,211
CP048234.1,272527,13
CP048234.1,272530,51
CP048234.1,272532,284
CP048234.1,272898,151
CP048234.1,273031,1
CP048234.1,273243,990
CP048234.1,273250,1888
CP048234.1,273694,163
CP048234.1,273886,1546
CP048234.1,273934,1
CP048234.1,274274,23
CP048234.1,275707,901
CP048234.1,276784,1
CP048234.1,277032,1
CP048234.1,278277,177
CP048234.1,278283,2
CP048234.1,278290,545
CP048234.1,278293,19
CP048234.1,278323,1645
CP048234.1,278329,1
CP048234.1,278343,446
CP048234.1,278358,629
CP048234.1,278409,360
CP048234.1,279046,1
CP048234.1,279168,2891
CP048234.1,279170,1
CP048234.1,279268,5
CP048234.1,279359,21
CP048234.1,279366,94
CP048234.1,279569,473
CP048234.1,279614,211
CP048234.1,279802,4927
CP048234.1,279823,1
CP048234.1,280089,1
CP048234.1,280118,2454
CP048234.1,280733,305
CP048234.1,280740,1
CP048234.1,280929,2418
CP048234.1,280936,1623
CP048234.1,280951,20
CP048234.1,281133,1
CP048234.1,281142,1207
CP048234.1,281146,1585
CP048234.1,281149,25
CP048234.1,281153,7170
CP048234.1,281155,1
CP048234.1,281158,1835
CP048234.1,281162,1
CP048234.1,281165,1
CP048234.1,281169,1337
CP048234.1,281170,636
CP048234.1,281173,3271
CP048234.1,281194,207
CP048234.1,281228,5
CP048234.1,281279,1
CP048234.1,281303,2003
CP048234.1,281508,1
CP048234.1,281515,1
CP048234.1,281618,62
CP048234.1,281627,1
CP048234.1,281691,14
CP048234.1,281814,1796
CP048234.1,281994,1
CP048234.1,282000,519
CP048234.1,282002,4142
CP048234.1,282005,1
CP048234.1,282007,1
CP048234.1,282009,6829
CP048234.1,282017,1475
CP048234.1,282058,4867
CP048234.1,282065,33
CP048234.1,282076,625
CP048234.1,282084,84
CP048234.1,282246,48
CP048234.1,282322,576
CP048234.1,282461,1
CP048234.1,284355,1835
CP048234.1,285117,48
CP048234.1,285265,1
CP048234.1,285406,924
CP048234.1,285639,615
CP048234.1,285812,456
CP048234.1,285837,322
CP048234.1,286168,515
CP048234.1,287037,1
CP048234.1,288639,1
CP048234.1,288988,571
CP048234.1,289350,29
CP048234.1,292214,538
CP048234.1,292221,1613
CP048234.1,292232,1
CP048234.1,292249,1106
CP048234.1,292881,2036
CP048234.1,293044,443
CP048234.1,293354,225
CP048234.1,293509,615
CP048234.1,293651,1096
CP048234.1,293683,838
CP048234.1,293708,172
CP048234.1,293715,1
CP048234.1,293758,1
CP048234.1,293778,1
CP048234.1,293780,939
CP048234.1,293787,1105
CP048234.1,293833,1042
CP048234.1,293853,3109
CP048234.1,294250,1471
CP048234.1,297018,98
CP048234.1,297325,52
CP048234.1,297421,1
CP048234.1,298120,1
CP048234.1,298618,148
CP048234.1,298652,247
CP048234.1,300851,1
CP048234.1,303192,74
CP048234.1,303351,568
CP048234.1,303485,813
CP048234.1,303739,1502
CP048234.1,304537,702
CP048234.1,304594,7
CP048234.1,304601,50
CP048234.1,304617,1
CP048234.1,304622,2
CP048234.1,304654,910
CP048234.1,304843,21
CP048234.1,305210,651
CP048234.1,305292,1996
CP048234.1,305299,2426
CP048234.1,305421,1
CP048234.1,305515,446
CP048234.1,305532,1
CP048234.1,305555,377
CP048234.1,305604,365
CP048234.1,305606,1
CP048234.1,305611,501
CP048234.1,305616,128
CP048234.1,305670,780
CP048234.1,305672,192
CP048234.1,305681,190
CP048234.1,305728,815
CP048234.1,305775,2
CP048234.1,305807,4
CP048234.1,305813,28
CP048234.1,305820,2075
CP048234.1,305843,76
CP048234.1,305875,7
CP048234.1,305881,580
CP048234.1,305882,1
CP048234.1,305910,319
CP048234.1,305913,242
CP048234.1,305920,4108
CP048234.1,305922,478
CP048234.1,305927,8797
CP048234.1,305932,108
CP048234.1,305939,1
CP048234.1,305958,232
CP048234.1,305965,1310
CP048234.1,306066,1340
CP048234.1,306116,37
CP048234.1,306137,231
CP048234.1,306150,1579
CP048234.1,306419,140
CP048234.1,306449,1
CP048234.1,306554,46
CP048234.1,309383,10
CP048234.1,309592,88
CP048234.1,309768,157
CP048234.1,309976,1683
CP048234.1,310287,1
CP048234.1,310485,10
CP048234.1,311008,78
CP048234.1,311081,2574
CP048234.1,311182,2
CP048234.1,311196,1455
CP048234.1,311203,2797
CP048234.1,311284,1094
CP048234.1,311321,2137
CP048234.1,311337,4467
CP048234.1,311344,3460
CP048234.1,311346,1
CP048234.1,311351,1
CP048234.1,311372,1
CP048234.1,311378,1973
CP048234.1,311379,854
CP048234.1,311380,1
CP048234.1,311387,917
CP048234.1,311389,1961
CP048234.1,311394,8
CP048234.1,311398,601
CP048234.1,311413,2218
CP048234.1,311435,964
CP048234.1,311561,3500
CP048234.1,311671,1
CP048234.1,311821,1168
CP048234.1,311836,551
CP048234.1,311841,270
CP048234.1,311859,1568
CP048234.1,311860,1
CP048234.1,311866,1273
CP048234.1,311876,1
CP048234.1,311897,2134
CP048234.1,311928,48
CP048234.1,312207,1
CP048234.1,312661,1
CP048234.1,312722,1438
CP048234.1,313563,1554
CP048234.1,313748,1
CP048234.1,314986,1
CP048234.1,315129,1
CP048234.1,315357,175
CP048234.1,315361,93
CP048234.1,315368,1
CP048234.1,315459,2146
CP048234.1,315482,124
CP048234.1,315486,212
CP048234.1,315496,934
CP048234.1,315501,1
CP048234.1,315508,2
CP048234.1,315527,1
CP048234.1,315541,23
CP048234.1,315590,1813
CP048234.1,315595,1
CP048234.1,315604,1912
CP048234.1,315655,55
CP048234.1,315727,1
CP048234.1,315740,3
CP048234.1,315741,1911
CP048234.1,315746,147
CP048234.1,315809,393
CP048234.1,315816,190
CP048234.1,315916,1
CP048234.1,315951,1
CP048234.1,315967,349
CP048234.1,318111,1137
CP048234.1,318511,158
CP048234.1,318555,1
CP048234.1,319713,1
CP048234.1,319909,94
CP048234.1,320362,320
CP048234.1,321787,332
CP048234.1,321788,11
CP048234.1,321794,735
CP048234.1,321947,1153
CP048234.1,322110,709
CP048234.1,322123,1254
CP048234.1,322301,421
CP048234.1,322339,786
CP048234.1,322370,1205
CP048234.1,322417,537
CP048234.1,322530,1
CP048234.1,322863,2416
CP048234.1,323181,2220
CP048234.1,323246,2
CP048234.1,323253,411
CP048234.1,323273,1
CP048234.1,323298,4111
CP048234.1,323305,2280
CP048234.1,323316,800
CP048234.1,323318,36
CP048234.1,323361,270
CP048234.1,323368,2390
CP048234.1,323386,2
CP048234.1,323478,1701
CP048234.1,323574,2
CP048234.1,323620,2083
CP048234.1,323630,4
CP048234.1,326340,5
CP048234.1,327820,1192
CP048234.1,327876,994
CP048234.1,328057,60
CP048234.1,328118,1
CP048234.1,329071,1
CP048234.1,330482,1374
CP048234.1,331756,1172
CP048234.1,332700,88
CP048234.1,332801,176
CP048234.1,333059,461
CP048234.1,333238,4
CP048234.1,333711,321
CP048234.1,334631,3174
CP048234.1,334707,1
CP048234.1,334721,1
CP048234.1,334728,18
CP048234.1,334736,1931
CP048234.1,334745,2050
CP048234.1,335014,45
CP048234.1,335072,78
CP048234.1,335182,9
CP048234.1,335445,5
CP048234.1,335452,796
CP048234.1,338237,1400
CP048234.1,339525,368
CP048234.1,339606,2226
CP048234.1,339613,8
CP048234.1,339834,1061
CP048234.1,344837,1660
CP048234.1,344933,1
CP048234.1,344940,1222
CP048234.1,345750,2807
CP048234.1,345787,1590
CP048234.1,346840,517
CP048234.1,349116,1101
CP048234.1,349278,180
CP048234.1,349416,573
CP048234.1,351977,1073
CP048234.1,352106,85
CP048234.1,352206,3055
CP048234.1,352213,34
CP048234.1,352297,1270
CP048234.1,352396,100
CP048234.1,352774,1384
CP048234.1,353078,765
CP048234.1,355276,1
CP048234.1,355783,471
CP048234.1,356249,1
CP048234.1,360499,1
CP048234.1,361200,13
CP048234.1,361244,125
CP048234.1,362975,310
CP048234.1,363037,1564
CP048234.1,363044,1
CP048234.1,363070,996
CP048234.1,363090,786
CP048234.1,363120,447
CP048234.1,363147,254
CP048234.1,363166,1829
CP048234.1,363193,74
CP048234.1,363200,1192
CP048234.1,363202,247
CP048234.1,363209,4896
CP048234.1,363242,12
CP048234.1,363252,403
CP048234.1,363319,277
CP048234.1,363326,3632
CP048234.1,363351,975
CP048234.1,363369,908
CP048234.1,363389,1
CP048234.1,363614,194
CP048234.1,363636,1805
CP048234.1,363980,16
CP048234.1,366024,880
CP048234.1,366038,1544
CP048234.1,366045,546
CP048234.1,366073,1
CP048234.1,367229,682
CP048234.1,367443,766
CP048234.1,367621,278
CP048234.1,367650,1
CP048234.1,369564,643
CP048234.1,369717,1
CP048234.1,369778,1
CP048234.1,369997,65
CP048234.1,370003,73
CP048234.1,372104,1351
CP048234.1,372753,1
CP048234.1,373646,572
CP048234.1,373742,826
CP048234.1,373751,219
CP048234.1,373778,32
CP048234.1,373783,851
CP048234.1,374727,67
CP048234.1,374746,213
CP048234.1,374814,82
CP048234.1,374821,1
CP048234.1,374865,1
CP048234.1,374883,1
CP048234.1,374907,1
CP048234.1,375132,49
CP048234.1,376858,1104
CP048234.1,376925,448
CP048234.1,377344,1
CP048234.1,377351,1513
CP048234.1,379238,2832
CP048234.1,379886,243
CP048234.1,382266,1
CP048234.1,383172,12
CP048234.1,383405,861
CP048234.1,384074,1
CP048234.1,384181,1175
CP048234.1,384237,309
CP048234.1,384279,1
CP048234.1,384283,1263
CP048234.1,384287,2697
CP048234.1,384290,3030
CP048234.1,384298,531
CP048234.1,384352,111
CP048234.1,384451,4
CP048234.1,384572,170
CP048234.1,384768,177
CP048234.1,385087,1554
CP048234.1,388256,4
CP048234.1,389093,1
CP048234.1,390121,86
CP048234.1,390586,1
CP048234.1,390622,4520
CP048234.1,390629,1239
CP048234.1,390643,24
CP048234.1,390737,1
CP048234.1,390762,91
CP048234.1,390778,539
CP048234.1,390840,1
CP048234.1,390869,1185
CP048234.1,390896,4594
CP048234.1,390908,390
CP048234.1,390943,1
CP048234.1,391680,1
CP048234.1,391919,80
CP048234.1,392061,982
CP048234.1,392233,5
CP048234.1,392264,1083
CP048234.1,392295,456
CP048234.1,392413,180
CP048234.1,393113,1359
CP048234.1,393395,843
CP048234.1,394074,620
CP048234.1,394512,540
CP048234.1,394534,1
CP048234.1,394573,117
CP048234.1,395586,1
CP048234.1,396378,2
CP048234.1,396410,3287
CP048234.1,396411,1
CP048234.1,396436,32
CP048234.1,396618,956
CP048234.1,397056,332
CP048234.1,397063,631
CP048234.1,397065,1
CP048234.1,397066,914
CP048234.1,397071,1
CP048234.1,397076,353
CP048234.1,398897,558
CP048234.1,398904,1148
CP048234.1,398975,80
CP048234.1,398999,36
CP048234.1,399215,161
CP048234.1,400371,305
CP048234.1,400825,906
CP048234.1,403629,1
CP048234.1,406187,1
CP048234.1,406287,773
CP048234.1,406294,1390
CP048234.1,406418,194
CP048234.1,406510,437
CP048234.1,406715,794
CP048234.1,406722,1120
CP048234.1,412043,212
CP048234.1,412105,1030
CP048234.1,412116,2019
CP048234.1,412202,157
CP048234.1,412545,747
CP048234.1,412674,1487
CP048234.1,412719,74
CP048234.1,413048,1
CP048234.1,413084,1189
CP048234.1,413336,1
CP048234.1,413404,734
CP048234.1,413433,720
CP048234.1,413471,314
CP048234.1,413701,59
CP048234.1,414602,1
CP048234.1,414868,201
CP048234.1,415718,3
CP048234.1,416529,1002
CP048234.1,417202,704
CP048234.1,417844,714
CP048234.1,418020,488
CP048234.1,418717,92
CP048234.1,418900,1
CP048234.1,419290,17
CP048234.1,419372,2139
CP048234.1,422192,7
CP048234.1,422213,258
CP048234.1,422220,68
CP048234.1,422310,427
CP048234.1,424143,1
CP048234.1,424572,993
CP048234.1,424608,352
CP048234.1,424969,39
CP048234.1,425511,318
CP048234.1,428551,1
CP048234.1,428991,103
CP048234.1,429049,78
CP048234.1,430435,22
CP048234.1,431026,765
CP048234.1,431081,90
CP048234.1,431636,1439
CP048234.1,432389,4
CP048234.1,432528,39
CP048234.1,432627,1108
CP048234.1,432659,19
CP048234.1,432663,4505
CP048234.1,432678,1707
CP048234.1,432701,1492
CP048234.1,433198,1507
CP048234.1,433228,638
CP048234.1,433387,2953
CP048234.1,436114,13
CP048234.1,438105,680
CP048234.1,438115,1
CP048234.1,438201,906
CP048234.1,438310,1234
CP048234.1,438338,1062
CP048234.1,438345,280
CP048234.1,438414,450
CP048234.1,438434,1893
CP048234.1,438497,30
CP048234.1,438584,1249
CP048234.1,438589,1275
CP048234.1,438694,763
CP048234.1,439259,3634
CP048234.1,439263,131
CP048234.1,439335,3727
CP048234.1,439777,977
CP048234.1,439794,6347
CP048234.1,439801,1941
CP048234.1,439981,8
CP048234.1,441824,1
CP048234.1,442483,3
CP048234.1,442849,588
CP048234.1,442922,1
CP048234.1,442960,243
CP048234.1,442972,552
CP048234.1,442979,133
CP048234.1,442997,940
CP048234.1,443004,2443
CP048234.1,443005,164
CP048234.1,443012,1140
CP048234.1,443070,1116
CP048234.1,443079,349
CP048234.1,443090,126
CP048234.1,443138,1961
CP048234.1,443145,1433
CP048234.1,443178,2998
CP048234.1,443182,1718
CP048234.1,443193,19
CP048234.1,443205,2329
CP048234.1,443260,3466
CP048234.1,443267,53
CP048234.1,443269,1663
CP048234.1,443323,2127
CP048234.1,443327,1
CP048234.1,443330,13
CP048234.1,443386,1
CP048234.1,445030,1194
CP048234.1,445036,222
CP048234.1,445069,662
CP048234.1,445093,1
CP048234.1,445119,33
CP048234.1,445904,538
CP048234.1,445972,1531
CP048234.1,445976,1240
CP048234.1,445983,2392
CP048234.1,446136,1
CP048234.1,446138,1110
CP048234.1,446227,1422
CP048234.1,446275,10
CP048234.1,446375,29
CP048234.1,446437,527
CP048234.1,446582,1150
CP048234.1,446620,793
CP048234.1,447565,256
CP048234.1,447603,1
CP048234.1,447706,94
CP048234.1,447746,1
CP048234.1,447968,189
CP048234.1,448159,63
CP048234.1,448310,1
CP048234.1,448680,917
CP048234.1,449450,288
CP048234.1,449500,1133
CP048234.1,449507,966
CP048234.1,449532,137
CP048234.1,449670,1
CP048234.1,449721,679
CP048234.1,451179,23
CP048234.1,451783,1
CP048234.1,451868,31
CP048234.1,454222,557
CP048234.1,454562,66
CP048234.1,454677,21
CP048234.1,455212,3
CP048234.1,456390,82
CP048234.1,457439,1731
CP048234.1,458008,7
CP048234.1,458330,30
CP048234.1,459624,49
CP048234.1,460362,1
CP048234.1,466366,1
CP048234.1,466380,6
CP048234.1,466387,1513
CP048234.1,466396,1
CP048234.1,466447,1677
CP048234.1,466451,1
CP048234.1,466471,2
CP048234.1,466478,6195
CP048234.1,466483,3
CP048234.1,466527,361
CP048234.1,466540,49
CP048234.1,466551,6003
CP048234.1,466556,2
CP048234.1,466558,8781
CP048234.1,466572,1011
CP048234.1,466591,4396
CP048234.1,466598,1096
CP048234.1,466635,2049
CP048234.1,466642,249
CP048234.1,466649,310
CP048234.1,466755,80
CP048234.1,466784,56
CP048234.1,466840,280
CP048234.1,466873,2721
CP048234.1,466894,2354
CP048234.1,467006,740
CP048234.1,467008,1
CP048234.1,467031,504
CP048234.1,467706,1392
CP048234.1,467907,1776
CP048234.1,467914,213
CP048234.1,467989,2838
CP048234.1,467996,1
CP048234.1,468429,1511
CP048234.1,470015,1511
CP048234.1,470475,522
CP048234.1,472187,429
CP048234.1,472206,8
CP048234.1,473453,160
CP048234.1,474649,1329
CP048234.1,475789,233
CP048234.1,477598,2476
CP048234.1,477615,38
CP048234.1,477693,1
CP048234.1,477717,298
CP048234.1,477889,47
CP048234.1,479156,195
CP048234.1,479490,410
CP048234.1,479497,947
CP048234.1,479596,520
CP048234.1,479838,14
CP048234.1,480190,916
CP048234.1,480210,1115
CP048234.1,480389,2683
CP048234.1,480447,1427
CP048234.1,481104,516
CP048234.1,482062,451
CP048234.1,482859,57
CP048234.1,482975,645
CP048234.1,486070,857
CP048234.1,486407,273
CP048234.1,486507,414
CP048234.1,489675,401
CP048234.1,493257,1356
CP048234.1,494612,1
CP048234.1,495408,1
CP048234.1,495479,1817
CP048234.1,495627,1204
CP048234.1,495854,1213
CP048234.1,496368,1
CP048234.1,496436,1
CP048234.1,496481,1
CP048234.1,496488,1
CP048234.1,496494,7987
CP048234.1,496496,344
CP048234.1,496676,2278
CP048234.1,496679,9
CP048234.1,496683,4224
CP048234.1,496730,1
CP048234.1,496779,253
CP048234.1,496853,1
CP048234.1,496860,336
CP048234.1,496867,1
CP048234.1,496874,3138
CP048234.1,496901,1
CP048234.1,496909,773
CP048234.1,496916,1
CP048234.1,496998,1
CP048234.1,497006,2095
CP048234.1,497016,1
CP048234.1,497312,784
CP048234.1,497366,127
CP048234.1,497421,1
CP048234.1,497476,725
CP048234.1,497482,97
CP048234.1,497487,1
CP048234.1,497491,603
CP048234.1,497675,1444
CP048234.1,497922,4953
CP048234.1,498123,1
CP048234.1,499264,1
CP048234.1,503768,5
CP048234.1,503866,365
CP048234.1,503867,1
CP048234.1,504021,1349
CP048234.1,504056,146
CP048234.1,504059,1
CP048234.1,504436,438
CP048234.1,504668,141
CP048234.1,504670,375
CP048234.1,504675,537
CP048234.1,504677,1396
CP048234.1,504684,1788
CP048234.1,504714,717
CP048234.1,504721,1956
CP048234.1,505630,2097
CP048234.1,507613,1
CP048234.1,507677,17
CP048234.1,507849,1
CP048234.1,507876,205
CP048234.1,507936,574
CP048234.1,507955,5
CP048234.1,507962,1
CP048234.1,507982,34
CP048234.1,507990,171
CP048234.1,508011,402
CP048234.1,508086,2
CP048234.1,508192,53
CP048234.1,508365,933
CP048234.1,508443,273
CP048234.1,508683,1452
CP048234.1,508686,2
CP048234.1,508690,1711
CP048234.1,508699,999
CP048234.1,508827,1
CP048234.1,508857,96
CP048234.1,508859,322
CP048234.1,508868,348
CP048234.1,509283,65
CP048234.1,513855,1
CP048234.1,514965,107
CP048234.1,517590,26
CP048234.1,519239,32
CP048234.1,521647,1
CP048234.1,522263,922
CP048234.1,522756,1
CP048234.1,522925,789
CP048234.1,525084,1
CP048234.1,525097,1573
CP048234.1,525152,723
CP048234.1,525207,31
CP048234.1,526011,1838
CP048234.1,526795,1288
CP048234.1,526827,1855
CP048234.1,526877,1941
CP048234.1,526899,798
CP048234.1,526900,3166
CP048234.1,526913,36
CP048234.1,526934,1
CP048234.1,527078,386
CP048234.1,527819,1
CP048234.1,528791,32
CP048234.1,528798,778
CP048234.1,529573,142
CP048234.1,530150,13
CP048234.1,530157,1
CP048234.1,530300,930
CP048234.1,530437,101
CP048234.1,530444,103
CP048234.1,531415,104
CP048234.1,531616,323
CP048234.1,531944,5
CP048234.1,531951,696
CP048234.1,532131,46
CP048234.1,532168,659
CP048234.1,532177,334
CP048234.1,532214,17
CP048234.1,532221,191
CP048234.1,532271,49
CP048234.1,532274,565
CP048234.1,532535,10
CP048234.1,532810,1
CP048234.1,535780,20
CP048234.1,536432,2
CP048234.1,540206,50
CP048234.1,541375,1386
CP048234.1,546205,1
CP048234.1,551086,694
CP048234.1,554181,88
CP048234.1,554188,130
CP048234.1,554808,766
CP048234.1,554975,1661
CP048234.1,555935,814
CP048234.1,556051,120
CP048234.1,562232,1
CP048234.1,563189,318
CP048234.1,563324,1
CP048234.1,563340,1
CP048234.1,563440,1
CP048234.1,565694,10
CP048234.1,565962,188
CP048234.1,568058,272
CP048234.1,568128,1826
CP048234.1,568744,1
CP048234.1,568758,83
CP048234.1,568814,1
CP048234.1,568831,314
CP048234.1,569026,1323
CP048234.1,569218,8
CP048234.1,569405,2751
CP048234.1,569410,606
CP048234.1,569432,51
CP048234.1,569438,1
CP048234.1,569442,171
CP048234.1,571245,1
CP048234.1,572757,1
CP048234.1,573368,235
CP048234.1,574199,155
CP048234.1,574224,2341
CP048234.1,574283,1446
CP048234.1,574290,1280
CP048234.1,574360,69
CP048234.1,574367,1651
CP048234.1,574560,320
CP048234.1,574696,9
CP048234.1,574715,11
CP048234.1,576971,1747
CP048234.1,577103,1159
CP048234.1,577331,1
CP048234.1,577599,95
CP048234.1,577609,328
CP048234.1,577673,346
CP048234.1,577748,1284
CP048234.1,577911,1
CP048234.1,577917,342
CP048234.1,577924,1
CP048234.1,578363,1
CP048234.1,578407,3588
CP048234.1,578464,1060
CP048234.1,578490,213
CP048234.1,578499,35
CP048234.1,578546,1934
CP048234.1,578732,29
CP048234.1,578763,736
CP048234.1,578829,1
CP048234.1,578968,1
CP048234.1,578978,82
CP048234.1,578982,1753
CP048234.1,578984,15
CP048234.1,578989,817
CP048234.1,579011,1
CP048234.1,579320,11
CP048234.1,579366,452
CP048234.1,579402,87
CP048234.1,579433,1
CP048234.1,579459,7
CP048234.1,579527,1
CP048234.1,580224,1516
CP048234.1,580236,1
CP048234.1,580251,197
CP048234.1,580459,622
CP048234.1,580587,1
CP048234.1,580654,521
CP048234.1,580823,1773
CP048234.1,580830,1040
CP048234.1,580831,3012
CP048234.1,580864,800
CP048234.1,580871,753
CP048234.1,580956,1
CP048234.1,580961,1937
CP048234.1,580968,269
CP048234.1,581006,1424
CP048234.1,581623,30
CP048234.1,581676,1879
CP048234.1,581685,3771
CP048234.1,581840,208
CP048234.1,584056,575
CP048234.1,585303,415
CP048234.1,585310,1
CP048234.1,585369,2958
CP048234.1,585494,43
CP048234.1,585518,477
CP048234.1,585687,204
CP048234.1,586046,28
CP048234.1,587701,128
CP048234.1,594581,334
CP048234.1,595078,1365
CP048234.1,595413,46
CP048234.1,596669,1412
CP048234.1,597374,50
CP048234.1,598530,245
CP048234.1,598558,195
CP048234.1,598715,297
CP048234.1,605145,17
CP048234.1,605152,33
CP048234.1,606180,137
CP048234.1,606265,3
CP048234.1,610096,439
CP048234.1,610112,561
CP048234.1,610673,2698
CP048234.1,610699,1
CP048234.1,611163,1
CP048234.1,611191,1543
CP048234.1,611342,409
CP048234.1,611441,31
CP048234.1,611448,2062
CP048234.1,613009,205
CP048234.1,613401,547
CP048234.1,613888,72
CP048234.1,614148,1
CP048234.1,614155,1728
CP048234.1,614275,35
CP048234.1,614419,575
CP048234.1,614850,1
CP048234.1,615425,971
CP048234.1,615490,2
CP048234.1,615627,1030
CP048234.1,616413,560
CP048234.1,616478,1
CP048234.1,616739,517
CP048234.1,620408,915
CP048234.1,621323,553
CP048234.1,621818,435
CP048234.1,621886,123
CP048234.1,621921,3033
CP048234.1,621925,22
CP048234.1,621928,3068
CP048234.1,621949,2179
CP048234.1,622097,836
CP048234.1,622145,1
CP048234.1,622201,238
CP048234.1,622331,1
CP048234.1,622343,1
CP048234.1,622347,1
CP048234.1,622354,502
CP048234.1,622484,1
CP048234.1,622511,6
CP048234.1,622586,145
CP048234.1,622634,442
CP048234.1,622694,1
CP048234.1,622704,3003
CP048234.1,622777,3259
CP048234.1,622851,3
CP048234.1,622888,54
CP048234.1,622990,1
CP048234.1,623011,2194
CP048234.1,625086,1
CP048234.1,626112,21
CP048234.1,626456,1
CP048234.1,626622,203
CP048234.1,626629,1578
CP048234.1,627654,201
CP048234.1,627805,1284
CP048234.1,627879,1
CP048234.1,628185,62
CP048234.1,629631,37
CP048234.1,629638,623
CP048234.1,630133,156
CP048234.1,630206,9
CP048234.1,630360,1133
CP048234.1,636623,2
CP048234.1,636734,1
CP048234.1,636867,1
CP048234.1,636909,3
CP048234.1,637040,2257
CP048234.1,637047,4184
CP048234.1,637049,1206
CP048234.1,639642,2014
CP048234.1,639674,1245
CP048234.1,639779,2
CP048234.1,639786,1839
CP048234.1,639793,1
CP048234.1,639795,1802
CP048234.1,639802,2129
CP048234.1,639842,1159
CP048234.1,639875,5301
CP048234.1,639882,6449
CP048234.1,639883,11
CP048234.1,642258,711
CP048234.1,644700,2
CP048234.1,644707,174
CP048234.1,644777,765
CP048234.1,644867,1
CP048234.1,644872,2112
CP048234.1,644920,567
CP048234.1,644986,408
CP048234.1,645977,15
CP048234.1,646151,11
CP048234.1,646157,13
CP048234.1,646158,2
CP048234.1,646166,267
CP048234.1,646173,2
CP048234.1,646179,33
CP048234.1,647381,375
CP048234.1,647830,1
CP048234.1,648261,2
CP048234.1,648537,25
CP048234.1,649343,185
CP048234.1,649536,1049
CP048234.1,649565,1341
CP048234.1,649610,1
CP048234.1,649753,1
CP048234.1,649829,1362
CP048234.1,649847,707
CP048234.1,649871,1384
CP048234.1,649878,470
CP048234.1,649916,55
CP048234.1,650636,87
CP048234.1,651252,1
CP048234.1,651371,454
CP048234.1,653852,1231
CP048234.1,655270,857
CP048234.1,655581,93
CP048234.1,656982,1396
CP048234.1,657390,1098
CP048234.1,657541,1
CP048234.1,657659,43
CP048234.1,659271,1
CP048234.1,659278,2956
CP048234.1,659367,1041
CP048234.1,659378,311
CP048234.1,659391,164
CP048234.1,659399,303
CP048234.1,659467,308
CP048234.1,659491,54
CP048234.1,659591,41
CP048234.1,659900,2139
CP048234.1,659902,621
CP048234.1,659906,1711
CP048234.1,659907,1595
CP048234.1,660016,2115
CP048234.1,660028,99
CP048234.1,660033,591
CP048234.1,660035,1
CP048234.1,661335,182
CP048234.1,661599,1957
CP048234.1,661606,942
CP048234.1,661665,205
CP048234.1,661690,799
CP048234.1,661710,1887
CP048234.1,661717,182
CP048234.1,661835,1
CP048234.1,661925,80
CP048234.1,662050,2
CP048234.1,662139,468
CP048234.1,662165,438
CP048234.1,662213,1641
CP048234.1,662275,120
CP048234.1,662316,58
CP048234.1,662319,662
CP048234.1,662323,1420
CP048234.1,662469,84
CP048234.1,662645,1255
CP048234.1,662652,1108
CP048234.1,666859,351
CP048234.1,670293,551
CP048234.1,670322,663
CP048234.1,670342,1298
CP048234.1,670404,260
CP048234.1,670411,782
CP048234.1,670787,1048
CP048234.1,671139,27
CP048234.1,675582,491
CP048234.1,675591,329
CP048234.1,677008,1
CP048234.1,677552,338
CP048234.1,677754,559
CP048234.1,679804,1645
CP048234.1,679960,3
CP048234.1,680611,11
CP048234.1,680966,1
CP048234.1,684756,2
CP048234.1,705150,35
CP048235.1,584,1
CP048235.1,2756,330
CP048235.1,27200,405
CP048235.1,27414,7
CP048235.1,30683,816
CP048235.1,30794,145
CP048235.1,31031,1440
CP048235.1,31038,436
CP048235.1,31507,44
CP048235.1,31851,1683
CP048235.1,32896,368
CP048235.1,33072,1
CP048235.1,36115,9
CP048235.1,36122,563
CP048235.1,36223,125
CP048235.1,36230,954
CP048235.1,36232,67
CP048235.1,37126,924
CP048235.1,38199,33
CP048235.1,39014,1609
CP048235.1,39508,241
CP048235.1,39513,1
CP048235.1,39543,50
CP048235.1,39739,154
CP048235.1,39746,173
CP048235.1,39779,1
CP048235.1,39921,64
CP048235.1,39988,1033
CP048235.1,41016,114
CP048235.1,41029,1
CP048235.1,41031,874
CP048235.1,41086,950
CP048235.1,41113,262
CP048235.1,41114,14
CP048235.1,41142,1
CP048235.1,41196,130
CP048235.1,41198,127
CP048235.1,41238,214
CP048235.1,41591,1101
CP048235.1,41646,380
CP048235.1,41890,385
CP048235.1,42630,1
CP048235.1,42866,377
CP048235.1,42900,1
CP048235.1,42988,1
CP048235.1,43351,444
CP048235.1,43408,1
CP048235.1,43534,1
CP048235.1,43561,150
CP048235.1,43639,360
CP048235.1,43670,1
CP048235.1,43817,579
CP048235.1,45056,5
CP048235.1,45255,1258
CP048235.1,46275,280
CP048235.1,46578,722
CP048235.1,47113,44
CP048235.1,47290,1415
CP048235.1,47385,309
CP048235.1,47599,1
CP048235.1,47801,1
CP048235.1,47808,3
CP048235.1,47810,6
CP048235.1,49574,1
CP048235.1,50008,1
CP048235.1,50747,1
CP048235.1,51064,32
CP048235.1,51135,261
CP048235.1,51938,15
CP048235.1,52054,857
CP048235.1,52250,137
CP048235.1,52462,1092
CP048235.1,52463,1
CP048235.1,52595,1
CP048235.1,52602,402
CP048235.1,52621,2427
CP048235.1,52662,1
CP048235.1,52678,100
CP048235.1,52679,104
CP048235.1,52828,1
CP048235.1,53725,1
CP048235.1,53771,952
CP048235.1,53789,1
CP048235.1,53902,396
CP048235.1,53923,214
CP048235.1,54180,16
CP048235.1,54292,1
CP048235.1,54303,1004
CP048235.1,54424,3
CP048235.1,54447,2290
CP048235.1,54506,5
CP048235.1,54509,4416
CP048235.1,54516,1458
CP048235.1,54594,2602
CP048235.1,54598,647
CP048235.1,54605,1466
CP048235.1,54794,319
CP048235.1,54818,40
CP048235.1,54825,1388
CP048235.1,54841,472
CP048235.1,55282,1
CP048235.1,55431,739
CP048235.1,55451,55
CP048235.1,56840,2
CP048235.1,56847,1
CP048235.1,57128,12
CP048235.1,57465,59
CP048235.1,59326,414
CP048235.1,59333,532
CP048235.1,68051,322
CP048235.1,72601,7
CP048235.1,72908,260
CP048235.1,73627,1
CP048235.1,73696,69
CP048235.1,75128,1
CP048235.1,75191,780
CP048235.1,75195,365
CP048235.1,75202,6261
CP048235.1,75823,3
CP048235.1,75988,460
CP048235.1,75990,235
CP048235.1,75991,1189
CP048235.1,75992,3
CP048235.1,75997,82
CP048235.1,75998,82
CP048235.1,76087,1845
CP048235.1,76096,182
CP048235.1,76103,1569
CP048235.1,76165,249
CP048235.1,76171,1404
CP048235.1,76194,1946
CP048235.1,76398,1
CP048235.1,76405,1540
CP048235.1,76777,23
CP048235.1,76811,22
CP048235.1,76821,3034
CP048235.1,76916,379
CP048235.1,77036,1
CP048235.1,77306,3
CP048235.1,77320,84
CP048235.1,77349,56
CP048235.1,77461,820
CP048235.1,78681,579
CP048235.1,78729,404
CP048235.1,79201,335
CP048235.1,81619,850
CP048235.1,81845,746
CP048235.1,81852,1274
CP048235.1,81885,1
CP048235.1,81902,43
CP048235.1,81993,689
CP048235.1,81999,1802
CP048235.1,82004,1514
CP048235.1,82015,1582
CP048235.1,82024,2
CP048235.1,82034,839
CP048235.1,82068,1926
CP048235.1,82073,44
CP048235.1,82075,1
CP048235.1,82082,495
CP048235.1,82169,3640
CP048235.1,82200,1199
CP048235.1,82209,8364
CP048235.1,82216,3531
CP048235.1,82272,499
CP048235.1,82323,833
CP048235.1,82438,849
CP048235.1,82504,1
CP048235.1,82648,1128
CP048235.1,82698,3
CP048235.1,83117,1
CP048235.1,83146,1
CP048235.1,83156,1
CP048235.1,83164,2732
CP048235.1,83218,9
CP048235.1,83227,650
CP048235.1,83249,216
CP048235.1,83290,31
CP048235.1,83299,85
CP048235.1,83764,1
CP048235.1,84248,46
CP048235.1,84262,1294
CP048235.1,84418,102
CP048235.1,84486,2707
CP048235.1,84501,2519
CP048235.1,84555,1
CP048235.1,84636,1054
CP048235.1,84645,39
CP048235.1,84660,380
CP048235.1,84698,1
CP048235.1,84755,1447
CP048235.1,84809,2040
CP048235.1,84818,2993
CP048235.1,84819,10
CP048235.1,84825,3145
CP048235.1,84855,1
CP048235.1,84900,1
CP048235.1,84913,416
CP048235.1,85265,2
CP048235.1,85417,1740
CP048235.1,87134,1
CP048235.1,88230,195
CP048235.1,93182,17
CP048235.1,93184,625
CP048235.1,93306,2
CP048235.1,93313,269
CP048235.1,93349,15
CP048235.1,93400,388
CP048235.1,93424,1
CP048235.1,93429,2
CP048235.1,93521,1
CP048235.1,93567,44
CP048235.1,95937,1859
CP048235.1,96118,154
CP048235.1,96583,1647
CP048235.1,96587,79
CP048235.1,96645,795
CP048235.1,96829,817
CP048235.1,96845,1
CP048235.1,96852,3152
CP048235.1,96883,851
CP048235.1,96908,438
CP048235.1,96924,1
CP048235.1,96961,119
CP048235.1,97010,37
CP048235.1,99895,1489
CP048235.1,99902,871
CP048235.1,100692,2
CP048235.1,101583,35
CP048235.1,101590,3288
CP048235.1,102190,1
CP048235.1,102276,929
CP048235.1,102707,636
CP048235.1,103605,1019
CP048235.1,104162,1
CP048235.1,105944,249
CP048235.1,105983,158
CP048235.1,106049,11
CP048235.1,106744,83
CP048235.1,108643,5
CP048235.1,109118,1
CP048235.1,109128,1
CP048235.1,109131,89
CP048235.1,109166,27
CP048235.1,110929,329
CP048235.1,110937,39
CP048235.1,112433,121
CP048235.1,112809,1249
CP048235.1,113045,484
CP048235.1,115163,83
CP048235.1,115512,1182
CP048235.1,115538,606
CP048235.1,115542,739
CP048235.1,115545,86
CP048235.1,116888,1021
CP048235.1,119249,2
CP048235.1,119917,142
CP048235.1,120662,28
CP048235.1,120828,1
CP048235.1,120980,1
CP048235.1,122800,818
CP048235.1,123973,2660
CP048235.1,124033,1
CP048235.1,124109,203
CP048235.1,124144,795
CP048235.1,124182,441
CP048235.1,126352,5
CP048235.1,126357,1
CP048235.1,126520,22
CP048235.1,126533,29
CP048235.1,126535,1529
CP048235.1,126537,1
CP048235.1,127894,208
CP048235.1,128196,1479
CP048235.1,128704,133
CP048235.1,128756,3783
CP048235.1,128853,2039
CP048235.1,128931,1
CP048235.1,129063,35
CP048235.1,129064,1
CP048235.1,129090,17
CP048235.1,130875,1161
CP048235.1,134532,3060
CP048235.1,134554,1726
CP048235.1,135014,509
CP048235.1,135071,699
CP048235.1,135090,133
CP048235.1,136353,1
CP048235.1,136391,176
CP048235.1,138221,1001
CP048235.1,138296,3291
CP048235.1,138303,3782
CP048235.1,138370,2520
CP048235.1,138530,1
CP048235.1,140187,561
CP048235.1,140340,432
CP048235.1,140636,1
CP048235.1,141298,120
CP048235.1,141308,1639
CP048235.1,141629,1
CP048235.1,141795,448
CP048235.1,141862,76
CP048235.1,142388,1260
CP048235.1,142681,616
CP048235.1,143061,206
CP048235.1,143328,1055
CP048235.1,143843,228
CP048235.1,143850,248
CP048235.1,143903,868
CP048235.1,143906,3
CP048235.1,143907,3
CP048235.1,143914,311
CP048235.1,144058,242
CP048235.1,144081,22
CP048235.1,144143,23
CP048235.1,144245,142
CP048235.1,144795,1
CP048235.1,144916,1
CP048235.1,145072,190
CP048235.1,145118,243
CP048235.1,145124,456
CP048235.1,145137,85
CP048235.1,145193,1
CP048235.1,145369,2440
CP048235.1,145507,101
CP048235.1,145514,1892
CP048235.1,145616,1568
CP048235.1,145621,1
CP048235.1,145958,1
CP048235.1,146410,221
CP048235.1,146432,840
CP048235.1,146440,2
CP048235.1,147798,5
CP048235.1,148110,1
CP048235.1,148117,73
CP048235.1,148171,480
CP048235.1,148208,8
CP048235.1,149413,2
CP048235.1,149511,2473
CP048235.1,149600,9
CP048235.1,149931,1
CP048235.1,149979,1
CP048235.1,150389,1
CP048235.1,150498,23
CP048235.1,150528,1310
CP048235.1,150674,876
CP048235.1,150676,743
CP048235.1,150678,117
CP048235.1,150681,55
CP048235.1,150791,884
CP048235.1,151504,1072
CP048235.1,152193,13
CP048235.1,153162,715
CP048235.1,153179,18
CP048235.1,153186,28
CP048235.1,153189,1221
CP048235.1,153197,795
CP048235.1,153198,956
CP048235.1,153464,1315
CP048235.1,156181,1
CP048235.1,156401,1719
CP048235.1,156657,58
CP048235.1,158214,2194
CP048235.1,160142,1
CP048235.1,160492,2847
CP048235.1,160608,714
CP048235.1,161193,27
CP048235.1,161200,1
CP048235.1,161558,1
CP048235.1,161719,1
CP048235.1,161731,726
CP048235.1,161843,8
CP048235.1,161844,1229
CP048235.1,161977,36
CP048235.1,162000,1
CP048235.1,162094,1829
CP048235.1,162180,1247
CP048235.1,162187,598
CP048235.1,162235,1736
CP048235.1,162242,5
CP048235.1,162259,3144
CP048235.1,162266,4010
CP048235.1,162268,522
CP048235.1,162352,1250
CP048235.1,162367,1203
CP048235.1,162475,1817
CP048235.1,162532,58
CP048235.1,162539,451
CP048235.1,162565,2
CP048235.1,162590,1451
CP048235.1,162594,801
CP048235.1,162649,121
CP048235.1,162658,624
CP048235.1,162882,479
CP048235.1,162939,10
CP048235.1,163167,966
CP048235.1,163221,372
CP048235.1,163261,3
CP048235.1,163268,637
CP048235.1,163270,1
CP048235.1,163293,190
CP048235.1,163300,665
CP048235.1,163341,1807
CP048235.1,163348,1047
CP048235.1,163511,2
CP048235.1,163586,2
CP048235.1,163597,4905
CP048235.1,163631,50
CP048235.1,163650,157
CP048235.1,163653,1
CP048235.1,163698,2259
CP048235.1,163705,9630
CP048235.1,163707,4039
CP048235.1,163719,1438
CP048235.1,163726,2
CP048235.1,163741,1
CP048235.1,163745,2528
CP048235.1,163748,594
CP048235.1,163819,1
CP048235.1,163820,1328
CP048235.1,163826,1
CP048235.1,163858,601
CP048235.1,163913,547
CP048235.1,163927,188
CP048235.1,163982,1
CP048235.1,165479,1
CP048235.1,165656,7
CP048235.1,165874,2591
CP048235.1,165976,272
CP048235.1,166285,2625
CP048235.1,166633,552
CP048235.1,167008,1137
CP048235.1,167015,1217
CP048235.1,167020,4356
CP048235.1,167023,445
CP048235.1,167029,114
CP048235.1,167049,69
CP048235.1,167063,247
CP048235.1,167065,256
CP048235.1,167119,1
CP048235.1,167126,3267
CP048235.1,167169,2
CP048235.1,167170,2808
CP048235.1,167177,2
CP048235.1,167215,62
CP048235.1,167239,1
CP048235.1,167280,1282
CP048235.1,167367,1891
CP048235.1,167419,357
CP048235.1,167426,1
CP048235.1,167427,2678
CP048235.1,167434,1
CP048235.1,167625,4666
CP048235.1,169833,297
CP048235.1,170149,546
CP048235.1,171376,28
CP048235.1,172652,778
CP048235.1,173554,1342
CP048235.1,174937,1
CP048235.1,179099,451
CP048235.1,179158,524
CP048235.1,179465,1
CP048235.1,179996,1994
CP048235.1,180027,452
CP048235.1,180431,1064
CP048235.1,180956,1804
CP048235.1,180992,1
CP048235.1,181043,299
CP048235.1,181316,201
CP048235.1,181380,73
CP048235.1,181511,62
CP048235.1,184990,881
CP048235.1,184992,24
CP048235.1,185282,1116
CP048235.1,185557,3045
CP048235.1,185826,9
CP048235.1,185833,1
CP048235.1,185848,1135
CP048235.1,185997,1039
CP048235.1,186004,942
CP048235.1,186024,1
CP048235.1,186314,113
CP048235.1,186368,13
CP048235.1,186378,3358
CP048235.1,186385,1
CP048235.1,186419,841
CP048235.1,186434,564
CP048235.1,186439,1
CP048235.1,186441,94
CP048235.1,186447,288
CP048235.1,186666,470
CP048235.1,186696,537
CP048235.1,186703,3
CP048235.1,186750,128
CP048235.1,186752,362
CP048235.1,186757,2033
CP048235.1,187326,588
CP048235.1,187789,1661
CP048235.1,187969,60
CP048235.1,188197,1712
CP048235.1,188803,1572
CP048235.1,188859,194
CP048235.1,189325,444
CP048235.1,189714,1204
CP048235.1,191034,63
CP048235.1,191384,695
CP048235.1,191391,1
CP048235.1,191411,716
CP048235.1,191445,961
CP048235.1,191452,497
CP048235.1,191516,85
CP048235.1,191934,1
CP048235.1,193174,1
CP048235.1,193627,1
CP048235.1,193687,1996
CP048235.1,193694,44
CP048235.1,193751,1
CP048235.1,193758,1
CP048235.1,193761,3564
CP048235.1,193786,1181
CP048235.1,193797,1438
CP048235.1,193804,1549
CP048235.1,193808,1324
CP048235.1,193865,102
CP048235.1,193882,48
CP048235.1,193965,1072
CP048235.1,193972,683
CP048235.1,193987,673
CP048235.1,194219,276
CP048235.1,194454,2374
CP048235.1,194455,1
CP048235.1,194761,1
CP048235.1,194873,1763
CP048235.1,195146,136
CP048235.1,195322,1
CP048235.1,195476,1
CP048235.1,197477,958
CP048235.1,198599,38
CP048235.1,199012,325
CP048235.1,199568,151
CP048235.1,199575,342
CP048235.1,199916,80
CP048235.1,200131,1
CP048235.1,200143,258
CP048235.1,201822,46
CP048235.1,202025,368
CP048235.1,202192,1
CP048235.1,202519,1150
CP048235.1,202537,1
CP048235.1,202545,1274
CP048235.1,202557,1
CP048235.1,203481,373
CP048235.1,205367,1
CP048235.1,205394,1
CP048235.1,205434,1
CP048235.1,205526,2823
CP048235.1,205552,621
CP048235.1,205811,1075
CP048235.1,206114,285
CP048235.1,206250,1
CP048235.1,206533,521
CP048235.1,206811,1
CP048235.1,207026,286
CP048235.1,207068,9034
CP048235.1,207072,5261
CP048235.1,207075,2
CP048235.1,207085,4
CP048235.1,207100,2745
CP048235.1,207107,2685
CP048235.1,207113,3671
CP048235.1,207120,4730
CP048235.1,207127,7
CP048235.1,207141,882
CP048235.1,207148,1
CP048235.1,207160,51
CP048235.1,207254,1
CP048235.1,207261,537
CP048235.1,207273,269
CP048235.1,207278,14
CP048235.1,207320,1
CP048235.1,207327,578
CP048235.1,207331,324
CP048235.1,207354,1746
CP048235.1,207460,1
CP048235.1,207790,376
CP048235.1,207994,16
CP048235.1,208026,2
CP048235.1,208144,1
CP048235.1,208326,87
CP048235.1,208328,1660
CP048235.1,208335,201
CP048235.1,208365,1
CP048235.1,208566,973
CP048235.1,208610,1
CP048235.1,208617,1
CP048235.1,208637,441
CP048235.1,210525,4
CP048235.1,211877,1
CP048235.1,214968,1
CP048235.1,219065,2925
CP048235.1,219072,1186
CP048235.1,219114,1243
CP048235.1,219239,546
CP048235.1,219245,3
CP048235.1,219354,1
CP048235.1,219635,1147
CP048235.1,220562,2237
CP048235.1,220781,56
CP048235.1,222370,628
CP048235.1,222827,1343
CP048235.1,223179,211
CP048235.1,224620,521
CP048235.1,225945,3537
CP048235.1,225964,118
CP048235.1,227406,6
CP048235.1,227639,1
CP048235.1,227657,1054
CP048235.1,227665,2
CP048235.1,228047,1
CP048235.1,228362,2
CP048235.1,228383,2
CP048235.1,228658,1220
CP048235.1,229203,81
CP048235.1,229408,13
CP048235.1,229945,1407
CP048235.1,230721,1394
CP048235.1,230728,1042
CP048235.1,230908,64
CP048235.1,230989,53
CP048235.1,231353,180
CP048235.1,231960,121
CP048235.1,231967,1
CP048235.1,232504,15
CP048235.1,232675,1
CP048235.1,232682,3442
CP048235.1,233324,954
CP048235.1,233354,1080
CP048235.1,233360,433
CP048235.1,233510,30
CP048235.1,233595,729
CP048235.1,233597,188
CP048235.1,233602,2
CP048235.1,233763,1
CP048235.1,233921,1526
CP048235.1,233928,847
CP048235.1,234101,1093
CP048235.1,234291,173
CP048235.1,234497,1111
CP048235.1,234570,1
CP048235.1,234622,11
CP048235.1,234761,49
CP048235.1,234798,1017
CP048235.1,234805,469
CP048235.1,234861,1305
CP048235.1,235074,1
CP048235.1,235091,1388
CP048235.1,235267,1
CP048235.1,235329,697
CP048235.1,235334,1032
CP048235.1,235356,1
CP048235.1,235425,300
CP048235.1,235457,300
CP048235.1,235572,26
CP048235.1,235715,2755
CP048235.1,235722,857
CP048235.1,235730,1
CP048235.1,235843,1
CP048235.1,235845,1020
CP048235.1,235881,1
CP048235.1,236680,26
CP048235.1,237245,30
CP048235.1,237404,1903
CP048235.1,239259,1
CP048235.1,239403,61
CP048235.1,239410,331
CP048235.1,239423,1
CP048235.1,239427,1
CP048235.1,239429,1
CP048235.1,239436,132
CP048235.1,239443,593
CP048235.1,240388,230
CP048235.1,240437,107
CP048235.1,240454,277
CP048235.1,240664,93
CP048235.1,240671,1452
CP048235.1,240762,352
CP048235.1,240857,20
CP048235.1,240943,2
CP048235.1,241035,33
CP048235.1,241080,54
CP048235.1,241149,1
CP048235.1,241156,386
CP048235.1,241158,391
CP048235.1,241187,335
CP048235.1,241202,6
CP048235.1,241291,920
CP048235.1,241354,327
CP048235.1,241358,1
CP048235.1,241361,2025
CP048235.1,241610,1
CP048235.1,241876,851
CP048235.1,241883,57
CP048235.1,241944,151
CP048235.1,242101,200
CP048235.1,242243,771
CP048235.1,242311,2923
CP048235.1,242416,1
CP048235.1,242655,1617
CP048235.1,242825,1
CP048235.1,243189,1
CP048235.1,243380,221
CP048235.1,243682,1
CP048235.1,243762,1
CP048235.1,244019,802
CP048235.1,244208,639
CP048235.1,244851,1
CP048235.1,245724,810
CP048235.1,246343,1
CP048235.1,246580,1
CP048235.1,246646,998
CP048235.1,246683,1081
CP048235.1,246718,612
CP048235.1,246764,965
CP048235.1,246925,1044
CP048235.1,247003,308
CP048235.1,247010,21
CP048235.1,247099,2154
CP048235.1,247158,1339
CP048235.1,247204,1630
CP048235.1,247211,1452
CP048235.1,247221,193
CP048235.1,247226,1
CP048235.1,247228,1
CP048235.1,247241,775
CP048235.1,247246,1
CP048235.1,247247,1723
CP048235.1,247251,1
CP048235.1,247253,50
CP048235.1,247274,2266
CP048235.1,247279,1294
CP048235.1,247281,1
CP048235.1,247284,1706
CP048235.1,247291,1
CP048235.1,247324,15
CP048235.1,247336,3677
CP048235.1,247340,2184
CP048235.1,247347,2280
CP048235.1,247372,2
CP048235.1,247377,143
CP048235.1,247386,1084
CP048235.1,247475,19
CP048235.1,247476,1616
CP048235.1,247483,59
CP048235.1,247518,370
CP048235.1,247525,236
CP048235.1,247527,1862
CP048235.1,247534,1186
CP048235.1,247546,141
CP048235.1,247553,1910
CP048235.1,247554,216
CP048235.1,247561,2904
CP048235.1,247690,1282
CP048235.1,247692,205
CP048235.1,247694,1
CP048235.1,247709,402
CP048235.1,247737,1
CP048235.1,247756,9
CP048235.1,247767,1
CP048235.1,247792,1
CP048235.1,247801,1312
CP048235.1,247809,3
CP048235.1,247816,1125
CP048235.1,247817,42
CP048235.1,247823,167
CP048235.1,247826,1707
CP048235.1,247831,2573
CP048235.1,247834,2304
CP048235.1,247838,2784
CP048235.1,247883,119
CP048235.1,247894,1915
CP048235.1,247895,1889
CP048235.1,247896,1449
CP048235.1,247901,424
CP048235.1,247903,2357
CP048235.1,247910,20
CP048235.1,247917,167
CP048235.1,247974,53
CP048235.1,247975,142
CP048235.1,248016,80
CP048235.1,248029,2
CP048235.1,248063,92
CP048235.1,248069,48
CP048235.1,248080,445
CP048235.1,248105,64
CP048235.1,248115,47
CP048235.1,248162,150
CP048235.1,248169,1154
CP048235.1,248292,9
CP048235.1,248435,1306
CP048235.1,248735,66
CP048235.1,248896,4244
CP048235.1,248900,1
CP048235.1,248913,1351
CP048235.1,249143,1122
CP048235.1,249255,1
CP048235.1,249372,1
CP048235.1,249793,1
CP048235.1,249794,1807
CP048235.1,250273,1448
CP048235.1,250381,1
CP048235.1,250576,1
CP048235.1,250704,1335
CP048235.1,251494,1344
CP048235.1,252896,1007
CP048235.1,253040,17
CP048235.1,253061,1
CP048235.1,253077,74
CP048235.1,253104,187
CP048235.1,253336,1
CP048235.1,253343,21
CP048235.1,253656,1086
CP048235.1,254816,1
CP048235.1,254903,1080
CP048235.1,254925,1606
CP048235.1,256317,728
CP048235.1,257426,35
CP048235.1,257721,1084
CP048235.1,257728,126
CP048235.1,257754,148
CP048235.1,257888,333
CP048235.1,258277,770
CP048235.1,258342,19
CP048235.1,258368,712
CP048235.1,258375,427
CP048235.1,258376,12
CP048235.1,258387,992
CP048235.1,258398,2923
CP048235.1,258404,1247
CP048235.1,258405,2
CP048235.1,258411,31
CP048235.1,258425,26
CP048235.1,258429,4
CP048235.1,258462,4910
CP048235.1,258469,6941
CP048235.1,258512,1
CP048235.1,258537,787
CP048235.1,258575,1769
CP048235.1,258611,576
CP048235.1,258626,2407
CP048235.1,258635,2360
CP048235.1,258665,130
CP048235.1,258716,1202
CP048235.1,258723,392
CP048235.1,258779,2189
CP048235.1,258786,34
CP048235.1,258813,2139
CP048235.1,258820,42
CP048235.1,258830,1373
CP048235.1,258839,6
CP048235.1,258866,831
CP048235.1,258877,1607
CP048235.1,258884,1411
CP048235.1,258886,732
CP048235.1,258895,12
CP048235.1,258911,14
CP048235.1,258967,1
CP048235.1,258999,8
CP048235.1,260787,1
CP048235.1,261289,340
CP048235.1,264551,241
CP048235.1,264608,758
CP048235.1,264633,89
CP048235.1,264691,978
CP048235.1,264824,880
CP048235.1,264938,132
CP048235.1,265008,55
CP048235.1,265061,129
CP048235.1,265191,1035
CP048235.1,265194,667
CP048235.1,265198,185
CP048235.1,265350,1546
CP048235.1,265374,1
CP048235.1,265449,405
CP048235.1,266290,3
CP048235.1,266454,1
CP048235.1,266486,222
CP048235.1,266493,2341
CP048235.1,266651,42
CP048235.1,266958,1
CP048235.1,268297,51
CP048235.1,269098,1
CP048235.1,269996,79
CP048235.1,270003,4294
CP048235.1,270069,936
CP048235.1,271700,908
CP048235.1,272386,9
CP048235.1,273989,7
CP048235.1,275056,57
CP048235.1,275086,742
CP048235.1,275170,486
CP048235.1,275201,1197
CP048235.1,275207,2140
CP048235.1,275214,351
CP048235.1,275240,1
CP048235.1,275280,1
CP048235.1,275294,1
CP048235.1,275365,1
CP048235.1,275369,1
CP048235.1,275375,1614
CP048235.1,275408,172
CP048235.1,275646,1
CP048235.1,275648,1
CP048235.1,275684,1
CP048235.1,275851,546
CP048235.1,275875,1
CP048235.1,275923,182
CP048235.1,275930,902
CP048235.1,275964,1005
CP048235.1,275971,1116
CP048235.1,275996,226
CP048235.1,276003,3652
CP048235.1,276010,4
CP048235.1,276012,1
CP048235.1,276014,1337
CP048235.1,276166,1
CP048235.1,276340,2830
CP048235.1,276598,3
CP048235.1,276859,1
CP048235.1,277417,1331
CP048235.1,279025,26
CP048235.1,284748,1209
CP048235.1,284798,167
CP048235.1,285259,1
CP048235.1,285266,338
CP048235.1,285726,1299
CP048235.1,285890,1532
CP048235.1,286596,677
CP048235.1,287301,2053
CP048235.1,288259,1697
CP048235.1,288805,408
CP048235.1,289326,25
CP048235.1,289892,1
CP048235.1,290208,60
CP048235.1,290261,2046
CP048235.1,290630,1437
CP048235.1,290714,1370
CP048235.1,291025,804
CP048235.1,291027,1
CP048235.1,291032,918
CP048235.1,291040,1
CP048235.1,291083,99
CP048235.1,292195,2762
CP048235.1,293673,2
CP048235.1,293880,11
CP048235.1,293887,1524
CP048235.1,294206,404
CP048235.1,294847,976
CP048235.1,294987,1
CP048235.1,295022,157
CP048235.1,295038,1
CP048235.1,295048,1012
CP048235.1,295062,2428
CP048235.1,295069,1
CP048235.1,295169,2050
CP048235.1,297964,5
CP048235.1,297985,1373
CP048235.1,297992,42
CP048235.1,298008,854
CP048235.1,298061,1
CP048235.1,300297,489
CP048235.1,300333,31
CP048235.1,300383,692
CP048235.1,300390,727
CP048235.1,300392,1206
CP048235.1,300418,1
CP048235.1,300420,340
CP048235.1,300421,1491
CP048235.1,300427,113
CP048235.1,300429,1432
CP048235.1,300785,287
CP048235.1,300790,1
CP048235.1,302204,160
CP048235.1,302560,177
CP048235.1,302575,3564
CP048235.1,302619,52
CP048235.1,302816,640
CP048235.1,302853,379
CP048235.1,302856,136
CP048235.1,302860,1701
CP048235.1,302862,1
CP048235.1,302869,1
CP048235.1,302925,1
CP048235.1,302932,1
CP048235.1,302980,1
CP048235.1,303040,815
CP048235.1,303085,5147
CP048235.1,303092,977
CP048235.1,303114,2037
CP048235.1,303139,1
CP048235.1,303140,948
CP048235.1,303146,1493
CP048235.1,303147,1
CP048235.1,303353,1806
CP048235.1,303584,1
CP048235.1,303591,1047
CP048235.1,303916,33
CP048235.1,303923,48
CP048235.1,303944,133
CP048235.1,304523,126
CP048235.1,304602,1789
CP048235.1,307427,1311
CP048235.1,307505,178
CP048235.1,307506,2
CP048235.1,307516,1151
CP048235.1,307544,2013
CP048235.1,309212,1
CP048235.1,315413,910
CP048235.1,316128,1
CP048235.1,316635,1
CP048235.1,317776,1089
CP048235.1,317783,386
CP048235.1,317809,1
CP048235.1,317855,1087
CP048235.1,317873,722
CP048235.1,318239,1
CP048235.1,320613,1554
CP048235.1,320766,16
CP048235.1,321740,1
CP048235.1,322712,47
CP048235.1,322771,468
CP048235.1,324907,1333
CP048235.1,324914,70
CP048235.1,327814,875
CP048235.1,328481,825
CP048235.1,328715,13
CP048235.1,331232,1
CP048235.1,332589,76
CP048235.1,335024,2
CP048235.1,335130,1320
CP048235.1,338971,1279
CP048235.1,339665,2596
CP048235.1,339740,1451
CP048235.1,339826,711
CP048235.1,339833,2228
CP048235.1,340156,223
CP048235.1,340180,795
CP048235.1,340205,1114
CP048235.1,340481,1517
CP048235.1,340541,1259
CP048235.1,340576,2
CP048235.1,340612,2951
CP048235.1,340643,1329
CP048235.1,340664,287
CP048235.1,340673,1
CP048235.1,340681,433
CP048235.1,340688,1
CP048235.1,340699,1521
CP048235.1,340727,11
CP048235.1,340728,62
CP048235.1,340733,540
CP048235.1,340748,1
CP048235.1,340895,6
CP048235.1,340990,995
CP048235.1,342728,24
CP048235.1,342971,1
CP048235.1,345529,1427
CP048235.1,345864,439
CP048235.1,345871,762
CP048235.1,345904,38
CP048235.1,345915,420
CP048235.1,346001,5978
CP048235.1,346008,1870
CP048235.1,346009,1
CP048235.1,346018,500
CP048235.1,346022,391
CP048235.1,346029,51
CP048235.1,346158,17
CP048235.1,346179,7
CP048235.1,346214,145
CP048235.1,346216,1
CP048235.1,346312,1314
CP048235.1,346316,1953
CP048235.1,346332,3140
CP048235.1,346339,2
CP048235.1,349440,1
CP048235.1,350071,1430
CP048235.1,350124,11
CP048235.1,350125,290
CP048235.1,350139,1846
CP048235.1,350142,107
CP048235.1,350173,14
CP048235.1,350203,4
CP048235.1,350236,187
CP048235.1,350242,211
CP048235.1,350249,1553
CP048235.1,350294,1
CP048235.1,350301,1
CP048235.1,350352,965
CP048235.1,350359,674
CP048235.1,350388,327
CP048235.1,353427,1
CP048235.1,353486,83
CP048235.1,353552,1418
CP048235.1,357231,552
CP048235.1,357575,3679
CP048235.1,357599,1
CP048235.1,358218,1716
CP048235.1,358231,1
CP048235.1,358238,78
CP048235.1,358253,1630
CP048235.1,358261,640
CP048235.1,359087,1
CP048235.1,359199,765
CP048235.1,361449,782
CP048235.1,361589,142
CP048235.1,361722,537
CP048235.1,361743,3
CP048235.1,361945,87
CP048235.1,361966,763
CP048235.1,362082,19
CP048235.1,362298,185
CP048235.1,362305,1308
CP048235.1,362371,879
CP048235.1,364044,94
CP048235.1,365156,81
CP048235.1,368898,1
CP048235.1,369133,2
CP048235.1,369222,1
CP048235.1,369252,86
CP048235.1,369604,1290
CP048235.1,369820,1
CP048235.1,370442,2615
CP048235.1,370449,1728
CP048235.1,370835,538
CP048235.1,371232,1
CP048235.1,372802,1
CP048235.1,373350,15
CP048235.1,373843,1
CP048235.1,373926,393
CP048235.1,375108,1
CP048235.1,376644,434
CP048235.1,376712,1
CP048235.1,376720,8
CP048235.1,376729,518
CP048235.1,376791,142
CP048235.1,376855,185
CP048235.1,376857,730
CP048235.1,376858,267
CP048235.1,376862,28
CP048235.1,376996,1
CP048235.1,377000,1214
CP048235.1,377007,104
CP048235.1,377242,1
CP048235.1,377249,1561
CP048235.1,377266,314
CP048235.1,377279,809
CP048235.1,378815,1
CP048235.1,378817,1496
CP048235.1,385276,4
CP048235.1,385440,1462
CP048235.1,386314,1
CP048235.1,386725,1
CP048235.1,386851,781
CP048235.1,390005,140
CP048235.1,390091,482
CP048235.1,390098,1200
CP048235.1,391269,318
CP048235.1,391422,27
CP048235.1,391957,1
CP048235.1,394531,218
CP048235.1,394896,1002
CP048235.1,400301,6
CP048235.1,402172,1568
CP048235.1,405207,19
CP048235.1,405352,916
CP048235.1,407131,1301
CP048235.1,408393,2939
CP048235.1,409402,41
CP048235.1,409409,67
CP048235.1,410156,78
CP048235.1,411973,1210
CP048235.1,412779,50
CP048235.1,415472,4
CP048235.1,416524,98
CP048235.1,417920,108
CP048235.1,418307,1
CP048235.1,418344,446
CP048235.1,421921,1
CP048235.1,423681,1477
CP048235.1,424207,2
CP048235.1,424419,572
CP048235.1,425056,1945
CP048235.1,426280,1041
CP048235.1,426688,1
CP048235.1,426692,449
CP048235.1,426750,1
CP048235.1,426804,1013
CP048235.1,426828,335
CP048235.1,426842,12
CP048235.1,427181,214
CP048235.1,427657,1506
CP048235.1,427785,1902
CP048235.1,427890,9
CP048235.1,429240,316
CP048235.1,429396,1121
CP048235.1,429635,75
CP048235.1,429871,97
CP048235.1,429924,411
CP048235.1,429959,1679
CP048235.1,429981,5
CP048235.1,430061,313
CP048235.1,430068,1
CP048235.1,430954,2
CP048235.1,430958,598
CP048235.1,430963,2
CP048235.1,431056,1368
CP048235.1,431269,7
CP048235.1,431388,3165
CP048235.1,431441,1099
CP048235.1,431780,3971
CP048235.1,431787,350
CP048235.1,431955,1
CP048235.1,431962,62
CP048235.1,432043,39
CP048235.1,432116,1
CP048235.1,432123,1
CP048235.1,432197,93
CP048235.1,432218,306
CP048235.1,432389,7
CP048235.1,432610,1
CP048235.1,432789,403
CP048235.1,432871,1408
CP048235.1,432973,100
CP048235.1,433002,160
CP048235.1,433192,92
CP048235.1,433304,2
CP048235.1,433306,2986
CP048235.1,433437,2918
CP048235.1,433444,812
CP048235.1,433456,2224
CP048235.1,433463,1432
CP048235.1,433638,490
CP048235.1,433645,802
CP048235.1,433646,3
CP048235.1,433653,1
CP048235.1,433660,1
CP048235.1,434909,1399
CP048235.1,435528,1
CP048235.1,435603,1
CP048235.1,435606,55
CP048235.1,435671,1110
CP048235.1,436647,2
CP048235.1,436693,1
CP048235.1,436930,1
CP048235.1,438430,77
CP048235.1,438496,677
CP048235.1,438615,1
CP048235.1,438875,1
CP048235.1,438882,236
CP048235.1,438910,19
CP048235.1,438932,335
CP048235.1,438952,1169
CP048235.1,438959,1295
CP048235.1,438975,72
CP048235.1,439035,1
CP048235.1,439055,2
CP048235.1,445163,34
CP048235.1,450739,1425
CP048235.1,450867,136
CP048235.1,450985,812
CP048235.1,451241,1
CP048235.1,458847,15
CP048235.1,458956,1
CP048235.1,458963,272
CP048235.1,459522,1449
CP048235.1,462323,1011
CP048235.1,462404,418
CP048235.1,462411,5
CP048235.1,462437,1121
CP048235.1,462519,74
CP048235.1,462962,735
CP048235.1,462969,74
CP048235.1,462988,1
CP048235.1,463149,3
CP048235.1,463151,9
CP048235.1,463453,1
CP048235.1,463839,144
CP048235.1,463866,1390
CP048235.1,464073,332
CP048235.1,464143,63
CP048235.1,465851,724
CP048235.1,466677,131
CP048235.1,468230,2349
CP048235.1,468907,698
CP048235.1,468914,79
CP048235.1,469364,71
CP048235.1,469572,1841
CP048235.1,469691,2185
CP048235.1,469757,2286
CP048235.1,470326,533
CP048235.1,470338,360
CP048235.1,470452,1012
CP048235.1,470544,1
CP048235.1,470634,98
CP048235.1,470727,666
CP048235.1,471020,284
CP048235.1,471033,1484
CP048235.1,471046,741
CP048235.1,471101,936
CP048235.1,471175,986
CP048235.1,471770,746
CP048235.1,471958,491
CP048235.1,472061,146
CP048235.1,472175,740
CP048235.1,472182,109
CP048235.1,472299,1
CP048235.1,472439,286
CP048235.1,472446,70
CP048235.1,472449,1072
CP048235.1,472573,226
CP048235.1,472638,1160
CP048235.1,472663,194
CP048235.1,472870,315
CP048235.1,472895,314
CP048235.1,473072,6
CP048235.1,473147,235
CP048235.1,473201,1
CP048235.1,473208,2091
CP048235.1,473451,2
CP048235.1,473541,89
CP048235.1,473583,1
CP048235.1,473859,663
CP048235.1,476901,1
CP048235.1,477017,6
CP048235.1,477063,1
CP048235.1,477870,307
CP048235.1,477872,1
CP048235.1,478221,1179
CP048235.1,479440,10
CP048235.1,481739,867
CP048235.1,482911,1012
CP048235.1,482953,322
CP048235.1,484544,806
CP048235.1,484884,908
CP048235.1,484891,99
CP048235.1,484936,1411
CP048235.1,484985,1
CP048235.1,486196,1084
CP048235.1,486251,1
CP048235.1,486383,360
CP048235.1,486388,193
CP048235.1,486395,1
CP048235.1,486413,4
CP048235.1,486527,987
CP048235.1,486701,534
CP048235.1,486717,8
CP048235.1,486724,41
CP048235.1,486899,102
CP048235.1,486948,5
CP048235.1,486989,1
CP048235.1,486995,456
CP048235.1,487103,486
CP048235.1,488633,52
CP048235.1,488643,597
CP048235.1,488645,707
CP048235.1,488647,1827
CP048235.1,488654,48
CP048235.1,488730,1206
CP048235.1,489031,390
CP048235.1,489035,1
CP048235.1,489072,1977
CP048235.1,489236,386
CP048235.1,489799,246
CP048235.1,492165,6
CP048235.1,492444,87
CP048235.1,492451,114
CP048235.1,492489,32
CP048235.1,496282,1154
CP048235.1,496795,1198
CP048235.1,496797,104
CP048235.1,496802,1
CP048235.1,496900,701
CP048235.1,496963,595
CP048235.1,496972,1
CP048235.1,496999,26
CP048235.1,497026,1
CP048235.1,497981,1573
CP048235.1,501020,1
CP048235.1,501353,121
CP048235.1,501360,48
CP048235.1,501679,320
CP048235.1,501870,280
CP048235.1,501912,830
CP048235.1,501913,124
CP048235.1,501939,553
CP048235.1,501946,1579
CP048235.1,501949,1486
CP048235.1,501964,241
CP048235.1,502014,2
CP048235.1,502039,2968
CP048235.1,502065,947
CP048235.1,502072,1210
CP048235.1,505240,13
CP048235.1,508753,3506
CP048235.1,508810,13
CP048235.1,508835,2998
CP048235.1,509038,6242
CP048235.1,509084,679
CP048235.1,509364,1
CP048235.1,509534,182
CP048235.1,509990,1
CP048235.1,510665,1901
CP048235.1,510751,1
CP048235.1,516388,1
CP048235.1,516857,1093
CP048235.1,516963,2043
CP048235.1,517022,385
CP048235.1,517049,2370
CP048235.1,517314,1531
CP048235.1,517318,1843
CP048235.1,517384,36
CP048235.1,517991,1697
CP048235.1,518027,215
CP048235.1,518032,344
CP048235.1,518099,93
CP048235.1,526590,44
CP048235.1,526650,1
CP048235.1,529249,1
CP048235.1,530233,43
CP048235.1,530390,1866
CP048235.1,530604,1
CP048235.1,531270,579
CP048235.1,532089,1079
CP048235.1,532335,5
CP048235.1,532477,1
CP048235.1,532880,1058
CP048235.1,533012,879
CP048235.1,533641,326
CP048235.1,533695,26
CP048235.1,533697,223
CP048235.1,533701,1
CP048235.1,533708,1684
CP048235.1,533803,1
CP048235.1,535750,315
CP048235.1,536164,402
CP048235.1,536415,1886
CP048235.1,536800,369
CP048235.1,537582,1146
CP048235.1,537660,104
CP048235.1,537787,3
CP048235.1,538927,645
CP048235.1,539586,204
CP048235.1,544439,31
CP048235.1,544466,465
CP048235.1,546937,997
CP048235.1,547275,340
CP048235.1,547308,7
CP048235.1,547372,210
CP048235.1,549459,1
CP048235.1,549466,272
CP048235.1,549881,289
CP048235.1,550038,1
CP048235.1,550831,857
CP048235.1,550876,13
CP048235.1,550877,35
CP048235.1,551130,1
CP048235.1,551167,113
CP048235.1,551258,742
CP048235.1,551265,646
CP048235.1,551288,642
CP048235.1,551360,1
CP048235.1,551406,731
CP048235.1,551413,1460
CP048235.1,551419,410
CP048235.1,551662,41
CP048235.1,551703,412
CP048235.1,551708,1
CP048235.1,551710,1690
CP048235.1,551718,339
CP048235.1,551840,70
CP048235.1,551986,4
CP048235.1,551988,29
CP048235.1,551993,1
CP048235.1,554508,1
CP048235.1,555215,1
CP048235.1,555400,6
CP048235.1,555926,1
CP048235.1,562209,10
CP048235.1,562261,1109
CP048235.1,562327,4
CP048235.1,562347,1292
CP048235.1,566056,1
CP048235.1,566530,401
CP048235.1,573073,856
CP048235.1,574461,844
CP048235.1,576066,452
CP048235.1,576595,37
CP048235.1,576597,98
CP048235.1,576606,116
CP048235.1,576634,85
CP048235.1,577208,2
CP048235.1,577262,1
CP048235.1,577405,297
CP048235.1,580008,575
CP048235.1,580015,4
CP048235.1,584070,708
CP048235.1,584431,2508
CP048235.1,584484,232
CP048235.1,584493,1
CP048235.1,584560,1
CP048235.1,584634,123
CP048235.1,585712,79
CP048235.1,587426,131
CP048235.1,591659,33
CP048235.1,592210,161
CP048235.1,592217,212
CP048235.1,592384,2
CP048235.1,592592,336
CP048235.1,599093,286
CP048235.1,599323,508
CP048235.1,600840,1
CP048235.1,600847,159
CP048235.1,600894,151
CP048235.1,601308,638
CP048235.1,602432,1
CP048235.1,602449,19
CP048235.1,602450,1
CP048235.1,602451,133
CP048235.1,602453,186
CP048235.1,602455,716
CP048235.1,602456,1459
CP048235.1,602457,115
CP048235.1,602458,1
CP048235.1,602459,146
CP048235.1,602461,1513
CP048235.1,602465,475
CP048235.1,602618,2
CP048235.1,602763,498
CP048235.1,602796,132
CP048235.1,602803,3
CP048235.1,602871,1
CP048235.1,602915,197
CP048235.1,608286,819
CP048235.1,609437,1236
CP048235.1,609466,2
CP048235.1,612464,764
CP048235.1,612826,17
CP048235.1,615404,1765
CP048235.1,615407,1451
CP048235.1,615430,1
CP048235.1,615437,58
CP048235.1,615476,17
CP048235.1,615570,1
CP048235.1,615677,808
CP048235.1,616851,267
CP048235.1,616886,1
CP048235.1,616895,1
CP048235.1,616902,988
CP048235.1,616915,18
CP048235.1,616980,104
CP048235.1,618307,2
CP048235.1,618509,9
CP048235.1,619285,975
CP048235.1,619734,463
CP048235.1,619755,1
CP048235.1,620144,870
CP048235.1,621229,23
CP048235.1,621945,198
CP048235.1,621983,1558
CP048235.1,622011,1144
CP048235.1,622085,364
CP048235.1,622110,133
CP048235.1,622124,2200
CP048235.1,622196,1325
CP048235.1,622520,83
CP048235.1,622598,12
CP048235.1,622605,2022
CP048235.1,622632,3
CP048235.1,622698,7
CP048235.1,622724,373
CP048235.1,622824,1
CP048235.1,624472,327
CP048235.1,624975,1021
CP048235.1,627196,140
CP048235.1,629548,2307
CP048235.1,629890,1
CP048235.1,631054,6
CP048235.1,631058,1
CP048235.1,631061,1417
CP048235.1,632989,417
CP048235.1,633201,75
CP048235.1,633238,1114
CP048235.1,633430,22
CP048235.1,634412,1
CP048235.1,634938,1609
CP048235.1,635276,1140
CP048235.1,635700,2780
CP048235.1,635757,170
CP048235.1,635777,1340
CP048235.1,635894,1
CP048235.1,636430,1
CP048235.1,638236,428
CP048235.1,638545,2420
CP048235.1,638905,1427
CP048235.1,638912,1
CP048235.1,639022,578
CP048235.1,639120,2400
CP048235.1,639129,356
CP048235.1,639154,5
CP048235.1,639237,2
CP048235.1,639375,3666
CP048235.1,639382,209
CP048235.1,639553,69
CP048235.1,639586,721
CP048235.1,641990,1362
CP048235.1,645552,64
CP048235.1,645559,1239
CP048235.1,647175,3092
CP048235.1,647177,1
CP048235.1,647211,1
CP048235.1,647217,263
CP048235.1,647278,1
CP048235.1,647426,1
CP048235.1,647706,696
CP048235.1,647811,860
CP048235.1,647951,1
CP048235.1,648035,1619
CP048235.1,648130,1
CP048235.1,648160,1425
CP048235.1,648221,324
CP048235.1,648244,288
CP048235.1,648255,53
CP048235.1,648341,62
CP048235.1,648388,246
CP048235.1,648584,483
CP048235.1,648936,103
CP048235.1,650289,20
CP048235.1,651294,323
CP048235.1,660143,254
CP048235.1,663241,1300
CP048235.1,663398,218
CP048235.1,663400,400
CP048235.1,663557,518
CP048235.1,664667,981
CP048235.1,664764,91
CP048235.1,664823,592
CP048235.1,667548,240
CP048235.1,667775,6
CP048235.1,669279,1562
CP048235.1,669982,1408
CP048235.1,672109,165
CP048235.1,674336,111
CP048235.1,674519,78
CP048235.1,675560,5
CP048235.1,679129,1483
CP048235.1,680026,261
CP048235.1,681973,125
CP048235.1,682000,79
CP048235.1,682002,1
CP048235.1,682023,1
CP048235.1,689626,603
CP048235.1,689653,176
CP048235.1,689692,294
CP048235.1,689725,21
CP048235.1,689770,504
CP048235.1,689830,1361
CP048235.1,691080,471
CP048235.1,691952,560
CP048235.1,692287,1
CP048235.1,692356,1
CP048235.1,692597,1
CP048235.1,693016,689
CP048235.1,693023,205
CP048235.1,693125,393
CP048235.1,693142,1
CP048235.1,693298,72
CP048235.1,693305,472
CP048235.1,693445,1
CP048235.1,693617,104
CP048235.1,693646,225
CP048235.1,693760,1
CP048235.1,693873,1168
CP048235.1,694062,285
CP048235.1,694214,329
CP048235.1,694855,478
CP048235.1,696509,465
CP048235.1,701578,1
CP048235.1,701627,968
CP048235.1,702102,2896
CP048235.1,702124,1
CP048235.1,702300,1
CP048235.1,702372,2340
CP048235.1,702379,2150
CP048235.1,702585,1875
CP048235.1,702592,164
CP048235.1,702818,4145
CP048235.1,702892,179
CP048235.1,702937,233
CP048235.1,702966,1830
CP048235.1,703031,234
CP048235.1,703053,399
CP048235.1,703126,2
CP048235.1,703131,1294
CP048235.1,703195,3
CP048235.1,703197,1140
CP048235.1,703204,1043
CP048235.1,703254,86
CP048235.1,703434,963
CP048235.1,703721,1
CP048235.1,705753,1
CP048235.1,705986,1
CP048235.1,708159,580
CP048235.1,709447,1
CP048235.1,709513,183
CP048235.1,711402,4412
CP048235.1,711946,1
CP048235.1,712724,869
CP048235.1,712735,981
CP048235.1,715598,111
CP048235.1,717822,1501
CP048235.1,718426,1323
CP048235.1,718474,840
CP048235.1,718530,1
CP048235.1,719327,17
CP048235.1,719855,18
CP048235.1,724803,1558
CP048235.1,726478,209
CP048235.1,729415,383
CP048235.1,731911,1556
CP048235.1,732930,468
CP048235.1,733037,81
CP048235.1,733530,1156
CP048235.1,733537,37
CP048235.1,733543,1105
CP048235.1,733550,618
CP048235.1,733699,315
CP048235.1,733715,1
CP048235.1,733800,1
CP048235.1,733806,185
CP048235.1,733840,1047
CP048235.1,733847,1
CP048235.1,733933,1631
CP048235.1,734254,1
CP048235.1,735704,652
CP048235.1,737789,179
CP048235.1,739523,1
CP048235.1,740033,1
CP048235.1,743209,35
CP048235.1,745454,371
CP048235.1,745472,3400
CP048235.1,745499,251
CP048235.1,745501,2393
CP048235.1,746017,1077
CP048235.1,746046,998
CP048235.1,746230,49
CP048235.1,747247,13
CP048235.1,747311,703
CP048235.1,747359,77
CP048235.1,747370,610
CP048235.1,747376,727
CP048235.1,747377,176
CP048235.1,747383,699
CP048235.1,747407,2088
CP048235.1,747409,1
CP048235.1,747525,2
CP048235.1,747558,2
CP048235.1,747609,83
CP048235.1,747617,19
CP048235.1,747712,663
CP048235.1,749274,25
CP048235.1,749752,129
CP048235.1,749970,1586
CP048235.1,750742,1
CP048235.1,751443,4193
CP048235.1,751535,409
CP048235.1,751743,1731
CP048235.1,751800,416
CP048235.1,751853,17
CP048235.1,751963,1
CP048235.1,751969,405
CP048235.1,751970,873
CP048235.1,751976,1073
CP048235.1,752077,1140
CP048235.1,752637,1574
CP048235.1,752682,241
CP048235.1,752713,189
CP048235.1,752912,7
CP048235.1,753101,637
CP048235.1,753145,111
CP048235.1,754093,409
CP048235.1,754100,989
CP048235.1,754394,1685
CP048235.1,754401,898
CP048235.1,754412,242
CP048235.1,754491,91
CP048235.1,754542,1
CP048235.1,754543,1
CP048235.1,754550,1330
CP048235.1,754558,1109
CP048235.1,754578,670
CP048235.1,754585,2626
CP048235.1,754747,1
CP048235.1,754821,4442
CP048235.1,754933,1352
CP048235.1,754938,668
CP048235.1,754945,4417
CP048235.1,754963,182
CP048235.1,755050,6
CP048235.1,755098,372
CP048235.1,755144,597
CP048235.1,755151,434
CP048235.1,755223,1048
CP048235.1,755421,77
CP048235.1,755428,858
CP048235.1,755466,71
CP048235.1,758468,595
CP048235.1,758614,740
CP048235.1,758710,284
CP048235.1,758838,524
CP048235.1,759665,495
CP048235.1,759701,469
CP048235.1,759708,3241
CP048235.1,759738,235
CP048235.1,761948,68
CP048235.1,762349,654
CP048235.1,762356,678
CP048235.1,762498,677
CP048235.1,762505,801
CP048235.1,764467,1
CP048235.1,765810,1
CP048235.1,768340,224
CP048235.1,768347,78
CP048235.1,772997,1
CP048235.1,772999,1096
CP048235.1,773006,611
CP048235.1,773339,366
CP048235.1,774498,660
CP048235.1,774595,149
CP048235.1,774875,17
CP048235.1,775036,498
CP048235.1,775654,48
CP048235.1,776081,151
CP048235.1,777353,1098
CP048235.1,777397,4
CP048235.1,777407,40
CP048235.1,777742,1
CP048235.1,780496,39
CP048235.1,781414,456
CP048235.1,782783,17
CP048235.1,786724,121
CP048235.1,786779,131
CP048235.1,786959,1571
CP048235.1,789849,1332
CP048235.1,795591,1
CP048235.1,796153,103
CP048235.1,796535,1271
CP048235.1,796542,3
CP048235.1,799183,1
CP048235.1,799506,3797
CP048235.1,799860,70
CP048235.1,799929,3
CP048235.1,799936,203
CP048235.1,799948,643
CP048235.1,799976,602
CP048235.1,800190,699
CP048235.1,800250,311
CP048235.1,801699,15
CP048235.1,803478,1
CP048235.1,804187,1
CP048235.1,804195,1771
CP048235.1,804649,2663
CP048235.1,804758,37
CP048235.1,804984,48
CP048235.1,804985,1
CP048235.1,804992,48
CP048235.1,805030,181
CP048235.1,805074,39
CP048235.1,805310,190
CP048235.1,806503,1
CP048235.1,806619,2571
CP048235.1,806621,2
CP048235.1,809101,53
CP048235.1,810591,393
CP048235.1,810733,343
CP048235.1,810931,6
CP048235.1,812129,3967
CP048235.1,813195,880
CP048235.1,813346,1405
CP048235.1,813353,605
CP048235.1,813477,1054
CP048235.1,813484,1383
CP048235.1,813493,96
CP048235.1,813500,707
CP048235.1,813591,777
CP048235.1,813613,1
CP048235.1,813635,1
CP048235.1,813957,1
CP048235.1,814040,20
CP048235.1,816421,1406
CP048235.1,816714,683
CP048235.1,816872,1
CP048235.1,816938,1
CP048235.1,816951,1
CP048235.1,816981,1
CP048235.1,817342,4
CP048235.1,818507,1
CP048235.1,818648,1
CP048235.1,822794,81
CP048235.1,822987,376
CP048235.1,824596,618
CP048235.1,824667,2161
CP048235.1,824817,427
CP048235.1,824934,351
CP048235.1,826221,820
CP048235.1,826404,1
CP048235.1,826535,2
CP048235.1,827014,165
CP048235.1,827121,566
CP048235.1,832329,1
CP048235.1,832395,1
CP048235.1,832839,1
CP048235.1,833164,1
CP048235.1,833283,1
CP048235.1,833349,1483
CP048235.1,833354,1758
CP048235.1,833361,3560
CP048235.1,833470,424
CP048235.1,835363,1505
CP048235.1,835402,327
CP048235.1,838020,1316
CP048235.1,839345,12
CP048235.1,839805,1
CP048235.1,839824,261
CP048235.1,839831,375
CP048235.1,843620,795
CP048235.1,843627,660
CP048235.1,843691,1
CP048235.1,843745,1
CP048235.1,843752,63
CP048235.1,843764,1
CP048235.1,844640,978
CP048235.1,847073,975
CP048235.1,847627,433
CP048235.1,847818,1130
CP048235.1,847882,1
CP048235.1,854595,340
CP048235.1,855820,941
CP048235.1,857125,3
CP048235.1,860175,2475
CP048235.1,860176,852
CP048235.1,860532,315
CP048235.1,860547,1
CP048235.1,860782,796
CP048235.1,861124,1900
CP048235.1,863080,1163
CP048235.1,864168,163
CP048235.1,864336,1083
CP048235.1,864516,855
CP048235.1,864523,462
CP048235.1,864567,57
CP048235.1,864584,246
CP048235.1,864807,11
CP048235.1,864814,1029
CP048235.1,864816,84
CP048235.1,864823,123
CP048235.1,864928,1
CP048235.1,864935,1
CP048235.1,866387,827
CP048235.1,866419,1
CP048235.1,866422,22
CP048235.1,866535,404
CP048235.1,867880,1112
CP048235.1,868307,1
CP048235.1,868734,1483
CP048235.1,869396,5
CP048235.1,869532,596
CP048235.1,871982,733
CP048235.1,872211,1165
CP048235.1,874420,347
CP048235.1,874701,8
CP048235.1,878805,2893
CP048235.1,879316,3833
CP048235.1,881392,3
CP048235.1,881469,1542
CP048235.1,881632,13
CP048235.1,881763,4311
CP048235.1,881765,1843
CP048235.1,881770,1
CP048235.1,881772,1
CP048235.1,882491,61
CP048235.1,882510,1
CP048235.1,882624,539
CP048235.1,883652,538
CP048235.1,883720,26
CP048235.1,885901,289
CP048235.1,886017,2039
CP048235.1,886078,224
CP048235.1,886085,1706
CP048235.1,886118,682
CP048235.1,886125,53
CP048235.1,886147,739
CP048235.1,886159,1
CP048235.1,886209,4283
CP048235.1,886329,25
CP048235.1,887428,438
CP048235.1,887461,185
CP048235.1,887578,1689
CP048235.1,887598,141
CP048235.1,887734,1997
CP048235.1,887741,1
CP048235.1,889940,398
CP048235.1,890884,28
CP048235.1,892275,7
CP048235.1,893006,859
CP048235.1,893136,65
CP048235.1,893220,27
CP048235.1,893266,543
CP048235.1,893495,49
CP048235.1,893576,70
CP048235.1,893583,2513
CP048235.1,893626,1409
CP048235.1,894217,155
CP048235.1,895897,1464
CP048235.1,895920,1614
CP048235.1,896373,3820
CP048235.1,898126,415
CP048235.1,898248,38
CP048235.1,899829,1951
CP048235.1,902248,441
CP048235.1,902325,409
CP048235.1,902332,118
CP048235.1,902394,973
CP048235.1,902401,731
CP048235.1,902909,24
CP048235.1,905673,597
CP048235.1,905922,1
CP048235.1,906015,74
CP048235.1,906037,1
CP048235.1,906610,86
CP048235.1,906837,20
CP048235.1,906883,1366
CP048235.1,907084,548
CP048235.1,907400,2
CP048235.1,907700,1
CP048235.1,907711,1201
CP048235.1,907787,1016
CP048235.1,907856,104
CP048235.1,907955,2
CP048235.1,908145,267
CP048235.1,911895,483
CP048235.1,912424,1
CP048235.1,912471,24
CP048235.1,912478,8
CP048235.1,912504,1
CP048235.1,912810,1326
CP048235.1,917085,146
CP048235.1,917192,35
CP048235.1,917397,796
CP048235.1,917489,251
CP048235.1,917747,1297
CP048235.1,917766,543
CP048235.1,917819,60
CP048235.1,917841,1
CP048235.1,917843,235
CP048235.1,918082,109
CP048235.1,918228,1019
CP048235.1,918234,734
CP048235.1,918727,1246
CP048235.1,918734,2503
CP048235.1,918735,1
CP048235.1,919392,1735
CP048235.1,920509,405
CP048235.1,920697,374
CP048235.1,920781,1
CP048235.1,920834,296
CP048235.1,920857,127
CP048235.1,925746,917
CP048235.1,927430,1468
CP048235.1,928030,545
CP048235.1,928597,121
CP048235.1,928618,60
CP048235.1,932386,181
CP048235.1,937241,78
CP048235.1,937813,2010
CP048235.1,937820,459
CP048235.1,939241,625
CP048235.1,939433,777
CP048235.1,939504,1
CP048235.1,939596,2
CP048235.1,939623,2
CP048236.1,1357,616
CP048236.1,1591,1874
CP048236.1,1637,1263
CP048236.1,2260,3310
CP048236.1,2349,2
CP048236.1,2448,15
CP048236.1,2792,1
CP048236.1,5175,1860
CP048236.1,27096,1375
CP048236.1,27197,1722
CP048236.1,27321,475
CP048236.1,27671,2245
CP048236.1,27808,16
CP048236.1,27908,1012
CP048236.1,34612,411
CP048236.1,34825,1377
CP048236.1,34908,779
CP048236.1,34967,212
CP048236.1,35105,98
CP048236.1,36701,592
CP048236.1,36778,91
CP048236.1,36829,1
CP048236.1,36934,1362
CP048236.1,36941,13
CP048236.1,37249,1
CP048236.1,37272,117
CP048236.1,38388,4761
CP048236.1,38395,2143
CP048236.1,38405,55
CP048236.1,38428,2359
CP048236.1,38521,1
CP048236.1,38522,1724
CP048236.1,38529,1599
CP048236.1,38550,1
CP048236.1,38554,891
CP048236.1,38560,1
CP048236.1,38561,1
CP048236.1,38706,1134
CP048236.1,38714,2
CP048236.1,38860,2
CP048236.1,38867,2047
CP048236.1,38896,1
CP048236.1,38899,1371
CP048236.1,38907,428
CP048236.1,38936,362
CP048236.1,38949,289
CP048236.1,39000,1331
CP048236.1,39002,2
CP048236.1,39027,1
CP048236.1,39291,204
CP048236.1,39293,716
CP048236.1,39342,1
CP048236.1,39349,2014
CP048236.1,39377,52
CP048236.1,39510,2022
CP048236.1,40297,25
CP048236.1,40715,116
CP048236.1,40840,441
CP048236.1,41146,8
CP048236.1,42237,1
CP048236.1,44797,1
CP048236.1,45529,2511
CP048236.1,45716,6116
CP048236.1,45723,7
CP048236.1,45737,1
CP048236.1,45757,1859
CP048236.1,45771,3
CP048236.1,45792,28
CP048236.1,45799,274
CP048236.1,45813,1
CP048236.1,45823,1
CP048236.1,45847,6
CP048236.1,45854,1
CP048236.1,45863,1
CP048236.1,45879,166
CP048236.1,45886,13940
CP048236.1,45890,1598
CP048236.1,45927,3167
CP048236.1,45943,2299
CP048236.1,45950,5940
CP048236.1,45981,1750
CP048236.1,46029,1338
CP048236.1,46036,1976
CP048236.1,46186,712
CP048236.1,46250,1
CP048236.1,46281,1
CP048236.1,46349,559
CP048236.1,46356,5
CP048236.1,46359,209
CP048236.1,46378,631
CP048236.1,46408,1
CP048236.1,46411,37
CP048236.1,46415,5
CP048236.1,46418,2302
CP048236.1,46424,733
CP048236.1,46439,624
CP048236.1,46446,1
CP048236.1,46569,1
CP048236.1,47831,40
CP048236.1,47931,2
CP048236.1,48127,2308
CP048236.1,48134,250
CP048236.1,48301,1086
CP048236.1,48424,1
CP048236.1,48426,2616
CP048236.1,48433,113
CP048236.1,48666,514
CP048236.1,49209,3466
CP048236.1,49233,281
CP048236.1,49619,12
CP048236.1,49687,379
CP048236.1,49692,361
CP048236.1,49694,228
CP048236.1,49760,895
CP048236.1,49780,2215
CP048236.1,49817,1
CP048236.1,49878,975
CP048236.1,49881,19
CP048236.1,49899,58
CP048236.1,49944,61
CP048236.1,49959,1
CP048236.1,49964,64
CP048236.1,49975,314
CP048236.1,50160,529
CP048236.1,50368,451
CP048236.1,50463,1931
CP048236.1,50470,904
CP048236.1,50526,113
CP048236.1,50533,195
CP048236.1,50632,1059
CP048236.1,50732,2384
CP048236.1,50737,1
CP048236.1,50739,163
CP048236.1,50783,118
CP048236.1,50791,5440
CP048236.1,50862,21
CP048236.1,50987,1305
CP048236.1,50994,1439
CP048236.1,51001,1424
CP048236.1,51003,2997
CP048236.1,51010,827
CP048236.1,51052,2
CP048236.1,51060,118
CP048236.1,51072,127
CP048236.1,51088,1149
CP048236.1,51090,14
CP048236.1,51095,1545
CP048236.1,51191,982
CP048236.1,51198,1393
CP048236.1,51200,2
CP048236.1,51202,208
CP048236.1,51214,1
CP048236.1,51402,1728
CP048236.1,51409,344
CP048236.1,51499,3207
CP048236.1,51516,1732
CP048236.1,51543,69
CP048236.1,51558,1384
CP048236.1,51601,1
CP048236.1,51774,176
CP048236.1,51795,1
CP048236.1,51846,451
CP048236.1,51848,5022
CP048236.1,51852,2243
CP048236.1,51855,2826
CP048236.1,51859,1487
CP048236.1,51862,11
CP048236.1,51869,265
CP048236.1,52023,3630
CP048236.1,52077,981
CP048236.1,52087,377
CP048236.1,52128,4
CP048236.1,52152,1
CP048236.1,52208,1545
CP048236.1,52330,1
CP048236.1,52337,1
CP048236.1,52338,978
CP048236.1,52344,2448
CP048236.1,52388,859
CP048236.1,52557,19
CP048236.1,52724,823
CP048236.1,52861,10
CP048236.1,52907,1
CP048236.1,52982,36
CP048236.1,53070,17
CP048236.1,53078,761
CP048236.1,53093,19
CP048236.1,53098,125
CP048236.1,53109,4
CP048236.1,53120,1038
CP048236.1,53123,154
CP048236.1,53295,1184
CP048236.1,53758,1930
CP048236.1,54186,1799
CP048236.1,54324,2683
CP048236.1,54326,228
CP048236.1,54478,1
CP048236.1,55585,4
CP048236.1,57788,67
CP048236.1,57827,253
CP048236.1,59670,106
CP048236.1,59674,665
CP048236.1,60728,35
CP048236.1,60791,1859
CP048236.1,60976,973
CP048236.1,61077,691
CP048236.1,61311,1
CP048236.1,61319,599
CP048236.1,61335,1012
CP048236.1,62022,1700
CP048236.1,64624,540
CP048236.1,64733,679
CP048236.1,64776,1124
CP048236.1,64843,1259
CP048236.1,64846,23
CP048236.1,64850,1
CP048236.1,65373,1217
CP048236.1,67550,30
CP048236.1,67620,1871
CP048236.1,67866,17
CP048236.1,68038,4
CP048236.1,68048,1129
CP048236.1,68087,606
CP048236.1,68094,1832
CP048236.1,68383,793
CP048236.1,70206,949
CP048236.1,70808,1540
CP048236.1,73176,1570
CP048236.1,74315,1230
CP048236.1,74831,798
CP048236.1,74832,1225
CP048236.1,74997,9
CP048236.1,75119,1571
CP048236.1,75148,1905
CP048236.1,75179,1173
CP048236.1,75186,313
CP048236.1,75224,2310
CP048236.1,75226,2606
CP048236.1,75231,1137
CP048236.1,75235,277
CP048236.1,75263,1492
CP048236.1,79707,1
CP048236.1,79710,23
CP048236.1,79721,438
CP048236.1,79725,2668
CP048236.1,79726,25
CP048236.1,79728,4350
CP048236.1,79732,4417
CP048236.1,79747,2312
CP048236.1,79873,1311
CP048236.1,79965,1
CP048236.1,79975,1
CP048236.1,79999,2101
CP048236.1,80003,1
CP048236.1,80006,3710
CP048236.1,80010,528
CP048236.1,80032,1
CP048236.1,80039,1356
CP048236.1,80044,17
CP048236.1,80046,1775
CP048236.1,80072,1
CP048236.1,80079,1927
CP048236.1,80082,273
CP048236.1,80117,865
CP048236.1,80124,1654
CP048236.1,80134,2145
CP048236.1,80287,1883
CP048236.1,80293,35
CP048236.1,80294,298
CP048236.1,80759,95
CP048236.1,80933,226
CP048236.1,80936,611
CP048236.1,80978,942
CP048236.1,81085,633
CP048236.1,81156,139
CP048236.1,81597,42
CP048236.1,81637,251
CP048236.1,81684,346
CP048236.1,81706,931
CP048236.1,82918,164
CP048236.1,83017,1
CP048236.1,83035,233
CP048236.1,83037,1500
CP048236.1,83092,1
CP048236.1,83223,2
CP048236.1,83395,603
CP048236.1,83553,58
CP048236.1,83555,450
CP048236.1,83644,159
CP048236.1,83672,105
CP048236.1,83674,367
CP048236.1,83690,1435
CP048236.1,83697,331
CP048236.1,83705,1253
CP048236.1,83835,178
CP048236.1,83887,39
CP048236.1,84333,523
CP048236.1,84340,1088
CP048236.1,84383,83
CP048236.1,84712,2
CP048236.1,84786,214
CP048236.1,85243,50
CP048236.1,85250,1644
CP048236.1,85442,40
CP048236.1,85912,351
CP048236.1,86086,189
CP048236.1,86209,136
CP048236.1,86369,2
CP048236.1,86690,4
CP048236.1,86714,148
CP048236.1,86883,60
CP048236.1,87050,1
CP048236.1,87204,556
CP048236.1,87931,1557
CP048236.1,87979,1
CP048236.1,90175,511
CP048236.1,90181,1416
CP048236.1,90236,1
CP048236.1,90403,1046
CP048236.1,91505,168
CP048236.1,91540,1
CP048236.1,92007,929
CP048236.1,92770,23
CP048236.1,92856,374
CP048236.1,92892,163
CP048236.1,92950,669
CP048236.1,92957,262
CP048236.1,93437,617
CP048236.1,93566,1203
CP048236.1,94970,1055
CP048236.1,94977,405
CP048236.1,95089,260
CP048236.1,95163,1
CP048236.1,95214,194
CP048236.1,95241,55
CP048236.1,95357,1015
CP048236.1,95424,437
CP048236.1,95605,240
CP048236.1,95730,1
CP048236.1,95923,4286
CP048236.1,96118,3349
CP048236.1,96136,1
CP048236.1,96181,1476
CP048236.1,96264,663
CP048236.1,96316,1941
CP048236.1,96441,235
CP048236.1,96448,359
CP048236.1,96674,1
CP048236.1,96855,519
CP048236.1,97106,288
CP048236.1,97214,208
CP048236.1,97952,723
CP048236.1,98085,2016
CP048236.1,98094,493
CP048236.1,98110,12
CP048236.1,98125,169
CP048236.1,98158,890
CP048236.1,98534,1
CP048236.1,98538,56
CP048236.1,98761,486
CP048236.1,98823,666
CP048236.1,99996,16
CP048236.1,100054,1878
CP048236.1,100148,2400
CP048236.1,101170,1610
CP048236.1,101177,1
CP048236.1,101267,645
CP048236.1,101335,5
CP048236.1,101366,194
CP048236.1,105162,1
CP048236.1,105224,1795
CP048236.1,105226,1379
CP048236.1,105231,252
CP048236.1,105253,1064
CP048236.1,105260,2366
CP048236.1,105268,1632
CP048236.1,105275,12
CP048236.1,105342,842
CP048236.1,105503,918
CP048236.1,105515,2823
CP048236.1,105581,1
CP048236.1,105661,513
CP048236.1,108862,1193
CP048236.1,108880,1
CP048236.1,108925,118
CP048236.1,108952,10
CP048236.1,109221,660
CP048236.1,110719,3
CP048236.1,110806,79
CP048236.1,110969,2
CP048236.1,110976,21
CP048236.1,110995,1703
CP048236.1,111126,174
CP048236.1,111129,208
CP048236.1,111260,3292
CP048236.1,111276,902
CP048236.1,111438,1314
CP048236.1,111445,831
CP048236.1,111600,166
CP048236.1,111644,1022
CP048236.1,111757,462
CP048236.1,111809,2912
CP048236.1,111811,135
CP048236.1,111814,954
CP048236.1,111816,2174
CP048236.1,111843,61
CP048236.1,111886,2204
CP048236.1,111893,534
CP048236.1,111896,444
CP048236.1,111906,608
CP048236.1,111914,2461
CP048236.1,111921,16
CP048236.1,111970,822
CP048236.1,111978,113
CP048236.1,112028,30
CP048236.1,112029,28
CP048236.1,112034,182
CP048236.1,112041,3891
CP048236.1,112061,46
CP048236.1,112068,1782
CP048236.1,112072,2
CP048236.1,112104,1
CP048236.1,112120,1
CP048236.1,112136,2713
CP048236.1,112155,3977
CP048236.1,112162,3598
CP048236.1,112167,1507
CP048236.1,112195,185
CP048236.1,112269,414
CP048236.1,112276,121
CP048236.1,112278,2
CP048236.1,112281,2401
CP048236.1,112285,716
CP048236.1,112358,1760
CP048236.1,112404,266
CP048236.1,112416,900
CP048236.1,112424,1
CP048236.1,112431,1
CP048236.1,112579,3
CP048236.1,112602,667
CP048236.1,112630,12
CP048236.1,112656,1
CP048236.1,112663,2
CP048236.1,112670,1924
CP048236.1,112745,134
CP048236.1,112752,1720
CP048236.1,112757,29
CP048236.1,112944,191
CP048236.1,113016,12
CP048236.1,113429,475
CP048236.1,113644,181
CP048236.1,114219,38
CP048236.1,115154,1
CP048236.1,115258,525
CP048236.1,116031,1
CP048236.1,119831,1
CP048236.1,120624,1
CP048236.1,121294,630
CP048236.1,121528,66
CP048236.1,121639,1549
CP048236.1,121674,2905
CP048236.1,122020,505
CP048236.1,122027,1244
CP048236.1,122034,757
CP048236.1,122036,1176
CP048236.1,122046,1023
CP048236.1,122226,1028
CP048236.1,122282,1992
CP048236.1,122541,1703
CP048236.1,122560,1
CP048236.1,122571,14
CP048236.1,122615,1
CP048236.1,122620,674
CP048236.1,122660,507
CP048236.1,123463,504
CP048236.1,123878,213
CP048236.1,124109,47
CP048236.1,124175,1
CP048236.1,124261,965
CP048236.1,124300,19
CP048236.1,124341,1
CP048236.1,124389,1651
CP048236.1,124396,1
CP048236.1,124404,187
CP048236.1,124442,324
CP048236.1,124459,22
CP048236.1,124475,1
CP048236.1,124735,1819
CP048236.1,124745,71
CP048236.1,125408,85
CP048236.1,126114,109
CP048236.1,126121,972
CP048236.1,126895,8
CP048236.1,127057,141
CP048236.1,127064,1206
CP048236.1,127223,10
CP048236.1,127224,145
CP048236.1,127283,712
CP048236.1,127290,2928
CP048236.1,127294,6
CP048236.1,127302,2706
CP048236.1,127309,1379
CP048236.1,127407,1675
CP048236.1,127414,1698
CP048236.1,127424,4731
CP048236.1,127545,61
CP048236.1,127546,469
CP048236.1,127551,451
CP048236.1,127601,5
CP048236.1,127707,146
CP048236.1,127816,45
CP048236.1,127940,1049
CP048236.1,128098,23
CP048236.1,128112,473
CP048236.1,128115,12
CP048236.1,128119,344
CP048236.1,128474,567
CP048236.1,132202,52
CP048236.1,132749,3304
CP048236.1,132837,1
CP048236.1,132925,1
CP048236.1,132932,143
CP048236.1,133504,1
CP048236.1,133575,1
CP048236.1,134236,1
CP048236.1,134573,1123
CP048236.1,134580,1532
CP048236.1,135298,107
CP048236.1,136367,1971
CP048236.1,138083,1475
CP048236.1,138140,721
CP048236.1,138277,191
CP048236.1,138739,1757
CP048236.1,138746,64
CP048236.1,138897,144
CP048236.1,138904,450
CP048236.1,139053,1461
CP048236.1,139075,813
CP048236.1,139106,1299
CP048236.1,139114,2394
CP048236.1,139191,1941
CP048236.1,139305,63
CP048236.1,139365,456
CP048236.1,139369,108
CP048236.1,139376,431
CP048236.1,139382,1238
CP048236.1,139476,5
CP048236.1,139559,13
CP048236.1,139653,428
CP048236.1,139663,567
CP048236.1,140086,1204
CP048236.1,140210,55
CP048236.1,141589,632
CP048236.1,141591,605
CP048236.1,141596,867
CP048236.1,141708,459
CP048236.1,141990,1
CP048236.1,143961,1169
CP048236.1,143996,197
CP048236.1,144004,36
CP048236.1,144016,350
CP048236.1,144270,761
CP048236.1,144891,9
CP048236.1,146088,647
CP048236.1,146120,352
CP048236.1,146140,70
CP048236.1,146209,768
CP048236.1,146267,1
CP048236.1,146353,185
CP048236.1,146415,774
CP048236.1,146452,1
CP048236.1,146583,207
CP048236.1,146608,1539
CP048236.1,146665,4
CP048236.1,146672,382
CP048236.1,153694,974
CP048236.1,154682,69
CP048236.1,154832,1
CP048236.1,154882,1
CP048236.1,155036,604
CP048236.1,155095,263
CP048236.1,155132,1090
CP048236.1,156087,333
CP048236.1,156712,27
CP048236.1,156741,505
CP048236.1,157186,1076
CP048236.1,157991,1
CP048236.1,158073,692
CP048236.1,158420,1
CP048236.1,158947,565
CP048236.1,158988,1
CP048236.1,159014,176
CP048236.1,159032,3
CP048236.1,159350,1548
CP048236.1,159498,1120
CP048236.1,159738,673
CP048236.1,159817,118
CP048236.1,159824,2
CP048236.1,159837,12
CP048236.1,160989,19
CP048236.1,161039,414
CP048236.1,161120,1108
CP048236.1,161347,1
CP048236.1,161439,1097
CP048236.1,161564,48
CP048236.1,163996,1
CP048236.1,164105,8
CP048236.1,164605,182
CP048236.1,164667,1
CP048236.1,164739,1092
CP048236.1,164759,542
CP048236.1,164807,1074
CP048236.1,164831,194
CP048236.1,164838,12
CP048236.1,164901,34
CP048236.1,165084,130
CP048236.1,165093,436
CP048236.1,165116,239
CP048236.1,165292,103
CP048236.1,165297,167
CP048236.1,165322,1
CP048236.1,165762,1
CP048236.1,165785,772
CP048236.1,165801,1688
CP048236.1,165802,1578
CP048236.1,165809,153
CP048236.1,165817,1
CP048236.1,166158,1529
CP048236.1,166170,1058
CP048236.1,166245,854
CP048236.1,166261,37
CP048236.1,166279,30
CP048236.1,166281,96
CP048236.1,166284,4
CP048236.1,166286,2
CP048236.1,166290,1922
CP048236.1,166419,1
CP048236.1,166438,328
CP048236.1,166451,3
CP048236.1,166455,1227
CP048236.1,167287,67
CP048236.1,169451,141
CP048236.1,169856,2
CP048236.1,171413,2749
CP048236.1,171420,215
CP048236.1,172300,460
CP048236.1,173149,4
CP048236.1,174790,1
CP048236.1,176410,1487
CP048236.1,177088,2366
CP048236.1,177132,1
CP048236.1,177134,2529
CP048236.1,177141,1855
CP048236.1,177305,76
CP048236.1,177320,349
CP048236.1,177983,1
CP048236.1,178279,1
CP048236.1,178900,1429
CP048236.1,178911,341
CP048236.1,178932,43
CP048236.1,178966,398
CP048236.1,178993,349
CP048236.1,187834,70
CP048236.1,188758,1
CP048236.1,189477,2585
CP048236.1,190342,1737
CP048236.1,190645,1758
CP048236.1,190736,33
CP048236.1,190749,1466
CP048236.1,190759,222
CP048236.1,190766,650
CP048236.1,190799,3
CP048236.1,190800,1611
CP048236.1,191092,1339
CP048236.1,191191,248
CP048236.1,191215,2
CP048236.1,191222,1
CP048236.1,191223,474
CP048236.1,191228,1
CP048236.1,191230,55
CP048236.1,191234,1
CP048236.1,191236,3982
CP048236.1,191240,410
CP048236.1,191242,235
CP048236.1,191247,30
CP048236.1,191252,1
CP048236.1,191254,120
CP048236.1,191261,4020
CP048236.1,191276,146
CP048236.1,191279,136
CP048236.1,191286,45
CP048236.1,191766,120
CP048236.1,191776,1468
CP048236.1,192480,2831
CP048236.1,192912,1223
CP048236.1,193104,2273
CP048236.1,193368,1691
CP048236.1,193375,691
CP048236.1,193733,3
CP048236.1,196194,1
CP048236.1,196207,1
CP048236.1,196372,201
CP048236.1,197984,456
CP048236.1,197997,9
CP048236.1,198004,723
CP048236.1,198057,1
CP048236.1,200600,2
CP048236.1,200939,7
CP048236.1,202474,1
CP048236.1,202560,1
CP048236.1,203007,148
CP048236.1,203057,1100
CP048236.1,203091,288
CP048236.1,203140,538
CP048236.1,203147,307
CP048236.1,203186,123
CP048236.1,203234,1
CP048236.1,203246,495
CP048236.1,203249,488
CP048236.1,203251,2521
CP048236.1,203297,1
CP048236.1,203304,418
CP048236.1,203306,2
CP048236.1,203310,302
CP048236.1,203320,4896
CP048236.1,204963,54
CP048236.1,204970,1
CP048236.1,205021,1528
CP048236.1,205083,1
CP048236.1,205230,1
CP048236.1,205244,1
CP048236.1,205251,1523
CP048236.1,205309,47
CP048236.1,205317,7
CP048236.1,205860,1
CP048236.1,206124,1
CP048236.1,206723,1
CP048236.1,206744,405
CP048236.1,207254,1258
CP048236.1,207754,1755
CP048236.1,208377,2
CP048236.1,208379,1153
CP048236.1,208471,1925
CP048236.1,212868,57
CP048236.1,213057,975
CP048236.1,213341,1
CP048236.1,213354,1
CP048236.1,214740,844
CP048236.1,214747,754
CP048236.1,214749,961
CP048236.1,219309,1
CP048236.1,221574,965
CP048236.1,221610,2
CP048236.1,221653,1031
CP048236.1,222795,1654
CP048236.1,226354,295
CP048236.1,228644,1309
CP048236.1,231628,1
CP048236.1,231637,1
CP048236.1,231748,1597
CP048236.1,232222,537
CP048236.1,232612,2072
CP048236.1,235493,55
CP048236.1,236748,1
CP048236.1,237133,2769
CP048236.1,237183,52
CP048236.1,237190,3949
CP048236.1,237199,65
CP048236.1,237326,309
CP048236.1,237333,981
CP048236.1,237402,2138
CP048236.1,237548,3
CP048236.1,237551,2
CP048236.1,237561,715
CP048236.1,237581,1514
CP048236.1,237588,147
CP048236.1,237653,2103
CP048236.1,238973,1
CP048236.1,239849,1
CP048236.1,240026,2146
CP048236.1,241126,215
CP048236.1,241365,1
CP048236.1,241372,191
CP048236.1,243633,26
CP048236.1,243645,1
CP048236.1,243667,1
CP048236.1,243865,520
CP048236.1,248187,361
CP048236.1,249186,2374
CP048236.1,249247,1900
CP048236.1,253484,1
CP048236.1,258799,1
CP048236.1,259240,554
CP048236.1,259741,850
CP048236.1,261447,9
CP048236.1,263283,1606
CP048236.1,263369,54
CP048236.1,263461,223
CP048236.1,266717,392
CP048236.1,266978,528
CP048236.1,266987,20
CP048236.1,267710,2850
CP048236.1,268215,11
CP048236.1,268263,1743
CP048236.1,268322,1465
CP048236.1,268331,1
CP048236.1,268382,490
CP048236.1,268398,18
CP048236.1,268399,1
CP048236.1,268430,133
CP048236.1,268561,78
CP048236.1,268694,523
CP048236.1,268697,1
CP048236.1,268701,2579
CP048236.1,270230,188
CP048236.1,270373,49
CP048236.1,270515,336
CP048236.1,270531,1
CP048236.1,270675,1463
CP048236.1,270740,690
CP048236.1,270769,9
CP048236.1,270782,95
CP048236.1,270789,608
CP048236.1,270823,297
CP048236.1,270877,704
CP048236.1,270890,2948
CP048236.1,270905,4236
CP048236.1,270917,5
CP048236.1,270924,1475
CP048236.1,270937,2138
CP048236.1,270955,1
CP048236.1,271045,106
CP048236.1,271173,1
CP048236.1,271187,658
CP048236.1,271353,3
CP048236.1,272045,1573
CP048236.1,272155,526
CP048236.1,272187,1718
CP048236.1,272764,872
CP048236.1,272771,133
CP048236.1,272863,1
CP048236.1,272915,1076
CP048236.1,272922,1196
CP048236.1,273293,1545
CP048236.1,273724,1
CP048236.1,274966,1
CP048236.1,280728,1
CP048236.1,282137,1
CP048236.1,282285,1
CP048236.1,282424,1
CP048236.1,282666,1
CP048236.1,282731,326
CP048236.1,282733,102
CP048236.1,282740,1
CP048236.1,282894,819
CP048236.1,283114,736
CP048236.1,283252,1849
CP048236.1,283412,377
CP048236.1,283420,63
CP048236.1,283491,1296
CP048236.1,284309,1
CP048236.1,285109,4
CP048236.1,285135,81
CP048236.1,286651,48
CP048236.1,286684,47
CP048236.1,286741,73
CP048236.1,286788,1
CP048236.1,286840,1174
CP048236.1,288262,32
CP048236.1,288768,1
CP048236.1,288775,842
CP048236.1,288777,3
CP048236.1,288849,1130
CP048236.1,288936,791
CP048236.1,289073,1981
CP048236.1,289080,430
CP048236.1,289159,2837
CP048236.1,289196,29
CP048236.1,289287,360
CP048236.1,289327,1193
CP048236.1,289399,180
CP048236.1,289406,3
CP048236.1,289494,7
CP048236.1,289531,1
CP048236.1,289695,1
CP048236.1,289939,2597
CP048236.1,289953,3
CP048236.1,289960,1573
CP048236.1,289964,1
CP048236.1,290008,2
CP048236.1,290200,305
CP048236.1,290502,1411
CP048236.1,291531,1023
CP048236.1,292101,677
CP048236.1,292414,1578
CP048236.1,292421,126
CP048236.1,292435,170
CP048236.1,292560,104
CP048236.1,292955,395
CP048236.1,292964,241
CP048236.1,293780,853
CP048236.1,294215,309
CP048236.1,296044,1
CP048236.1,296047,85
CP048236.1,296085,57
CP048236.1,296090,1220
CP048236.1,296092,2
CP048236.1,296113,98
CP048236.1,296285,168
CP048236.1,296288,1
CP048236.1,296325,19
CP048236.1,296341,2924
CP048236.1,296521,1
CP048236.1,299422,1
CP048236.1,300715,200
CP048236.1,300774,64
CP048236.1,303484,832
CP048236.1,306571,703
CP048236.1,312457,82
CP048236.1,312629,553
CP048236.1,313876,1388
CP048236.1,314001,2060
CP048236.1,314020,621
CP048236.1,314070,1
CP048236.1,314077,1226
CP048236.1,314078,806
CP048236.1,314085,1395
CP048236.1,314118,132
CP048236.1,314264,34
CP048236.1,314413,180
CP048236.1,314476,452
CP048236.1,314483,1571
CP048236.1,314558,922
CP048236.1,314576,377
CP048236.1,314636,603
CP048236.1,314642,1
CP048236.1,314654,1920
CP048236.1,314898,199
CP048236.1,314959,25
CP048236.1,314980,1
CP048236.1,315168,2670
CP048236.1,315175,905
CP048236.1,315481,303
CP048236.1,320590,652
CP048236.1,320626,1
CP048236.1,327828,446
CP048236.1,328665,252
CP048236.1,328729,317
CP048236.1,328778,6
CP048236.1,328785,386
CP048236.1,328797,1893
CP048236.1,328799,1
CP048236.1,328825,1211
CP048236.1,328832,3845
CP048236.1,328872,1902
CP048236.1,328889,261
CP048236.1,328907,2474
CP048236.1,328980,1
CP048236.1,329001,1173
CP048236.1,331381,88
CP048236.1,331719,131
CP048236.1,331736,1006
CP048236.1,332014,1
CP048236.1,332419,209
CP048236.1,332454,14
CP048236.1,332483,2
CP048236.1,332890,358
CP048236.1,333264,455
CP048236.1,333624,1
CP048236.1,335964,263
CP048236.1,340701,850
CP048236.1,351789,1
CP048236.1,352031,1
CP048236.1,352032,2749
CP048236.1,352039,65
CP048236.1,352113,2125
CP048236.1,352203,3631
CP048236.1,352204,2799
CP048236.1,352231,792
CP048236.1,352314,1
CP048236.1,352476,179
CP048236.1,352485,1
CP048236.1,352672,4471
CP048236.1,352809,1
CP048236.1,356224,503
CP048236.1,360080,661
CP048236.1,360200,223
CP048236.1,360269,1
CP048236.1,363375,1
CP048236.1,363504,100
CP048236.1,363718,34
CP048236.1,363748,424
CP048236.1,363750,1365
CP048236.1,363755,2257
CP048236.1,363757,1064
CP048236.1,364639,2879
CP048236.1,364753,1
CP048236.1,364822,1035
CP048236.1,365134,1285
CP048236.1,365208,374
CP048236.1,365262,70
CP048236.1,365386,1287
CP048236.1,365420,1
CP048236.1,365480,123
CP048236.1,365522,1
CP048236.1,365524,1
CP048236.1,365641,11
CP048236.1,366502,2435
CP048236.1,366593,126
CP048236.1,366597,524
CP048236.1,366671,293
CP048236.1,366769,12
CP048236.1,366799,1825
CP048236.1,368779,105
CP048236.1,370247,1
CP048236.1,370249,1651
CP048236.1,370273,519
CP048236.1,371504,126
CP048236.1,372077,1
CP048236.1,372094,279
CP048236.1,372204,196
CP048236.1,372593,5
CP048236.1,373378,122
CP048236.1,373529,140
CP048236.1,373536,159
CP048236.1,374171,1946
CP048236.1,375200,480
CP048236.1,377915,575
CP048236.1,378021,469
CP048236.1,378029,77
CP048236.1,382088,3111
CP048236.1,382095,1542
CP048236.1,382470,2307
CP048236.1,382528,1
CP048236.1,383548,158
CP048236.1,385382,289
CP048236.1,385565,1
CP048236.1,386068,1
CP048236.1,386081,62
CP048236.1,389971,315
CP048236.1,390672,2809
CP048236.1,390819,346
CP048236.1,390963,642
CP048236.1,391156,18
CP048236.1,391203,3
CP048236.1,391208,1333
CP048236.1,391210,916
CP048236.1,391225,18
CP048236.1,391269,6
CP048236.1,391273,4
CP048236.1,392163,1084
CP048236.1,392350,327
CP048236.1,392420,1
CP048236.1,392429,1
CP048236.1,392450,175
CP048236.1,392552,75
CP048236.1,392856,3554
CP048236.1,394454,2
CP048236.1,395049,1164
CP048236.1,395055,338
CP048236.1,395824,851
CP048236.1,396037,964
CP048236.1,396044,1876
CP048236.1,399344,1147
CP048236.1,399410,4
CP048236.1,399412,2023
CP048236.1,399414,2168
CP048236.1,399546,193
CP048236.1,399565,1
CP048236.1,399573,1740
CP048236.1,399574,72
CP048236.1,399575,1142
CP048236.1,399580,884
CP048236.1,399582,557
CP048236.1,399869,795
CP048236.1,399968,216
CP048236.1,399972,2224
CP048236.1,403411,717
CP048236.1,403469,1
CP048236.1,403876,528
CP048236.1,408332,20
CP048236.1,410737,1
CP048236.1,413409,2137
CP048236.1,417529,255
CP048236.1,417592,1
CP048236.1,417698,1701
CP048236.1,420133,60
CP048236.1,423026,786
CP048236.1,423112,97
CP048236.1,423431,57
CP048236.1,423462,140
CP048236.1,423573,201
CP048236.1,423757,396
CP048236.1,426578,327
CP048236.1,426628,1195
CP048236.1,426686,1
CP048236.1,426693,572
CP048236.1,427757,127
CP048236.1,427965,1
CP048236.1,428316,1722
CP048236.1,428323,1
CP048236.1,428357,1
CP048236.1,428735,2680
CP048236.1,429189,1165
CP048236.1,434753,136
CP048236.1,434760,1
CP048236.1,434778,336
CP048236.1,434828,1630
CP048236.1,434835,531
CP048236.1,435205,355
CP048236.1,435224,1
CP048236.1,435231,279
CP048236.1,435348,1273
CP048236.1,435396,1
CP048236.1,435514,875
CP048236.1,444101,349
CP048236.1,444149,1
CP048236.1,444815,3
CP048236.1,444822,2235
CP048236.1,444969,21
CP048236.1,445056,64
CP048236.1,445325,1000
CP048236.1,445394,105
CP048236.1,446874,247
CP048236.1,446889,1515
CP048236.1,446896,19
CP048236.1,448195,1
CP048236.1,448797,1501
CP048236.1,448802,1242
CP048236.1,448940,119
CP048236.1,449005,1611
CP048236.1,449032,1
CP048236.1,449037,296
CP048236.1,449190,593
CP048236.1,451072,305
CP048236.1,451198,1608
CP048236.1,451694,30
CP048236.1,453020,1
CP048236.1,453611,1
CP048236.1,453618,193
CP048236.1,457277,23
CP048236.1,460546,1
CP048236.1,461038,474
CP048236.1,461545,304
CP048236.1,462227,38
CP048236.1,462444,11
CP048236.1,463101,1180
CP048236.1,464198,411
CP048236.1,465825,31
CP048236.1,467495,1198
CP048236.1,467508,1
CP048236.1,468125,134
CP048236.1,468132,2
CP048236.1,468990,349
CP048236.1,470905,675
CP048236.1,473494,1
CP048236.1,475499,70
CP048236.1,475506,224
CP048236.1,475722,471
CP048236.1,475734,219
CP048236.1,475736,1
CP048236.1,475860,12
CP048236.1,475899,5
CP048236.1,475925,1569
CP048236.1,475932,1
CP048236.1,476042,1
CP048236.1,477118,183
CP048236.1,477214,978
CP048236.1,477263,6
CP048236.1,477500,881
CP048236.1,477656,267
CP048236.1,478647,1
CP048236.1,478649,4501
CP048236.1,478656,2456
CP048236.1,478663,1678
CP048236.1,478683,1960
CP048236.1,478684,1
CP048236.1,478685,1
CP048236.1,478712,1
CP048236.1,478747,1
CP048236.1,478758,1
CP048236.1,478764,1
CP048236.1,478770,3
CP048236.1,478772,12
CP048236.1,478773,657
CP048236.1,478774,33
CP048236.1,478776,57
CP048236.1,478778,392
CP048236.1,478780,3796
CP048236.1,478782,32
CP048236.1,478784,2
CP048236.1,478786,1
CP048236.1,478794,651
CP048236.1,478796,1539
CP048236.1,478803,3718
CP048236.1,478805,1
CP048236.1,478809,1442
CP048236.1,478892,39
CP048236.1,479098,1
CP048236.1,479128,1
CP048236.1,479182,1
CP048236.1,479198,1109
CP048236.1,479240,2
CP048236.1,479261,7
CP048236.1,479458,168
CP048236.1,479958,64
CP048236.1,479999,2938
CP048236.1,482472,770
CP048236.1,483747,163
CP048236.1,484072,1
CP048236.1,484279,393
CP048236.1,484299,950
CP048236.1,488935,1646
CP048236.1,488946,1
CP048236.1,489500,131
CP048236.1,492793,3409
CP048236.1,493129,1
CP048236.1,494574,56
CP048236.1,495374,1
CP048236.1,495376,2
CP048236.1,495404,789
CP048236.1,495969,894
CP048236.1,496707,202
CP048236.1,496738,211
CP048236.1,497274,2
CP048236.1,497275,895
CP048236.1,497647,178
CP048236.1,499870,931
CP048236.1,500027,103
CP048236.1,502563,3
CP048236.1,504271,1113
CP048236.1,505087,1
CP048236.1,506045,775
CP048236.1,506248,634
CP048236.1,506369,730
CP048236.1,506371,1636
CP048236.1,506441,3
CP048236.1,508037,1
CP048236.1,508080,1
CP048236.1,509060,237
CP048236.1,510648,893
CP048236.1,512058,131
CP048236.1,512639,287
CP048236.1,513985,315
CP048236.1,514177,405
CP048236.1,515166,1070
CP048236.1,515423,548
CP048236.1,516527,413
CP048236.1,516681,982
CP048236.1,516864,144
CP048236.1,518068,1
CP048236.1,518079,299
CP048236.1,518908,1384
CP048236.1,518915,108
CP048236.1,519064,2169
CP048236.1,519071,1143
CP048236.1,519073,4
CP048236.1,519080,1
CP048236.1,519081,182
CP048236.1,519083,13
CP048236.1,519090,1
CP048236.1,519092,3
CP048236.1,519099,363
CP048236.1,519104,199
CP048236.1,519109,1337
CP048236.1,519118,1
CP048236.1,519132,1021
CP048236.1,519215,263
CP048236.1,519836,2005
CP048236.1,520531,115
CP048236.1,520540,1
CP048236.1,520739,1
CP048236.1,520765,147
CP048236.1,520772,2103
CP048236.1,520773,2528
CP048236.1,521005,5
CP048236.1,521012,35
CP048236.1,524210,572
CP048236.1,530716,1
CP048236.1,531422,1
CP048236.1,533927,1111
CP048236.1,533934,784
CP048236.1,535854,1
CP048236.1,538538,1
CP048236.1,538583,245
CP048236.1,538588,4
CP048236.1,538756,1486
CP048236.1,538904,274
CP048236.1,539557,301
CP048236.1,539564,1
CP048236.1,539577,6
CP048236.1,539601,890
CP048236.1,544003,3
CP048236.1,544084,59
CP048236.1,544197,103
CP048236.1,544780,931
CP048236.1,545473,1
CP048236.1,546451,50
CP048236.1,550044,121
CP048236.1,550061,1654
CP048236.1,550119,80
CP048236.1,550147,39
CP048236.1,550278,604
CP048236.1,550285,518
CP048236.1,550287,1
CP048236.1,550303,428
CP048236.1,550446,1010
CP048236.1,550774,92
CP048236.1,551090,8
CP048236.1,551097,1
CP048236.1,553913,893
CP048236.1,553947,2206
CP048236.1,554507,1
CP048236.1,554585,1547
CP048236.1,554761,46
CP048236.1,555445,347
CP048236.1,555795,1
CP048236.1,557229,1
CP048236.1,559131,984
CP048236.1,560389,1
CP048236.1,561458,93
CP048236.1,563371,1
CP048236.1,564269,1982
CP048236.1,565615,725
CP048236.1,565752,7
CP048236.1,570483,2745
CP048236.1,570490,915
CP048236.1,570513,99
CP048236.1,570514,9
CP048236.1,570527,1478
CP048236.1,570556,2
CP048236.1,570562,859
CP048236.1,570563,46
CP048236.1,570564,1121
CP048236.1,570571,802
CP048236.1,570573,136
CP048236.1,570608,1112
CP048236.1,570615,1
CP048236.1,570723,183
CP048236.1,570953,1312
CP048236.1,572196,48
CP048236.1,572308,574
CP048236.1,573991,49
CP048236.1,574342,151
CP048236.1,574467,227
CP048236.1,574783,2909
CP048236.1,574831,223
CP048236.1,574850,765
CP048236.1,574853,52
CP048236.1,574893,2
CP048236.1,575439,682
CP048236.1,575615,889
CP048236.1,579896,444
CP048236.1,580384,832
CP048236.1,580386,384
CP048236.1,580758,1
CP048236.1,581194,3116
CP048236.1,584125,1
CP048236.1,584336,49
CP048236.1,584436,34
CP048236.1,584666,491
CP048236.1,584695,9
CP048236.1,584702,170
CP048236.1,584770,1787
CP048236.1,584777,4002
CP048236.1,588746,2685
CP048236.1,588828,73
CP048236.1,589060,1
CP048236.1,589354,480
CP048236.1,590262,548
CP048236.1,590835,1
CP048236.1,590845,550
CP048236.1,590905,69
CP048236.1,592806,80
CP048236.1,592813,1
CP048236.1,592861,28
CP048236.1,593198,1303
CP048236.1,594162,1747
CP048236.1,594274,23
CP048236.1,594284,768
CP048236.1,594308,1
CP048236.1,594664,7
CP048236.1,594792,333
CP048236.1,598065,706
CP048236.1,598207,288
CP048236.1,598228,1
CP048236.1,598235,616
CP048236.1,598259,63
CP048236.1,598326,2115
CP048236.1,598361,167
CP048236.1,598667,1
CP048236.1,600723,1061
CP048236.1,600779,610
CP048236.1,600802,1
CP048236.1,600829,189
CP048236.1,600868,1
CP048236.1,602754,1
CP048236.1,602943,594
CP048236.1,602965,4111
CP048236.1,602995,131
CP048236.1,603002,10
CP048236.1,607660,1549
CP048236.1,607667,821
CP048236.1,607867,50
CP048236.1,608080,443
CP048236.1,608096,1
CP048236.1,608099,151
CP048236.1,608431,1653
CP048236.1,608433,2
CP048236.1,608625,20
CP048236.1,608667,214
CP048236.1,609664,96
CP048236.1,611485,446
CP048236.1,617748,426
CP048236.1,623053,49
CP048236.1,625699,32
CP048236.1,626365,1
CP048236.1,626680,1
CP048236.1,626709,34
CP048236.1,626800,135
CP048236.1,630121,877
CP048236.1,633110,1
CP048236.1,633123,779
CP048236.1,633172,227
CP048236.1,633207,1
CP048236.1,633221,208
CP048236.1,633259,1513
CP048236.1,633424,1180
CP048236.1,633789,1057
CP048236.1,637354,18
CP048236.1,637782,1
CP048236.1,637821,5
CP048236.1,637849,21
CP048236.1,637934,1
CP048236.1,638168,999
CP048236.1,638230,360
CP048236.1,638279,1923
CP048236.1,639900,1
CP048236.1,640648,1254
CP048236.1,640651,1
CP048236.1,641237,413
CP048236.1,641562,25
CP048236.1,641623,1
CP048236.1,641630,1679
CP048236.1,641708,30
CP048236.1,641719,326
CP048236.1,641730,1943
CP048236.1,641832,6
CP048236.1,642023,1076
CP048236.1,642032,9
CP048236.1,642122,1511
CP048236.1,642123,704
CP048236.1,642131,1
CP048236.1,642146,2
CP048236.1,642182,1
CP048236.1,642352,143
CP048236.1,642437,1940
CP048236.1,642524,86
CP048236.1,642788,205
CP048236.1,644897,493
CP048236.1,645424,1
CP048236.1,647467,1294
CP048236.1,647474,1230
CP048236.1,647486,112
CP048236.1,647493,790
CP048236.1,647502,589
CP048236.1,647777,829
CP048236.1,649289,1
CP048236.1,649413,252
CP048236.1,651802,3
CP048236.1,654122,1
CP048236.1,654125,1706
CP048236.1,654747,1
CP048236.1,655002,1
CP048236.1,655103,5
CP048236.1,659771,1389
CP048236.1,660964,83
CP048236.1,662327,46
CP048236.1,662733,91
CP048236.1,662735,1
CP048236.1,662742,1271
CP048236.1,662760,470
CP048236.1,667457,625
CP048236.1,670313,28
CP048236.1,670596,241
CP048236.1,670708,1174
CP048236.1,670778,1
CP048236.1,670795,140
CP048236.1,671108,40
CP048236.1,672500,100
CP048236.1,676979,737
CP048236.1,677013,1
CP048236.1,677246,150
CP048236.1,677248,1
CP048236.1,682301,1
CP048236.1,686064,537
CP048236.1,687750,122
CP048236.1,688159,1026
CP048236.1,691522,835
CP048236.1,694363,642
CP048236.1,695136,51
CP048236.1,695335,206
CP048236.1,695396,1
CP048236.1,697606,26
CP048236.1,697746,68
CP048236.1,698047,594
CP048236.1,698049,273
CP048236.1,698056,600
CP048236.1,699351,26
CP048236.1,699386,1023
CP048236.1,699440,124
CP048236.1,702275,97
CP048236.1,702284,1513
CP048236.1,702786,1199
CP048236.1,702807,1484
CP048236.1,702821,1
CP048236.1,702868,792
CP048236.1,703169,2299
CP048236.1,703411,1420
CP048236.1,703663,1
CP048236.1,703937,1
CP048236.1,703945,3994
CP048236.1,703993,2340
CP048236.1,704011,1
CP048236.1,704081,6603
CP048236.1,704123,2401
CP048236.1,704222,1
CP048236.1,704278,2216
CP048236.1,704378,1
CP048236.1,704382,1
CP048236.1,704411,1994
CP048236.1,704414,1
CP048236.1,704416,1513
CP048236.1,704418,1
CP048236.1,704435,604
CP048236.1,704442,1
CP048236.1,704453,1
CP048236.1,704505,1
CP048236.1,704523,4
CP048236.1,704525,2
CP048236.1,704566,310
CP048236.1,704585,1712
CP048236.1,704591,1523
CP048236.1,704592,952
CP048236.1,704770,1
CP048236.1,704917,1
CP048236.1,705069,1115
CP048236.1,705115,711
CP048236.1,705170,1
CP048236.1,706026,92
CP048236.1,706591,1254
CP048236.1,707702,4
CP048236.1,707833,1876
CP048236.1,709897,148
CP048236.1,716629,158
CP048236.1,716842,1049
CP048236.1,716844,77
CP048236.1,716872,751
CP048236.1,717025,140
CP048236.1,717046,1974
CP048236.1,717053,524
CP048236.1,717119,32
CP048236.1,717443,9
CP048236.1,721443,106
CP048236.1,723546,1
CP048236.1,723887,1288
CP048236.1,724016,2730
CP048236.1,724310,429
CP048236.1,724314,310
CP048236.1,727088,1842
CP048236.1,727172,2677
CP048236.1,727240,172
CP048236.1,734067,1
CP048236.1,735720,1
CP048236.1,735874,254
CP048236.1,735886,988
CP048236.1,735893,1
CP048236.1,735915,2
CP048236.1,735922,197
CP048236.1,736006,373
CP048236.1,736010,1608
CP048236.1,736044,1
CP048236.1,737261,331
CP048236.1,738216,22
CP048236.1,738502,113
CP048236.1,738688,1
CP048236.1,738724,13
CP048236.1,738862,237
CP048236.1,738930,798
CP048236.1,738939,301
CP048236.1,739004,159
CP048236.1,739008,1
CP048236.1,739161,1
CP048236.1,739186,769
CP048236.1,739191,1
CP048236.1,740527,1
CP048236.1,740556,30
CP048236.1,741139,892
CP048236.1,741146,701
CP048236.1,741150,2343
CP048236.1,741246,1068
CP048236.1,743175,662
CP048236.1,744342,4332
CP048236.1,744400,5
CP048236.1,745400,387
CP048236.1,745486,491
CP048236.1,745692,1144
CP048236.1,747695,19
CP048236.1,748415,1
CP048236.1,751676,1856
CP048236.1,755967,1251
CP048236.1,761682,49
CP048236.1,764860,1564
CP048236.1,769661,1790
CP048236.1,769972,236
CP048236.1,770089,78
CP048236.1,772076,816
CP048236.1,772184,2
CP048236.1,774522,219
CP048236.1,774559,1
CP048236.1,774586,363
CP048236.1,774602,77
CP048236.1,774609,1347
CP048236.1,774617,748
CP048236.1,774630,4
CP048236.1,774637,17
CP048236.1,774649,794
CP048236.1,774703,1918
CP048236.1,774710,52
CP048236.1,774760,26
CP048236.1,774799,318
CP048236.1,775027,1
CP048236.1,775191,41
CP048236.1,775716,1
CP048236.1,775742,45
CP048236.1,775745,647
CP048236.1,775865,1711
CP048236.1,775874,839
CP048236.1,778774,485
CP048236.1,784740,28
CP048236.1,788228,961
CP048236.1,789045,1
CP048236.1,789340,1
CP048236.1,789448,375
CP048236.1,789455,835
CP048236.1,789459,1387
CP048236.1,789508,959
CP048236.1,790820,2565
CP048236.1,791825,1
CP048236.1,793151,1156
CP048236.1,793179,10
CP048236.1,793236,1
CP048236.1,793242,2716
CP048236.1,793243,3278
CP048236.1,793417,1
CP048236.1,793869,1754
CP048236.1,793876,2
CP048236.1,800626,1222
CP048236.1,807561,2297
CP048236.1,808701,1
CP048236.1,808970,16
CP048236.1,810664,43
CP048236.1,811248,961
CP048236.1,813185,1
CP048236.1,813216,159
CP048236.1,813226,17
CP048236.1,813268,398
CP048236.1,813495,322
CP048236.1,817937,170
CP048236.1,818998,1109
CP048236.1,819124,26
CP048236.1,819246,1
CP048236.1,819660,349
CP048236.1,819774,63
CP048236.1,819962,1
CP048236.1,820062,37
CP048236.1,820064,1678
CP048236.1,820438,1
CP048236.1,820469,1168
CP048236.1,820476,1
CP048236.1,820717,1
CP048236.1,820733,821
CP048236.1,820740,1602
CP048236.1,821679,16
CP048236.1,821865,1
CP048236.1,824026,1
CP048236.1,824142,1
CP048236.1,827284,2675
CP048236.1,827575,404
CP048236.1,828305,1476
CP048236.1,830166,396
CP048236.1,832572,9
CP048236.1,832579,3
CP048236.1,832690,3
CP048236.1,834314,1039
CP048236.1,835334,1126
CP048236.1,835365,1743
CP048236.1,835968,1998
CP048236.1,836200,1
CP048236.1,836621,1
CP048236.1,837244,94
CP048236.1,837251,1343
CP048236.1,838318,1940
CP048236.1,840131,1
CP048236.1,841147,349
CP048236.1,841270,988
CP048236.1,841274,1
CP048236.1,841290,1
CP048236.1,841297,139
CP048236.1,841304,3
CP048236.1,841339,5949
CP048236.1,841472,568
CP048236.1,841505,139
CP048236.1,841518,2052
CP048236.1,841525,1800
CP048236.1,841703,39
CP048236.1,843105,2650
CP048236.1,851861,1
CP048236.1,862348,847
CP048236.1,862723,11
CP048236.1,862800,16
CP048236.1,863728,1
CP048236.1,863788,1
CP048236.1,863800,22
CP048236.1,863892,867
CP048236.1,863985,29
CP048236.1,865311,1
CP048236.1,866005,16
CP048236.1,868056,477
CP048236.1,868058,557
CP048236.1,868088,669
CP048236.1,868489,891
CP048236.1,868708,540
CP048236.1,868973,110
CP048236.1,870328,554
CP048236.1,871638,1054
CP048236.1,872438,1745
CP048236.1,872483,25
CP048236.1,872543,40
CP048236.1,872545,1
CP048236.1,872550,69
CP048236.1,872602,302
CP048236.1,872609,115
CP048236.1,872660,68
CP048236.1,872757,252
CP048236.1,872819,1
CP048236.1,872823,295
CP048236.1,872869,1
CP048236.1,873107,529
CP048236.1,873130,1
CP048236.1,873351,1
CP048236.1,875441,1
CP048236.1,877006,158
CP048236.1,877310,939
CP048236.1,877348,189
CP048236.1,877474,428
CP048236.1,877477,1
CP048236.1,877481,1
CP048236.1,878600,931
CP048236.1,878614,5037
CP048236.1,878881,1724
CP048236.1,879215,1
CP048236.1,880199,33
CP048236.1,882751,1035
CP048236.1,883050,653
CP048236.1,884125,1
CP048236.1,884631,10
CP048236.1,884632,2826
CP048236.1,884809,1709
CP048236.1,886658,987
CP048236.1,886793,1747
CP048236.1,886903,643
CP048236.1,888235,102
CP048236.1,889081,470
CP048236.1,893127,1664
CP048236.1,896180,1
CP048236.1,897174,6
CP048236.1,897179,822
CP048236.1,897664,864
CP048236.1,897682,904
CP048236.1,897995,1
CP048236.1,898224,576
CP048236.1,898228,2734
CP048236.1,898230,1373
CP048236.1,898263,754
CP048236.1,899011,1
CP048236.1,899957,208
CP048236.1,900609,96
CP048236.1,900611,1
CP048236.1,900618,3
CP048236.1,900716,822
CP048236.1,904460,3705
CP048236.1,907479,2
CP048236.1,908445,967
CP048236.1,909099,106
CP048236.1,910475,1
CP048236.1,910668,675
CP048236.1,911088,185
CP048236.1,911102,644
CP048236.1,911104,269
CP048236.1,912054,2
CP048236.1,912770,862
CP048236.1,913508,167
CP048236.1,913595,1
CP048236.1,913774,2631
CP048236.1,915139,1
CP048236.1,920105,1
CP048236.1,920379,211
CP048236.1,920665,1784
CP048236.1,920977,833
CP048236.1,921148,1
CP048236.1,921204,3185
CP048236.1,922106,307
CP048236.1,922352,1504
CP048236.1,922374,7
CP048236.1,922413,55
CP048236.1,922418,1094
CP048236.1,922420,3854
CP048236.1,922604,1589
CP048236.1,923083,1
CP048236.1,923290,751
CP048236.1,923313,1
CP048236.1,923334,1
CP048236.1,923338,2
CP048236.1,923470,72
CP048236.1,923976,2061
CP048236.1,924200,1
CP048236.1,924426,1751
CP048236.1,928383,760
CP048236.1,928506,222
CP048236.1,928712,1
CP048236.1,930305,1
CP048236.1,930353,1364
CP048236.1,930505,1429
CP048236.1,931667,8
CP048236.1,931674,37
CP048236.1,931702,1759
CP048236.1,931710,1946
CP048236.1,931711,1
CP048236.1,931879,1
CP048236.1,931949,1
CP048236.1,932016,342
CP048236.1,932067,296
CP048236.1,932303,684
CP048236.1,932312,1476
CP048236.1,932494,806
CP048236.1,932657,2267
CP048236.1,932777,500
CP048236.1,932869,1
CP048236.1,932871,2165
CP048236.1,932873,2
CP048236.1,932880,1452
CP048236.1,932931,1
CP048236.1,932932,1
CP048236.1,932949,1208
CP048236.1,932969,1
CP048236.1,932986,11
CP048236.1,932994,1
CP048236.1,932997,1
CP048236.1,933003,1
CP048236.1,933059,2625
CP048236.1,933075,1656
CP048236.1,933165,45
CP048236.1,933230,732
CP048236.1,933269,1
CP048236.1,933276,1
CP048236.1,933424,1486
CP048236.1,933892,1
CP048236.1,936724,3
CP048236.1,936729,3383
CP048236.1,936939,174
CP048236.1,938728,329
CP048236.1,941863,181
CP048236.1,941870,1
CP048236.1,941968,882
CP048236.1,944386,4535
CP048236.1,945681,1296
CP048236.1,948215,2255
CP048236.1,948287,380
CP048236.1,949648,232
CP048236.1,949953,1840
CP048236.1,949974,1560
CP048236.1,950051,95
CP048236.1,950155,1434
CP048236.1,950264,1
CP048236.1,950448,1269
CP048236.1,957405,199
CP048236.1,961799,1
CP048236.1,962467,207
CP048236.1,962548,1
CP048236.1,962652,1
CP048236.1,962658,982
CP048236.1,962665,736
CP048236.1,963798,498
CP048236.1,963942,1768
CP048236.1,963949,97
CP048236.1,963977,1
CP048236.1,963979,1192
CP048236.1,965274,111
CP048236.1,965472,816
CP048236.1,965620,1387
CP048236.1,965626,336
CP048236.1,968375,230
CP048236.1,968805,1
CP048236.1,969493,10
CP048236.1,969514,105
CP048236.1,975845,17
CP048236.1,980199,8
CP048236.1,982843,274
CP048236.1,982881,443
CP048236.1,982888,166
CP048236.1,983138,2
CP048236.1,983143,624
CP048236.1,983320,40
CP048236.1,983345,3038
CP048236.1,983347,2127
CP048236.1,983352,4
CP048236.1,983378,1
CP048236.1,983385,1284
CP048236.1,983643,504
CP048236.1,983780,3477
CP048236.1,984267,1
CP048236.1,985911,1
CP048236.1,985913,359
CP048236.1,986295,732
CP048236.1,987842,11
CP048236.1,988110,856
CP048236.1,989424,1
CP048236.1,989481,78
CP048236.1,989657,1247
CP048236.1,989853,301
CP048236.1,989863,1
CP048236.1,990280,581
CP048236.1,991222,2
CP048236.1,992258,802
CP048236.1,992830,681
CP048236.1,1008555,2
CP048236.1,1009597,93
CP048237.1,3796,1
CP048237.1,21842,872
CP048237.1,21883,1229
CP048237.1,22003,322
CP048237.1,22163,833
CP048237.1,22292,44
CP048237.1,22343,579
CP048237.1,22456,373
CP048237.1,22475,840
CP048237.1,22538,1
CP048237.1,25906,94
CP048237.1,28047,1
CP048237.1,28615,1
CP048237.1,30419,1231
CP048237.1,30426,1355
CP048237.1,31120,2007
CP048237.1,38805,1149
CP048237.1,38970,546
CP048237.1,39012,602
CP048237.1,39021,25
CP048237.1,39107,123
CP048237.1,39238,6
CP048237.1,39319,46
CP048237.1,39432,704
CP048237.1,39465,3
CP048237.1,39467,6200
CP048237.1,39474,840
CP048237.1,39660,79
CP048237.1,39675,251
CP048237.1,39925,1
CP048237.1,43689,179
CP048237.1,46833,414
CP048237.1,46847,137
CP048237.1,46955,809
CP048237.1,47583,229
CP048237.1,47594,707
CP048237.1,48748,52
CP048237.1,49201,153
CP048237.1,49208,185
CP048237.1,49440,860
CP048237.1,49447,726
CP048237.1,49785,1
CP048237.1,50935,86
CP048237.1,53542,1089
CP048237.1,53681,2293
CP048237.1,53838,987
CP048237.1,55728,1841
CP048237.1,55918,40
CP048237.1,57399,3048
CP048237.1,58417,27
CP048237.1,58441,1787
CP048237.1,58484,187
CP048237.1,58489,962
CP048237.1,58686,1024
CP048237.1,58847,767
CP048237.1,58994,1
CP048237.1,61560,1
CP048237.1,61624,457
CP048237.1,63358,1847
CP048237.1,65247,343
CP048237.1,67986,1532
CP048237.1,71297,54
CP048237.1,74016,1
CP048237.1,74077,1079
CP048237.1,74115,1
CP048237.1,74574,3
CP048237.1,74592,2496
CP048237.1,74599,1937
CP048237.1,75232,280
CP048237.1,75240,190
CP048237.1,76339,6
CP048237.1,76346,6
CP048237.1,76394,102
CP048237.1,76457,1
CP048237.1,76531,5
CP048237.1,76748,1190
CP048237.1,76773,35
CP048237.1,76875,773
CP048237.1,76882,2577
CP048237.1,76888,1547
CP048237.1,77019,2699
CP048237.1,77194,15
CP048237.1,77246,1
CP048237.1,77258,6385
CP048237.1,77277,1499
CP048237.1,77284,50
CP048237.1,77308,52
CP048237.1,77397,2452
CP048237.1,77413,2801
CP048237.1,77477,29
CP048237.1,77742,754
CP048237.1,77770,20
CP048237.1,77777,56
CP048237.1,77812,1020
CP048237.1,77962,2309
CP048237.1,78342,1836
CP048237.1,80462,1110
CP048237.1,80543,70
CP048237.1,80572,2
CP048237.1,80919,78
CP048237.1,82996,55
CP048237.1,83432,28
CP048237.1,83612,1
CP048237.1,83643,627
CP048237.1,83907,40
CP048237.1,85566,327
CP048237.1,85601,88
CP048237.1,85655,1689
CP048237.1,85709,3
CP048237.1,85721,1639
CP048237.1,85722,417
CP048237.1,85728,1421
CP048237.1,85729,96
CP048237.1,87320,1
CP048237.1,87938,65
CP048237.1,88570,1
CP048237.1,90211,1132
CP048237.1,90218,810
CP048237.1,97270,1
CP048237.1,98213,267
CP048237.1,98233,18
CP048237.1,98281,1955
CP048237.1,99005,1
CP048237.1,99039,218
CP048237.1,99848,1
CP048237.1,104070,736
CP048237.1,108311,320
CP048237.1,108468,1188
CP048237.1,109414,20
CP048237.1,109902,350
CP048237.1,109909,1
CP048237.1,111155,7
CP048237.1,114505,10
CP048237.1,115478,770
CP048237.1,115515,47
CP048237.1,116507,1
CP048237.1,116514,1019
CP048237.1,116537,54
CP048237.1,125834,1071
CP048237.1,126750,72
CP048237.1,126757,13
CP048237.1,126826,35
CP048237.1,126894,1
CP048237.1,126901,1897
CP048237.1,126903,1
CP048237.1,134202,346
CP048237.1,134455,217
CP048237.1,135566,2
CP048237.1,135752,19
CP048237.1,136588,23
CP048237.1,137638,1
CP048237.1,139316,1
CP048237.1,139366,4
CP048237.1,139873,1277
CP048237.1,139876,81
CP048237.1,141125,979
CP048237.1,141804,14
CP048237.1,141837,184
CP048237.1,141936,1752
CP048237.1,143640,1
CP048237.1,144861,1659
CP048237.1,144864,99
CP048237.1,144868,35
CP048237.1,144891,622
CP048237.1,153241,1111
CP048237.1,154197,185
CP048237.1,154208,974
CP048237.1,154223,34
CP048237.1,154336,1710
CP048237.1,158058,1
CP048237.1,163633,1
CP048237.1,163657,5
CP048237.1,164065,62
CP048237.1,164701,91
CP048237.1,165361,1253
CP048237.1,171506,716
CP048237.1,171763,299
CP048237.1,171792,309
CP048237.1,171798,233
CP048237.1,172002,18
CP048237.1,172221,34
CP048237.1,174255,643
CP048237.1,174402,1425
CP048237.1,175267,22
CP048237.1,175331,93
CP048237.1,177828,111
CP048237.1,180077,1
CP048237.1,180084,1
CP048237.1,180093,1
CP048237.1,180182,1
CP048237.1,180237,2
CP048237.1,180268,660
CP048237.1,180332,1105
CP048237.1,180338,249
CP048237.1,180402,1
CP048237.1,180408,1523
CP048237.1,180409,2
CP048237.1,180413,1
CP048237.1,184760,1
CP048237.1,184788,22
CP048237.1,185428,1109
CP048237.1,185462,1
CP048237.1,186880,1317
CP048237.1,188220,17
CP048237.1,189856,794
CP048237.1,190615,15
CP048237.1,191306,3
CP048237.1,192774,598
CP048237.1,193811,441
CP048237.1,196925,28
CP048237.1,197701,95
CP048237.1,197707,30
CP048237.1,197733,1858
CP048237.1,197800,19
CP048237.1,197948,1274
CP048237.1,197949,1006
CP048237.1,198025,32
CP048237.1,198046,8
CP048237.1,198054,117
CP048237.1,198061,1631
CP048237.1,198440,946
CP048237.1,200972,1
CP048237.1,200979,1010
CP048237.1,201003,21
CP048237.1,201726,2212
CP048237.1,203269,90
CP048237.1,203758,3
CP048237.1,205055,597
CP048237.1,205186,18
CP048237.1,205900,395
CP048237.1,206077,390
CP048237.1,206314,210
CP048237.1,206354,365
CP048237.1,206721,1286
CP048237.1,206830,1
CP048237.1,212998,818
CP048237.1,213078,91
CP048237.1,216299,1459
CP048237.1,216441,3691
CP048237.1,216444,104
CP048237.1,216448,1527
CP048237.1,216651,527
CP048237.1,216935,1
CP048237.1,217702,583
CP048237.1,220859,1
CP048237.1,221268,1
CP048237.1,221728,1
CP048237.1,221837,1
CP048237.1,221856,1594
CP048237.1,221938,1
CP048237.1,222468,819
CP048237.1,222488,288
CP048237.1,222540,1
CP048237.1,222555,717
CP048237.1,222753,1913
CP048237.1,222760,2115
CP048237.1,224106,23
CP048237.1,224113,3447
CP048237.1,225756,1
CP048237.1,226485,1
CP048237.1,227555,893
CP048237.1,229895,1061
CP048237.1,231301,21
CP048237.1,232164,3
CP048237.1,233961,234
CP048237.1,237407,221
CP048237.1,237479,1
CP048237.1,237600,1
CP048237.1,237754,1756
CP048237.1,237892,3
CP048237.1,239895,5
CP048237.1,239963,1
CP048237.1,240029,3
CP048237.1,240916,2
CP048237.1,241188,335
CP048237.1,241195,1
CP048237.1,241221,1
CP048237.1,241316,779
CP048237.1,241395,341
CP048237.1,241402,166
CP048237.1,241726,262
CP048237.1,241823,382
CP048237.1,242092,28
CP048237.1,242469,177
CP048237.1,242482,252
CP048237.1,242559,297
CP048237.1,243558,167
CP048237.1,243574,519
CP048237.1,243626,2
CP048237.1,245619,5
CP048237.1,245849,1607
CP048237.1,246044,196
CP048237.1,246055,1
CP048237.1,246215,126
CP048237.1,246259,1420
CP048237.1,246266,1
CP048237.1,246401,9
CP048237.1,248491,197
CP048237.1,254924,4
CP048237.1,257463,28
CP048237.1,257489,1595
CP048237.1,257520,1569
CP048237.1,257527,2064
CP048237.1,257532,1
CP048237.1,257768,1
CP048237.1,257769,616
CP048237.1,257851,3959
CP048237.1,257988,8
CP048237.1,258022,1732
CP048237.1,258034,1
CP048237.1,258728,101
CP048237.1,259024,663
CP048237.1,261247,805
CP048237.1,261389,1
CP048237.1,261399,1
CP048237.1,261405,1
CP048237.1,271686,42
CP048237.1,272793,380
CP048237.1,273242,1
CP048237.1,276281,1
CP048237.1,277869,97
CP048237.1,280382,1185
CP048237.1,284030,464
CP048237.1,285941,40
CP048237.1,287228,1919
CP048237.1,287673,1529
CP048237.1,290561,615
CP048237.1,296382,953
CP048237.1,306629,1
CP048237.1,307344,1
CP048237.1,307779,533
CP048237.1,308906,2
CP048237.1,308935,88
CP048237.1,311119,100
CP048237.1,311209,608
CP048237.1,314071,1363
CP048237.1,314332,589
CP048237.1,319794,1042
CP048237.1,319797,810
CP048237.1,320419,1
CP048237.1,327032,19
CP048237.1,327475,144
CP048237.1,328208,600
CP048237.1,328293,2567
CP048237.1,328456,1
CP048237.1,329436,241
CP048237.1,329442,18
CP048237.1,329446,2
CP048237.1,329452,1011
CP048237.1,329723,1192
CP048237.1,329746,476
CP048237.1,329846,5
CP048237.1,329979,1063
CP048237.1,330179,11
CP048237.1,331383,1
CP048237.1,333488,361
CP048237.1,333539,2653
CP048237.1,333654,68
CP048237.1,333683,1
CP048237.1,333749,1
CP048237.1,333756,798
CP048237.1,333774,1765
CP048237.1,333814,3883
CP048237.1,333895,439
CP048237.1,333962,904
CP048237.1,334007,1
CP048237.1,337939,32
CP048237.1,341453,1
CP048237.1,341466,339
CP048237.1,341482,1298
CP048237.1,341527,1173
CP048237.1,341823,1
CP048237.1,344103,202
CP048237.1,344442,32
CP048237.1,346382,632
CP048237.1,346402,1059
CP048237.1,346659,1164
CP048237.1,346710,1278
CP048237.1,346716,1
CP048237.1,346717,6
CP048237.1,346731,718
CP048237.1,346743,1
CP048237.1,346750,857
CP048237.1,346771,709
CP048237.1,346788,8
CP048237.1,346789,25
CP048237.1,346790,14
CP048237.1,347058,1
CP048237.1,347065,2208
CP048237.1,347147,1
CP048237.1,348639,1
CP048237.1,349852,233
CP048237.1,353270,286
CP048237.1,353279,54
CP048237.1,353314,381
CP048237.1,353342,1
CP048237.1,353383,1510
CP048237.1,353409,111
CP048237.1,353416,338
CP048237.1,353425,509
CP048237.1,353503,1
CP048237.1,353723,1352
CP048237.1,353788,6
CP048237.1,353794,587
CP048237.1,355120,21
CP048237.1,356102,248
CP048237.1,356199,1809
CP048237.1,356246,178
CP048237.1,356270,3356
CP048237.1,356278,1791
CP048237.1,356693,9
CP048237.1,358330,1
CP048237.1,358763,528
CP048237.1,362372,1892
CP048237.1,362489,1
CP048237.1,362617,459
CP048237.1,362785,3739
CP048237.1,362980,55
CP048237.1,362987,23
CP048237.1,363076,1023
CP048237.1,363098,1601
CP048237.1,363168,40
CP048237.1,363170,2
CP048237.1,363191,36
CP048237.1,363308,33
CP048237.1,364631,1
CP048237.1,365488,897
CP048237.1,367113,5
CP048237.1,367232,1
CP048237.1,367320,7
CP048237.1,370825,1112
CP048237.1,372629,535
CP048237.1,372770,51
CP048237.1,373554,1
CP048237.1,373647,8
CP048237.1,375631,1
CP048237.1,379121,350
CP048237.1,381861,609
CP048237.1,382168,71
CP048237.1,382247,1333
CP048237.1,382270,109
CP048237.1,382315,1
CP048237.1,382442,671
CP048237.1,385156,1
CP048237.1,385245,286
CP048237.1,385300,323
CP048237.1,385309,1
CP048237.1,385370,326
CP048237.1,385407,1
CP048237.1,385583,541
CP048237.1,385875,21
CP048237.1,386030,1136
CP048237.1,386033,215
CP048237.1,386038,59
CP048237.1,386200,4
CP048237.1,386364,105
CP048237.1,386577,458
CP048237.1,386933,952
CP048237.1,387101,159
CP048237.1,387164,147
CP048237.1,387175,1761
CP048237.1,387733,1356
CP048237.1,391061,18
CP048237.1,391477,733
CP048237.1,392229,1070
CP048237.1,393720,238
CP048237.1,393963,169
CP048237.1,394068,1903
CP048237.1,394070,2
CP048237.1,394074,1
CP048237.1,394631,1
CP048237.1,394697,1
CP048237.1,394699,916
CP048237.1,394704,1363
CP048237.1,394960,2073
CP048237.1,395016,21
CP048237.1,395127,152
CP048237.1,395240,4
CP048237.1,396064,886
CP048237.1,396071,1716
CP048237.1,396745,3
CP048237.1,398377,1
CP048237.1,398705,74
CP048237.1,398712,1
CP048237.1,398793,708
CP048237.1,398798,2
CP048237.1,398805,1
CP048237.1,398926,2599
CP048237.1,398980,1
CP048237.1,399172,2325
CP048237.1,399188,255
CP048237.1,399195,1736
CP048237.1,399292,1
CP048237.1,399324,799
CP048237.1,399329,534
CP048237.1,399331,1
CP048237.1,399545,564
CP048237.1,402638,103
CP048237.1,403278,889
CP048237.1,403617,491
CP048237.1,404286,1
CP048237.1,404327,2
CP048237.1,404595,299
CP048237.1,404803,150
CP048237.1,405149,638
CP048237.1,407471,1
CP048237.1,407475,1497
CP048237.1,407573,198
CP048237.1,408172,67
CP048237.1,408179,764
CP048237.1,408219,1090
CP048237.1,408236,1
CP048237.1,408259,196
CP048237.1,408271,1163
CP048237.1,408605,484
CP048237.1,408698,2559
CP048237.1,408741,633
CP048237.1,408803,261
CP048237.1,408868,666
CP048237.1,408911,48
CP048237.1,408918,1
CP048237.1,409037,272
CP048237.1,409082,2350
CP048237.1,409232,22
CP048237.1,409251,26
CP048237.1,409259,418
CP048237.1,409724,1806
CP048237.1,410589,27
CP048237.1,410748,1423
CP048237.1,411138,88
CP048237.1,412534,191
CP048237.1,412664,1312
CP048237.1,413828,423
CP048237.1,415384,5
CP048237.1,423858,3188
CP048237.1,423865,1263
CP048237.1,425386,16
CP048237.1,427521,43
CP048237.1,427568,1333
CP048237.1,427575,70
CP048237.1,427589,1
CP048237.1,429289,407
CP048237.1,429323,860
CP048237.1,429330,1
CP048237.1,429459,1242
CP048237.1,429617,1308
CP048237.1,429861,3751
CP048237.1,430289,678
CP048237.1,430345,8
CP048237.1,430403,1660
CP048237.1,430410,1558
CP048237.1,434623,525
CP048237.1,434630,1
CP048237.1,434632,158
CP048237.1,434693,1
CP048237.1,434700,2
CP048237.1,434882,534
CP048237.1,435629,471
CP048237.1,437217,117
CP048237.1,437405,527
CP048237.1,441745,142
CP048237.1,442376,1
CP048237.1,442451,1481
CP048237.1,444391,2042
CP048237.1,444416,325
CP048237.1,444504,2755
CP048237.1,444542,826
CP048237.1,444654,1977
CP048237.1,444709,1
CP048237.1,444743,6
CP048237.1,446849,64
CP048237.1,446856,2028
CP048237.1,446889,73
CP048237.1,447036,22
CP048237.1,447189,2
CP048237.1,449531,196
CP048237.1,449538,38
CP048237.1,453480,2109
CP048237.1,455755,230
CP048237.1,459921,828
CP048237.1,460531,841
CP048237.1,460584,155
CP048237.1,460871,3
CP048237.1,460886,1150
CP048237.1,461031,2
CP048237.1,461032,724
CP048237.1,461033,24
CP048237.1,461035,415
CP048237.1,461036,1
CP048237.1,461042,772
CP048237.1,461075,859
CP048237.1,461147,1
CP048237.1,463143,649
CP048237.1,463228,1
CP048237.1,464376,134
CP048237.1,464907,78
CP048237.1,465478,56
CP048237.1,468751,1342
CP048237.1,470251,1533
CP048237.1,470315,162
CP048237.1,470320,593
CP048237.1,470327,1254
CP048237.1,470567,1
CP048237.1,471688,1
CP048237.1,473399,115
CP048237.1,474907,704
CP048237.1,475860,966
CP048237.1,475880,535
CP048237.1,477696,782
CP048237.1,478261,12
CP048237.1,478702,1
CP048237.1,479216,1825
CP048237.1,479374,2
CP048237.1,482792,2
CP048237.1,483037,3
CP048237.1,483088,33
CP048237.1,483860,1
CP048237.1,483943,125
CP048237.1,483966,344
CP048237.1,484088,883
CP048237.1,485092,4
CP048237.1,485190,274
CP048237.1,486971,1071
CP048237.1,487399,34
CP048237.1,488081,662
CP048237.1,488239,647
CP048237.1,488601,1731
CP048237.1,488652,733
CP048237.1,488791,44
CP048237.1,488822,2112
CP048237.1,488829,1641
CP048237.1,488878,263
CP048237.1,488881,168
CP048237.1,489018,7
CP048237.1,489049,977
CP048237.1,489110,2
CP048237.1,489225,97
CP048237.1,489234,1590
CP048237.1,489339,4
CP048237.1,489353,1
CP048237.1,489423,421
CP048237.1,489436,1033
CP048237.1,489481,1940
CP048237.1,492945,2085
CP048237.1,493073,33
CP048237.1,493148,66
CP048237.1,493333,464
CP048237.1,493406,143
CP048237.1,493447,1
CP048237.1,494868,682
CP048237.1,495136,1
CP048237.1,495330,102
CP048237.1,495851,208
CP048237.1,495916,1
CP048237.1,496866,96
CP048237.1,497393,10
CP048237.1,497420,567
CP048237.1,497470,96
CP048237.1,511434,320
CP048237.1,511519,1
CP048237.1,512536,622
CP048237.1,513446,1
CP048237.1,513607,1649
CP048237.1,513710,817
CP048237.1,513870,1
CP048237.1,514018,118
CP048237.1,514040,65
CP048237.1,514112,85
CP048237.1,514277,1053
CP048237.1,514284,1
CP048237.1,514286,1
CP048237.1,514291,92
CP048237.1,514367,1384
CP048237.1,514378,149
CP048237.1,514559,9
CP048237.1,514566,1
CP048237.1,514623,11
CP048237.1,514630,2
CP048237.1,514631,1250
CP048237.1,514720,70
CP048237.1,514877,40
CP048237.1,514923,37
CP048237.1,514980,130
CP048237.1,516348,1031
CP048237.1,516407,1748
CP048237.1,516425,1289
CP048237.1,516628,287
CP048237.1,516648,748
CP048237.1,516805,83
CP048237.1,520022,745
CP048237.1,524121,1
CP048237.1,528209,186
CP048237.1,529018,1
CP048237.1,529705,2
CP048237.1,529825,53
CP048237.1,531080,125
CP048237.1,533293,21
CP048237.1,533515,1
CP048237.1,538029,266
CP048237.1,538082,330
CP048237.1,538087,9
CP048237.1,538336,1
CP048237.1,538812,85
CP048237.1,541852,10
CP048237.1,542010,122
CP048237.1,542054,1488
CP048237.1,542106,34
CP048237.1,542184,1
CP048237.1,542204,1
CP048237.1,542222,1
CP048237.1,542363,1
CP048237.1,542447,75
CP048237.1,542456,65
CP048237.1,542461,654
CP048237.1,542468,88
CP048237.1,542545,1019
CP048237.1,542552,4517
CP048237.1,542560,1299
CP048237.1,542562,60
CP048237.1,542569,1
CP048237.1,542693,1
CP048237.1,542701,1580
CP048237.1,542762,1123
CP048237.1,542763,899
CP048237.1,542771,242
CP048237.1,542784,3397
CP048237.1,542870,1
CP048237.1,542934,1848
CP048237.1,542974,510
CP048237.1,544518,935
CP048237.1,544526,1
CP048237.1,547529,89
CP048237.1,547535,2856
CP048237.1,547542,1563
CP048237.1,547546,13
CP048237.1,547598,2083
CP048237.1,547601,3784
CP048237.1,547758,1
CP048237.1,547759,839
CP048237.1,547838,6
CP048237.1,549876,98
CP048237.1,550363,1012
CP048237.1,551610,1
CP048237.1,551617,296
CP048237.1,551701,1280
CP048237.1,552436,13
CP048237.1,552528,1
CP048237.1,552677,22
CP048237.1,568954,1
CP048237.1,568969,1337
CP048237.1,570492,6
CP048237.1,570597,1
CP048237.1,570669,707
CP048237.1,570745,903
CP048237.1,570812,2065
CP048237.1,570845,956
CP048237.1,570876,329
CP048237.1,570928,1375
CP048237.1,571011,1452
CP048237.1,571414,8
CP048237.1,571450,293
CP048237.1,571503,378
CP048237.1,571508,1413
CP048237.1,575020,26
CP048237.1,575316,861
CP048237.1,575326,426
CP048237.1,577262,443
CP048237.1,578710,1
CP048237.1,579040,1
CP048237.1,579907,1
CP048237.1,581773,1
CP048237.1,589274,945
CP048237.1,600536,1625
CP048237.1,602307,459
CP048237.1,602339,67
CP048237.1,604535,24
CP048237.1,605794,25
CP048237.1,606111,535
CP048237.1,606500,162
CP048237.1,606569,137
CP048237.1,606647,1
CP048237.1,606660,30
CP048237.1,606675,641
CP048237.1,606836,1451
CP048237.1,607120,2223
CP048237.1,607142,926
CP048237.1,607616,530
CP048237.1,607754,1
CP048237.1,607853,607
CP048237.1,607930,3
CP048237.1,608520,1564
CP048237.1,610310,38
CP048237.1,610673,6
CP048237.1,611031,445
CP048237.1,611040,1
CP048237.1,611058,1
CP048237.1,611059,1132
CP048237.1,611074,2188
CP048237.1,611083,2453
CP048237.1,611114,892
CP048237.1,611117,72
CP048237.1,611121,1
CP048237.1,611123,1103
CP048237.1,611201,44
CP048237.1,611213,1772
CP048237.1,611581,99
CP048237.1,611627,3739
CP048237.1,611645,911
CP048237.1,611674,46
CP048237.1,611736,1
CP048237.1,611994,2563
CP048237.1,611998,211
CP048237.1,612001,72
CP048237.1,614162,155
CP048237.1,617797,972
CP048237.1,617992,1
CP048237.1,618162,164
CP048237.1,618171,1704
CP048237.1,618183,195
CP048237.1,618255,1305
CP048237.1,618265,537
CP048237.1,618384,79
CP048237.1,618483,188
CP048237.1,619391,15
CP048237.1,619642,82
CP048237.1,619823,96
CP048237.1,619847,147
CP048237.1,619976,1388
CP048237.1,620398,1544
CP048237.1,621836,83
CP048237.1,624052,1
CP048237.1,624192,1720
CP048237.1,624199,217
CP048237.1,624504,604
CP048237.1,624725,4
CP048237.1,624732,1869
CP048237.1,624785,323
CP048237.1,624792,2
CP048237.1,624801,1
CP048237.1,628569,96
CP048237.1,629166,62
CP048237.1,630320,113
CP048237.1,630466,674
CP048237.1,630484,3
CP048237.1,630487,1
CP048237.1,630501,1
CP048237.1,630637,1120
CP048237.1,630645,1
CP048237.1,631430,2
CP048237.1,631432,32
CP048237.1,635500,67
CP048237.1,638866,924
CP048237.1,639872,15
CP048237.1,639966,161
CP048237.1,643291,2
CP048237.1,643308,1979
CP048237.1,643319,1
CP048237.1,643538,240
CP048237.1,643712,1
CP048237.1,647602,21
CP048237.1,648710,44
CP048237.1,648776,202
CP048237.1,649158,1000
CP048237.1,649171,1299
CP048237.1,649180,1733
CP048237.1,649227,1
CP048237.1,649298,1
CP048237.1,649304,2593
CP048237.1,649442,832
CP048237.1,649492,1718
CP048237.1,649611,1
CP048237.1,651513,782
CP048237.1,652856,136
CP048237.1,652905,271
CP048237.1,653316,728
CP048237.1,653341,1064
CP048237.1,653747,136
CP048237.1,653757,1587
CP048237.1,653795,1177
CP048237.1,654361,2419
CP048237.1,658034,176
CP048237.1,658040,23
CP048237.1,658053,172
CP048237.1,658226,19
CP048237.1,658592,2
CP048237.1,659258,1396
CP048237.1,659265,1171
CP048237.1,659267,1543
CP048237.1,659337,491
CP048237.1,668441,1
CP048237.1,668588,1167
CP048237.1,668640,1
CP048237.1,668785,26
CP048237.1,668825,16
CP048237.1,668879,638
CP048237.1,669091,1039
CP048237.1,669929,1033
CP048237.1,669936,71
CP048237.1,669966,1017
CP048237.1,670900,1617
CP048237.1,673414,746
CP048237.1,674319,1035
CP048237.1,674428,1
CP048237.1,674433,109
CP048237.1,674440,539
CP048237.1,674483,111
CP048237.1,674492,266
CP048237.1,674536,1
CP048237.1,675101,1
CP048237.1,675752,23
CP048237.1,675811,3
CP048237.1,676485,16
CP048237.1,677831,18
CP048237.1,678965,1999
CP048237.1,679304,120
CP048237.1,679353,2742
CP048237.1,679357,1
CP048237.1,679359,1
CP048237.1,679365,13
CP048237.1,679419,1
CP048237.1,679426,1
CP048237.1,680322,985
CP048237.1,680361,372
CP048237.1,680700,7
CP048237.1,680703,912
CP048237.1,680773,2501
CP048237.1,680831,831
CP048237.1,680899,2251
CP048237.1,681022,2
CP048237.1,681029,1
CP048237.1,681689,1
CP048237.1,687735,1
CP048237.1,687941,53
CP048237.1,690929,849
CP048237.1,692294,723
CP048237.1,692451,2
CP048237.1,692807,844
CP048237.1,692827,6
CP048237.1,694289,4
CP048237.1,695129,121
CP048237.1,695170,4088
CP048237.1,695883,724
CP048237.1,696059,324
CP048237.1,697748,34
CP048237.1,697761,1
CP048237.1,697820,998
CP048237.1,698504,886
CP048237.1,698511,81
CP048237.1,701741,1635
CP048237.1,701932,287
CP048237.1,704113,1
CP048237.1,704120,79
CP048237.1,704144,73
CP048237.1,704263,25
CP048237.1,704268,1046
CP048237.1,705992,55
CP048237.1,706865,198
CP048237.1,711905,2099
CP048237.1,711908,62
CP048237.1,711954,2110
CP048237.1,711960,483
CP048237.1,711996,1679
CP048237.1,712018,1
CP048237.1,712056,2324
CP048237.1,712141,2104
CP048237.1,712188,1
CP048237.1,712189,1251
CP048237.1,712196,1266
CP048237.1,712284,1949
CP048237.1,712343,797
CP048237.1,712486,1
CP048237.1,712846,13
CP048237.1,714252,680
CP048237.1,714431,89
CP048237.1,716186,1151
CP048237.1,717076,1730
CP048237.1,719091,1295
CP048237.1,720739,154
CP048237.1,721905,235
CP048237.1,725746,1
CP048237.1,726191,1
CP048237.1,726990,1076
CP048237.1,727045,720
CP048237.1,727052,462
CP048237.1,727080,724
CP048237.1,731859,652
CP048237.1,731933,666
CP048237.1,732735,2142
CP048237.1,733168,519
CP048237.1,733182,25
CP048237.1,733189,884
CP048237.1,733336,924
CP048237.1,733525,77
CP048237.1,733624,837
CP048237.1,733747,197
CP048237.1,733754,3701
CP048237.1,733837,184
CP048237.1,733844,1724
CP048237.1,733992,1115
CP048237.1,734116,445
CP048237.1,734455,1157
CP048237.1,734462,133
CP048237.1,736660,1968
CP048237.1,737017,586
CP048237.1,737134,493
CP048237.1,737141,701
CP048237.1,737156,178
CP048237.1,737238,79
CP048237.1,737246,1269
CP048237.1,737258,211
CP048237.1,737353,17
CP048237.1,737384,3310
CP048237.1,737409,1
CP048237.1,737438,937
CP048237.1,737491,102
CP048237.1,738358,956
CP048237.1,738362,4
CP048237.1,738384,650
CP048237.1,738391,992
CP048237.1,738500,4
CP048237.1,738516,1
CP048237.1,738640,3332
CP048237.1,738661,92
CP048237.1,738922,1
CP048237.1,738933,147
CP048237.1,739022,2377
CP048237.1,739110,771
CP048237.1,739230,1
CP048237.1,739234,204
CP048237.1,739237,854
CP048237.1,739360,767
CP048237.1,739406,1553
CP048237.1,741110,198
CP048237.1,741323,8
CP048237.1,742692,21
CP048237.1,745015,115
CP048237.1,746962,160
CP048237.1,747046,572
CP048237.1,747139,202
CP048237.1,747304,1
CP048237.1,747384,1311
CP048237.1,747422,774
CP048237.1,747431,703
CP048237.1,747530,143
CP048237.1,747565,1766
CP048237.1,747648,1
CP048237.1,747680,519
CP048237.1,747758,134
CP048237.1,747772,316
CP048237.1,747844,196
CP048237.1,747876,10
CP048237.1,747881,998
CP048237.1,747882,1041
CP048237.1,748039,2102
CP048237.1,748097,1707
CP048237.1,748166,1082
CP048237.1,750768,1597
CP048237.1,750775,1
CP048237.1,750778,2
CP048237.1,752163,215
CP048237.1,753450,271
CP048237.1,753572,854
CP048237.1,753633,564
CP048237.1,753666,5634
CP048237.1,753673,2108
CP048237.1,753980,1787
CP048237.1,754025,1432
CP048237.1,754043,1482
CP048237.1,754050,1
CP048237.1,754476,1
CP048237.1,754642,1
CP048237.1,755738,21
CP048237.1,756006,4
CP048237.1,756102,759
CP048237.1,756103,26
CP048237.1,756189,1285
CP048237.1,756192,1
CP048237.1,756196,6918
CP048237.1,756287,1341
CP048237.1,756294,1
CP048237.1,756414,2640
CP048237.1,756416,87
CP048237.1,756421,27
CP048237.1,756423,1
CP048237.1,756484,1158
CP048237.1,756496,117
CP048237.1,757944,5
CP048237.1,758799,304
CP048237.1,765437,1
CP048237.1,765867,994
CP048237.1,765881,152
CP048237.1,765970,171
CP048237.1,766158,535
CP048237.1,766203,713
CP048237.1,768830,2
CP048237.1,768882,38
CP048237.1,770797,1
CP048237.1,771397,12
CP048237.1,772221,340
CP048237.1,772601,1
CP048237.1,772969,114
CP048237.1,773127,828
CP048237.1,774617,1
CP048237.1,776579,350
CP048237.1,782818,899
CP048237.1,782928,782
CP048237.1,782932,368
CP048237.1,783690,615
CP048237.1,783811,641
CP048237.1,784859,3443
CP048237.1,784866,4
CP048237.1,785373,1117
CP048237.1,785483,679
CP048237.1,785761,1677
CP048237.1,785804,1569
CP048237.1,785881,631
CP048237.1,787675,1
CP048237.1,792933,178
CP048237.1,793602,1
CP048237.1,794129,137
CP048237.1,794382,1
CP048237.1,794753,1468
CP048237.1,794910,427
CP048237.1,796573,1
CP048237.1,797021,2
CP048237.1,797028,1851
CP048237.1,797703,1990
CP048237.1,797710,3444
CP048237.1,797742,883
CP048237.1,800935,1171
CP048237.1,804226,3238
CP048237.1,804230,1
CP048237.1,804233,4
CP048237.1,806227,1
CP048237.1,806382,20
CP048237.1,806406,11
CP048237.1,806574,53
CP048237.1,809243,6
CP048237.1,809754,9
CP048237.1,812601,146
CP048237.1,812778,294
CP048237.1,812785,1180
CP048237.1,813608,64
CP048237.1,813868,59
CP048237.1,813997,181
CP048237.1,814004,2
CP048237.1,814018,1
CP048237.1,814205,1126
CP048237.1,814223,1727
CP048237.1,814356,6
CP048237.1,814411,334
CP048237.1,814756,154
CP048237.1,814836,45
CP048237.1,814883,1
CP048237.1,815094,69
CP048237.1,815183,216
CP048237.1,815262,37
CP048237.1,815454,1
CP048237.1,815843,27
CP048237.1,816444,1620
CP048237.1,817528,455
CP048237.1,817551,376
CP048237.1,817978,184
CP048237.1,818000,1124
CP048237.1,818049,750
CP048237.1,818054,724
CP048237.1,818079,255
CP048237.1,818084,126
CP048237.1,818086,2
CP048237.1,818096,118
CP048237.1,818272,1
CP048237.1,818327,1
CP048237.1,818576,483
CP048237.1,818596,164
CP048237.1,818674,1215
CP048237.1,818693,1
CP048237.1,818736,197
CP048237.1,819004,1336
CP048237.1,819032,338
CP048237.1,819274,8
CP048237.1,819367,13
CP048237.1,819461,331
CP048237.1,819561,133
CP048237.1,820084,317
CP048237.1,820447,198
CP048237.1,820647,1753
CP048237.1,820809,25
CP048237.1,821124,1
CP048237.1,821145,2182
CP048237.1,821193,1600
CP048237.1,821322,1
CP048237.1,821329,427
CP048237.1,821760,1589
CP048237.1,821767,4650
CP048237.1,821806,2553
CP048237.1,822079,1
CP048237.1,822141,66
CP048237.1,822236,1
CP048237.1,822368,1730
CP048237.1,822527,1
CP048237.1,824048,958
CP048237.1,824069,5
CP048237.1,825992,310
CP048237.1,825998,1
CP048237.1,826045,1174
CP048237.1,826052,2167
CP048237.1,826141,2
CP048237.1,826200,221
CP048237.1,829387,45
CP048237.1,829495,1
CP048237.1,829583,415
CP048237.1,829753,1
CP048237.1,829783,433
CP048237.1,829831,1610
CP048237.1,829855,1822
CP048237.1,829878,57
CP048237.1,829919,1
CP048237.1,830020,1
CP048237.1,830135,4215
CP048237.1,831312,1
CP048237.1,831342,300
CP048237.1,831643,27
CP048237.1,831778,1
CP048237.1,831898,215
CP048237.1,833080,47
CP048237.1,835572,341
CP048237.1,836934,459
CP048237.1,837127,4
CP048237.1,837263,151
CP048237.1,837296,681
CP048237.1,837942,513
CP048237.1,839485,4693
CP048237.1,840337,1
CP048237.1,840481,2
CP048237.1,840488,694
CP048237.1,840792,1283
CP048237.1,842853,2311
CP048237.1,845940,713
CP048237.1,845979,871
CP048237.1,846769,9
CP048237.1,846802,24
CP048237.1,846820,5
CP048237.1,847144,2
CP048237.1,847273,93
CP048237.1,850182,2042
CP048237.1,850340,11
CP048237.1,850560,2270
CP048237.1,851127,1
CP048237.1,851134,1177
CP048237.1,851135,14
CP048237.1,851717,1
CP048237.1,851873,224
CP048237.1,851929,2000
CP048237.1,851930,207
CP048237.1,851936,1
CP048237.1,852045,1794
CP048237.1,852052,2487
CP048237.1,852158,1
CP048237.1,852170,479
CP048237.1,852242,1513
CP048237.1,852246,33
CP048237.1,852249,146
CP048237.1,852282,684
CP048237.1,852300,1
CP048237.1,852302,398
CP048237.1,852309,1410
CP048237.1,852314,1
CP048237.1,852333,1286
CP048237.1,852347,1
CP048237.1,852363,1
CP048237.1,852374,2
CP048237.1,852384,773
CP048237.1,852393,1760
CP048237.1,852474,75
CP048237.1,852484,899
CP048237.1,852491,1453
CP048237.1,852519,1331
CP048237.1,853311,1
CP048237.1,853318,93
CP048237.1,853637,8
CP048237.1,853642,2184
CP048237.1,853644,2524
CP048237.1,853702,1
CP048237.1,853820,262
CP048237.1,853861,1691
CP048237.1,854036,819
CP048237.1,855876,832
CP048237.1,856297,12
CP048237.1,859219,6
CP048237.1,859304,14
CP048237.1,859346,1
CP048237.1,861761,1552
CP048237.1,861768,2
CP048237.1,861983,635
CP048237.1,861985,521
CP048237.1,862072,45
CP048237.1,862524,406
CP048237.1,862568,33
CP048237.1,864073,43
CP048237.1,864438,711
CP048237.1,865847,92
CP048237.1,865917,1
CP048237.1,865924,1358
CP048237.1,865930,221
CP048237.1,866006,1233
CP048237.1,866115,269
CP048237.1,866226,83
CP048237.1,866251,2140
CP048237.1,866258,1684
CP048237.1,866550,102
CP048237.1,866583,201
CP048237.1,866700,308
CP048237.1,866766,1162
CP048237.1,866838,1
CP048237.1,866843,197
CP048237.1,867009,2535
CP048237.1,867454,1062
CP048237.1,867507,1773
CP048237.1,867514,1341
CP048237.1,867571,632
CP048237.1,867578,266
CP048237.1,869172,10
CP048237.1,869190,52
CP048237.1,869470,1757
CP048237.1,869477,1268
CP048237.1,869529,14
CP048237.1,869536,3096
CP048237.1,869562,1
CP048237.1,869567,4
CP048237.1,869714,5682
CP048237.1,869721,1398
CP048237.1,869817,989
CP048237.1,869830,18
CP048237.1,869831,475
CP048237.1,869849,1026
CP048237.1,869921,2236
CP048237.1,870109,550
CP048237.1,870276,6
CP048237.1,874638,139
CP048237.1,875773,622
CP048237.1,876112,533
CP048237.1,876238,278
CP048237.1,876596,568
CP048237.1,876852,169
CP048237.1,876886,714
CP048237.1,876920,25
CP048237.1,877006,4
CP048237.1,877017,439
CP048237.1,877019,119
CP048237.1,877024,2
CP048237.1,879146,622
CP048237.1,879153,890
CP048237.1,879198,415
CP048237.1,879214,1140
CP048237.1,879265,2
CP048237.1,879316,30
CP048237.1,879323,1440
CP048237.1,879329,194
CP048237.1,879332,439
CP048237.1,879334,159
CP048237.1,879336,237
CP048237.1,879359,1126
CP048237.1,879446,850
CP048237.1,879457,168
CP048237.1,879489,1
CP048237.1,879534,2571
CP048237.1,879538,212
CP048237.1,880010,1632
CP048237.1,880017,1122
CP048237.1,880105,1
CP048237.1,880356,601
CP048237.1,881213,2
CP048237.1,882132,1
CP048237.1,882480,675
CP048237.1,882494,2
CP048237.1,882501,957
CP048237.1,882550,4405
CP048237.1,882557,97
CP048237.1,882580,95
CP048237.1,882723,735
CP048237.1,882784,1
CP048237.1,882827,3955
CP048237.1,882834,3136
CP048237.1,882882,626
CP048237.1,882896,1
CP048237.1,882903,608
CP048237.1,882970,53
CP048237.1,882972,120
CP048237.1,882991,36
CP048237.1,883019,322
CP048237.1,883033,161
CP048237.1,883618,1986
CP048237.1,890899,745
CP048237.1,891435,45
CP048237.1,891492,1567
CP048237.1,891499,572
CP048237.1,891628,3942
CP048237.1,892036,1
CP048237.1,892225,1417
CP048237.1,893500,11
CP048237.1,893521,55
CP048237.1,893555,125
CP048237.1,893582,1069
CP048237.1,893598,3604
CP048237.1,893602,4
CP048237.1,893604,3960
CP048237.1,893605,1001
CP048237.1,893611,1111
CP048237.1,893623,2
CP048237.1,893625,2
CP048237.1,893631,258
CP048237.1,893638,253
CP048237.1,893736,1
CP048237.1,894112,1
CP048237.1,895349,944
CP048237.1,895775,728
CP048237.1,900152,1
CP048237.1,900158,108
CP048237.1,900531,223
CP048237.1,901802,439
CP048237.1,903228,254
CP048237.1,903417,603
CP048237.1,903818,1
CP048237.1,904211,1
CP048237.1,904230,2076
CP048237.1,904379,1
CP048237.1,904451,1491
CP048237.1,904637,1
CP048237.1,904728,195
CP048237.1,904807,10
CP048237.1,904814,222
CP048237.1,904864,69
CP048237.1,904930,1052
CP048237.1,905477,1
CP048237.1,905481,1
CP048237.1,906912,27
CP048237.1,908759,474
CP048237.1,909939,1
CP048237.1,910178,1728
CP048237.1,910274,1123
CP048237.1,910485,625
CP048237.1,910722,9
CP048237.1,910899,1007
CP048237.1,910987,1
CP048237.1,911062,1384
CP048237.1,911069,1
CP048237.1,911131,1
CP048237.1,911138,1
CP048237.1,911226,8
CP048237.1,911228,106
CP048237.1,911284,562
CP048237.1,911291,59
CP048237.1,911293,1
CP048237.1,911464,2005
CP048237.1,911536,1
CP048237.1,911627,731
CP048237.1,911808,1
CP048237.1,911810,2777
CP048237.1,911817,129
CP048237.1,911849,64
CP048237.1,911868,140
CP048237.1,911869,124
CP048237.1,911876,2166
CP048237.1,911972,23
CP048237.1,911999,185
CP048237.1,912006,2272
CP048237.1,912073,150
CP048237.1,912099,833
CP048237.1,912106,256
CP048237.1,912108,2350
CP048237.1,912114,4641
CP048237.1,912144,71
CP048237.1,912253,2388
CP048237.1,912336,1
CP048237.1,912375,12
CP048237.1,912381,2137
CP048237.1,912384,2441
CP048237.1,912388,1080
CP048237.1,912407,1
CP048237.1,912579,1359
CP048237.1,912646,1037
CP048237.1,912731,3
CP048237.1,912875,59
CP048237.1,913698,1
CP048237.1,913705,1
CP048237.1,913725,1
CP048237.1,914031,214
CP048237.1,914223,9
CP048237.1,914338,1070
CP048237.1,914355,1
CP048237.1,914391,2553
CP048237.1,914423,1300
CP048237.1,914436,19
CP048237.1,914477,1572
CP048237.1,914551,2364
CP048237.1,914676,161
CP048237.1,914685,1
CP048237.1,914690,296
CP048237.1,914692,564
CP048237.1,914891,817
CP048237.1,914924,2195
CP048237.1,914926,1
CP048237.1,914936,606
CP048237.1,915061,457
CP048237.1,915228,3401
CP048237.1,915294,1983
CP048237.1,915582,137
CP048237.1,915591,19040
CP048237.1,915609,226
CP048237.1,916410,1329
CP048237.1,916461,1050
CP048237.1,916961,1
CP048237.1,917633,1
CP048237.1,918091,30
CP048237.1,918115,4
CP048237.1,918132,1092
CP048237.1,918136,480
CP048237.1,918139,340
CP048237.1,918143,1402
CP048237.1,918223,1602
CP048237.1,918721,43
CP048237.1,920320,71
CP048237.1,920372,412
CP048237.1,920689,142
CP048237.1,921241,8
CP048237.1,921349,509
CP048237.1,922210,1442
CP048237.1,923841,1
CP048237.1,923928,158
CP048237.1,924007,607
CP048237.1,924014,330
CP048237.1,924048,1136
CP048237.1,924062,381
CP048237.1,924070,1140
CP048237.1,924077,1118
CP048237.1,924141,8
CP048237.1,924484,1295
CP048237.1,924810,619
CP048237.1,924814,40
CP048237.1,924821,1
CP048237.1,925294,845
CP048237.1,926412,485
CP048237.1,926445,1
CP048237.1,926527,607
CP048237.1,926650,4
CP048237.1,926978,3
CP048237.1,927016,310
CP048237.1,927018,182
CP048237.1,927023,8
CP048237.1,927060,1
CP048237.1,927387,99
CP048237.1,927491,475
CP048237.1,928150,114
CP048237.1,928476,2206
CP048237.1,928485,1
CP048237.1,932472,109
CP048237.1,933491,482
CP048237.1,934470,1390
CP048237.1,934515,536
CP048237.1,934592,1
CP048237.1,934609,1221
CP048237.1,934667,1
CP048237.1,934677,4
CP048237.1,934684,16
CP048237.1,934723,1
CP048237.1,934730,190
CP048237.1,936202,1
CP048237.1,936204,250
CP048237.1,936215,561
CP048237.1,936445,21
CP048237.1,936567,2241
CP048237.1,936637,489
CP048237.1,937112,1
CP048237.1,937163,728
CP048237.1,937241,1
CP048237.1,937483,2487
CP048237.1,937706,2566
CP048237.1,941319,371
CP048237.1,941404,1
CP048237.1,941546,144
CP048237.1,941896,699
CP048237.1,942039,124
CP048237.1,942447,1719
CP048237.1,942933,44
CP048237.1,942944,268
CP048237.1,943612,203
CP048237.1,943620,3
CP048237.1,943981,2732
CP048237.1,944040,1
CP048237.1,944047,1
CP048237.1,944051,1
CP048237.1,944054,72
CP048237.1,944056,1336
CP048237.1,944057,308
CP048237.1,944059,127
CP048237.1,944063,1617
CP048237.1,944064,4411
CP048237.1,944090,2
CP048237.1,944097,3963
CP048237.1,944098,919
CP048237.1,944104,16
CP048237.1,944105,225
CP048237.1,944122,3
CP048237.1,944206,1011
CP048237.1,944210,480
CP048237.1,944226,888
CP048237.1,944233,2142
CP048237.1,944256,1
CP048237.1,950882,18
CP048237.1,950969,570
CP048237.1,950971,879
CP048237.1,950976,3742
CP048237.1,950995,1
CP048237.1,951012,81
CP048237.1,951023,1
CP048237.1,952498,1
CP048237.1,952653,1
CP048237.1,952670,42
CP048237.1,952687,61
CP048237.1,952709,408
CP048237.1,952716,570
CP048237.1,952749,754
CP048237.1,952751,95
CP048237.1,952771,1090
CP048237.1,952773,1262
CP048237.1,952792,828
CP048237.1,952795,7
CP048237.1,952811,510
CP048237.1,952815,1
CP048237.1,953031,78
CP048237.1,953043,2
CP048237.1,953163,1
CP048237.1,953175,657
CP048237.1,953182,2565
CP048237.1,953223,1170
CP048237.1,953239,6
CP048237.1,953252,1
CP048237.1,953257,1466
CP048237.1,953283,87
CP048237.1,953288,1221
CP048237.1,953338,1548
CP048237.1,953375,1387
CP048237.1,953384,524
CP048237.1,953448,1505
CP048237.1,953455,1868
CP048237.1,953457,1
CP048237.1,953459,56
CP048237.1,953466,4391
CP048237.1,953538,1
CP048237.1,953546,1528
CP048237.1,954093,1081
CP048237.1,954134,3
CP048237.1,954597,695
CP048237.1,954875,4
CP048237.1,955285,1
CP048237.1,956896,30
CP048237.1,956932,587
CP048237.1,957036,14
CP048237.1,957043,424
CP048237.1,957094,1
CP048237.1,957176,77
CP048237.1,957184,1
CP048237.1,957213,16
CP048237.1,957228,1
CP048237.1,957291,11583
CP048237.1,957298,2943
CP048237.1,957320,176
CP048237.1,957362,2267
CP048237.1,957386,210
CP048237.1,957433,27
CP048237.1,957448,739
CP048237.1,957517,919
CP048237.1,957555,1864
CP048237.1,957562,540
CP048237.1,957722,3323
CP048237.1,957737,1816
CP048237.1,957777,1204
CP048237.1,957819,899
CP048237.1,957821,30
CP048237.1,957906,836
CP048237.1,957912,640
CP048237.1,957919,17
CP048237.1,957939,826
CP048237.1,957950,1
CP048237.1,957964,1
CP048237.1,957965,45
CP048237.1,957996,5050
CP048237.1,958003,1892
CP048237.1,958012,289
CP048237.1,958031,1023
CP048237.1,958038,38
CP048237.1,958045,2989
CP048237.1,958052,5484
CP048237.1,958075,1
CP048237.1,958367,1
CP048237.1,958581,179
CP048237.1,959670,244
CP048237.1,959678,3
CP048237.1,959685,2
CP048237.1,959873,2088
CP048237.1,959880,1
CP048237.1,960221,206
CP048237.1,962444,89
CP048237.1,964536,139
CP048237.1,965386,1
CP048237.1,965442,373
CP048237.1,965605,4
CP048237.1,965630,2000
CP048237.1,965682,301
CP048237.1,965702,615
CP048237.1,965709,1024
CP048237.1,965721,1
CP048237.1,967555,289
CP048237.1,967606,736
CP048237.1,967644,1482
CP048237.1,967648,2119
CP048237.1,967651,2579
CP048237.1,967653,45
CP048237.1,967657,201
CP048237.1,967686,222
CP048237.1,967855,835
CP048237.1,968001,2
CP048237.1,968145,497
CP048237.1,968667,671
CP048237.1,968672,21
CP048237.1,968677,31
CP048237.1,969112,224
CP048237.1,969282,229
CP048237.1,969296,14
CP048237.1,969599,595
CP048237.1,969606,1
CP048237.1,969623,1620
CP048237.1,969630,1
CP048237.1,969644,1150
CP048237.1,969890,935
CP048237.1,969897,1595
CP048237.1,970190,1
CP048237.1,970344,5
CP048237.1,970673,1091
CP048237.1,970724,817
CP048237.1,970740,1
CP048237.1,970850,124
CP048237.1,970912,982
CP048237.1,970916,449
CP048237.1,971168,455
CP048237.1,971255,125
CP048237.1,971315,1581
CP048237.1,971335,815
CP048237.1,971337,157
CP048237.1,971340,899
CP048237.1,971342,591
CP048237.1,971344,964
CP048237.1,971359,21
CP048237.1,971363,459
CP048237.1,971494,680
CP048237.1,971812,1
CP048237.1,971993,119
CP048237.1,972092,885
CP048237.1,972210,3
CP048237.1,972401,158
CP048237.1,972949,1
CP048237.1,973000,95
CP048237.1,974055,90
CP048237.1,974580,1180
CP048237.1,974790,159
CP048237.1,974880,1141
CP048237.1,974932,73
CP048237.1,975048,50
CP048237.1,975139,261
CP048237.1,975144,1
CP048237.1,975146,57
CP048237.1,975153,990
CP048237.1,975154,804
CP048237.1,975217,136
CP048237.1,975228,85
CP048237.1,975248,22491
CP048237.1,975255,5769
CP048237.1,975266,400
CP048237.1,975277,81
CP048237.1,975337,79
CP048237.1,975339,1
CP048237.1,975354,52
CP048237.1,975366,239
CP048237.1,975369,291
CP048237.1,975378,1230
CP048237.1,975393,175
CP048237.1,975396,82
CP048237.1,975429,89
CP048237.1,975432,576
CP048237.1,975433,97
CP048237.1,975437,5
CP048237.1,975444,366
CP048237.1,975447,382
CP048237.1,975471,32
CP048237.1,975478,227
CP048237.1,975495,3465
CP048237.1,975501,670
CP048237.1,975502,1821
CP048237.1,975508,3097
CP048237.1,975528,1
CP048237.1,975529,2611
CP048237.1,975536,17
CP048237.1,975577,77
CP048237.1,975584,196
CP048237.1,975628,131
CP048237.1,975635,80
CP048237.1,975655,104
CP048237.1,975662,375
CP048237.1,975738,1139
CP048237.1,975741,1204
CP048237.1,975745,21
CP048237.1,975748,3267
CP048237.1,975760,1030
CP048237.1,975761,494
CP048237.1,975828,30
CP048237.1,975835,1079
CP048237.1,975849,2263
CP048237.1,975851,956
CP048237.1,975856,623
CP048237.1,975858,866
CP048237.1,975884,514
CP048237.1,976074,547
CP048237.1,976081,102
CP048237.1,976089,329
CP048237.1,976260,1
CP048237.1,976406,677
CP048237.1,976539,1718
CP048237.1,976546,60
CP048237.1,976568,1
CP048237.1,976598,39
CP048237.1,976601,225
CP048237.1,976677,1506
CP048237.1,976727,105
CP048237.1,976734,43
CP048237.1,976749,153
CP048237.1,976810,403
CP048237.1,976846,267
CP048237.1,976905,53
CP048237.1,976907,1331
CP048237.1,976940,285
CP048237.1,977565,897
CP048237.1,977647,10
CP048237.1,977655,3694
CP048237.1,977662,1622
CP048237.1,977663,1
CP048237.1,977678,236
CP048237.1,977721,1057
CP048237.1,977749,961
CP048237.1,977779,870
CP048237.1,977808,2714
CP048237.1,977811,1495
CP048237.1,977831,3042
CP048237.1,977832,384
CP048237.1,977833,520
CP048237.1,977862,5420
CP048237.1,977892,14
CP048237.1,977898,420
CP048237.1,977905,2571
CP048237.1,977907,28527
CP048237.1,977912,1759
CP048237.1,977914,278
CP048237.1,977939,110
CP048237.1,977981,2856
CP048237.1,977988,557
CP048237.1,977993,3375
CP048237.1,977997,1
CP048237.1,978001,314
CP048237.1,978003,727
CP048237.1,978004,1
CP048237.1,978008,3159
CP048237.1,978010,1
CP048237.1,978049,2881
CP048237.1,978050,1
CP048237.1,978071,6652
CP048237.1,978078,2788
CP048237.1,978079,3
CP048237.1,978088,1
CP048237.1,978095,1
CP048237.1,978179,23793
CP048237.1,978186,17826
CP048237.1,978190,1
CP048237.1,978215,1
CP048237.1,978223,2
CP048237.1,978230,7
CP048237.1,978232,1
CP048237.1,978277,1
CP048237.1,978296,2
CP048237.1,978335,17
CP048237.1,978337,2505
CP048237.1,978344,7962
CP048237.1,978345,1
CP048237.1,978361,407
CP048237.1,978365,2577
CP048237.1,978368,2034
CP048237.1,978375,1
CP048237.1,978404,1
CP048237.1,978435,1
CP048237.1,978443,1
CP048237.1,978517,2776
CP048237.1,978526,235
CP048237.1,978528,38
CP048237.1,978546,1
CP048237.1,978577,4017
CP048237.1,978584,1689
CP048237.1,978612,321
CP048237.1,978619,1
CP048237.1,978673,1577
CP048237.1,978680,3
CP048237.1,978733,1
CP048237.1,978740,1344
CP048237.1,979435,181
CP048237.1,979491,2579
CP048237.1,979495,12
CP048237.1,979595,33
CP048237.1,979734,29
CP048237.1,979750,1945
CP048237.1,980703,65
CP048237.1,980710,286
CP048237.1,980753,830
CP048237.1,980760,2922
CP048237.1,980772,18
CP048237.1,980805,121
CP048237.1,980823,1
CP048237.1,980873,1851
CP048237.1,980892,2
CP048237.1,980894,1101
CP048237.1,980901,1
CP048237.1,980909,2104
CP048237.1,980950,2387
CP048237.1,980964,2407
CP048237.1,980965,425
CP048237.1,980970,318
CP048237.1,980971,7
CP048237.1,980976,1
CP048237.1,980980,1
CP048237.1,980981,471
CP048237.1,980984,1
CP048237.1,980987,19
CP048237.1,980988,659
CP048237.1,980991,18
CP048237.1,981030,413
CP048237.1,981033,18
CP048237.1,981036,6
CP048237.1,981040,2557
CP048237.1,981067,1
CP048237.1,981070,1137
CP048237.1,981077,187
CP048237.1,981079,512
CP048237.1,981082,2652
CP048237.1,981086,11
CP048237.1,981093,1
CP048237.1,981094,1912
CP048237.1,981102,3774
CP048237.1,981109,1902
CP048237.1,981110,1782
CP048237.1,981146,17
CP048237.1,981169,339
CP048237.1,981171,38
CP048237.1,981185,21
CP048237.1,981187,705
CP048237.1,981192,80
CP048237.1,981198,2864
CP048237.1,981211,7
CP048237.1,981218,479
CP048237.1,981253,1
CP048237.1,981307,4543
CP048237.1,981308,1388
CP048237.1,981314,1866
CP048237.1,981315,1005
CP048237.1,981345,4735
CP048237.1,981347,1201
CP048237.1,981351,3041
CP048237.1,981352,1335
CP048237.1,981354,1113
CP048237.1,981356,167
CP048237.1,981358,1265
CP048237.1,981364,94
CP048237.1,981456,1341
CP048237.1,981489,12
CP048237.1,981599,263
CP048237.1,982381,16
CP048237.1,982769,5
CP048237.1,983198,34
CP048237.1,983214,1121
CP048237.1,983421,209
CP048237.1,983863,2273
CP048237.1,984140,1148
CP048237.1,987190,11
CP048237.1,988279,224
CP048237.1,988282,652
CP048237.1,988341,1
CP048237.1,988454,420
CP048237.1,988465,1
CP048237.1,988471,1740
CP048237.1,988629,11
CP048237.1,988640,1701
CP048237.1,988723,1
CP048237.1,989215,401
CP048237.1,989260,1300
CP048237.1,989481,1
CP048237.1,989536,958
CP048237.1,991463,1952
CP048237.1,991956,41
CP048237.1,991963,854
CP048237.1,991994,1
CP048237.1,992011,2697
CP048237.1,992018,2300
CP048237.1,992023,105
CP048237.1,992030,725
CP048237.1,992050,361
CP048237.1,992057,281
CP048237.1,992061,1
CP048237.1,992134,1926
CP048237.1,992137,109
CP048237.1,992157,226
CP048237.1,992158,37
CP048237.1,992164,1
CP048237.1,992167,531
CP048237.1,992174,2952
CP048237.1,992327,3196
CP048237.1,992370,1
CP048237.1,992528,80
CP048237.1,993037,2
CP048237.1,993231,2
CP048237.1,993242,3713
CP048237.1,993601,11
CP048237.1,993673,2
CP048237.1,993715,810
CP048237.1,993784,55
CP048237.1,993806,2148
CP048237.1,993813,1870
CP048237.1,993814,2034
CP048237.1,993820,1
CP048237.1,993827,1
CP048237.1,993877,2
CP048237.1,993882,9
CP048237.1,993885,33
CP048237.1,993928,1
CP048237.1,993959,1
CP048237.1,994009,370
CP048237.1,994036,1
CP048237.1,994037,22
CP048237.1,994038,75
CP048237.1,994039,1
CP048237.1,994080,1220
CP048237.1,994087,1769
CP048237.1,994146,1
CP048237.1,994223,227
CP048237.1,994454,1
CP048237.1,994905,1
CP048237.1,994921,1
CP048237.1,995150,32
CP048237.1,995170,2
CP048237.1,995171,59
CP048237.1,995177,62
CP048237.1,995201,987
CP048237.1,995203,1
CP048237.1,995208,1088
CP048237.1,995209,5
CP048237.1,995210,785
CP048237.1,995234,807
CP048237.1,995249,257
CP048237.1,995256,126
CP048237.1,995265,163
CP048237.1,995627,1
CP048237.1,995746,2496
CP048237.1,995828,1214
CP048237.1,995982,951
CP048237.1,996461,196
CP048237.1,996468,1000
CP048237.1,996626,2887
CP048237.1,996647,1199
CP048237.1,996655,3033
CP048237.1,996660,1
CP048237.1,996662,1382
CP048237.1,996683,760
CP048237.1,996708,118
CP048237.1,996733,1979
CP048237.1,996749,1
CP048237.1,996751,1
CP048237.1,996764,1153
CP048237.1,996771,1
CP048237.1,996808,3444
CP048237.1,996815,4193
CP048237.1,996819,1662
CP048237.1,996833,2114
CP048237.1,996838,789
CP048237.1,996840,4828
CP048237.1,996847,961
CP048237.1,996861,32
CP048237.1,996887,2061
CP048237.1,996907,2750
CP048237.1,997045,2
CP048237.1,997052,1427
CP048237.1,997058,1377
CP048237.1,997065,1486
CP048237.1,997066,2452
CP048237.1,997069,4
CP048237.1,997071,182
CP048237.1,997072,1887
CP048237.1,997085,519
CP048237.1,997092,676
CP048237.1,997099,2801
CP048237.1,997112,3547
CP048237.1,997119,1447
CP048237.1,997135,1808
CP048237.1,997146,1
CP048237.1,997153,1
CP048237.1,997159,2065
CP048237.1,997203,174
CP048237.1,997210,603
CP048237.1,997215,207
CP048237.1,997234,199
CP048237.1,997242,18
CP048237.1,997249,2026
CP048237.1,997278,1
CP048237.1,997281,1750
CP048237.1,997288,1004
CP048237.1,997290,2
CP048237.1,997357,3
CP048237.1,997631,1
CP048237.1,997665,764
CP048237.1,997847,1356
CP048237.1,997854,18
CP048237.1,997856,2
CP048237.1,997863,573
CP048237.1,997967,2755
CP048237.1,997982,1
CP048237.1,998135,1
CP048237.1,998192,1243
CP048237.1,998194,66
CP048237.1,998220,1
CP048237.1,998372,1311
CP048237.1,998382,47
CP048237.1,998391,2241
CP048237.1,998427,1292
CP048237.1,998434,902
CP048237.1,998648,196
CP048237.1,998872,365
CP048237.1,998949,1
CP048237.1,1000217,737
CP048237.1,1000325,110
CP048237.1,1003031,67
CP048237.1,1003034,839
CP048237.1,1003131,5
CP048237.1,1004399,1
CP048237.1,1004703,598
CP048237.1,1004748,84
CP048237.1,1004927,815
CP048237.1,1004934,2406
CP048237.1,1004950,553
CP048237.1,1004991,154
CP048237.1,1005034,303
CP048237.1,1005041,22
CP048237.1,1005054,3290
CP048237.1,1005173,9
CP048237.1,1005390,137
CP048237.1,1005546,43
CP048237.1,1005658,1
CP048237.1,1005766,1
CP048237.1,1006321,2057
CP048237.1,1008347,1470
CP048237.1,1008470,54
CP048237.1,1008517,796
CP048237.1,1009463,33
CP048237.1,1010346,38
CP048237.1,1011312,1
CP048237.1,1011346,1
CP048237.1,1011859,321
CP048237.1,1012057,86
CP048237.1,1013498,1
CP048237.1,1014698,209
CP048237.1,1015249,33
CP048237.1,1015380,159
CP048237.1,1016218,1858
CP048237.1,1016490,1
CP048237.1,1018379,274
CP048237.1,1018412,1396
CP048237.1,1018752,756
CP048237.1,1019540,1
CP048237.1,1019586,1
CP048237.1,1019645,104
CP048237.1,1019672,264
CP048237.1,1019740,6
CP048237.1,1020260,349
CP048237.1,1020343,688
CP048237.1,1020552,1428
CP048237.1,1020944,713
CP048237.1,1021552,2996
CP048237.1,1023413,1
CP048237.1,1024137,503
CP048237.1,1024995,79
CP048237.1,1025346,1
CP048237.1,1025348,1
CP048237.1,1025353,743
CP048237.1,1025402,1896
CP048237.1,1025413,792
CP048237.1,1025428,514
CP048237.1,1025450,1892
CP048237.1,1025474,1
CP048237.1,1025494,31
CP048237.1,1025496,41
CP048237.1,1025499,1640
CP048237.1,1025506,1
CP048237.1,1025546,2105
CP048237.1,1025553,680
CP048237.1,1027506,1205
CP048237.1,1028133,1
CP048237.1,1028147,21
CP048237.1,1029057,1335
CP048237.1,1030494,437
CP048237.1,1031236,1
CP048237.1,1031807,449
CP048237.1,1031841,1817
CP048237.1,1031886,1988
CP048237.1,1032299,1
CP048237.1,1032643,59
CP048237.1,1032818,1352
CP048237.1,1032972,1
CP048237.1,1035190,2
CP048237.1,1035999,1283
CP048237.1,1036054,46
CP048237.1,1036086,155
CP048237.1,1036088,871
CP048237.1,1036095,722
CP048237.1,1036998,1
CP048237.1,1039788,210
CP048237.1,1041966,50
CP048237.1,1042948,2440
CP048237.1,1043015,2
CP048237.1,1043017,855
CP048237.1,1043149,153
CP048237.1,1043156,1943
CP048237.1,1043174,1281
CP048237.1,1043175,529
CP048237.1,1043198,1
CP048237.1,1043211,340
CP048237.1,1043232,153
CP048237.1,1043286,1
CP048237.1,1044156,1
CP048237.1,1044278,108
CP048237.1,1044422,1271
CP048237.1,1044608,145
CP048237.1,1045574,285
CP048237.1,1050889,226
CP048237.1,1050901,2231
CP048237.1,1050997,138
CP048237.1,1051028,680
CP048237.1,1051046,1301
CP048237.1,1051071,2
CP048237.1,1051113,995
CP048237.1,1051432,2223
CP048237.1,1051447,415
CP048237.1,1051598,724
CP048237.1,1051627,1235
CP048238.1,2465,1134
CP048238.1,3238,1
CP048238.1,25805,55
CP048238.1,26343,29
CP048238.1,27857,6
CP048238.1,28149,623
CP048238.1,28255,908
CP048238.1,28748,1463
CP048238.1,30202,15
CP048238.1,32702,1
CP048238.1,32752,1
CP048238.1,32924,928
CP048238.1,34134,1041
CP048238.1,34660,4455
CP048238.1,35371,1506
CP048238.1,35413,369
CP048238.1,35512,345
CP048238.1,35950,651
CP048238.1,36039,933
CP048238.1,36064,51
CP048238.1,38060,283
CP048238.1,40571,30
CP048238.1,40772,36
CP048238.1,40959,1567
CP048238.1,40995,360
CP048238.1,41063,73
CP048238.1,41109,1910
CP048238.1,41153,1
CP048238.1,41181,2690
CP048238.1,41232,675
CP048238.1,41244,1590
CP048238.1,41251,3099
CP048238.1,41261,75
CP048238.1,41289,1
CP048238.1,41432,32
CP048238.1,41439,3457
CP048238.1,41680,207
CP048238.1,41687,1
CP048238.1,41728,1990
CP048238.1,41760,1
CP048238.1,42985,1246
CP048238.1,42988,1
CP048238.1,43179,242
CP048238.1,43286,797
CP048238.1,43342,305
CP048238.1,43356,2679
CP048238.1,43441,460
CP048238.1,43595,480
CP048238.1,43606,605
CP048238.1,43662,633
CP048238.1,43766,1
CP048238.1,44044,579
CP048238.1,44098,2678
CP048238.1,45546,1644
CP048238.1,46246,1741
CP048238.1,49890,2
CP048238.1,49926,4791
CP048238.1,49948,1
CP048238.1,49996,176
CP048238.1,50051,1292
CP048238.1,50154,1
CP048238.1,50177,396
CP048238.1,50772,1230
CP048238.1,50773,13
CP048238.1,50870,1582
CP048238.1,50872,1
CP048238.1,51227,200
CP048238.1,52258,1
CP048238.1,53638,1
CP048238.1,53713,119
CP048238.1,53719,28
CP048238.1,53974,531
CP048238.1,54260,129
CP048238.1,59639,1
CP048238.1,61654,528
CP048238.1,61855,2091
CP048238.1,61927,189
CP048238.1,61964,1
CP048238.1,61975,1
CP048238.1,61977,2
CP048238.1,62005,448
CP048238.1,62036,3420
CP048238.1,62072,8
CP048238.1,62170,21
CP048238.1,62207,1
CP048238.1,62255,2
CP048238.1,62279,4
CP048238.1,62545,74
CP048238.1,62552,1988
CP048238.1,62710,293
CP048238.1,63002,597
CP048238.1,63318,11
CP048238.1,63411,25
CP048238.1,63523,1
CP048238.1,63561,183
CP048238.1,63568,14
CP048238.1,63578,1
CP048238.1,63583,2392
CP048238.1,66333,2288
CP048238.1,66337,1140
CP048238.1,66434,682
CP048238.1,66624,1
CP048238.1,66635,234
CP048238.1,66820,581
CP048238.1,68485,1792
CP048238.1,68785,1
CP048238.1,69088,1
CP048238.1,69227,265
CP048238.1,69378,2452
CP048238.1,69457,2550
CP048238.1,69515,125
CP048238.1,69528,1
CP048238.1,69759,1
CP048238.1,69766,1078
CP048238.1,70077,991
CP048238.1,70177,3
CP048238.1,70213,21
CP048238.1,70454,760
CP048238.1,70499,113
CP048238.1,70531,16
CP048238.1,70645,1066
CP048238.1,71136,420
CP048238.1,71155,1456
CP048238.1,71201,3
CP048238.1,71266,982
CP048238.1,72435,1433
CP048238.1,73044,170
CP048238.1,73535,67
CP048238.1,73539,1240
CP048238.1,73557,436
CP048238.1,73840,2456
CP048238.1,73900,1607
CP048238.1,74555,35
CP048238.1,75166,1260
CP048238.1,75173,965
CP048238.1,75359,73
CP048238.1,77174,356
CP048238.1,78290,11
CP048238.1,78303,57
CP048238.1,79115,2
CP048238.1,79781,1467
CP048238.1,79800,39
CP048238.1,79850,11
CP048238.1,80771,216
CP048238.1,82183,786
CP048238.1,85375,681
CP048238.1,85413,1
CP048238.1,87835,2651
CP048238.1,87909,111
CP048238.1,87977,818
CP048238.1,88085,72
CP048238.1,88125,1244
CP048238.1,88162,1
CP048238.1,88215,2434
CP048238.1,88368,1058
CP048238.1,88474,273
CP048238.1,88616,593
CP048238.1,88918,49
CP048238.1,89089,408
CP048238.1,89247,61
CP048238.1,89358,62
CP048238.1,90642,996
CP048238.1,95206,401
CP048238.1,95539,559
CP048238.1,99487,376
CP048238.1,99521,944
CP048238.1,100666,10
CP048238.1,104792,912
CP048238.1,104902,1
CP048238.1,105800,1
CP048238.1,106057,163
CP048238.1,106059,1355
CP048238.1,106064,3
CP048238.1,106680,38
CP048238.1,107335,57
CP048238.1,107731,1
CP048238.1,108217,258
CP048238.1,109094,163
CP048238.1,109183,150
CP048238.1,109190,311
CP048238.1,109568,8
CP048238.1,110586,1
CP048238.1,110689,996
CP048238.1,110696,6
CP048238.1,110742,1172
CP048238.1,110862,750
CP048238.1,110891,897
CP048238.1,110898,2207
CP048238.1,110902,1222
CP048238.1,110958,263
CP048238.1,111262,1
CP048238.1,111266,1
CP048238.1,111269,789
CP048238.1,114759,414
CP048238.1,118863,1
CP048238.1,118894,892
CP048238.1,119123,1
CP048238.1,119683,1
CP048238.1,119822,121
CP048238.1,123075,642
CP048238.1,123101,196
CP048238.1,123108,104
CP048238.1,123116,102
CP048238.1,123128,1802
CP048238.1,123160,384
CP048238.1,123211,258
CP048238.1,123387,1049
CP048238.1,123419,1
CP048238.1,123675,89
CP048238.1,125109,97
CP048238.1,125525,1
CP048238.1,126966,441
CP048238.1,127140,9
CP048238.1,127147,845
CP048238.1,127314,763
CP048238.1,128492,2055
CP048238.1,128704,427
CP048238.1,129298,1315
CP048238.1,129558,257
CP048238.1,129836,1224
CP048238.1,129898,55
CP048238.1,129900,1984
CP048238.1,129981,3
CP048238.1,130441,146
CP048238.1,132593,35
CP048238.1,132631,1873
CP048238.1,133869,1344
CP048238.1,134951,148
CP048238.1,137199,926
CP048238.1,137500,966
CP048238.1,137554,19
CP048238.1,138103,1631
CP048238.1,138110,2
CP048238.1,138138,1
CP048238.1,138167,2167
CP048238.1,138210,871
CP048238.1,138280,99
CP048238.1,138282,1069
CP048238.1,138355,2
CP048238.1,138498,6
CP048238.1,138541,152
CP048238.1,138601,1
CP048238.1,141641,829
CP048238.1,141648,402
CP048238.1,141833,271
CP048238.1,143666,1
CP048238.1,144413,142
CP048238.1,144595,1556
CP048238.1,146383,194
CP048238.1,146390,1475
CP048238.1,146392,1267
CP048238.1,146463,1673
CP048238.1,146465,48
CP048238.1,146730,736
CP048238.1,147025,1
CP048238.1,149066,155
CP048238.1,152630,817
CP048238.1,152688,95
CP048238.1,155152,495
CP048238.1,155159,1
CP048238.1,155401,75
CP048238.1,155643,52
CP048238.1,155720,2135
CP048238.1,155727,182
CP048238.1,155805,1775
CP048238.1,155886,1
CP048238.1,157079,1119
CP048238.1,157124,1
CP048238.1,157211,1
CP048238.1,157285,6590
CP048238.1,157292,181
CP048238.1,157294,1233
CP048238.1,157301,1
CP048238.1,157321,3249
CP048238.1,157322,268
CP048238.1,157377,135
CP048238.1,157417,2634
CP048238.1,157418,1850
CP048238.1,157427,1
CP048238.1,157999,1
CP048238.1,158401,187
CP048238.1,158441,182
CP048238.1,158589,39
CP048238.1,158916,805
CP048238.1,158922,1779
CP048238.1,158929,2084
CP048238.1,158949,1678
CP048238.1,158950,1176
CP048238.1,158956,1309
CP048238.1,158994,683
CP048238.1,159001,251
CP048238.1,159008,1
CP048238.1,159037,1
CP048238.1,159051,1
CP048238.1,159053,762
CP048238.1,159096,5020
CP048238.1,161805,233
CP048238.1,163181,325
CP048238.1,163247,912
CP048238.1,163661,3
CP048238.1,163870,179
CP048238.1,163874,1267
CP048238.1,163883,2
CP048238.1,163941,1017
CP048238.1,164019,178
CP048238.1,164194,1632
CP048238.1,164255,282
CP048238.1,164461,1
CP048238.1,164736,1810
CP048238.1,164903,1796
CP048238.1,165825,135
CP048238.1,166674,540
CP048238.1,167355,1
CP048238.1,167901,1
CP048238.1,167906,1695
CP048238.1,167936,4
CP048238.1,167976,1
CP048238.1,168031,1
CP048238.1,168532,281
CP048238.1,168539,43
CP048238.1,168564,3890
CP048238.1,168571,551
CP048238.1,168573,2
CP048238.1,168577,608
CP048238.1,169544,169
CP048238.1,170969,1
CP048238.1,171058,940
CP048238.1,172835,890
CP048238.1,172844,262
CP048238.1,172865,1
CP048238.1,172895,1
CP048238.1,173255,1
CP048238.1,173292,1
CP048238.1,173301,759
CP048238.1,173303,1
CP048238.1,173305,2098
CP048238.1,173309,1989
CP048238.1,173312,352
CP048238.1,173313,1181
CP048238.1,173320,335
CP048238.1,173322,1
CP048238.1,173329,2084
CP048238.1,173330,681
CP048238.1,173335,1973
CP048238.1,173337,1
CP048238.1,173339,2394
CP048238.1,173341,1329
CP048238.1,173352,1
CP048238.1,173365,28
CP048238.1,173367,672
CP048238.1,173396,1481
CP048238.1,173403,861
CP048238.1,173558,1246
CP048238.1,173587,104
CP048238.1,173927,52
CP048238.1,174198,78
CP048238.1,174582,20
CP048238.1,174705,27
CP048238.1,175409,33
CP048238.1,175561,11
CP048238.1,175757,235
CP048238.1,175764,330
CP048238.1,175822,20
CP048238.1,175828,1
CP048238.1,175915,119
CP048238.1,175953,19
CP048238.1,179182,126
CP048238.1,179198,459
CP048238.1,179329,1
CP048238.1,179455,1
CP048238.1,180022,1
CP048238.1,180226,545
CP048238.1,180741,775
CP048238.1,180940,937
CP048238.1,183644,1
CP048238.1,183675,752
CP048238.1,183767,4
CP048238.1,183834,2
CP048238.1,183838,11
CP048238.1,183850,1
CP048238.1,183925,1
CP048238.1,184020,45
CP048238.1,184132,4
CP048238.1,187182,78
CP048238.1,187396,643
CP048238.1,187842,1378
CP048238.1,187845,5
CP048238.1,187849,3
CP048238.1,188164,591
CP048238.1,188503,116
CP048238.1,188510,235
CP048238.1,188697,34
CP048238.1,188822,1456
CP048238.1,189270,1
CP048238.1,189364,1402
CP048238.1,189525,507
CP048238.1,189711,1
CP048238.1,189722,1
CP048238.1,190353,34
CP048238.1,191010,12
CP048238.1,191260,613
CP048238.1,191498,7
CP048238.1,192218,1454
CP048238.1,192231,467
CP048238.1,192789,44
CP048238.1,192848,49
CP048238.1,192955,28
CP048238.1,193547,237
CP048238.1,193622,122
CP048238.1,193747,786
CP048238.1,193749,705
CP048238.1,193756,1
CP048238.1,193765,67
CP048238.1,193922,148
CP048238.1,194081,1536
CP048238.1,194082,1
CP048238.1,195247,1
CP048238.1,195251,437
CP048238.1,195374,1
CP048238.1,195597,68
CP048238.1,196459,23
CP048238.1,198050,55
CP048238.1,198130,216
CP048238.1,198319,951
CP048238.1,198580,1132
CP048238.1,198780,224
CP048238.1,202725,1015
CP048238.1,202813,2152
CP048238.1,202821,329
CP048238.1,202894,104
CP048238.1,207450,1
CP048238.1,207567,1
CP048238.1,214134,552
CP048238.1,218591,2
CP048238.1,220662,820
CP048238.1,221465,74
CP048238.1,222335,1
CP048238.1,224168,2412
CP048238.1,224235,172
CP048238.1,224493,155
CP048238.1,224500,1966
CP048238.1,226279,1
CP048238.1,226503,29
CP048238.1,226508,770
CP048238.1,226510,1750
CP048238.1,226575,287
CP048238.1,227890,3
CP048238.1,231464,1
CP048238.1,232269,653
CP048238.1,235218,2125
CP048238.1,237560,442
CP048238.1,237585,487
CP048238.1,237681,372
CP048238.1,237718,577
CP048238.1,240260,579
CP048238.1,240546,436
CP048238.1,240701,1531
CP048238.1,240708,48
CP048238.1,240710,3
CP048238.1,240880,1101
CP048238.1,244566,1
CP048238.1,250904,393
CP048238.1,251032,408
CP048238.1,251039,144
CP048238.1,251053,1174
CP048238.1,251060,448
CP048238.1,251090,103
CP048238.1,251092,1702
CP048238.1,251228,256
CP048238.1,251242,162
CP048238.1,251389,387
CP048238.1,251596,296
CP048238.1,251621,180
CP048238.1,251660,417
CP048238.1,251755,955
CP048238.1,251807,51
CP048238.1,251961,57
CP048238.1,254140,196
CP048238.1,254142,4
CP048238.1,254147,500
CP048238.1,254148,1187
CP048238.1,254225,500
CP048238.1,257501,1
CP048238.1,259071,1
CP048238.1,259895,668
CP048238.1,259902,1152
CP048238.1,260822,72
CP048238.1,261953,1
CP048238.1,262929,1
CP048238.1,263158,1284
CP048238.1,263814,1
CP048238.1,263844,2
CP048238.1,264739,1278
CP048238.1,264746,23
CP048238.1,264847,71
CP048238.1,265500,166
CP048238.1,266291,611
CP048238.1,266523,2905
CP048238.1,266568,751
CP048238.1,266678,643
CP048238.1,266851,290
CP048238.1,269760,29
CP048238.1,269845,76
CP048238.1,269850,1
CP048238.1,270106,1
CP048238.1,270284,407
CP048238.1,270530,1
CP048238.1,270977,151
CP048238.1,271175,157
CP048238.1,271735,597
CP048238.1,274259,936
CP048238.1,274338,1
CP048238.1,274532,1544
CP048238.1,275105,621
CP048238.1,275537,3
CP048238.1,275538,6
CP048238.1,275613,107
CP048238.1,275758,1189
CP048238.1,276125,19
CP048238.1,276129,1928
CP048238.1,276132,2818
CP048238.1,276186,15
CP048238.1,276200,82
CP048238.1,276236,59
CP048238.1,276252,608
CP048238.1,276496,85
CP048238.1,276644,102
CP048238.1,276862,102
CP048238.1,276878,1067
CP048238.1,276984,183
CP048238.1,276997,1166
CP048238.1,277011,1588
CP048238.1,277073,1
CP048238.1,277080,222
CP048238.1,277082,522
CP048238.1,277156,410
CP048238.1,277354,38
CP048238.1,277431,178
CP048238.1,277888,999
CP048238.1,279387,1345
CP048238.1,279861,436
CP048238.1,280311,192
CP048238.1,280983,848
CP048238.1,281448,3482
CP048238.1,282419,1637
CP048238.1,284067,1012
CP048238.1,284135,1
CP048238.1,284562,1
CP048238.1,284662,2
CP048238.1,284698,193
CP048238.1,284799,1249
CP048238.1,285101,2035
CP048238.1,285221,1
CP048238.1,285223,1539
CP048238.1,285260,56
CP048238.1,285365,1
CP048238.1,285412,615
CP048238.1,285654,2486
CP048238.1,285819,1
CP048238.1,285820,1549
CP048238.1,285866,1
CP048238.1,286857,1
CP048238.1,288355,29
CP048238.1,288379,1036
CP048238.1,291748,3134
CP048238.1,291905,990
CP048238.1,291927,904
CP048238.1,292018,1530
CP048238.1,292025,250
CP048238.1,292046,89
CP048238.1,292311,166
CP048238.1,292313,494
CP048238.1,292388,262
CP048238.1,292395,1
CP048238.1,292405,210
CP048238.1,292409,1
CP048238.1,292588,385
CP048238.1,292651,1222
CP048238.1,292658,705
CP048238.1,292700,3327
CP048238.1,292704,37
CP048238.1,292707,819
CP048238.1,292711,726
CP048238.1,292790,1223
CP048238.1,292797,362
CP048238.1,292852,1802
CP048238.1,292962,1173
CP048238.1,292989,2685
CP048238.1,293034,1
CP048238.1,293182,5
CP048238.1,293196,752
CP048238.1,296994,2
CP048238.1,297214,1681
CP048238.1,297372,1336
CP048238.1,297394,1252
CP048238.1,297643,150
CP048238.1,297767,2
CP048238.1,297769,2036
CP048238.1,297793,1
CP048238.1,298019,1
CP048238.1,298141,1714
CP048238.1,298246,1
CP048238.1,298778,237
CP048238.1,298827,1664
CP048238.1,298859,3735
CP048238.1,298866,1799
CP048238.1,299032,175
CP048238.1,299035,311
CP048238.1,299058,2266
CP048238.1,299069,1
CP048238.1,299124,2059
CP048238.1,299362,520
CP048238.1,301869,1538
CP048238.1,301944,1
CP048238.1,302300,905
CP048238.1,308548,2
CP048238.1,309025,170
CP048238.1,309163,7
CP048238.1,309198,1908
CP048238.1,310825,200
CP048238.1,311048,6
CP048238.1,311055,1
CP048238.1,311067,1
CP048238.1,311238,609
CP048238.1,311321,841
CP048238.1,311328,38
CP048238.1,311335,273
CP048238.1,311342,128
CP048238.1,311406,553
CP048238.1,311490,68
CP048238.1,312368,5
CP048238.1,313529,407
CP048238.1,313538,1
CP048238.1,313558,238
CP048238.1,313591,370
CP048238.1,313597,545
CP048238.1,313661,612
CP048238.1,313694,428
CP048238.1,313732,1360
CP048238.1,313889,177
CP048238.1,313896,332
CP048238.1,313904,607
CP048238.1,313989,1
CP048238.1,314067,1
CP048238.1,315025,18
CP048238.1,315566,70
CP048238.1,316132,1
CP048238.1,316476,280
CP048238.1,316483,1
CP048238.1,317340,681
CP048238.1,319551,5
CP048238.1,319606,348
CP048238.1,319622,1487
CP048238.1,321672,91
CP048238.1,321985,1
CP048238.1,322003,1
CP048238.1,322028,786
CP048238.1,322099,274
CP048238.1,322190,993
CP048238.1,322229,6
CP048238.1,322252,3446
CP048238.1,322257,536
CP048238.1,322259,2777
CP048238.1,322278,1
CP048238.1,322286,18
CP048238.1,322291,1
CP048238.1,322293,610
CP048238.1,322309,1022
CP048238.1,322324,14
CP048238.1,322341,872
CP048238.1,322400,1
CP048238.1,322459,61
CP048238.1,322582,1608
CP048238.1,322663,28
CP048238.1,322740,11
CP048238.1,322849,1
CP048238.1,322907,59
CP048238.1,322917,1
CP048238.1,322994,4260
CP048238.1,323001,21
CP048238.1,323086,1229
CP048238.1,325568,212
CP048238.1,326461,406
CP048238.1,326709,364
CP048238.1,329275,3
CP048238.1,329470,14
CP048238.1,329675,1
CP048238.1,329899,182
CP048238.1,330074,1
CP048238.1,330576,25
CP048238.1,330591,2
CP048238.1,330622,1463
CP048238.1,330819,214
CP048238.1,330906,2634
CP048238.1,330908,3865
CP048238.1,330922,397
CP048238.1,333690,963
CP048238.1,333723,112
CP048238.1,333960,85
CP048238.1,334063,1657
CP048238.1,334070,271
CP048238.1,334213,1175
CP048238.1,334908,518
CP048238.1,335320,1
CP048238.1,335348,649
CP048238.1,339623,2164
CP048238.1,339628,864
CP048238.1,339638,1
CP048238.1,339658,627
CP048238.1,339660,821
CP048238.1,339663,302
CP048238.1,339876,3
CP048238.1,339881,77
CP048238.1,339917,204
CP048238.1,339953,1
CP048238.1,339960,68
CP048238.1,340114,136
CP048238.1,340254,2294
CP048238.1,340450,284
CP048238.1,340616,51
CP048238.1,340888,119
CP048238.1,340931,1382
CP048238.1,341508,1
CP048238.1,343587,1160
CP048238.1,343688,146
CP048238.1,343730,34
CP048238.1,344435,1
CP048238.1,345092,155
CP048238.1,346638,307
CP048238.1,346869,358
CP048238.1,348013,971
CP048238.1,350042,5
CP048238.1,350251,258
CP048238.1,350349,155
CP048238.1,350407,185
CP048238.1,350455,303
CP048238.1,350526,8431
CP048238.1,350533,5273
CP048238.1,350549,597
CP048238.1,350562,47
CP048238.1,350585,1417
CP048238.1,350594,1412
CP048238.1,350601,1224
CP048238.1,350749,31
CP048238.1,351062,820
CP048238.1,351367,895
CP048238.1,352818,654
CP048238.1,353383,124
CP048238.1,354412,1
CP048238.1,356232,512
CP048238.1,356626,1522
CP048238.1,356664,794
CP048238.1,356730,3955
CP048238.1,356737,3432
CP048238.1,356745,1
CP048238.1,356836,3460
CP048238.1,356841,1
CP048238.1,356903,1
CP048238.1,356911,1151
CP048238.1,356973,382
CP048238.1,356980,2348
CP048238.1,356982,1
CP048238.1,357058,3
CP048238.1,357065,1
CP048238.1,357128,3287
CP048238.1,357134,1791
CP048238.1,357136,1208
CP048238.1,358914,1552
CP048238.1,358921,693
CP048238.1,359093,303
CP048238.1,359130,124
CP048238.1,359139,1324
CP048238.1,359206,1
CP048238.1,359220,572
CP048238.1,359242,578
CP048238.1,359257,1
CP048238.1,359354,1581
CP048238.1,359466,971
CP048238.1,359470,5
CP048238.1,359472,5443
CP048238.1,359479,541
CP048238.1,359497,5
CP048238.1,359504,1
CP048238.1,359559,1
CP048238.1,359631,21
CP048238.1,359703,1
CP048238.1,359722,1
CP048238.1,359734,590
CP048238.1,359742,214
CP048238.1,359746,659
CP048238.1,359749,227
CP048238.1,359753,6281
CP048238.1,359758,128
CP048238.1,359761,1
CP048238.1,359815,1114
CP048238.1,359911,601
CP048238.1,360224,76
CP048238.1,360399,1517
CP048238.1,360572,1013
CP048238.1,361443,1
CP048238.1,361508,57
CP048238.1,363162,267
CP048238.1,363249,1057
CP048238.1,363251,173
CP048238.1,363294,305
CP048238.1,363310,147
CP048238.1,363563,2102
CP048238.1,363566,457
CP048238.1,363570,596
CP048238.1,363575,195
CP048238.1,363576,1081
CP048238.1,364862,3194
CP048238.1,364988,414
CP048238.1,365001,1189
CP048238.1,365030,580
CP048238.1,365036,499
CP048238.1,365047,1292
CP048238.1,365069,299
CP048238.1,365073,830
CP048238.1,365080,3970
CP048238.1,365082,895
CP048238.1,365091,1079
CP048238.1,365108,3424
CP048238.1,365152,343
CP048238.1,365159,9
CP048238.1,365174,358
CP048238.1,365518,1311
CP048238.1,366135,46
CP048238.1,366451,1
CP048238.1,366458,1085
CP048238.1,366617,399
CP048238.1,366857,145
CP048238.1,367007,4051
CP048238.1,368006,1296
CP048238.1,369767,890
CP048238.1,371159,96
CP048238.1,371575,1023
CP048238.1,371853,2369
CP048238.1,371860,566
CP048238.1,371880,486
CP048238.1,371952,811
CP048238.1,372038,1
CP048238.1,372248,25
CP048238.1,372414,625
CP048238.1,372416,199
CP048238.1,372460,799
CP048238.1,372620,1220
CP048238.1,372663,16
CP048238.1,372754,1
CP048238.1,372983,76
CP048238.1,373553,1789
CP048238.1,374387,177
CP048238.1,374587,36
CP048238.1,374594,815
CP048238.1,377034,732
CP048238.1,377394,74
CP048238.1,378606,1729
CP048238.1,379892,305
CP048238.1,379896,45
CP048238.1,379900,981
CP048238.1,380011,1
CP048238.1,380089,1073
CP048238.1,380619,677
CP048238.1,380886,1
CP048238.1,381899,888
CP048238.1,382249,950
CP048238.1,383036,876
CP048238.1,384252,29
CP048238.1,384581,770
CP048238.1,384588,828
CP048238.1,384945,1
CP048238.1,385019,11
CP048238.1,385134,1395
CP048238.1,385256,1
CP048238.1,386906,127
CP048238.1,387129,1
CP048238.1,387167,1
CP048238.1,387180,324
CP048238.1,387812,13
CP048238.1,387986,1
CP048238.1,388425,1179
CP048238.1,388568,1
CP048238.1,388590,1080
CP048238.1,388671,933
CP048238.1,388678,191
CP048238.1,388687,146
CP048238.1,389071,355
CP048238.1,389212,4776
CP048238.1,389274,1
CP048238.1,389369,606
CP048238.1,389614,954
CP048238.1,390511,8
CP048238.1,391171,76
CP048238.1,391291,1
CP048238.1,391358,57
CP048238.1,391426,23
CP048238.1,391433,391
CP048238.1,391459,11
CP048238.1,391474,28
CP048238.1,391780,157
CP048238.1,392167,109
CP048238.1,392174,4
CP048238.1,392203,5
CP048238.1,392385,1076
CP048238.1,392533,25
CP048238.1,392922,403
CP048238.1,392942,1031
CP048238.1,392949,490
CP048238.1,393069,12
CP048238.1,393228,583
CP048238.1,393260,3
CP048238.1,393267,987
CP048238.1,393400,116
CP048238.1,393567,420
CP048238.1,393577,437
CP048238.1,393584,1
CP048238.1,393627,34
CP048238.1,393736,113
CP048238.1,393743,22
CP048238.1,393746,185
CP048238.1,393780,2601
CP048238.1,393786,893
CP048238.1,393843,1076
CP048238.1,393845,2
CP048238.1,393999,909
CP048238.1,394246,85
CP048238.1,394327,231
CP048238.1,394375,2690
CP048238.1,394517,1
CP048238.1,394548,115
CP048238.1,394567,721
CP048238.1,394574,164
CP048238.1,394741,798
CP048238.1,394773,2
CP048238.1,394780,566
CP048238.1,394783,13
CP048238.1,394822,701
CP048238.1,394827,1
CP048238.1,394829,1367
CP048238.1,394849,12
CP048238.1,394870,141
CP048238.1,394877,1286
CP048238.1,395119,7
CP048238.1,395231,597
CP048238.1,395394,86
CP048238.1,395406,40
CP048238.1,395547,728
CP048238.1,395574,117
CP048238.1,395581,3190
CP048238.1,395622,968
CP048238.1,395636,1
CP048238.1,395766,1
CP048238.1,396426,1
CP048238.1,396428,1
CP048238.1,396452,337
CP048238.1,396501,816
CP048238.1,396508,638
CP048238.1,396825,1474
CP048238.1,396865,14
CP048238.1,396869,974
CP048238.1,396905,3
CP048238.1,396912,998
CP048238.1,397231,61
CP048238.1,397338,163
CP048238.1,397464,1177
CP048238.1,397514,696
CP048238.1,397520,3134
CP048238.1,397583,13
CP048238.1,397600,390
CP048238.1,397614,334
CP048238.1,397624,802
CP048238.1,397652,51
CP048238.1,397668,1257
CP048238.1,397672,31
CP048238.1,397687,1329
CP048238.1,397694,1196
CP048238.1,397715,408
CP048238.1,397762,749
CP048238.1,397769,7
CP048238.1,397788,85
CP048238.1,397801,3
CP048238.1,397851,2008
CP048238.1,397868,884
CP048238.1,397875,1357
CP048238.1,397925,712
CP048238.1,398159,343
CP048238.1,398221,1181
CP048238.1,398240,3
CP048238.1,398376,159
CP048238.1,398383,5141
CP048238.1,398423,189
CP048238.1,398467,2373
CP048238.1,398596,564
CP048238.1,398690,89
CP048238.1,398691,1
CP048238.1,399111,1020
CP048238.1,399207,1
CP048238.1,399220,1399
CP048238.1,399335,10
CP048238.1,400999,1
CP048238.1,401176,813
CP048238.1,401253,682
CP048238.1,403022,514
CP048238.1,403053,431
CP048238.1,404876,287
CP048238.1,405038,981
CP048238.1,405052,579
CP048238.1,405058,1
CP048238.1,405061,702
CP048238.1,405073,319
CP048238.1,405111,102
CP048238.1,405118,8
CP048238.1,405138,1053
CP048238.1,405145,1
CP048238.1,405146,23
CP048238.1,407462,2366
CP048238.1,407544,2586
CP048238.1,408728,70
CP048238.1,408828,359
CP048238.1,408833,1
CP048238.1,408856,4435
CP048238.1,408863,1407
CP048238.1,408875,1
CP048238.1,408882,134
CP048238.1,408886,1
CP048238.1,409046,1826
CP048238.1,409053,133
CP048238.1,409057,182
CP048238.1,409066,1022
CP048238.1,409081,1351
CP048238.1,409086,1
CP048238.1,409093,80
CP048238.1,409113,1
CP048238.1,409115,2332
CP048238.1,409116,835
CP048238.1,409136,1651
CP048238.1,409165,594
CP048238.1,409172,6575
CP048238.1,409175,1
CP048238.1,409179,2289
CP048238.1,409193,1616
CP048238.1,409200,2181
CP048238.1,409222,1
CP048238.1,409224,42
CP048238.1,409225,1
CP048238.1,409226,14
CP048238.1,409227,2196
CP048238.1,409228,8
CP048238.1,409230,32
CP048238.1,409232,34
CP048238.1,409233,7
CP048238.1,409234,1235
CP048238.1,409235,58
CP048238.1,409236,353
CP048238.1,409237,7
CP048238.1,409238,75
CP048238.1,409239,67
CP048238.1,409240,493
CP048238.1,409241,255
CP048238.1,409242,84
CP048238.1,409243,188
CP048238.1,409244,5
CP048238.1,409245,649
CP048238.1,409247,589
CP048238.1,409249,343
CP048238.1,409251,667
CP048238.1,409252,225
CP048238.1,409253,1640
CP048238.1,409254,497
CP048238.1,409255,1926
CP048238.1,409257,1129
CP048238.1,409259,2192
CP048238.1,409261,223
CP048238.1,409263,26
CP048238.1,409265,1
CP048238.1,409288,1247
CP048238.1,409308,9
CP048238.1,409347,183
CP048238.1,409382,416
CP048238.1,409417,2318
CP048238.1,409451,1
CP048238.1,409458,67
CP048238.1,409515,1
CP048238.1,409522,1
CP048238.1,409574,3
CP048238.1,409595,1
CP048238.1,409602,67
CP048238.1,409628,1259
CP048238.1,409642,1
CP048238.1,412532,581
CP048238.1,412971,1482
CP048238.1,413154,1015
CP048238.1,415094,14
CP048238.1,417622,668
CP048238.1,417743,1
CP048238.1,419459,433
CP048238.1,420767,177
CP048238.1,421931,26
CP048238.1,421934,1
CP048238.1,421936,7
CP048238.1,421937,9692
CP048238.1,421938,697
CP048238.1,421941,1
CP048238.1,421943,1
CP048238.1,421944,6190
CP048238.1,422477,2301
CP048238.1,424313,153
CP048238.1,425423,291
CP048238.1,425748,1
CP048238.1,426080,245
CP048238.1,426102,16
CP048238.1,426184,75
CP048238.1,428057,1
CP048238.1,429423,1335
CP048238.1,429492,546
CP048238.1,430391,209
CP048238.1,430431,1
CP048238.1,430545,119
CP048238.1,430561,248
CP048238.1,430563,34
CP048238.1,431873,789
CP048238.1,432195,1038
CP048238.1,432819,164
CP048238.1,432951,5
CP048238.1,433461,36
CP048238.1,433513,2
CP048238.1,433792,1991
CP048238.1,433803,1832
CP048238.1,433807,1356
CP048238.1,433809,1
CP048238.1,433849,3346
CP048238.1,433856,1
CP048238.1,433863,681
CP048238.1,433869,2187
CP048238.1,433870,2047
CP048238.1,433871,1
CP048238.1,433878,2092
CP048238.1,433892,1996
CP048238.1,433905,92
CP048238.1,433940,2347
CP048238.1,433971,5
CP048238.1,434008,815
CP048238.1,434015,1753
CP048238.1,434017,231
CP048238.1,434024,1287
CP048238.1,434041,3333
CP048238.1,434048,2
CP048238.1,434077,1
CP048238.1,434079,2000
CP048238.1,434091,551
CP048238.1,434093,27
CP048238.1,435057,31
CP048238.1,435250,748
CP048238.1,435839,1048
CP048238.1,435874,2
CP048238.1,436006,1
CP048238.1,436040,961
CP048238.1,436330,1164
CP048238.1,436331,87
CP048238.1,440044,15
CP048238.1,440522,760
CP048238.1,440527,2
CP048238.1,440547,1
CP048238.1,440756,2263
CP048238.1,441019,1
CP048238.1,441026,102
CP048238.1,441071,198
CP048238.1,441109,1
CP048238.1,441117,14
CP048238.1,441305,59
CP048238.1,441307,1
CP048238.1,441906,218
CP048238.1,441949,2252
CP048238.1,442201,1
CP048238.1,442374,92
CP048238.1,442518,589
CP048238.1,442534,1359
CP048238.1,442632,2443
CP048238.1,442825,1
CP048238.1,442979,771
CP048238.1,443156,412
CP048238.1,443439,428
CP048238.1,443507,206
CP048238.1,443620,1
CP048238.1,443934,441
CP048238.1,443954,738
CP048238.1,443979,39
CP048238.1,444139,1
CP048238.1,444144,582
CP048238.1,444586,2244
CP048238.1,444747,689
CP048238.1,444858,85
CP048238.1,444920,4
CP048238.1,444945,580
CP048238.1,445004,674
CP048238.1,445025,2515
CP048238.1,445047,1368
CP048238.1,445049,1
CP048238.1,445051,305
CP048238.1,445056,2240
CP048238.1,445058,1
CP048238.1,445069,1
CP048238.1,445077,721
CP048238.1,445084,2164
CP048238.1,445087,2109
CP048238.1,445089,1
CP048238.1,445098,3993
CP048238.1,445132,1
CP048238.1,445137,293
CP048238.1,445139,1
CP048238.1,445189,642
CP048238.1,445366,380
CP048238.1,445373,207
CP048238.1,445375,2900
CP048238.1,445615,1860
CP048238.1,445650,250
CP048238.1,445807,17
CP048238.1,445921,938
CP048238.1,445928,77
CP048238.1,445937,2567
CP048238.1,445944,19
CP048238.1,445945,1332
CP048238.1,446017,1370
CP048238.1,446024,1
CP048238.1,446028,1
CP048238.1,446066,301
CP048238.1,446073,2243
CP048238.1,446125,5
CP048238.1,446132,119
CP048238.1,446141,1
CP048238.1,446160,1038
CP048238.1,446233,1123
CP048238.1,446236,155
CP048238.1,446240,1975
CP048238.1,446273,1357
CP048238.1,446280,2325
CP048238.1,446333,1152
CP048238.1,446335,1929
CP048238.1,446438,2407
CP048238.1,446519,1
CP048238.1,446567,1
CP048238.1,446574,8
CP048238.1,446625,11
CP048238.1,446653,848
CP048238.1,446747,1
CP048238.1,446869,46
CP048238.1,446876,14
CP048238.1,446878,1779
CP048238.1,446999,48
CP048238.1,447002,1446
CP048238.1,447014,1
CP048238.1,447117,22
CP048238.1,447150,88
CP048238.1,447187,1215
CP048238.1,447244,210
CP048238.1,447332,4719
CP048238.1,447339,1779
CP048238.1,447340,1199
CP048238.1,447347,1
CP048238.1,447406,1075
CP048238.1,447410,369
CP048238.1,447412,1232
CP048238.1,447419,1
CP048238.1,447716,1092
CP048238.1,447824,811
CP048238.1,448285,1
CP048238.1,448413,46
CP048238.1,448417,554
CP048238.1,448822,9
CP048238.1,448831,535
CP048238.1,448855,1
CP048238.1,448888,963
CP048238.1,448957,606
CP048238.1,448976,1
CP048238.1,448980,1914
CP048238.1,448987,331
CP048238.1,449012,475
CP048238.1,449030,1090
CP048238.1,449035,1992
CP048238.1,449249,514
CP048238.1,449289,277
CP048238.1,450308,167
CP048238.1,450443,651
CP048238.1,450544,4
CP048238.1,450577,821
CP048238.1,450612,148
CP048238.1,452690,890
CP048238.1,452697,301
CP048238.1,454618,20
CP048238.1,454683,2
CP048238.1,454910,9
CP048238.1,454959,23
CP048238.1,455143,322
CP048238.1,455964,1274
CP048238.1,455967,1
CP048238.1,456318,1697
CP048238.1,456570,1
CP048238.1,456577,1310
CP048238.1,456586,464
CP048238.1,456825,432
CP048238.1,456852,408
CP048238.1,456881,30
CP048238.1,456890,1504
CP048238.1,456913,494
CP048238.1,456920,1
CP048238.1,456938,1025
CP048238.1,457221,100
CP048238.1,457247,1238
CP048238.1,457273,1977
CP048238.1,457324,506
CP048238.1,458117,876
CP048238.1,458188,615
CP048238.1,458202,44
CP048238.1,458249,706
CP048238.1,458757,3
CP048238.1,459406,228
CP048238.1,459626,377
CP048238.1,459633,791
CP048238.1,459669,5
CP048238.1,459746,222
CP048238.1,462024,1
CP048238.1,465191,1
CP048238.1,468231,51
CP048238.1,468613,1772
CP048238.1,470518,1793
CP048238.1,471612,1
CP048238.1,471977,37
CP048238.1,472097,427
CP048238.1,472376,57
CP048238.1,472515,1224
CP048238.1,472605,1267
CP048238.1,472803,85
CP048238.1,472852,2
CP048238.1,473317,283
CP048238.1,473922,292
CP048238.1,474635,1
CP048238.1,474803,35
CP048238.1,474963,19
CP048238.1,474967,1117
CP048238.1,474970,420
CP048238.1,474972,248
CP048238.1,474983,57
CP048238.1,475188,1
CP048238.1,475195,934
CP048238.1,475228,1
CP048238.1,475408,258
CP048238.1,475696,1
CP048238.1,475864,1233
CP048238.1,476271,500
CP048238.1,476298,53
CP048238.1,476329,40
CP048238.1,476510,1053
CP048238.1,477991,89
CP048238.1,480234,121
CP048238.1,480241,88
CP048238.1,480354,3
CP048238.1,480508,382
CP048238.1,481017,37
CP048238.1,481559,1
CP048238.1,481722,3294
CP048238.1,481955,3589
CP048238.1,482074,2014
CP048238.1,482088,1964
CP048238.1,482201,1
CP048238.1,482312,267
CP048238.1,482397,371
CP048238.1,482404,1
CP048238.1,482422,16
CP048238.1,482620,1822
CP048238.1,482732,1491
CP048238.1,483058,1
CP048238.1,483111,22
CP048238.1,483628,40
CP048238.1,484957,1581
CP048238.1,484958,2
CP048238.1,485323,271
CP048238.1,485596,791
CP048238.1,485667,397
CP048238.1,485678,1
CP048238.1,485681,1
CP048238.1,485820,1
CP048238.1,485840,1
CP048238.1,485956,678
CP048238.1,485987,136
CP048238.1,485996,795
CP048238.1,486003,1130
CP048238.1,486078,2
CP048238.1,486091,1601
CP048238.1,486092,983
CP048238.1,486106,4
CP048238.1,486108,552
CP048238.1,486132,1
CP048238.1,486306,1
CP048238.1,486359,150
CP048238.1,486406,126
CP048238.1,489055,1
CP048238.1,489152,34
CP048238.1,490871,18
CP048238.1,490878,489
CP048238.1,490884,15
CP048238.1,491864,1
CP048238.1,493719,372
CP048238.1,495770,1890
CP048238.1,496502,1
CP048238.1,496938,1743
CP048238.1,497012,12
CP048238.1,497318,443
CP048238.1,497427,89
CP048238.1,498323,183
CP048238.1,499034,2298
CP048238.1,499550,2
CP048238.1,499564,2
CP048238.1,499565,1143
CP048238.1,499734,687
CP048238.1,502824,9
CP048238.1,502854,324
CP048238.1,503641,343
CP048238.1,503981,304
CP048238.1,504018,891
CP048238.1,504064,1
CP048238.1,506070,78
CP048238.1,506102,2
CP048238.1,506108,223
CP048238.1,506971,2
CP048238.1,507908,1536
CP048238.1,509113,1
CP048238.1,509123,1
CP048238.1,510057,1374
CP048238.1,510346,20
CP048238.1,510651,3474
CP048238.1,510947,7
CP048238.1,511474,1333
CP048238.1,512139,612
CP048238.1,512647,31
CP048238.1,513639,1
CP048238.1,513692,252
CP048238.1,513755,18
CP048238.1,515502,1
CP048238.1,516885,1
CP048238.1,516979,49
CP048238.1,516990,87
CP048238.1,517028,1
CP048238.1,517036,608
CP048238.1,517051,21
CP048238.1,517421,1
CP048238.1,517444,173
CP048238.1,517451,507
CP048238.1,517783,916
CP048238.1,517812,10
CP048238.1,517814,950
CP048238.1,517975,1
CP048238.1,518022,1
CP048238.1,518336,17
CP048238.1,518478,1
CP048238.1,518722,1
CP048238.1,519041,3
CP048238.1,522394,132
CP048238.1,528191,10
CP048238.1,528425,1
CP048238.1,528479,6
CP048238.1,528593,1862
CP048238.1,528596,1
CP048238.1,528666,1295
CP048238.1,528673,241
CP048238.1,528719,3875
CP048238.1,530091,2314
CP048238.1,531018,385
CP048238.1,531021,32
CP048238.1,531341,1
CP048238.1,531348,1078
CP048238.1,531477,1540
CP048238.1,531484,1
CP048238.1,531821,109
CP048238.1,531863,3812
CP048238.1,531904,838
CP048238.1,532061,1037
CP048238.1,532748,1
CP048238.1,533728,1559
CP048238.1,533846,491
CP048238.1,533972,1
CP048238.1,534231,703
CP048238.1,534238,26
CP048238.1,534430,1
CP048238.1,536065,19
CP048238.1,536117,39
CP048238.1,536145,13
CP048238.1,539244,80
CP048238.1,539498,61
CP048238.1,539618,1138
CP048238.1,539841,1
CP048238.1,541864,962
CP048238.1,541944,1
CP048238.1,541977,1195
CP048238.1,542076,1392
CP048238.1,542079,597
CP048238.1,542083,202
CP048238.1,542123,1404
CP048238.1,542145,1
CP048238.1,542152,4
CP048238.1,542178,1195
CP048238.1,542408,700
CP048238.1,542469,2
CP048238.1,542570,1
CP048238.1,542596,529
CP048238.1,542603,1570
CP048238.1,542666,1
CP048238.1,542715,512
CP048238.1,542761,238
CP048238.1,542770,1475
CP048238.1,542811,5
CP048238.1,542823,3
CP048238.1,542925,172
CP048238.1,542926,1315
CP048238.1,543150,2
CP048238.1,545802,918
CP048238.1,545809,535
CP048238.1,545937,1
CP048238.1,546653,18
CP048238.1,547669,5
CP048238.1,550620,1360
CP048238.1,551231,632
CP048238.1,552652,437
CP048238.1,553835,643
CP048238.1,554249,89
CP048238.1,554484,56
CP048238.1,555405,1
CP048238.1,555851,132
CP048238.1,555871,370
CP048238.1,555878,315
CP048238.1,555933,104
CP048238.1,556221,1
CP048238.1,556222,328
CP048238.1,558119,2
CP048238.1,558454,1
CP048238.1,559015,220
CP048238.1,559291,30
CP048238.1,559302,181
CP048238.1,559375,10
CP048238.1,559495,1545
CP048238.1,559597,4090
CP048238.1,559604,5535
CP048238.1,559749,1272
CP048238.1,559769,300
CP048238.1,559825,452
CP048238.1,559867,334
CP048238.1,559893,9
CP048238.1,560117,2
CP048238.1,561321,1
CP048238.1,561514,1
CP048238.1,561552,1
CP048238.1,562104,2
CP048238.1,562152,3497
CP048238.1,562171,63
CP048238.1,562321,1
CP048238.1,562420,10
CP048238.1,562605,1
CP048238.1,562966,2577
CP048238.1,563328,1
CP048238.1,563394,23
CP048238.1,563734,1
CP048238.1,564027,11
CP048238.1,564160,7313
CP048238.1,564357,1
CP048238.1,564523,1
CP048238.1,564708,831
CP048238.1,565021,3593
CP048238.1,565681,101
CP048238.1,567076,315
CP048238.1,568293,6
CP048238.1,568656,324
CP048238.1,568691,770
CP048238.1,568985,188
CP048238.1,569229,6
CP048238.1,569783,5
CP048238.1,570107,5
CP048238.1,570218,1038
CP048238.1,570260,214
CP048238.1,570511,794
CP048238.1,570515,5
CP048238.1,570517,19
CP048238.1,570518,1924
CP048238.1,570519,18
CP048238.1,570520,448
CP048238.1,570521,919
CP048238.1,570523,205
CP048238.1,570524,1431
CP048238.1,570525,762
CP048238.1,570526,11
CP048238.1,570527,65
CP048238.1,570528,345
CP048238.1,570529,2
CP048238.1,570538,4
CP048238.1,570540,23
CP048238.1,570542,114
CP048238.1,570544,310
CP048238.1,570627,656
CP048238.1,570634,3123
CP048238.1,570639,865
CP048238.1,570643,1814
CP048238.1,570905,701
CP048238.1,570918,1
CP048238.1,570975,1326
CP048238.1,570990,296
CP048238.1,570997,4050
CP048238.1,571006,20
CP048238.1,571007,1976
CP048238.1,571015,1
CP048238.1,571025,1
CP048238.1,571032,4855
CP048238.1,572004,186
CP048238.1,574039,530
CP048238.1,574292,377
CP048238.1,590403,1069
CP048238.1,590517,3
CP048238.1,590519,1
CP048238.1,594043,1
CP048238.1,594725,65
CP048238.1,594769,2630
CP048238.1,597354,916
CP048238.1,597392,1
CP048238.1,597716,3
CP048238.1,598543,367
CP048238.1,599126,197
CP048238.1,599248,1
CP048238.1,599791,1
CP048238.1,599940,141
CP048238.1,600446,23
CP048238.1,601611,1
CP048238.1,601616,1
CP048238.1,601686,1
CP048238.1,601710,1
CP048238.1,601769,813
CP048238.1,601789,14
CP048238.1,602341,1860
CP048238.1,602577,1
CP048238.1,602783,2
CP048238.1,602790,1219
CP048238.1,603194,1
CP048238.1,603234,1593
CP048238.1,603251,28
CP048238.1,603510,397
CP048238.1,603513,1
CP048238.1,606116,3
CP048238.1,606716,1
CP048238.1,607316,2
CP048238.1,607616,1
CP048238.1,607916,1
CP048238.1,628046,999
CP048238.1,629290,1
CP048238.1,629374,872
CP048238.1,629896,87
CP048238.1,630013,79
CP048238.1,642195,1
CP048238.1,644937,590
CP048238.1,648826,201
CP048238.1,648846,1370
CP048238.1,649084,8
CP048238.1,649087,153
CP048238.1,659957,527
CP048238.1,660008,68
CP048238.1,660155,3
CP048238.1,660455,420
CP048238.1,660576,642
CP048238.1,660798,720
CP048238.1,660806,1
CP048238.1,661234,603
CP048238.1,661395,748
CP048238.1,661699,82
CP048238.1,661755,54
CP048238.1,661980,1561
CP048238.1,663019,563
CP048238.1,672526,1322
CP048238.1,672597,725
CP048238.1,672624,2258
CP048238.1,672694,4101
CP048238.1,673027,22
CP048238.1,673545,1
CP048238.1,673934,1
CP048238.1,673954,44
CP048238.1,673974,2
CP048238.1,674058,1147
CP048238.1,674116,1198
CP048238.1,674130,73
CP048238.1,674351,625
CP048238.1,674407,32
CP048238.1,674467,711
CP048238.1,679145,1
CP048238.1,679189,1
CP048238.1,679191,28
CP048238.1,683129,3391
CP048238.1,683146,2099
CP048238.1,683253,1559
CP048238.1,683920,90
CP048238.1,683967,3288
CP048238.1,683969,2
CP048238.1,684043,15
CP048238.1,684200,38
CP048238.1,684505,1
CP048238.1,684542,11
CP048238.1,684549,83
CP048238.1,685062,47
CP048238.1,685708,1
CP048238.1,685777,4260
CP048238.1,685783,1549
CP048238.1,685784,1
CP048238.1,685810,2872
CP048238.1,685854,289
CP048238.1,685941,100
CP048238.1,686365,7
CP048238.1,686372,482
CP048238.1,686473,1730
CP048238.1,686478,1282
CP048238.1,686480,2
CP048238.1,686529,1104
CP048238.1,686535,3282
CP048238.1,686547,192
CP048238.1,686700,5
CP048238.1,686707,121
CP048238.1,686835,1
CP048238.1,686864,335
CP048238.1,686871,2
CP048238.1,686901,1831
CP048238.1,686903,347
CP048238.1,686912,3613
CP048238.1,686931,3653
CP048238.1,686942,1
CP048238.1,686975,1
CP048238.1,686986,1608
CP048238.1,687547,60
CP048238.1,690871,1
CP048238.1,691318,38
CP048238.1,691325,86
CP048238.1,691383,183
CP048238.1,691442,860
CP048238.1,694978,247
CP048238.1,696289,896
CP048238.1,696414,23
CP048238.1,696421,99
CP048238.1,696481,197
CP048238.1,696483,30
CP048238.1,696881,234
CP048238.1,698313,27
CP048238.1,700305,1125
CP048238.1,700312,532
CP048238.1,700445,1322
CP048238.1,703080,2159
CP048238.1,703512,1847
CP048238.1,703519,2196
CP048238.1,704284,3
CP048238.1,706301,1
CP048238.1,706429,324
CP048238.1,707593,567
CP048238.1,707687,712
CP048238.1,708151,1
CP048238.1,708253,969
CP048238.1,708260,6
CP048238.1,708321,392
CP048238.1,708378,2883
CP048238.1,708380,66
CP048238.1,708385,10
CP048238.1,708387,1
CP048238.1,708400,1643
CP048238.1,708438,18
CP048238.1,708445,568
CP048238.1,708462,24
CP048238.1,708697,1160
CP048238.1,708731,1500
CP048238.1,708756,1062
CP048238.1,708829,71
CP048238.1,708834,568
CP048238.1,708836,8
CP048238.1,709073,1367
CP048238.1,709259,1
CP048238.1,710231,2379
CP048238.1,710238,801
CP048238.1,710318,629
CP048238.1,710507,461
CP048238.1,710552,104
CP048238.1,710559,82
CP048238.1,710626,380
CP048238.1,710669,65
CP048238.1,710696,546
CP048238.1,711024,113
CP048238.1,711131,4
CP048238.1,711953,1
CP048238.1,712937,77
CP048238.1,713978,494
CP048238.1,714241,1313
CP048238.1,714244,1
CP048238.1,714267,115
CP048238.1,714449,891
CP048238.1,714597,7
CP048238.1,714647,319
CP048238.1,714654,1
CP048238.1,715195,1000
CP048238.1,715229,411
CP048238.1,715244,2935
CP048238.1,716520,888
CP048238.1,716635,59
CP048238.1,717187,195
CP048238.1,717417,1
CP048238.1,717479,457
CP048238.1,717843,955
CP048238.1,718372,1
CP048238.1,718821,11
CP048238.1,718828,156
CP048238.1,718884,1146
CP048238.1,719276,1
CP048238.1,720657,990
CP048238.1,720711,1
CP048238.1,720858,607
CP048238.1,721117,7
CP048238.1,721220,781
CP048238.1,723220,62
CP048238.1,725553,89
CP048238.1,727062,626
CP048238.1,727070,2
CP048238.1,727095,1320
CP048238.1,727121,8
CP048238.1,727290,4
CP048238.1,727591,1
CP048238.1,730187,17
CP048238.1,730650,31
CP048238.1,730731,2394
CP048238.1,730735,176
CP048238.1,730738,693
CP048238.1,730740,917
CP048238.1,730742,169
CP048238.1,730772,124
CP048238.1,730779,7
CP048238.1,730791,1341
CP048238.1,730831,25
CP048238.1,730882,285
CP048238.1,730903,161
CP048238.1,730986,200
CP048238.1,731104,195
CP048238.1,731111,194
CP048238.1,731160,506
CP048238.1,732564,58
CP048238.1,733108,235
CP048238.1,759102,1
CP048239.1,5293,1
CP048239.1,25598,250
CP048239.1,27974,1
CP048239.1,27975,86
CP048239.1,28755,938
CP048239.1,29941,2335
CP048239.1,30079,562
CP048239.1,30166,1210
CP048239.1,30276,1052
CP048239.1,30491,210
CP048239.1,32897,176
CP048239.1,33070,1
CP048239.1,33428,957
CP048239.1,34082,1
CP048239.1,34543,177
CP048239.1,35281,861
CP048239.1,35288,1
CP048239.1,35315,1963
CP048239.1,35381,130
CP048239.1,35389,417
CP048239.1,35428,1
CP048239.1,35521,90
CP048239.1,35683,464
CP048239.1,35694,745
CP048239.1,35715,16
CP048239.1,35859,191
CP048239.1,35947,972
CP048239.1,36033,161
CP048239.1,36035,2
CP048239.1,36039,437
CP048239.1,36040,1423
CP048239.1,36041,20
CP048239.1,36042,2172
CP048239.1,36160,1389
CP048239.1,36263,173
CP048239.1,36342,1271
CP048239.1,36353,5
CP048239.1,36431,19
CP048239.1,36749,1072
CP048239.1,38022,1643
CP048239.1,38029,5
CP048239.1,38045,904
CP048239.1,38056,110
CP048239.1,38279,12
CP048239.1,38518,1267
CP048239.1,39429,268
CP048239.1,40296,1529
CP048239.1,41726,56
CP048239.1,43228,755
CP048239.1,44377,12
CP048239.1,44715,1476
CP048239.1,45175,292
CP048239.1,45609,1143
CP048239.1,46293,1
CP048239.1,46636,59
CP048239.1,46946,40
CP048239.1,46977,638
CP048239.1,46984,837
CP048239.1,48377,1520
CP048239.1,48838,327
CP048239.1,49978,280
CP048239.1,50407,42
CP048239.1,50675,116
CP048239.1,50696,360
CP048239.1,50703,5
CP048239.1,50809,9
CP048239.1,50816,896
CP048239.1,50837,45
CP048239.1,50856,60
CP048239.1,50868,1
CP048239.1,50875,479
CP048239.1,50879,1112
CP048239.1,50902,1410
CP048239.1,50909,2145
CP048239.1,50942,1531
CP048239.1,50950,1592
CP048239.1,50978,2643
CP048239.1,50984,1304
CP048239.1,50991,957
CP048239.1,51089,1001
CP048239.1,51394,1277
CP048239.1,51399,2
CP048239.1,51401,712
CP048239.1,51403,1124
CP048239.1,51455,1
CP048239.1,51520,160
CP048239.1,51772,490
CP048239.1,53553,1
CP048239.1,53783,739
CP048239.1,54311,1
CP048239.1,54968,2
CP048239.1,54975,334
CP048239.1,54991,1
CP048239.1,55026,981
CP048239.1,55462,1021
CP048239.1,55497,406
CP048239.1,55553,1315
CP048239.1,55571,9
CP048239.1,55661,834
CP048239.1,55877,213
CP048239.1,55912,168
CP048239.1,56206,1
CP048239.1,57649,1518
CP048239.1,57969,424
CP048239.1,58262,31
CP048239.1,58937,880
CP048239.1,60243,1709
CP048239.1,60547,554
CP048239.1,60596,1077
CP048239.1,60598,1651
CP048239.1,60603,2087
CP048239.1,60989,1
CP048239.1,61544,187
CP048239.1,63866,2142
CP048239.1,63873,1118
CP048239.1,63935,34
CP048239.1,63944,507
CP048239.1,63964,99
CP048239.1,63971,422
CP048239.1,64028,1
CP048239.1,64030,487
CP048239.1,64035,1369
CP048239.1,64151,2804
CP048239.1,64167,31
CP048239.1,64174,321
CP048239.1,64178,1
CP048239.1,64204,874
CP048239.1,65789,1
CP048239.1,65988,1206
CP048239.1,66070,133
CP048239.1,66120,425
CP048239.1,66131,303
CP048239.1,66202,90
CP048239.1,66954,259
CP048239.1,67383,950
CP048239.1,67387,547
CP048239.1,67413,1492
CP048239.1,67414,395
CP048239.1,67421,120
CP048239.1,68953,163
CP048239.1,69085,494
CP048239.1,69418,1714
CP048239.1,69454,1
CP048239.1,69878,1
CP048239.1,70417,1338
CP048239.1,70476,1721
CP048239.1,75235,103
CP048239.1,78661,264
CP048239.1,84714,740
CP048239.1,84879,68
CP048239.1,84962,27
CP048239.1,84972,1154
CP048239.1,85046,222
CP048239.1,86201,1
CP048239.1,86405,776
CP048239.1,86456,114
CP048239.1,86465,1
CP048239.1,86688,1
CP048239.1,86772,88
CP048239.1,86860,2163
CP048239.1,86880,334
CP048239.1,86958,1427
CP048239.1,86965,1937
CP048239.1,86999,1
CP048239.1,88224,1
CP048239.1,89305,1
CP048239.1,90073,2053
CP048239.1,91409,17
CP048239.1,91658,3185
CP048239.1,91663,382
CP048239.1,91665,803
CP048239.1,91669,197
CP048239.1,97258,181
CP048239.1,100434,1
CP048239.1,100491,546
CP048239.1,101161,74
CP048239.1,104626,2
CP048239.1,104650,616
CP048239.1,104666,205
CP048239.1,104927,1
CP048239.1,105710,487
CP048239.1,107280,1
CP048239.1,107601,5
CP048239.1,107608,8564
CP048239.1,107610,6
CP048239.1,107631,2
CP048239.1,107771,1
CP048239.1,108873,2394
CP048239.1,108915,376
CP048239.1,108956,3
CP048239.1,108974,1916
CP048239.1,109075,155
CP048239.1,109082,1
CP048239.1,109084,491
CP048239.1,109091,4633
CP048239.1,109115,1
CP048239.1,109119,223
CP048239.1,109131,732
CP048239.1,109145,3509
CP048239.1,109172,51
CP048239.1,109174,943
CP048239.1,109177,1
CP048239.1,109181,734
CP048239.1,109229,1455
CP048239.1,109329,643
CP048239.1,111989,827
CP048239.1,112165,22
CP048239.1,113036,56
CP048239.1,114811,644
CP048239.1,115244,1
CP048239.1,115274,1
CP048239.1,115298,476
CP048239.1,115314,192
CP048239.1,115791,1
CP048239.1,115813,378
CP048239.1,115820,35
CP048239.1,115890,67
CP048239.1,116057,1552
CP048239.1,117483,3
CP048239.1,117553,2071
CP048239.1,123358,1281
CP048239.1,125750,2
CP048239.1,126226,1
CP048239.1,126422,1
CP048239.1,126527,1575
CP048239.1,127219,1756
CP048239.1,127249,803
CP048239.1,127393,1943
CP048239.1,127446,1
CP048239.1,127543,58
CP048239.1,128223,1239
CP048239.1,130880,1
CP048239.1,132423,1
CP048239.1,133871,37
CP048239.1,133912,369
CP048239.1,135552,2980
CP048239.1,135617,913
CP048239.1,135737,9
CP048239.1,137571,1
CP048239.1,137893,355
CP048239.1,138074,1
CP048239.1,142244,528
CP048239.1,145097,1011
CP048239.1,145104,76
CP048239.1,145111,93
CP048239.1,147119,1562
CP048239.1,147308,8
CP048239.1,147795,1671
CP048239.1,147804,1
CP048239.1,148045,311
CP048239.1,149140,3793
CP048239.1,149665,471
CP048239.1,151598,1270
CP048239.1,151915,1860
CP048239.1,152166,1933
CP048239.1,152173,107
CP048239.1,152683,247
CP048239.1,152685,1
CP048239.1,152854,1
CP048239.1,152860,357
CP048239.1,152901,1
CP048239.1,153161,5042
CP048239.1,153168,224
CP048239.1,153211,14
CP048239.1,153253,362
CP048239.1,153318,208
CP048239.1,153342,1512
CP048239.1,153355,1
CP048239.1,153513,1395
CP048239.1,153516,1013
CP048239.1,153579,217
CP048239.1,153601,68
CP048239.1,153724,1578
CP048239.1,155415,139
CP048239.1,155422,1149
CP048239.1,155593,374
CP048239.1,155595,1
CP048239.1,155600,67
CP048239.1,155601,1
CP048239.1,155602,4
CP048239.1,155676,733
CP048239.1,155732,375
CP048239.1,155760,779
CP048239.1,155902,1476
CP048239.1,155995,34
CP048239.1,156037,74
CP048239.1,156093,2569
CP048239.1,156196,2
CP048239.1,156324,1
CP048239.1,156363,2177
CP048239.1,156370,2028
CP048239.1,156512,572
CP048239.1,156558,8
CP048239.1,156636,2
CP048239.1,156823,459
CP048239.1,156829,330
CP048239.1,161327,169
CP048239.1,161730,2
CP048239.1,162669,1
CP048239.1,162735,2
CP048239.1,163292,8
CP048239.1,163537,245
CP048239.1,163554,747
CP048239.1,163581,52
CP048239.1,164077,1
CP048239.1,164086,1700
CP048239.1,164099,119
CP048239.1,164111,1351
CP048239.1,164183,907
CP048239.1,164213,831
CP048239.1,164317,39
CP048239.1,165933,1
CP048239.1,167514,24
CP048239.1,168613,2689
CP048239.1,169916,547
CP048239.1,169937,1
CP048239.1,170521,791
CP048239.1,170528,23
CP048239.1,170887,1
CP048239.1,170993,147
CP048239.1,171000,3375
CP048239.1,171070,2212
CP048239.1,171077,1007
CP048239.1,171555,6800
CP048239.1,171562,2776
CP048239.1,171800,70
CP048239.1,171809,1745
CP048239.1,171812,1329
CP048239.1,171816,1144
CP048239.1,171818,442
CP048239.1,171841,1
CP048239.1,172885,1203
CP048239.1,173227,285
CP048239.1,173287,2206
CP048239.1,173294,2036
CP048239.1,173316,206
CP048239.1,173334,2
CP048239.1,173382,1
CP048239.1,173417,73
CP048239.1,173430,1042
CP048239.1,173438,2
CP048239.1,173445,157
CP048239.1,173458,1
CP048239.1,173490,472
CP048239.1,173502,742
CP048239.1,173565,278
CP048239.1,173603,431
CP048239.1,173655,1092
CP048239.1,173718,1
CP048239.1,173814,145
CP048239.1,174151,210
CP048239.1,174439,318
CP048239.1,174455,37
CP048239.1,174462,869
CP048239.1,174496,484
CP048239.1,174590,10
CP048239.1,174604,452
CP048239.1,174787,4
CP048239.1,176112,426
CP048239.1,176259,2
CP048239.1,176296,123
CP048239.1,176326,16
CP048239.1,176341,149
CP048239.1,176454,2449
CP048239.1,176530,3474
CP048239.1,176638,3265
CP048239.1,176727,1
CP048239.1,176749,4
CP048239.1,176952,25
CP048239.1,177340,240
CP048239.1,177892,923
CP048239.1,178367,294
CP048239.1,178494,848
CP048239.1,179100,1
CP048239.1,179179,1910
CP048239.1,179430,20
CP048239.1,179460,14
CP048239.1,179479,43
CP048239.1,179797,358
CP048239.1,179804,1473
CP048239.1,180514,5
CP048239.1,181019,1
CP048239.1,181066,1
CP048239.1,181260,30
CP048239.1,181326,129
CP048239.1,181359,1
CP048239.1,182222,575
CP048239.1,182471,1
CP048239.1,182567,421
CP048239.1,182574,245
CP048239.1,182672,4217
CP048239.1,182679,29
CP048239.1,182708,140
CP048239.1,182738,718
CP048239.1,182763,1
CP048239.1,182765,47
CP048239.1,182919,60
CP048239.1,182963,4069
CP048239.1,182973,2
CP048239.1,182977,41
CP048239.1,182984,3561
CP048239.1,182999,2023
CP048239.1,183012,6
CP048239.1,183088,1129
CP048239.1,183089,1946
CP048239.1,183098,1
CP048239.1,183102,1
CP048239.1,183105,3318
CP048239.1,183109,2
CP048239.1,183124,211
CP048239.1,183146,1
CP048239.1,183156,183
CP048239.1,183178,727
CP048239.1,183208,3285
CP048239.1,183215,909
CP048239.1,183240,2351
CP048239.1,183249,7609
CP048239.1,183256,1
CP048239.1,183282,1
CP048239.1,183325,763
CP048239.1,183344,1
CP048239.1,183349,1772
CP048239.1,183366,2
CP048239.1,183373,3972
CP048239.1,183679,293
CP048239.1,185042,1
CP048239.1,185090,1
CP048239.1,185450,1
CP048239.1,186620,2
CP048239.1,188448,1
CP048239.1,188562,1
CP048239.1,188676,1
CP048239.1,188958,1
CP048239.1,188965,1928
CP048239.1,193360,984
CP048239.1,194161,645
CP048239.1,194223,152
CP048239.1,194449,263
CP048239.1,194498,1
CP048239.1,194950,2333
CP048239.1,195255,234
CP048239.1,199721,5
CP048239.1,199736,626
CP048239.1,199756,173
CP048239.1,199763,2220
CP048239.1,199829,803
CP048239.1,199842,498
CP048239.1,200066,11
CP048239.1,200212,1226
CP048239.1,200448,32
CP048239.1,200591,1
CP048239.1,200606,1
CP048239.1,200892,11
CP048239.1,200901,582
CP048239.1,200907,1
CP048239.1,200915,30
CP048239.1,204967,401
CP048239.1,205002,1
CP048239.1,205011,1131
CP048239.1,205018,70
CP048239.1,205332,21
CP048239.1,205448,292
CP048239.1,205462,453
CP048239.1,205525,1
CP048239.1,205693,2
CP048239.1,205884,255
CP048239.1,206124,497
CP048239.1,206131,2
CP048239.1,206195,1999
CP048239.1,206202,43
CP048239.1,206236,3288
CP048239.1,206354,11
CP048239.1,206356,5
CP048239.1,206363,2272
CP048239.1,206655,479
CP048239.1,207779,283
CP048239.1,208217,69
CP048239.1,208450,1
CP048239.1,208452,1253
CP048239.1,208949,2691
CP048239.1,211097,88
CP048239.1,212922,1414
CP048239.1,213034,2
CP048239.1,213966,1
CP048239.1,213969,710
CP048239.1,214106,5
CP048239.1,214705,2049
CP048239.1,215492,3
CP048239.1,215738,1524
CP048239.1,215777,1455
CP048239.1,215784,13
CP048239.1,215963,354
CP048239.1,216323,1439
CP048239.1,217372,148
CP048239.1,217711,1410
CP048239.1,217718,2
CP048239.1,218065,437
CP048239.1,218086,1230
CP048239.1,218093,3328
CP048239.1,218421,956
CP048239.1,218440,1321
CP048239.1,218599,1
CP048239.1,219074,1513
CP048239.1,219222,1380
CP048239.1,219900,9
CP048239.1,221439,2090
CP048239.1,221443,684
CP048239.1,221447,3
CP048239.1,221456,229
CP048239.1,221905,640
CP048239.1,221921,718
CP048239.1,221982,1
CP048239.1,221987,2903
CP048239.1,221994,753
CP048239.1,222001,451
CP048239.1,222044,216
CP048239.1,222051,1
CP048239.1,222070,332
CP048239.1,222094,6
CP048239.1,222122,65
CP048239.1,222602,1
CP048239.1,223492,73
CP048239.1,225821,283
CP048239.1,226501,422
CP048239.1,227187,843
CP048239.1,227579,1288
CP048239.1,227748,911
CP048239.1,227762,1719
CP048239.1,227766,45
CP048239.1,227769,339
CP048239.1,227773,2
CP048239.1,228423,2029
CP048239.1,228430,1201
CP048239.1,228446,1145
CP048239.1,228453,1
CP048239.1,228464,33
CP048239.1,228487,96
CP048239.1,228490,227
CP048239.1,228497,838
CP048239.1,228512,1875
CP048239.1,228520,94
CP048239.1,228531,561
CP048239.1,228533,24
CP048239.1,228535,1
CP048239.1,228538,1826
CP048239.1,228550,1560
CP048239.1,228578,2
CP048239.1,228582,1484
CP048239.1,230370,23
CP048239.1,230677,810
CP048239.1,230752,501
CP048239.1,230911,1617
CP048239.1,230979,80
CP048239.1,231086,234
CP048239.1,231098,319
CP048239.1,231105,830
CP048239.1,231183,1
CP048239.1,231885,1799
CP048239.1,231925,1526
CP048239.1,231932,910
CP048239.1,233048,1071
CP048239.1,233074,1015
CP048239.1,233323,8
CP048239.1,233330,331
CP048239.1,233505,65
CP048239.1,233741,1
CP048239.1,234037,64
CP048239.1,234063,362
CP048239.1,234164,61
CP048239.1,234351,28
CP048239.1,234959,898
CP048239.1,235660,36
CP048239.1,236179,1783
CP048239.1,236186,1
CP048239.1,236208,469
CP048239.1,236356,75
CP048239.1,236365,1255
CP048239.1,236557,21
CP048239.1,236630,176
CP048239.1,236737,166
CP048239.1,236754,28
CP048239.1,236768,93
CP048239.1,236809,2156
CP048239.1,236813,1
CP048239.1,236815,947
CP048239.1,236816,437
CP048239.1,236827,221
CP048239.1,236834,9
CP048239.1,236879,1661
CP048239.1,236886,1785
CP048239.1,236889,1
CP048239.1,236890,1352
CP048239.1,236897,1942
CP048239.1,236899,33
CP048239.1,236905,1734
CP048239.1,236917,412
CP048239.1,236971,48
CP048239.1,237001,662
CP048239.1,237037,1
CP048239.1,237061,13
CP048239.1,237166,178
CP048239.1,237180,1
CP048239.1,237187,207
CP048239.1,237191,1
CP048239.1,237248,1329
CP048239.1,237255,731
CP048239.1,237329,277
CP048239.1,237351,102
CP048239.1,237376,2
CP048239.1,237430,1
CP048239.1,237663,413
CP048239.1,237670,158
CP048239.1,237976,447
CP048239.1,238133,1
CP048239.1,238157,375
CP048239.1,238159,581
CP048239.1,238356,92
CP048239.1,238461,282
CP048239.1,238521,400
CP048239.1,238548,99
CP048239.1,238554,1001
CP048239.1,238660,599
CP048239.1,238885,2
CP048239.1,238926,5974
CP048239.1,238933,1451
CP048239.1,238934,980
CP048239.1,238965,23
CP048239.1,238989,86
CP048239.1,238991,710
CP048239.1,238998,427
CP048239.1,238999,657
CP048239.1,239032,4
CP048239.1,239039,1
CP048239.1,239321,1
CP048239.1,239435,1
CP048239.1,239510,328
CP048239.1,239569,1
CP048239.1,239630,16
CP048239.1,239651,9
CP048239.1,239677,2277
CP048239.1,239680,72
CP048239.1,239723,1
CP048239.1,239728,1
CP048239.1,239730,9
CP048239.1,239742,158
CP048239.1,239749,1170
CP048239.1,239764,37
CP048239.1,239771,1377
CP048239.1,239773,1484
CP048239.1,239775,1814
CP048239.1,239776,44
CP048239.1,239780,1091
CP048239.1,239813,17571
CP048239.1,239818,95
CP048239.1,239820,5487
CP048239.1,239825,437
CP048239.1,239850,566
CP048239.1,239857,2479
CP048239.1,239866,1874
CP048239.1,239901,18440
CP048239.1,239908,10927
CP048239.1,239911,303
CP048239.1,239929,1
CP048239.1,239931,904
CP048239.1,239938,2
CP048239.1,239940,18853
CP048239.1,239943,35
CP048239.1,239946,1331
CP048239.1,239947,24367
CP048239.1,239953,1
CP048239.1,239997,1304
CP048239.1,240004,12
CP048239.1,240014,1172
CP048239.1,240028,800
CP048239.1,240033,7
CP048239.1,240043,83
CP048239.1,240058,2
CP048239.1,240065,3539
CP048239.1,240075,84
CP048239.1,240082,73
CP048239.1,240110,1720
CP048239.1,240111,315
CP048239.1,240118,1451
CP048239.1,240134,1204
CP048239.1,240583,777
CP048239.1,241662,1274
CP048239.1,241716,20
CP048239.1,243195,575
CP048239.1,243198,1274
CP048239.1,243200,1
CP048239.1,243202,1768
CP048239.1,243206,1484
CP048239.1,243217,8
CP048239.1,243342,1517
CP048239.1,243349,4
CP048239.1,243366,2641
CP048239.1,243367,1590
CP048239.1,243373,240
CP048239.1,243374,266
CP048239.1,243383,7
CP048239.1,243384,199
CP048239.1,243385,1741
CP048239.1,243426,1116
CP048239.1,243433,1177
CP048239.1,243442,860
CP048239.1,243446,1423
CP048239.1,243449,11
CP048239.1,243453,1369
CP048239.1,243495,1185
CP048239.1,243545,363
CP048239.1,243653,73
CP048239.1,243671,41
CP048239.1,243686,1483
CP048239.1,243691,1
CP048239.1,243693,2820
CP048239.1,243700,2323
CP048239.1,243711,451
CP048239.1,243720,654
CP048239.1,243727,1055
CP048239.1,243730,1
CP048239.1,243789,1138
CP048239.1,243796,2313
CP048239.1,243797,1
CP048239.1,243799,673
CP048239.1,243803,462
CP048239.1,243805,1
CP048239.1,243806,1362
CP048239.1,243812,213
CP048239.1,243863,751
CP048239.1,243879,1
CP048239.1,243931,1
CP048239.1,243960,798
CP048239.1,243967,1
CP048239.1,243987,936
CP048239.1,243994,1
CP048239.1,244002,1911
CP048239.1,244004,762
CP048239.1,244011,5168
CP048239.1,244019,1
CP048239.1,244670,275
CP048239.1,245055,687
CP048239.1,245099,1
CP048239.1,245263,405
CP048239.1,245401,53
CP048239.1,245879,1
CP048239.1,246652,2
CP048239.1,247267,259
CP048239.1,247305,637
CP048239.1,247312,1
CP048239.1,247425,98
CP048239.1,247633,11
CP048239.1,247674,109
CP048239.1,247982,292
CP048239.1,248164,378
CP048239.1,248171,226
CP048239.1,248187,977
CP048239.1,248354,1
CP048239.1,248420,1942
CP048239.1,248427,205
CP048239.1,248607,11
CP048239.1,248812,218
CP048239.1,249252,799
CP048239.1,250513,1
CP048239.1,250988,2247
CP048239.1,251148,51
CP048239.1,251193,81
CP048239.1,251327,223
CP048239.1,251348,141
CP048239.1,251474,2176
CP048239.1,251481,122
CP048239.1,251488,1340
CP048239.1,251515,91
CP048239.1,253612,1
CP048239.1,253861,5517
CP048239.1,253868,9660
CP048239.1,253924,1034
CP048239.1,253928,426
CP048239.1,253931,1132
CP048239.1,253969,861
CP048239.1,255244,479
CP048239.1,255277,2
CP048239.1,257631,139
CP048239.1,257639,1
CP048239.1,257955,1344
CP048239.1,257983,51
CP048239.1,259894,54
CP048239.1,259906,785
CP048239.1,261555,627
CP048239.1,261834,1812
CP048239.1,262007,150
CP048239.1,262100,30
CP048239.1,263236,2322
CP048239.1,263336,333
CP048239.1,264259,1
CP048239.1,264541,390
CP048239.1,265612,2556
CP048239.1,266777,1
CP048239.1,266992,107
CP048239.1,267013,621
CP048239.1,267017,1066
CP048239.1,267018,2009
CP048239.1,267141,436
CP048239.1,267145,262
CP048239.1,267238,90
CP048239.1,267250,213
CP048239.1,267519,1619
CP048239.1,267934,1
CP048239.1,269401,859
CP048239.1,270436,60
CP048239.1,270458,1
CP048239.1,270483,19
CP048239.1,270530,198
CP048239.1,270713,40
CP048239.1,270829,1
CP048239.1,270858,1
CP048239.1,270887,25
CP048239.1,270899,1055
CP048239.1,270967,2
CP048239.1,271038,905
CP048239.1,271194,352
CP048239.1,271280,84
CP048239.1,271287,1217
CP048239.1,271325,5
CP048239.1,271353,1765
CP048239.1,271422,730
CP048239.1,271429,232
CP048239.1,271463,1189
CP048239.1,271523,17
CP048239.1,271606,950
CP048239.1,271683,90
CP048239.1,271690,340
CP048239.1,271764,728
CP048239.1,271771,37
CP048239.1,272176,2463
CP048239.1,272184,1
CP048239.1,272305,4739
CP048239.1,273189,2
CP048239.1,273431,1
CP048239.1,273438,3
CP048239.1,273600,2
CP048239.1,274315,1243
CP048239.1,275251,1
CP048239.1,275283,59
CP048239.1,275287,859
CP048239.1,275370,928
CP048239.1,275372,16
CP048239.1,275409,691
CP048239.1,275414,1
CP048239.1,275416,1654
CP048239.1,275431,139
CP048239.1,275456,1156
CP048239.1,275507,1
CP048239.1,275600,2695
CP048239.1,275607,1217
CP048239.1,275640,2
CP048239.1,275847,95
CP048239.1,275859,795
CP048239.1,275860,4
CP048239.1,275861,2
CP048239.1,275953,472
CP048239.1,275989,1
CP048239.1,276023,1
CP048239.1,276080,49
CP048239.1,276147,66
CP048239.1,276312,444
CP048239.1,276771,1
CP048239.1,276772,511
CP048239.1,277033,2
CP048239.1,277050,3855
CP048239.1,277219,1
CP048239.1,277643,1
CP048239.1,278015,1
CP048239.1,279983,952
CP048239.1,279995,528
CP048239.1,280132,157
CP048239.1,280134,1185
CP048239.1,280137,1226
CP048239.1,280219,406
CP048239.1,280449,354
CP048239.1,280476,2
CP048239.1,280612,1
CP048239.1,280690,870
CP048239.1,280778,1
CP048239.1,281159,312
CP048239.1,281223,1
CP048239.1,281257,1
CP048239.1,281356,798
CP048239.1,281360,508
CP048239.1,281807,1
CP048239.1,281955,333
CP048239.1,281998,319
CP048239.1,282005,1
CP048239.1,282062,1
CP048239.1,282069,16
CP048239.1,282073,1753
CP048239.1,282080,1
CP048239.1,282153,667
CP048239.1,282182,13
CP048239.1,282319,710
CP048239.1,282442,626
CP048239.1,282445,103
CP048239.1,282449,332
CP048239.1,282587,489
CP048239.1,282594,933
CP048239.1,282648,840
CP048239.1,282650,379
CP048239.1,282689,1
CP048239.1,283015,178
CP048239.1,285771,93
CP048239.1,286200,2141
CP048239.1,289421,1
CP048239.1,291036,356
CP048239.1,294452,1
CP048239.1,294788,41
CP048239.1,294949,902
CP048239.1,295076,64
CP048239.1,295813,1
CP048239.1,295821,914
CP048239.1,296008,3
CP048239.1,296020,7307
CP048239.1,296027,2177
CP048239.1,296135,361
CP048239.1,296328,2053
CP048239.1,296354,838
CP048239.1,296358,1152
CP048239.1,296428,2650
CP048239.1,296435,5316
CP048239.1,296448,16
CP048239.1,296482,2
CP048239.1,296484,1396
CP048239.1,296486,1331
CP048239.1,296488,122
CP048239.1,296490,70
CP048239.1,296494,864
CP048239.1,296496,229
CP048239.1,296561,1
CP048239.1,297056,1
CP048239.1,297811,1513
CP048239.1,297999,1072
CP048239.1,298074,30
CP048239.1,300735,117
CP048239.1,301232,22
CP048239.1,301239,1427
CP048239.1,301273,35
CP048239.1,301638,380
CP048239.1,303577,184
CP048239.1,303584,2268
CP048239.1,303664,1412
CP048239.1,303667,1859
CP048239.1,303671,254
CP048239.1,303696,1
CP048239.1,303697,1848
CP048239.1,303976,1
CP048239.1,304138,41
CP048239.1,304210,1
CP048239.1,304218,31
CP048239.1,304833,1
CP048239.1,305016,203
CP048239.1,305126,1
CP048239.1,305598,2643
CP048239.1,305605,884
CP048239.1,305631,213
CP048239.1,305642,208
CP048239.1,305677,1652
CP048239.1,305682,2204
CP048239.1,305684,1
CP048239.1,305705,4980
CP048239.1,305995,1
CP048239.1,306001,115
CP048239.1,306659,290
CP048239.1,306661,443
CP048239.1,306671,299
CP048239.1,306697,3
CP048239.1,306858,1
CP048239.1,306883,1
CP048239.1,306896,159
CP048239.1,307082,1
CP048239.1,307216,2425
CP048239.1,307351,1
CP048239.1,307407,632
CP048239.1,307883,1
CP048239.1,307984,588
CP048239.1,308000,24
CP048239.1,308092,318
CP048239.1,308167,1
CP048239.1,308209,171
CP048239.1,308382,973
CP048239.1,310155,1
CP048239.1,310179,1177
CP048239.1,310239,1118
CP048239.1,310889,646
CP048239.1,311285,20
CP048239.1,311616,1
CP048239.1,311623,149
CP048239.1,313773,2
CP048239.1,313850,1260
CP048239.1,313875,389
CP048239.1,314081,123
CP048239.1,314479,2476
CP048239.1,314536,55
CP048239.1,314543,2
CP048239.1,315167,1
CP048239.1,315341,130
CP048239.1,315706,3584
CP048239.1,316378,1
CP048239.1,316403,16
CP048239.1,316436,2
CP048239.1,316474,1
CP048239.1,316655,264
CP048239.1,316736,1650
CP048239.1,316759,1320
CP048239.1,316771,8
CP048239.1,316989,1
CP048239.1,317300,23
CP048239.1,317740,2042
CP048239.1,317908,1426
CP048239.1,317937,1573
CP048239.1,320027,683
CP048239.1,320431,2261
CP048239.1,320490,27
CP048239.1,320605,40
CP048239.1,320612,1
CP048239.1,320687,140
CP048239.1,320713,299
CP048239.1,320845,1
CP048239.1,323791,741
CP048239.1,323925,98
CP048239.1,330662,650
CP048239.1,330841,1
CP048239.1,330856,980
CP048239.1,330858,40
CP048239.1,330863,306
CP048239.1,330865,115
CP048239.1,330870,392
CP048239.1,330910,3
CP048239.1,330934,661
CP048239.1,331077,1
CP048239.1,331084,277
CP048239.1,331092,1673
CP048239.1,331164,1317
CP048239.1,331172,196
CP048239.1,331193,809
CP048239.1,331200,2189
CP048239.1,331328,1
CP048239.1,331562,57
CP048239.1,331715,650
CP048239.1,331735,1722
CP048239.1,331761,1
CP048239.1,331778,1
CP048239.1,331785,254
CP048239.1,331802,1012
CP048239.1,331811,752
CP048239.1,332151,1140
CP048239.1,332494,532
CP048239.1,332617,1218
CP048239.1,332962,1748
CP048239.1,333699,1
CP048239.1,333743,84
CP048239.1,335846,9
CP048239.1,335973,1340
CP048239.1,336767,164
CP048239.1,336786,1382
CP048239.1,336829,541
CP048239.1,337474,5
CP048239.1,339905,708
CP048239.1,340237,1
CP048239.1,340314,1
CP048239.1,340318,11
CP048239.1,340352,1
CP048239.1,340358,898
CP048239.1,341712,1
CP048239.1,344121,244
CP048239.1,344125,165
CP048239.1,344766,1414
CP048239.1,349350,904
CP048239.1,350056,171
CP048239.1,350561,580
CP048239.1,350818,5
CP048239.1,351156,1205
CP048239.1,351333,3136
CP048239.1,351340,1328
CP048239.1,351341,1766
CP048239.1,351411,1
CP048239.1,351423,802
CP048239.1,351496,1
CP048239.1,351503,271
CP048239.1,353569,1
CP048239.1,355573,1
CP048239.1,357743,1
CP048239.1,359870,1566
CP048239.1,360153,1
CP048239.1,360183,393
CP048239.1,360343,1807
CP048239.1,361858,1
CP048239.1,362342,32
CP048239.1,365210,6
CP048239.1,366863,31
CP048239.1,369322,438
CP048239.1,369337,619
CP048239.1,369484,168
CP048239.1,369588,342
CP048239.1,369798,97
CP048239.1,370400,2332
CP048239.1,370626,447
CP048239.1,379388,1091
CP048239.1,380594,420
CP048239.1,383114,108
CP048239.1,383140,1655
CP048239.1,384634,1
CP048239.1,385174,2243
CP048239.1,385186,129
CP048239.1,385244,1096
CP048239.1,386664,298
CP048239.1,386784,1231
CP048239.1,386797,27
CP048239.1,389317,69
CP048239.1,389324,285
CP048239.1,389455,524
CP048239.1,389481,1
CP048239.1,389568,1508
CP048239.1,389575,297
CP048239.1,389707,121
CP048239.1,389788,102
CP048239.1,390542,41
CP048239.1,390549,84
CP048239.1,393192,1124
CP048239.1,393283,1988
CP048239.1,393286,1061
CP048239.1,396176,17
CP048239.1,397436,1
CP048239.1,398337,2
CP048239.1,398353,34
CP048239.1,398804,1630
CP048239.1,398867,103
CP048239.1,398901,2
CP048239.1,398905,1305
CP048239.1,398912,722
CP048239.1,398977,248
CP048239.1,399021,1
CP048239.1,399777,568
CP048239.1,401229,1083
CP048239.1,401462,1557
CP048239.1,404574,2
CP048239.1,404576,1696
CP048239.1,404583,2098
CP048239.1,404616,3
CP048239.1,404741,4370
CP048239.1,404769,514
CP048239.1,404999,146
CP048239.1,405011,1
CP048239.1,405201,279
CP048239.1,405235,1
CP048239.1,405366,2051
CP048239.1,405373,128
CP048239.1,405386,5
CP048239.1,405479,34
CP048239.1,405513,397
CP048239.1,405578,1532
CP048239.1,405585,1911
CP048239.1,406041,948
CP048239.1,406043,446
CP048239.1,407854,1
CP048239.1,409100,104
CP048239.1,409107,175
CP048239.1,409578,1360
CP048239.1,409619,1
CP048239.1,409735,77
CP048239.1,409738,254
CP048239.1,409799,1
CP048239.1,409801,1550
CP048239.1,412104,329
CP048239.1,412327,559
CP048239.1,412397,368
CP048239.1,412399,27
CP048239.1,412404,1063
CP048239.1,412406,795
CP048239.1,412496,1679
CP048239.1,412503,2519
CP048239.1,412507,3
CP048239.1,412525,6634
CP048239.1,412532,7049
CP048239.1,412550,389
CP048239.1,412612,2268
CP048239.1,412617,1
CP048239.1,413143,340
CP048239.1,413960,38
CP048239.1,414963,211
CP048239.1,415420,21
CP048239.1,415760,216
CP048239.1,415937,184
CP048239.1,416033,229
CP048239.1,416040,1
CP048239.1,416158,59
CP048239.1,416201,1453
CP048239.1,416247,1235
CP048239.1,416309,151
CP048239.1,416435,315
CP048239.1,416845,56
CP048239.1,419351,130
CP048239.1,419354,664
CP048239.1,419361,16
CP048239.1,419418,1
CP048239.1,419460,1256
CP048239.1,420852,315
CP048239.1,421265,3985
CP048239.1,421328,17
CP048239.1,421661,1
CP048239.1,423067,789
CP048239.1,423208,1
CP048239.1,423246,717
CP048239.1,423253,5
CP048239.1,423262,1
CP048239.1,423430,1
CP048239.1,423991,923
CP048239.1,424000,233
CP048239.1,424248,212
CP048239.1,426670,1178
CP048239.1,426874,1443
CP048239.1,426920,1
CP048239.1,426963,2492
CP048239.1,430065,359
CP048239.1,432092,212
CP048239.1,432812,2
CP048239.1,434783,3
CP048239.1,434790,1
CP048239.1,437703,513
CP048239.1,441069,1372
CP048239.1,441077,3
CP048239.1,441505,1
CP048239.1,444821,307
CP048239.1,445690,1
CP048239.1,445854,1
CP048239.1,445883,624
CP048239.1,445932,730
CP048239.1,446012,1377
CP048239.1,446329,114
CP048239.1,446336,1243
CP048239.1,446364,1
CP048239.1,446371,70
CP048239.1,446432,22
CP048239.1,446478,1
CP048239.1,446533,1
CP048239.1,446561,381
CP048239.1,446759,1
CP048239.1,446812,497
CP048239.1,447234,4
CP048239.1,447250,1
CP048239.1,454629,905
CP048239.1,455651,1
CP048239.1,455765,1765
CP048239.1,456699,109
CP048239.1,458331,1
CP048239.1,459305,112
CP048239.1,460379,936
CP048239.1,461404,15
CP048239.1,467050,1
CP048239.1,467052,233
CP048239.1,478094,135
CP048239.1,480006,1905
CP048239.1,480496,1
CP048239.1,480559,1
CP048239.1,483179,42
CP048239.1,486629,111
CP048239.1,486686,2
CP048239.1,486689,1709
CP048239.1,486740,268
CP048239.1,486754,53
CP048239.1,486782,16
CP048239.1,486821,105
CP048239.1,486903,604
CP048239.1,490089,20
CP048239.1,496133,1
CP048239.1,496447,11
CP048239.1,496556,2268
CP048239.1,496568,1285
CP048239.1,496626,2212
CP048239.1,496658,877
CP048239.1,496675,1517
CP048239.1,496710,1586
CP048239.1,496746,173
CP048239.1,496781,1
CP048239.1,496785,1989
CP048239.1,496792,357
CP048239.1,496794,730
CP048239.1,497098,1689
CP048239.1,499582,34
CP048239.1,501262,53
CP048239.1,501270,6
CP048239.1,501276,4
CP048239.1,501385,128
CP048239.1,501399,463
CP048239.1,502215,990
CP048239.1,502253,1
CP048239.1,503605,491
CP048239.1,505233,1525
CP048239.1,505310,1886
CP048239.1,505926,209
CP048239.1,508984,1
CP048239.1,509040,78
CP048239.1,510291,2103
CP048239.1,510468,787
CP048239.1,510567,114
CP048239.1,510613,55
CP048239.1,510647,8
CP048239.1,510652,1555
CP048239.1,510654,187
CP048239.1,510702,1287
CP048239.1,510704,1
CP048239.1,510874,1
CP048239.1,510999,223
CP048239.1,512590,5279
CP048239.1,534530,466
CP048239.1,534570,134
CP048239.1,536390,1
CP048239.1,537393,49
CP048239.1,539761,1
CP048239.1,539923,62
CP048239.1,540367,441
CP048239.1,540727,1513
CP048239.1,540729,2
CP048239.1,542084,70
CP048239.1,542117,15
CP048239.1,542297,15
CP048239.1,544762,1297
CP048239.1,544807,139
CP048239.1,547328,1
CP048239.1,547566,1
CP048239.1,547996,375
CP048239.1,548027,1
CP048239.1,548358,1
CP048239.1,548964,1089
CP048239.1,550291,522
CP048239.1,551824,83
CP048239.1,552309,1
CP048239.1,552467,27
CP048239.1,552500,332
CP048239.1,553001,205
CP048239.1,553164,997
CP048239.1,553223,157
CP048239.1,553253,106
CP048239.1,553334,598
CP048239.1,553350,22
CP048239.1,553357,19
CP048239.1,553463,1
CP048239.1,553695,663
CP048239.1,553977,867
CP048239.1,559946,67
CP048239.1,559953,88
CP048239.1,559996,323
CP048239.1,560005,1
CP048239.1,560012,5
CP048239.1,561532,646
CP048239.1,563353,817
CP048239.1,570607,1347
CP048239.1,573716,113
CP048239.1,573743,3
CP048239.1,574564,506
CP048239.1,592379,69
CP048239.1,593994,555
CP048239.1,594383,175
CP048239.1,594490,1
CP048239.1,596386,5
CP048239.1,596388,1078
CP048239.1,596810,179
CP048239.1,596853,780
CP048239.1,596872,4719
CP048239.1,596878,74
CP048239.1,598186,104
CP048239.1,598355,282
CP048239.1,598478,1601
CP048239.1,598482,980
CP048239.1,598489,6
CP048239.1,598495,1003
CP048239.1,600187,1552
CP048239.1,600267,41
CP048239.1,600269,1141
CP048239.1,602204,1016
CP048239.1,602211,67
CP048239.1,602762,282
CP048239.1,602835,1
CP048239.1,602845,41
CP048239.1,602859,1130
CP048239.1,602895,23
CP048239.1,602909,992
CP048239.1,602912,610
CP048239.1,603748,229
CP048239.1,605786,476
CP048239.1,605936,86
CP048239.1,605943,85
CP048239.1,606009,141
CP048239.1,607168,1
CP048239.1,609694,1600
CP048239.1,610432,1
CP048239.1,610930,546
CP048239.1,613014,425
CP048239.1,613117,511
CP048239.1,613124,1119
CP048239.1,613126,870
CP048239.1,613129,1
CP048239.1,613136,1221
CP048239.1,613317,1106
CP048239.1,613333,347
CP048239.1,613579,443
CP048239.1,613768,594
CP048239.1,614006,60
CP048239.1,614026,1424
CP048239.1,614216,13
CP048239.1,614223,1
CP048239.1,614550,1
CP048239.1,614551,767
CP048239.1,621606,293
CP048239.1,621628,16
CP048239.1,621635,21
CP048239.1,623131,1
CP048239.1,624111,1843
CP048239.1,624299,633
CP048239.1,624304,2853
CP048239.1,624306,3
CP048239.1,624325,1
CP048239.1,624342,1
CP048239.1,625726,176
CP048239.1,625938,705
CP048239.1,625955,1728
CP048239.1,625962,1
CP048239.1,628179,1
CP048239.1,628247,260
CP048239.1,628379,1
CP048239.1,628643,680
CP048239.1,629638,3
CP048239.1,637246,161
CP048239.1,641465,1033
CP048239.1,641863,676
CP048239.1,642460,753
CP048239.1,643729,1
CP048239.1,644532,1
CP048239.1,644863,767
CP048239.1,644870,267
CP048239.1,645001,3479
CP048239.1,645008,2445
CP048239.1,645046,10
CP048239.1,645060,8
CP048239.1,645179,1152
CP048239.1,645183,8
CP048239.1,645432,1
CP048239.1,647585,122
CP048239.1,648001,95
CP048239.1,649146,653
CP048239.1,649280,980
CP048239.1,650306,769
CP048239.1,650331,3
CP048239.1,650380,16
CP048239.1,650460,20
CP048239.1,650486,121
CP048239.1,650585,309
CP048239.1,650778,1
CP048239.1,651042,1
CP048239.1,651170,1031
CP048239.1,651174,175
CP048239.1,651311,61
CP048239.1,651489,38
CP048239.1,652466,50
CP048239.1,652771,802
CP048239.1,652872,186
CP048239.1,652993,14
CP048239.1,653002,708
CP048239.1,653069,93
CP048239.1,653076,1
CP048239.1,653213,559
CP048239.1,653237,522
CP048239.1,653324,1
CP048239.1,654112,712
CP048239.1,654126,144
CP048239.1,654133,36
CP048239.1,657519,179
CP048239.1,658912,1
CP048239.1,661639,89
CP048239.1,661705,367
CP048239.1,661712,1328
CP048239.1,661713,1
CP048239.1,661738,74
CP048239.1,661791,715
CP048239.1,661803,3
CP048239.1,661830,1350
CP048239.1,663811,8
CP048239.1,664889,1
CP048239.1,665264,804
CP048239.1,670902,239
CP048239.1,671108,19
CP048239.1,671150,662
CP048239.1,678778,509
CP048239.1,678930,18
CP048239.1,680048,875
CP048239.1,680240,1
CP048239.1,683407,2
CP048239.1,683744,848
CP048239.1,683749,1
CP048239.1,683920,717
CP048239.1,684075,4
CP048239.1,684708,28
CP048239.1,685425,456
CP048239.1,687704,57
CP048239.1,688521,1012
CP048239.1,689630,469
CP048239.1,689633,256
CP048239.1,689715,228
CP048239.1,689898,116
CP048239.1,692815,863
CP048239.1,696027,21
CP048239.1,697067,2961
CP048239.1,699253,948
CP048239.1,700343,1
CP048239.1,700411,230
CP048239.1,703477,806
CP048239.1,704458,943
CP048239.1,707418,3
CP048239.1,707604,1
CP048239.1,707912,1
CP048239.1,714419,88
CP048239.1,714450,2448
CP048239.1,714457,122
CP048239.1,714531,1821
CP048239.1,714538,1
CP048239.1,716135,436
CP048239.1,716684,4
CP048239.1,717236,1342
CP048239.1,717475,1
CP048239.1,717623,1
CP048239.1,720902,259
CP048239.1,721980,1
CP048239.1,722880,40
CP048239.1,723252,672
CP048239.1,723289,37
CP048239.1,723296,51
CP048239.1,723581,1
CP048239.1,723588,1
CP048239.1,723686,39
CP048239.1,723694,2
CP048239.1,723701,10
CP048239.1,723741,1
CP048239.1,723753,4794
CP048239.1,723791,1395
CP048239.1,723860,68
CP048239.1,723867,1
CP048239.1,723891,121
CP048239.1,724070,1466
CP048239.1,724131,1569
CP048239.1,724171,1
CP048239.1,724209,1
CP048239.1,725858,1
CP048239.1,727410,1
CP048239.1,727411,44
CP048239.1,727444,1
CP048239.1,727750,54
CP048239.1,727785,1431
CP048239.1,727910,167
CP048239.1,729133,388
CP048239.1,733178,1
CP048239.1,733310,1
CP048239.1,733471,59
CP048239.1,733650,839
CP048239.1,733793,81
CP048239.1,733831,820
CP048239.1,733862,21
CP048239.1,733920,521
CP048239.1,734287,124
CP048239.1,734940,1
CP048239.1,736969,778
CP048239.1,738201,1
CP048239.1,738383,3
CP048239.1,738425,893
CP048239.1,738434,127
CP048239.1,738519,1
CP048239.1,739580,943
CP048239.1,739584,337
CP048239.1,742863,418
CP048239.1,742870,936
CP048239.1,742916,15
CP048239.1,742932,684
CP048239.1,743297,951
CP048239.1,743722,1
CP048239.1,744243,1057
CP048239.1,746704,885
CP048239.1,749672,469
CP048239.1,751223,319
CP048239.1,751536,92
CP048239.1,751568,650
CP048239.1,753546,915
CP048239.1,753643,79
CP048239.1,753784,47
CP048239.1,759212,671
CP048239.1,759492,2279
CP048239.1,759744,1704
CP048239.1,759801,1
CP048239.1,759855,31
CP048239.1,759961,51
CP048239.1,760171,9
CP048239.1,761501,997
CP048239.1,766359,993
CP048239.1,766393,1
CP048239.1,766400,599
CP048239.1,766445,1
CP048239.1,766482,300
CP048239.1,766675,1050
CP048239.1,767185,1139
CP048239.1,767346,123
CP048239.1,768885,33
CP048239.1,769340,1180
CP048239.1,769457,188
CP048239.1,769540,162
CP048239.1,770739,1073
CP048239.1,770746,246
CP048239.1,773695,7
CP048239.1,774195,1438
CP048239.1,774295,63
CP048239.1,776763,2271
CP048239.1,776797,1
CP048239.1,776853,12
CP048239.1,776864,601
CP048239.1,776932,100
CP048239.1,778641,1
CP048239.1,778642,487
CP048239.1,780506,464
CP048239.1,780614,1
CP048239.1,780678,621
CP048239.1,780685,2394
CP048239.1,780972,985
CP048239.1,780999,1
CP048239.1,781001,1
CP048239.1,781144,1053
CP048239.1,789629,91
CP048239.1,793063,1
CP048239.1,793366,50
CP048239.1,793409,1341
CP048239.1,811137,19
CP048239.1,811607,18
CP048239.1,811673,566
CP048239.1,819196,1552
CP048239.1,825203,244
CP048239.1,832668,291
CP048239.1,832692,478
CP048239.1,832824,748
CP048239.1,834800,9
CP048239.1,835135,68
CP048239.1,837541,1388
CP048239.1,844324,1
CP048239.1,845964,11
CP048239.1,846049,1042
CP048239.1,846074,1
CP048239.1,846254,910
CP048239.1,847244,38
CP048239.1,847853,1
CP048239.1,848014,1
CP048239.1,849324,72
CP048239.1,849408,868
CP048239.1,849569,1
CP048239.1,855116,367
CP048239.1,858504,11
CP048239.1,862635,1167
CP048239.1,862659,610
CP048239.1,862802,1775
CP048239.1,863867,1
CP048239.1,866049,1047
CP048239.1,866248,14
CP048239.1,866785,1
CP048239.1,866831,270
CP048239.1,866839,80
CP048239.1,866848,63
CP048239.1,866946,146
CP048239.1,866982,315
CP048239.1,867010,1275
CP048239.1,868575,1
CP048239.1,868650,1
CP048239.1,868658,179
CP048239.1,868732,528
CP048239.1,869177,535
CP048239.1,869179,1449
CP048239.1,873312,13
CP048239.1,873319,1
CP048239.1,873323,1448
CP048239.1,874047,1
CP048239.1,874177,36
CP048239.1,875013,1392
CP048239.1,879603,2248
CP048239.1,881048,24
CP048239.1,882883,599
CP048239.1,883048,1
CP048239.1,886439,119
CP048239.1,886468,115
CP048239.1,886475,1
CP048239.1,886796,1
CP048239.1,886905,1
CP048239.1,886979,513
CP048239.1,886999,1068
CP048239.1,887164,747
CP048239.1,890080,1
CP048239.1,892497,1
CP048239.1,892850,1868
CP048239.1,893776,3088
CP048239.1,893999,1803
CP048239.1,895273,1
CP048239.1,899299,1847
CP048239.1,899394,1686
CP048239.1,899419,958
CP048239.1,900360,1828
CP048239.1,900517,1092
CP048239.1,902603,1344
CP048239.1,902722,3084
CP048239.1,904775,1
CP048239.1,905500,2
CP048239.1,906824,123
CP048239.1,908467,1
CP048239.1,911234,384
CP048239.1,911553,1
CP048239.1,913465,1
CP048239.1,917402,89
CP048239.1,922651,1199
CP048239.1,922680,680
CP048239.1,922696,2
CP048239.1,929184,86
CP048239.1,929353,1475
CP048239.1,929462,383
CP048239.1,933857,1
CP048239.1,934683,49
CP048239.1,934698,1
CP048239.1,934844,27
CP048239.1,936365,2117
CP048239.1,936372,522
CP048239.1,936394,825
CP048239.1,938600,687
CP048239.1,941849,1277
CP048239.1,942271,1
CP048239.1,942289,76
CP048239.1,942291,192
CP048239.1,942298,957
CP048239.1,942300,639
CP048239.1,942329,1551
CP048239.1,942350,1005
CP048239.1,942428,517
CP048239.1,942469,1504
CP048239.1,942594,374
CP048239.1,942616,1439
CP048239.1,942797,11
CP048239.1,944522,1103
CP048239.1,946133,157
CP048239.1,946190,752
CP048239.1,947055,3
CP048239.1,947267,452
CP048239.1,947274,1
CP048239.1,947281,887
CP048239.1,947790,3332
CP048239.1,948263,329
CP048239.1,949581,96
CP048239.1,953260,1204
CP048239.1,953321,1
CP048239.1,953440,1456
CP048239.1,953463,1
CP048239.1,955110,1720
CP048239.1,955641,31
CP048239.1,956567,1059
CP048239.1,957040,123
CP048239.1,957047,1
CP048239.1,957076,788
CP048239.1,957662,129
CP048239.1,957739,33
CP048239.1,958756,16
CP048239.1,959124,1464
CP048239.1,959315,89
CP048239.1,959425,743
CP048239.1,959441,579
CP048239.1,959472,1
CP048239.1,962495,165
CP048239.1,965886,1985
CP048239.1,966021,5741
CP048239.1,966028,24
CP048239.1,967482,1807
CP048239.1,967984,52
CP048239.1,968041,1573
CP048239.1,968588,631
CP048239.1,969915,761
CP048239.1,970168,19
CP048239.1,972612,1
CP048239.1,983706,4839
CP048239.1,983755,2536
CP048239.1,985521,1
CP048239.1,985555,38
CP048239.1,986665,90
CP048239.1,988633,170
CP048239.1,989345,1
CP048239.1,991970,978
CP048239.1,993825,493
CP048239.1,993867,206
CP048239.1,993876,264
CP048239.1,993885,3068
CP048239.1,993915,1
CP048239.1,993999,125
CP048239.1,994005,816
CP048239.1,994024,1
CP048239.1,994031,1
CP048239.1,994036,51
CP048239.1,994038,1
CP048239.1,994043,804
CP048239.1,994083,9614
CP048239.1,994085,2193
CP048239.1,994142,1784
CP048239.1,997084,315
CP048239.1,1001293,2
CP048239.1,1001343,1
CP048239.1,1003526,23
CP048239.1,1004674,132
CP048239.1,1004681,2
CP048239.1,1006408,5
CP048239.1,1006539,1199
CP048239.1,1008588,1168
CP048239.1,1008967,1903
CP048239.1,1008968,1
CP048239.1,1008972,11
CP048239.1,1008973,889
CP048239.1,1009126,201
CP048239.1,1009135,1
CP048239.1,1009143,133
CP048239.1,1009225,240
CP048239.1,1009269,1
CP048239.1,1009304,1344
CP048239.1,1009331,1
CP048239.1,1010755,27
CP048239.1,1010768,1197
CP048239.1,1010824,863
CP048239.1,1010923,488
CP048239.1,1011196,272
CP048239.1,1011410,167
CP048239.1,1011467,797
CP048239.1,1011474,1
CP048239.1,1011790,395
CP048239.1,1012154,1
CP048239.1,1012884,1545
CP048239.1,1015036,717
CP048239.1,1015553,3766
CP048239.1,1015554,1
CP048239.1,1015885,1
CP048239.1,1015886,1
CP048239.1,1015893,155
CP048239.1,1015957,1
CP048239.1,1016114,3546
CP048239.1,1016158,9
CP048239.1,1016165,1
CP048239.1,1016438,251
CP048239.1,1016975,720
CP048239.1,1018632,1
CP048239.1,1020559,2322
CP048239.1,1020812,1
CP048239.1,1021085,1
CP048239.1,1021214,149
CP048239.1,1028158,1038
CP048239.1,1029835,135
CP048239.1,1029842,1
CP048239.1,1030622,1
CP048239.1,1030814,1
CP048239.1,1030921,1
CP048239.1,1034300,1560
CP048239.1,1036728,85
CP048239.1,1039614,2129
CP048239.1,1042716,41
CP048239.1,1046773,529
CP048239.1,1046788,1548
CP048239.1,1049150,191
CP048239.1,1050728,999
CP048239.1,1050934,4
CP048239.1,1050941,1050
CP048239.1,1050943,60
CP048239.1,1053154,3
CP048239.1,1055264,1088
CP048239.1,1060443,182
CP048239.1,1060696,1241
CP048239.1,1061892,18
CP048239.1,1062454,247
CP048239.1,1062551,1
CP048239.1,1063045,415
CP048239.1,1063146,1267
CP048239.1,1063153,710
CP048239.1,1063173,144
CP048239.1,1063192,1
CP048239.1,1063225,840
CP048239.1,1063551,1024
CP048239.1,1063747,109
CP048239.1,1067873,1368
CP048239.1,1067876,40
CP048239.1,1068110,637
CP048239.1,1068309,148
CP048239.1,1068832,141
CP048239.1,1068936,1103
CP048239.1,1069097,43
CP048239.1,1069180,536
CP048239.1,1069187,96
CP048239.1,1073030,1175
CP048239.1,1073449,301
CP048239.1,1074157,786
CP048239.1,1075648,39
CP048239.1,1080528,691
CP048239.1,1080853,236
CP048239.1,1087620,1
CP048239.1,1088429,1
CP048239.1,1091958,445
CP048239.1,1092057,730
CP048239.1,1095523,1
CP048239.1,1099975,441
CP048239.1,1100593,836
CP048239.1,1100740,1
CP048239.1,1100804,396
CP048239.1,1102486,1
CP048239.1,1108077,120
CP048239.1,1108094,1462
CP048239.1,1108241,850
CP048239.1,1109127,400
CP048239.1,1110180,554
CP048239.1,1110992,297
CP048239.1,1111313,538
CP048239.1,1111890,174
CP048239.1,1111942,1637
CP048239.1,1112831,640
CP048239.1,1115413,487
CP048239.1,1117955,659
CP048239.1,1118997,24
CP048239.1,1119056,1729
CP048239.1,1119076,22
CP048239.1,1119078,1062
CP048239.1,1119085,740
CP048239.1,1122519,450
CP048239.1,1123563,1
CP048239.1,1124091,6901
CP048239.1,1124098,1
CP048239.1,1124385,1
CP048239.1,1124403,1512
CP048239.1,1124447,2276
CP048239.1,1125868,694
CP048239.1,1125959,1
CP048239.1,1125964,150
CP048239.1,1126720,231
CP048239.1,1128068,1
CP048239.1,1128075,1213
CP048239.1,1128658,71
CP048239.1,1128669,1049
CP048239.1,1128697,137
CP048239.1,1128819,937
CP048239.1,1128826,35
CP048239.1,1132467,1
CP048239.1,1132652,739
CP048239.1,1132653,6
CP048239.1,1132657,1
CP048239.1,1133820,287
CP048239.1,1133840,18
CP048239.1,1133873,1
CP048239.1,1133888,1
CP048239.1,1133993,1221
CP048239.1,1134295,1
CP048239.1,1134374,1923
CP048239.1,1134872,1
CP048239.1,1134915,1
CP048239.1,1140206,1092
CP048239.1,1142941,1346
CP048239.1,1145958,897
CP048239.1,1146548,1012
CP048239.1,1146830,82
CP048239.1,1146869,200
CP048239.1,1146887,1
CP048239.1,1147106,2051
CP048239.1,1147113,1620
CP048239.1,1147115,6
CP048239.1,1147564,407
CP048239.1,1148014,1560
CP048239.1,1152468,729
CP048239.1,1152569,300
CP048239.1,1153691,807
CP048239.1,1154743,1
CP048239.1,1155798,108
CP048239.1,1161847,474
CP048239.1,1162209,3784
CP048239.1,1162306,172
CP048239.1,1164666,110
CP048239.1,1174664,1000
CP048239.1,1174671,74
CP048239.1,1174820,1
CP048239.1,1174917,944
CP048239.1,1175110,261
CP048239.1,1175406,994
CP048239.1,1175674,2684
CP048239.1,1177738,119
CP048239.1,1178368,18
CP048239.1,1178550,3497
CP048239.1,1178921,1
CP048239.1,1178944,4234
CP048239.1,1183601,1
CP048239.1,1185318,144
CP048239.1,1185431,995
CP048239.1,1186509,507
CP048239.1,1186516,834
CP048239.1,1186564,565
CP048239.1,1186647,509
CP048239.1,1186857,117
CP048239.1,1186940,49
CP048239.1,1188298,1
CP048239.1,1188303,1612
CP048239.1,1189290,92
CP048239.1,1189297,2161
CP048239.1,1189642,3
CP048239.1,1189715,1
CP048239.1,1190106,15
CP048239.1,1190179,2313
CP048239.1,1190186,2
CP048239.1,1190250,1
CP048239.1,1190259,78
CP048239.1,1190902,1
CP048239.1,1190929,997
CP048239.1,1190961,68
CP048239.1,1192849,1206
CP048239.1,1192930,1
CP048239.1,1192952,153
CP048239.1,1194073,47
CP048239.1,1194422,570
CP048239.1,1197152,1
CP048239.1,1197192,577
CP048239.1,1198191,1656
CP048239.1,1198445,1004
CP048239.1,1198468,5
CP048239.1,1198488,212
CP048239.1,1198495,1675
CP048239.1,1198591,71
CP048239.1,1201589,77
CP048239.1,1201606,117
CP048239.1,1202862,1477
CP048239.1,1204293,155
CP048239.1,1205483,267
CP048239.1,1206099,3
CP048239.1,1206172,221
CP048239.1,1207116,1
CP048239.1,1210203,242
CP048239.1,1211471,731
CP048239.1,1211592,1298
CP048239.1,1211637,311
CP048239.1,1216331,380
CP048239.1,1217748,1119
CP048239.1,1218050,3
CP048239.1,1218129,1178
CP048239.1,1218973,1042
CP048239.1,1223348,1244
CP048239.1,1240898,535
CP048239.1,1242322,40
CP048240.1,22270,1494
CP048240.1,24757,7
CP048240.1,25973,971
CP048240.1,26547,991
CP048240.1,27231,10
CP048240.1,28459,25
CP048240.1,28480,475
CP048240.1,28491,1472
CP048240.1,28508,366
CP048240.1,28750,1040
CP048240.1,28757,126
CP048240.1,29372,671
CP048240.1,29379,6246
CP048240.1,29446,1017
CP048240.1,29453,22
CP048240.1,29702,4
CP048240.1,29894,752
CP048240.1,32463,3
CP048240.1,32464,996
CP048240.1,32700,20
CP048240.1,32946,1
CP048240.1,33018,34
CP048240.1,33024,1
CP048240.1,33100,566
CP048240.1,33205,1095
CP048240.1,33217,1
CP048240.1,33293,565
CP048240.1,33355,1523
CP048240.1,33362,71
CP048240.1,33440,24
CP048240.1,33449,1
CP048240.1,33459,56
CP048240.1,33484,1791
CP048240.1,33490,51
CP048240.1,33509,5
CP048240.1,33588,1
CP048240.1,33597,10
CP048240.1,33612,1
CP048240.1,33619,262
CP048240.1,33621,122
CP048240.1,33632,2723
CP048240.1,33702,898
CP048240.1,33706,935
CP048240.1,33791,161
CP048240.1,33817,776
CP048240.1,33951,2165
CP048240.1,33953,47
CP048240.1,38062,1
CP048240.1,38069,1
CP048240.1,39173,23
CP048240.1,40014,2
CP048240.1,40268,8
CP048240.1,40275,2
CP048240.1,40503,71
CP048240.1,41438,655
CP048240.1,42434,314
CP048240.1,42520,1148
CP048240.1,42670,2
CP048240.1,43295,1
CP048240.1,43368,442
CP048240.1,43609,4018
CP048240.1,43616,450
CP048240.1,43650,1400
CP048240.1,43673,925
CP048240.1,43698,1142
CP048240.1,44832,14
CP048240.1,46172,1
CP048240.1,46508,955
CP048240.1,46772,787
CP048240.1,47517,1227
CP048240.1,48419,31
CP048240.1,48421,447
CP048240.1,51962,1580
CP048240.1,52966,1
CP048240.1,55395,110
CP048240.1,65878,3
CP048240.1,65957,31
CP048240.1,66210,785
CP048240.1,66217,345
CP048240.1,66223,745
CP048240.1,66235,1289
CP048240.1,66250,1323
CP048240.1,66257,1292
CP048240.1,66330,591
CP048240.1,67277,1
CP048240.1,67376,2505
CP048240.1,67455,35
CP048240.1,68079,171
CP048240.1,68167,2542
CP048240.1,68229,1067
CP048240.1,68231,1
CP048240.1,68458,1
CP048240.1,68467,342
CP048240.1,68564,2050
CP048240.1,68610,74
CP048240.1,70976,491
CP048240.1,70994,2170
CP048240.1,71007,346
CP048240.1,73801,1195
CP048240.1,73808,914
CP048240.1,73826,23
CP048240.1,73866,3335
CP048240.1,73920,1145
CP048240.1,73929,60
CP048240.1,74049,292
CP048240.1,74415,602
CP048240.1,74738,1
CP048240.1,74749,107
CP048240.1,74766,178
CP048240.1,74807,3820
CP048240.1,74814,1074
CP048240.1,74901,1060
CP048240.1,74939,2
CP048240.1,75237,896
CP048240.1,77978,457
CP048240.1,78112,180
CP048240.1,79000,1052
CP048240.1,79011,48
CP048240.1,79022,3
CP048240.1,79026,154
CP048240.1,79054,794
CP048240.1,79061,2907
CP048240.1,79063,1
CP048240.1,79108,1414
CP048240.1,79115,797
CP048240.1,79298,1
CP048240.1,79304,3221
CP048240.1,79715,1
CP048240.1,81517,1
CP048240.1,81519,1575
CP048240.1,84676,14
CP048240.1,85006,1
CP048240.1,85972,662
CP048240.1,86234,195
CP048240.1,86259,219
CP048240.1,86329,1201
CP048240.1,86349,5
CP048240.1,86415,106
CP048240.1,86461,1
CP048240.1,87383,1517
CP048240.1,87600,1
CP048240.1,87729,1
CP048240.1,89831,525
CP048240.1,89836,204
CP048240.1,90655,60
CP048240.1,91253,859
CP048240.1,91255,152
CP048240.1,92263,26
CP048240.1,93309,596
CP048240.1,93976,23
CP048240.1,93991,1272
CP048240.1,94231,330
CP048240.1,94335,1550
CP048240.1,94515,982
CP048240.1,94525,1
CP048240.1,94593,1
CP048240.1,94622,987
CP048240.1,94647,1559
CP048240.1,95050,1827
CP048240.1,95417,127
CP048240.1,95551,1
CP048240.1,98298,885
CP048240.1,98448,261
CP048240.1,98857,1479
CP048240.1,99209,2
CP048240.1,100464,317
CP048240.1,100503,2
CP048240.1,109374,1227
CP048240.1,110644,136
CP048240.1,110692,1298
CP048240.1,110698,678
CP048240.1,110710,2600
CP048240.1,111260,1
CP048240.1,111794,735
CP048240.1,111796,1
CP048240.1,111801,2162
CP048240.1,112187,1
CP048240.1,112189,2
CP048240.1,112191,13
CP048240.1,112193,59
CP048240.1,112401,34
CP048240.1,112408,340
CP048240.1,113206,1
CP048240.1,113215,1
CP048240.1,113652,2
CP048240.1,114258,165
CP048240.1,114339,2430
CP048240.1,114722,671
CP048240.1,116220,95
CP048240.1,116222,3
CP048240.1,116227,1621
CP048240.1,116655,1
CP048240.1,118939,1
CP048240.1,119430,705
CP048240.1,120309,1
CP048240.1,120310,1433
CP048240.1,120436,1
CP048240.1,121428,784
CP048240.1,122894,110
CP048240.1,124595,1
CP048240.1,124718,1
CP048240.1,127384,67
CP048240.1,127391,57
CP048240.1,127973,1304
CP048240.1,128260,1
CP048240.1,129673,1
CP048240.1,130503,1
CP048240.1,131304,1
CP048240.1,132974,1
CP048240.1,133954,1500
CP048240.1,135476,260
CP048240.1,135625,2
CP048240.1,135998,1
CP048240.1,136029,1696
CP048240.1,136115,1560
CP048240.1,136123,1472
CP048240.1,136127,10
CP048240.1,136134,3
CP048240.1,141357,1
CP048240.1,145976,92
CP048240.1,145987,180
CP048240.1,147345,175
CP048240.1,147368,9
CP048240.1,147437,29
CP048240.1,147441,2063
CP048240.1,147591,1
CP048240.1,147975,55
CP048240.1,149018,1
CP048240.1,149025,2
CP048240.1,149044,509
CP048240.1,149059,1
CP048240.1,149193,1
CP048240.1,149336,1983
CP048240.1,149346,159
CP048240.1,149353,127
CP048240.1,149384,2360
CP048240.1,149391,413
CP048240.1,149426,1
CP048240.1,149437,1
CP048240.1,149441,4
CP048240.1,149444,401
CP048240.1,149448,2857
CP048240.1,149455,1
CP048240.1,149462,1180
CP048240.1,149496,1
CP048240.1,149504,5781
CP048240.1,149511,5627
CP048240.1,149526,1895
CP048240.1,149534,2166
CP048240.1,149544,191
CP048240.1,149575,671
CP048240.1,149582,5051
CP048240.1,149584,1
CP048240.1,149654,7
CP048240.1,149692,1242
CP048240.1,149693,1
CP048240.1,149719,1755
CP048240.1,149721,1
CP048240.1,149811,1
CP048240.1,149821,243
CP048240.1,149827,1
CP048240.1,149872,3072
CP048240.1,149873,230
CP048240.1,149879,2284
CP048240.1,149915,1234
CP048240.1,149917,3
CP048240.1,149920,2815
CP048240.1,150019,1
CP048240.1,150276,2281
CP048240.1,150425,1051
CP048240.1,150726,6
CP048240.1,151168,1
CP048240.1,151498,337
CP048240.1,151522,790
CP048240.1,151619,1
CP048240.1,151716,66
CP048240.1,151778,1
CP048240.1,151785,903
CP048240.1,151836,14
CP048240.1,152868,397
CP048240.1,154734,2
CP048240.1,154947,1
CP048240.1,155325,1
CP048240.1,155369,3231
CP048240.1,159230,1604
CP048240.1,159501,908
CP048240.1,159502,1
CP048240.1,160220,212
CP048240.1,161266,58
CP048240.1,161540,95
CP048240.1,161560,936
CP048240.1,161711,188
CP048240.1,161809,1
CP048240.1,161894,524
CP048240.1,162404,805
CP048240.1,162587,11
CP048240.1,162853,1211
CP048240.1,166904,626
CP048240.1,167187,502
CP048240.1,167481,5
CP048240.1,167589,903
CP048240.1,167642,200
CP048240.1,168151,679
CP048240.1,169641,78
CP048240.1,169987,1273
CP048240.1,170004,2
CP048240.1,170686,83
CP048240.1,170725,1859
CP048240.1,172240,1169
CP048240.1,172403,1
CP048240.1,173712,1105
CP048240.1,173718,1
CP048240.1,173776,434
CP048240.1,173830,363
CP048240.1,173878,1
CP048240.1,174337,1
CP048240.1,174687,1888
CP048240.1,176010,1928
CP048240.1,176072,100
CP048240.1,176291,6
CP048240.1,176923,1
CP048240.1,177498,382
CP048240.1,177507,16
CP048240.1,177509,1
CP048240.1,177654,752
CP048240.1,177983,1
CP048240.1,178122,271
CP048240.1,178273,431
CP048240.1,178317,2
CP048240.1,178319,1851
CP048240.1,178438,154
CP048240.1,178535,352
CP048240.1,178639,1
CP048240.1,178684,66
CP048240.1,180876,1104
CP048240.1,180877,835
CP048240.1,181043,63
CP048240.1,181050,16
CP048240.1,181189,546
CP048240.1,181203,2
CP048240.1,181248,1
CP048240.1,181591,889
CP048240.1,181744,64
CP048240.1,181774,66
CP048240.1,181775,144
CP048240.1,181782,18
CP048240.1,182371,358
CP048240.1,182766,1
CP048240.1,185058,79
CP048240.1,187582,3591
CP048240.1,187674,204
CP048240.1,187969,687
CP048240.1,188029,79
CP048240.1,188275,318
CP048240.1,188282,87
CP048240.1,188388,911
CP048240.1,188395,1086
CP048240.1,188502,1
CP048240.1,189519,473
CP048240.1,189547,5
CP048240.1,189549,307
CP048240.1,189556,15
CP048240.1,189640,974
CP048240.1,189726,1
CP048240.1,189733,53
CP048240.1,189938,336
CP048240.1,190014,1
CP048240.1,190029,1362
CP048240.1,190060,1
CP048240.1,190083,777
CP048240.1,190135,2827
CP048240.1,190142,3018
CP048240.1,190149,1654
CP048240.1,190156,427
CP048240.1,190163,1
CP048240.1,190170,2071
CP048240.1,190183,120
CP048240.1,190188,1364
CP048240.1,190198,14
CP048240.1,190199,1
CP048240.1,190223,33
CP048240.1,190230,1958
CP048240.1,190231,907
CP048240.1,190233,47
CP048240.1,190330,1425
CP048240.1,190337,3643
CP048240.1,190363,9
CP048240.1,190376,1622
CP048240.1,190453,53
CP048240.1,190478,64
CP048240.1,190510,2600
CP048240.1,190511,1
CP048240.1,190557,159
CP048240.1,190611,545
CP048240.1,190633,866
CP048240.1,191001,1
CP048240.1,191625,1301
CP048240.1,191670,293
CP048240.1,192474,1642
CP048240.1,196346,1
CP048240.1,196498,1
CP048240.1,196505,980
CP048240.1,196528,139
CP048240.1,196574,152
CP048240.1,196584,11
CP048240.1,196687,1172
CP048240.1,196720,2714
CP048240.1,197567,1093
CP048240.1,197574,1
CP048240.1,197600,31
CP048240.1,200122,322
CP048240.1,203060,590
CP048240.1,203186,756
CP048240.1,203385,55
CP048240.1,203519,1
CP048240.1,203568,2067
CP048240.1,203823,361
CP048240.1,204906,653
CP048240.1,207561,1
CP048240.1,207745,1
CP048240.1,207882,1
CP048240.1,207887,1
CP048240.1,207889,208
CP048240.1,207900,1
CP048240.1,207926,933
CP048240.1,208709,1
CP048240.1,209081,306
CP048240.1,209167,988
CP048240.1,209187,2678
CP048240.1,209520,1
CP048240.1,212136,502
CP048240.1,212913,160
CP048240.1,213200,864
CP048240.1,213890,164
CP048240.1,215330,1
CP048240.1,216066,9
CP048240.1,216067,431
CP048240.1,216144,65
CP048240.1,216264,105
CP048240.1,216426,504
CP048240.1,216493,57
CP048240.1,216535,1715
CP048240.1,216538,230
CP048240.1,216542,930
CP048240.1,216626,177
CP048240.1,218431,168
CP048240.1,219123,86
CP048240.1,219412,556
CP048240.1,219470,240
CP048240.1,219556,1
CP048240.1,219611,143
CP048240.1,219618,2922
CP048240.1,219749,21
CP048240.1,219756,1
CP048240.1,222992,1145
CP048240.1,222999,346
CP048240.1,223358,237
CP048240.1,223595,606
CP048240.1,224739,237
CP048240.1,224940,871
CP048240.1,224947,104
CP048240.1,224993,13
CP048240.1,225331,223
CP048240.1,225488,482
CP048240.1,225683,1
CP048240.1,225732,1
CP048240.1,225798,1
CP048240.1,225825,790
CP048240.1,225832,153
CP048240.1,227739,2369
CP048240.1,227951,1379
CP048240.1,229055,423
CP048240.1,229136,1075
CP048240.1,229365,1
CP048240.1,229455,717
CP048240.1,229466,185
CP048240.1,229689,59
CP048240.1,230038,1
CP048240.1,231668,1195
CP048240.1,232271,751
CP048240.1,232278,390
CP048240.1,233639,404
CP048240.1,233735,701
CP048240.1,235202,1129
CP048240.1,235217,1138
CP048240.1,235284,1460
CP048240.1,235298,193
CP048240.1,235317,1
CP048240.1,235335,903
CP048240.1,235600,1447
CP048240.1,235604,400
CP048240.1,235732,704
CP048240.1,236148,789
CP048240.1,236771,1575
CP048240.1,238138,1
CP048240.1,238156,592
CP048240.1,238493,1370
CP048240.1,240143,18
CP048240.1,240579,1575
CP048240.1,240604,1
CP048240.1,240798,4
CP048240.1,240931,254
CP048240.1,241109,273
CP048240.1,241111,32
CP048240.1,241112,2424
CP048240.1,241118,2157
CP048240.1,241119,1665
CP048240.1,241187,1
CP048240.1,241194,867
CP048240.1,241222,1722
CP048240.1,241226,2
CP048240.1,241227,67
CP048240.1,241229,1669
CP048240.1,241237,2904
CP048240.1,241244,2
CP048240.1,241338,231
CP048240.1,241378,1
CP048240.1,241387,4190
CP048240.1,241467,2
CP048240.1,241471,853
CP048240.1,241816,1437
CP048240.1,241852,1517
CP048240.1,241873,23
CP048240.1,241874,65
CP048240.1,241883,962
CP048240.1,241898,1
CP048240.1,241933,750
CP048240.1,241934,523
CP048240.1,241941,643
CP048240.1,242025,3
CP048240.1,242155,6
CP048240.1,242548,1843
CP048240.1,243128,332
CP048240.1,243912,1
CP048240.1,244711,94
CP048240.1,244718,355
CP048240.1,245160,312
CP048240.1,245189,3980
CP048240.1,245745,2263
CP048240.1,245766,2281
CP048240.1,245874,3
CP048240.1,245876,2022
CP048240.1,245906,3627
CP048240.1,245913,3683
CP048240.1,246127,719
CP048240.1,246396,595
CP048240.1,246401,113
CP048240.1,246403,1805
CP048240.1,246405,2005
CP048240.1,246408,547
CP048240.1,246448,288
CP048240.1,246451,1
CP048240.1,246455,717
CP048240.1,246471,1408
CP048240.1,246757,1
CP048240.1,246896,935
CP048240.1,248244,596
CP048240.1,248443,1886
CP048240.1,248600,118
CP048240.1,250091,1
CP048240.1,250163,1826
CP048240.1,250164,1
CP048240.1,250170,2150
CP048240.1,250257,306
CP048240.1,250264,193
CP048240.1,250274,2683
CP048240.1,250275,442
CP048240.1,250278,1
CP048240.1,250285,952
CP048240.1,250347,2
CP048240.1,250354,1063
CP048240.1,250356,50
CP048240.1,250359,8
CP048240.1,250363,1478
CP048240.1,250367,1431
CP048240.1,250371,1208
CP048240.1,250382,316
CP048240.1,250423,160
CP048240.1,250424,897
CP048240.1,250449,294
CP048240.1,250523,609
CP048240.1,250525,1
CP048240.1,250751,1524
CP048240.1,251431,14
CP048240.1,251452,2
CP048240.1,253100,2
CP048240.1,254464,1560
CP048240.1,254468,1
CP048240.1,254640,1651
CP048240.1,254709,737
CP048240.1,254716,480
CP048240.1,254738,494
CP048240.1,254745,2473
CP048240.1,254750,286
CP048240.1,254789,333
CP048240.1,254796,2100
CP048240.1,254820,1046
CP048240.1,254821,91
CP048240.1,254834,1
CP048240.1,254909,3
CP048240.1,254916,138
CP048240.1,254940,218
CP048240.1,254972,1
CP048240.1,255042,110
CP048240.1,255049,1922
CP048240.1,255055,1286
CP048240.1,255061,94
CP048240.1,255081,82
CP048240.1,255159,34
CP048240.1,255166,9079
CP048240.1,255174,1
CP048240.1,255195,829
CP048240.1,255202,864
CP048240.1,255217,275
CP048240.1,255222,3810
CP048240.1,255224,1
CP048240.1,255282,2537
CP048240.1,255293,1410
CP048240.1,255330,3
CP048240.1,255414,40
CP048240.1,255442,1193
CP048240.1,255473,27
CP048240.1,255502,90
CP048240.1,255700,10
CP048240.1,256008,2186
CP048240.1,256387,1937
CP048240.1,256809,1179
CP048240.1,256816,7
CP048240.1,256958,1147
CP048240.1,257129,436
CP048240.1,257135,1
CP048240.1,257177,247
CP048240.1,257193,80
CP048240.1,257194,12
CP048240.1,257201,707
CP048240.1,257224,1212
CP048240.1,257227,4
CP048240.1,257229,1595
CP048240.1,257236,2084
CP048240.1,257297,1
CP048240.1,258102,5
CP048240.1,258216,22
CP048240.1,258274,1257
CP048240.1,258347,210
CP048240.1,258354,1108
CP048240.1,258397,408
CP048240.1,258430,322
CP048240.1,258601,700
CP048240.1,259014,822
CP048240.1,259154,1
CP048240.1,259719,2
CP048240.1,259749,227
CP048240.1,259751,756
CP048240.1,259761,11
CP048240.1,259770,1
CP048240.1,260093,157
CP048240.1,260109,1144
CP048240.1,260189,24
CP048240.1,260230,1061
CP048240.1,260237,2
CP048240.1,260282,959
CP048240.1,260285,505
CP048240.1,260289,1150
CP048240.1,260292,743
CP048240.1,260355,7
CP048240.1,260362,1944
CP048240.1,260403,37
CP048240.1,261367,1
CP048240.1,261390,58
CP048240.1,261684,1026
CP048240.1,261916,12
CP048240.1,261919,295
CP048240.1,262203,827
CP048240.1,262210,72
CP048240.1,262366,92
CP048240.1,262541,295
CP048240.1,263186,365
CP048240.1,263199,1
CP048240.1,263214,8
CP048240.1,263243,161
CP048240.1,263302,1
CP048240.1,263310,1971
CP048240.1,263317,4075
CP048240.1,263527,31
CP048240.1,263531,120
CP048240.1,263536,94
CP048240.1,263550,22
CP048240.1,263552,409
CP048240.1,263589,75
CP048240.1,263676,1253
CP048240.1,263839,249
CP048240.1,263841,358
CP048240.1,263903,673
CP048240.1,263999,1
CP048240.1,264033,213
CP048240.1,264039,317
CP048240.1,264163,416
CP048240.1,264164,75
CP048240.1,264170,635
CP048240.1,264290,599
CP048240.1,264353,40
CP048240.1,264535,503
CP048240.1,264680,1415
CP048240.1,264706,1
CP048240.1,264919,227
CP048240.1,264994,87
CP048240.1,265121,536
CP048240.1,265130,26
CP048240.1,265219,305
CP048240.1,265270,1297
CP048240.1,265272,1038
CP048240.1,265277,914
CP048240.1,265278,100
CP048240.1,265285,375
CP048240.1,265295,136
CP048240.1,265339,71
CP048240.1,265379,607
CP048240.1,265383,17
CP048240.1,265385,455
CP048240.1,265388,2198
CP048240.1,265390,1213
CP048240.1,265392,1
CP048240.1,265406,638
CP048240.1,265895,94
CP048240.1,266836,56
CP048240.1,267175,975
CP048240.1,267182,1
CP048240.1,267410,313
CP048240.1,267694,1
CP048240.1,267868,2
CP048240.1,267932,77
CP048240.1,268191,940
CP048240.1,268222,2
CP048240.1,268244,86
CP048240.1,268299,962
CP048240.1,268300,1182
CP048240.1,268301,547
CP048240.1,268308,60
CP048240.1,268309,202
CP048240.1,268370,38
CP048240.1,268377,1381
CP048240.1,268560,951
CP048240.1,270307,16
CP048240.1,270496,23
CP048240.1,270588,1
CP048240.1,270627,1
CP048240.1,270633,204
CP048240.1,270712,3
CP048240.1,270719,799
CP048240.1,270815,26
CP048240.1,270822,66
CP048240.1,270826,145
CP048240.1,270950,1
CP048240.1,271169,193
CP048240.1,271172,162
CP048240.1,271453,1
CP048240.1,272130,1072
CP048240.1,272337,999
CP048240.1,272987,7
CP048240.1,273143,1000
CP048240.1,273327,1
CP048240.1,273353,421
CP048240.1,273354,1
CP048240.1,273355,24
CP048240.1,273361,951
CP048240.1,273362,1870
CP048240.1,273383,1
CP048240.1,273417,1
CP048240.1,273580,805
CP048240.1,274208,1
CP048240.1,274408,200
CP048240.1,274590,9
CP048240.1,274609,33
CP048240.1,274665,21
CP048240.1,274782,359
CP048240.1,274789,1
CP048240.1,274805,15
CP048240.1,274884,1
CP048240.1,275194,131
CP048240.1,275207,1053
CP048240.1,275612,141
CP048240.1,275680,1394
CP048240.1,275687,804
CP048240.1,275720,1
CP048240.1,275724,7
CP048240.1,275731,187
CP048240.1,275878,157
CP048240.1,275947,1
CP048240.1,276238,25
CP048240.1,276405,880
CP048240.1,276412,1
CP048240.1,276414,846
CP048240.1,276425,1
CP048240.1,276472,871
CP048240.1,276520,854
CP048240.1,276529,1947
CP048240.1,276547,1492
CP048240.1,276549,78
CP048240.1,276554,1149
CP048240.1,276668,1623
CP048240.1,276895,1
CP048240.1,276903,42
CP048240.1,276912,1395
CP048240.1,276921,1365
CP048240.1,276953,1453
CP048240.1,276973,1
CP048240.1,276977,1966
CP048240.1,277024,1676
CP048240.1,277145,24
CP048240.1,277365,536
CP048240.1,277367,1
CP048240.1,277372,2
CP048240.1,277428,40
CP048240.1,277615,107
CP048240.1,278730,1
CP048240.1,278737,1
CP048240.1,278752,2
CP048240.1,278797,150
CP048240.1,278814,3
CP048240.1,279091,416
CP048240.1,279098,2570
CP048240.1,279234,3631
CP048240.1,279368,1443
CP048240.1,279375,2014
CP048240.1,279468,25
CP048240.1,279474,14
CP048240.1,279487,234
CP048240.1,279494,1814
CP048240.1,279507,1003
CP048240.1,279819,1
CP048240.1,279827,145
CP048240.1,279843,5
CP048240.1,279849,696
CP048240.1,279858,598
CP048240.1,280016,1231
CP048240.1,280125,967
CP048240.1,280143,584
CP048240.1,280335,886
CP048240.1,280346,1924
CP048240.1,280382,834
CP048240.1,280391,1
CP048240.1,280649,38
CP048240.1,280702,1
CP048240.1,280777,127
CP048240.1,280845,138
CP048240.1,280884,1085
CP048240.1,280891,393
CP048240.1,281008,339
CP048240.1,281095,12
CP048240.1,281097,431
CP048240.1,281121,737
CP048240.1,281295,843
CP048240.1,281555,598
CP048240.1,281560,1858
CP048240.1,282259,326
CP048240.1,283033,1
CP048240.1,283104,229
CP048240.1,283119,156
CP048240.1,283123,1710
CP048240.1,283130,1577
CP048240.1,283150,681
CP048240.1,283157,473
CP048240.1,283199,153
CP048240.1,283653,1
CP048240.1,284444,358
CP048240.1,285176,42
CP048240.1,285603,1679
CP048240.1,285638,151
CP048240.1,287288,1
CP048240.1,287295,1788
CP048240.1,287354,666
CP048240.1,287694,1080
CP048240.1,287747,632
CP048240.1,287766,826
CP048240.1,287777,129
CP048240.1,288087,1
CP048240.1,288094,700
CP048240.1,288101,1
CP048240.1,288186,2717
CP048240.1,288193,2431
CP048240.1,288268,672
CP048240.1,288287,1171
CP048240.1,288551,1136
CP048240.1,288558,2136
CP048240.1,288602,1199
CP048240.1,289126,1749
CP048240.1,289142,715
CP048240.1,289326,100
CP048240.1,289333,1611
CP048240.1,289358,613
CP048240.1,289365,1077
CP048240.1,289419,34
CP048240.1,289423,765
CP048240.1,289544,5
CP048240.1,289597,1
CP048240.1,289638,758
CP048240.1,291413,15
CP048240.1,291420,553
CP048240.1,291594,16
CP048240.1,291622,11
CP048240.1,291626,1
CP048240.1,291629,1740
CP048240.1,291631,1
CP048240.1,291635,585
CP048240.1,291647,1
CP048240.1,291665,401
CP048240.1,291672,1101
CP048240.1,291683,968
CP048240.1,291687,105
CP048240.1,291694,400
CP048240.1,291734,2
CP048240.1,291741,1
CP048240.1,291814,729
CP048240.1,291901,122
CP048240.1,291924,1
CP048240.1,291934,309
CP048240.1,291941,645
CP048240.1,291980,1
CP048240.1,291992,911
CP048240.1,291999,584
CP048240.1,292006,1
CP048240.1,292023,1270
CP048240.1,292030,904
CP048240.1,292043,597
CP048240.1,292055,1906
CP048240.1,292062,3913
CP048240.1,292069,2946
CP048240.1,292076,3332
CP048240.1,292083,174
CP048240.1,292084,380
CP048240.1,292087,297
CP048240.1,292103,61
CP048240.1,292110,1918
CP048240.1,292113,1320
CP048240.1,292125,1090
CP048240.1,292132,1767
CP048240.1,292144,3
CP048240.1,292229,1415
CP048240.1,292235,4180
CP048240.1,292329,42
CP048240.1,292336,375
CP048240.1,292340,185
CP048240.1,292369,136
CP048240.1,292376,131
CP048240.1,292380,1
CP048240.1,292422,599
CP048240.1,292446,31
CP048240.1,292713,1651
CP048240.1,292863,727
CP048240.1,293071,263
CP048240.1,293156,1027
CP048240.1,293208,672
CP048240.1,293693,1374
CP048240.1,294470,820
CP048240.1,294476,1148
CP048240.1,294678,8
CP048240.1,294706,37
CP048240.1,294774,664
CP048240.1,294838,3
CP048240.1,294908,70
CP048240.1,294915,113
CP048240.1,295139,1282
CP048240.1,295934,168
CP048240.1,295942,221
CP048240.1,295949,1
CP048240.1,295956,189
CP048240.1,295995,16
CP048240.1,296001,822
CP048240.1,296016,388
CP048240.1,296025,620
CP048240.1,296147,1278
CP048240.1,296231,163
CP048240.1,296266,407
CP048240.1,296273,123
CP048240.1,296685,2258
CP048240.1,297233,697
CP048240.1,299036,28
CP048240.1,300971,475
CP048240.1,301328,3
CP048240.1,301455,41
CP048240.1,301609,117
CP048240.1,301880,1647
CP048240.1,301964,255
CP048240.1,302291,722
CP048240.1,302468,1
CP048240.1,302778,5
CP048240.1,303487,349
CP048240.1,303826,40
CP048240.1,304402,2723
CP048240.1,304744,336
CP048240.1,305005,348
CP048240.1,305192,2951
CP048240.1,305199,1708
CP048240.1,307296,188
CP048240.1,307297,1
CP048240.1,307325,654
CP048240.1,307337,367
CP048240.1,307344,655
CP048240.1,307351,1178
CP048240.1,307371,1
CP048240.1,307379,626
CP048240.1,307386,565
CP048240.1,308342,222
CP048240.1,308366,5
CP048240.1,308688,1371
CP048240.1,308847,1218
CP048240.1,309179,930
CP048240.1,309208,193
CP048240.1,309366,64
CP048240.1,309373,99
CP048240.1,309564,2207
CP048240.1,311520,140
CP048240.1,315425,80
CP048240.1,315734,1610
CP048240.1,316037,866
CP048240.1,316091,965
CP048240.1,316098,2234
CP048240.1,316114,1808
CP048240.1,316120,1674
CP048240.1,316127,5182
CP048240.1,316129,1
CP048240.1,316138,1756
CP048240.1,316314,2077
CP048240.1,316624,285
CP048240.1,316694,1
CP048240.1,319428,943
CP048240.1,319442,1303
CP048240.1,319480,53
CP048240.1,319553,472
CP048240.1,319560,889
CP048240.1,319562,38
CP048240.1,319571,928
CP048240.1,319592,1
CP048240.1,319600,1
CP048240.1,319644,1784
CP048240.1,319652,29
CP048240.1,319680,113
CP048240.1,319716,1
CP048240.1,319807,930
CP048240.1,319841,2
CP048240.1,320017,2082
CP048240.1,320186,312
CP048240.1,321722,1
CP048240.1,321761,1949
CP048240.1,322392,1
CP048240.1,322461,1653
CP048240.1,322469,19
CP048240.1,322526,928
CP048240.1,322533,387
CP048240.1,322575,1
CP048240.1,323056,505
CP048240.1,323325,1
CP048240.1,323577,193
CP048240.1,324084,3834
CP048240.1,324249,1
CP048240.1,324256,4803
CP048240.1,324286,2342
CP048240.1,324345,5366
CP048240.1,324663,12
CP048240.1,324665,5
CP048240.1,324684,2
CP048240.1,324686,59
CP048240.1,324687,93
CP048240.1,324688,781
CP048240.1,324690,3002
CP048240.1,324692,2664
CP048240.1,324694,6
CP048240.1,324732,1
CP048240.1,324734,1
CP048240.1,324737,3528
CP048240.1,324739,1522
CP048240.1,324741,1024
CP048240.1,324841,83
CP048240.1,324960,24
CP048240.1,324998,832
CP048240.1,325134,65
CP048240.1,325331,853
CP048240.1,325450,2
CP048240.1,328047,14
CP048240.1,328144,218
CP048240.1,328195,393
CP048240.1,330337,1166
CP048240.1,335675,106
CP048240.1,335694,500
CP048240.1,335801,1
CP048240.1,335812,629
CP048240.1,335815,1289
CP048240.1,335902,215
CP048240.1,335924,273
CP048240.1,335935,5
CP048240.1,335968,445
CP048240.1,335975,35
CP048240.1,335978,652
CP048240.1,335985,1150
CP048240.1,335999,1
CP048240.1,336184,1
CP048240.1,336220,697
CP048240.1,338914,760
CP048240.1,339117,119
CP048240.1,342156,867
CP048240.1,343325,510
CP048240.1,343699,2072
CP048240.1,343704,1
CP048240.1,343861,3486
CP048240.1,344006,816
CP048240.1,344073,74
CP048240.1,344168,1109
CP048240.1,344237,1319
CP048240.1,344311,1107
CP048240.1,344520,994
CP048240.1,344527,318
CP048240.1,344694,105
CP048240.1,344743,54
CP048240.1,344793,402
CP048240.1,344867,1
CP048240.1,345002,386
CP048240.1,345125,17
CP048240.1,345278,1
CP048240.1,345294,31
CP048240.1,345312,1572
CP048240.1,345370,2
CP048240.1,345377,118
CP048240.1,345399,1
CP048240.1,345414,260
CP048240.1,345518,141
CP048240.1,345597,26
CP048240.1,345715,167
CP048240.1,345737,527
CP048240.1,345789,15
CP048240.1,345849,310
CP048240.1,345895,3
CP048240.1,345902,1793
CP048240.1,345970,1
CP048240.1,345977,4865
CP048240.1,345984,32
CP048240.1,346006,741
CP048240.1,346083,482
CP048240.1,346090,356
CP048240.1,346222,1178
CP048240.1,346296,1
CP048240.1,346303,1
CP048240.1,347971,1086
CP048240.1,349102,20
CP048240.1,352888,1
CP048240.1,354312,70
CP048240.1,354368,2103
CP048240.1,354407,33
CP048240.1,360060,837
CP048240.1,362432,194
CP048240.1,362464,738
CP048240.1,363135,493
CP048240.1,364559,634
CP048240.1,364994,3
CP048240.1,365194,1067
CP048240.1,367729,175
CP048240.1,367881,357
CP048240.1,368503,28
CP048240.1,368570,1
CP048240.1,368980,166
CP048240.1,370618,23
CP048240.1,372867,373
CP048240.1,372918,617
CP048240.1,374544,818
CP048240.1,374844,1
CP048240.1,375663,287
CP048240.1,375702,833
CP048240.1,375785,1007
CP048240.1,376199,122
CP048240.1,376568,2
CP048240.1,376827,2
CP048240.1,376929,53
CP048240.1,376994,1
CP048240.1,377007,1761
CP048240.1,377016,1
CP048240.1,377019,2321
CP048240.1,377021,898
CP048240.1,377028,1
CP048240.1,377052,116
CP048240.1,377065,2375
CP048240.1,377072,496
CP048240.1,377206,1
CP048240.1,377364,461
CP048240.1,377428,9
CP048240.1,377435,45
CP048240.1,377504,14
CP048240.1,377904,463
CP048240.1,377934,66
CP048240.1,378283,273
CP048240.1,378460,1713
CP048240.1,378646,13
CP048240.1,379711,123
CP048240.1,380233,1
CP048240.1,380341,1
CP048240.1,380375,1628
CP048240.1,382716,126
CP048240.1,383312,808
CP048240.1,383337,1
CP048240.1,384126,108
CP048240.1,386031,678
CP048240.1,386123,920
CP048240.1,387272,1
CP048240.1,387455,387
CP048240.1,387479,7
CP048240.1,387967,1270
CP048240.1,388030,94
CP048240.1,388312,1
CP048240.1,388333,1
CP048240.1,388378,868
CP048240.1,388387,3
CP048240.1,388393,1
CP048240.1,388394,588
CP048240.1,388489,404
CP048240.1,388548,117
CP048240.1,388585,71
CP048240.1,388626,711
CP048240.1,388843,522
CP048240.1,388850,8
CP048240.1,389251,209
CP048240.1,389329,901
CP048240.1,389840,1532
CP048240.1,389868,1669
CP048240.1,390146,51
CP048240.1,390817,1
CP048240.1,391574,548
CP048240.1,391629,195
CP048240.1,391739,1
CP048240.1,391747,1
CP048240.1,391832,174
CP048240.1,392215,323
CP048240.1,394168,573
CP048240.1,394201,847
CP048240.1,395381,504
CP048240.1,396038,1209
CP048240.1,396045,7
CP048240.1,396451,51
CP048240.1,396539,1
CP048240.1,396559,1143
CP048240.1,396566,1076
CP048240.1,396573,529
CP048240.1,396587,852
CP048240.1,396594,30
CP048240.1,396601,130
CP048240.1,396603,263
CP048240.1,396608,2136
CP048240.1,396614,1451
CP048240.1,396940,1
CP048240.1,397614,153
CP048240.1,397937,461
CP048240.1,397944,266
CP048240.1,399950,1
CP048240.1,399958,31
CP048240.1,400030,2
CP048240.1,400077,1
CP048240.1,400121,1976
CP048240.1,400125,2285
CP048240.1,400282,94
CP048240.1,400289,2285
CP048240.1,400381,52
CP048240.1,400559,1
CP048240.1,400564,1532
CP048240.1,400648,1
CP048240.1,401008,758
CP048240.1,401645,1659
CP048240.1,402441,1
CP048240.1,402448,749
CP048240.1,402564,1129
CP048240.1,402812,1
CP048240.1,402892,22
CP048240.1,402916,3
CP048240.1,402966,1
CP048240.1,405000,140
CP048240.1,405082,32
CP048240.1,405089,128
CP048240.1,405568,102
CP048240.1,407338,425
CP048240.1,407396,1
CP048240.1,407531,1
CP048240.1,407538,1051
CP048240.1,407694,460
CP048240.1,407771,971
CP048240.1,407794,426
CP048240.1,407965,548
CP048240.1,408473,6
CP048240.1,408742,1
CP048240.1,408998,2
CP048240.1,409000,1567
CP048240.1,409093,1
CP048240.1,409399,2160
CP048240.1,409453,398
CP048240.1,409461,6
CP048240.1,409483,150
CP048240.1,409490,1715
CP048240.1,409491,191
CP048240.1,409599,65
CP048240.1,409606,1
CP048240.1,409616,1177
CP048240.1,409742,8
CP048240.1,409812,31
CP048240.1,410029,1
CP048240.1,410354,19
CP048240.1,411208,10
CP048240.1,413214,675
CP048240.1,413564,72
CP048240.1,413766,515
CP048240.1,413805,1
CP048240.1,413849,10
CP048240.1,414152,258
CP048240.1,416260,2344
CP048240.1,416385,62
CP048240.1,417450,595
CP048240.1,417621,594
CP048240.1,417630,646
CP048240.1,417645,34
CP048240.1,417647,14
CP048240.1,417652,590
CP048240.1,417654,179
CP048240.1,417656,513
CP048240.1,417679,1515
CP048240.1,417876,1
CP048240.1,418152,1
CP048240.1,418260,80
CP048240.1,418349,7
CP048240.1,418627,137
CP048240.1,419056,285
CP048240.1,419150,1652
CP048240.1,419407,986
CP048240.1,420273,34
CP048240.1,420791,1033
CP048240.1,420883,101
CP048240.1,420931,635
CP048240.1,425554,1459
CP048240.1,425556,49
CP048240.1,425583,2186
CP048240.1,425590,617
CP048240.1,425654,1061
CP048240.1,426758,1029
CP048240.1,429024,135
CP048240.1,429269,238
CP048240.1,429355,3
CP048240.1,429370,218
CP048240.1,429386,3
CP048240.1,429461,1
CP048240.1,429533,2407
CP048240.1,429550,2864
CP048240.1,429557,855
CP048240.1,429725,1
CP048240.1,429727,1445
CP048240.1,429784,223
CP048240.1,429816,681
CP048240.1,429865,788
CP048240.1,429929,260
CP048240.1,433995,1
CP048240.1,435578,609
CP048240.1,435646,3
CP048240.1,435653,287
CP048240.1,435913,1644
CP048240.1,435955,1835
CP048240.1,436000,1
CP048240.1,436112,971
CP048240.1,436119,1
CP048240.1,436232,2110
CP048240.1,436271,18
CP048240.1,436777,2089
CP048240.1,441781,115
CP048240.1,443814,1
CP048240.1,444092,103
CP048240.1,444123,530
CP048240.1,444124,909
CP048240.1,447071,323
CP048240.1,447102,127
CP048240.1,447109,153
CP048240.1,447197,78
CP048240.1,447237,1358
CP048240.1,447238,1
CP048240.1,447355,64
CP048240.1,447478,986
CP048240.1,447480,61
CP048240.1,447600,2
CP048240.1,447694,2
CP048240.1,447738,1027
CP048240.1,447793,1
CP048240.1,447917,1
CP048240.1,448184,1185
CP048240.1,450161,1640
CP048240.1,450168,3458
CP048240.1,450745,1362
CP048240.1,450953,8
CP048240.1,451349,2538
CP048240.1,451373,32
CP048240.1,451405,1319
CP048240.1,451563,1464
CP048240.1,451579,1
CP048240.1,451676,1
CP048240.1,452983,3
CP048240.1,454046,1427
CP048240.1,454234,1
CP048240.1,454293,182
CP048240.1,454381,7
CP048240.1,454457,97
CP048240.1,454464,1
CP048240.1,454471,867
CP048240.1,455557,130
CP048240.1,455564,1
CP048240.1,457040,55
CP048240.1,461063,501
CP048240.1,462034,41
CP048240.1,462145,49
CP048240.1,462510,447
CP048240.1,463229,3854
CP048240.1,463236,1272
CP048240.1,463637,12
CP048240.1,466785,12
CP048240.1,468697,614
CP048240.1,469028,95
CP048240.1,469894,1067
CP048240.1,471560,39
CP048240.1,471573,394
CP048240.1,471871,1
CP048240.1,472006,1157
CP048240.1,472016,1814
CP048240.1,472099,1
CP048240.1,472110,1
CP048240.1,472123,2580
CP048240.1,474040,801
CP048240.1,475017,1
CP048240.1,475191,167
CP048240.1,477150,1125
CP048240.1,477295,342
CP048240.1,478111,174
CP048240.1,479535,1417
CP048240.1,479974,1
CP048240.1,480014,384
CP048240.1,480019,702
CP048240.1,480071,133
CP048240.1,480078,95
CP048240.1,480174,119
CP048240.1,480181,441
CP048240.1,480324,1
CP048240.1,480340,946
CP048240.1,480407,2186
CP048240.1,480409,422
CP048240.1,480416,1013
CP048240.1,480464,1
CP048240.1,480498,1410
CP048240.1,480592,1067
CP048240.1,480669,75
CP048240.1,480676,482
CP048240.1,480715,1
CP048240.1,480722,1005
CP048240.1,481102,831
CP048240.1,481264,8
CP048240.1,482345,154
CP048240.1,485277,4
CP048240.1,486674,1244
CP048240.1,486694,152
CP048240.1,486697,379
CP048240.1,486699,1
CP048240.1,486754,1078
CP048240.1,486763,1350
CP048240.1,486821,131
CP048240.1,488452,1
CP048240.1,488550,1
CP048240.1,488551,3078
CP048240.1,489052,92
CP048240.1,489973,31
CP048240.1,490601,1231
CP048240.1,490706,131
CP048240.1,495001,1489
CP048240.1,495092,219
CP048240.1,495141,1157
CP048240.1,498323,369
CP048240.1,499653,1335
CP048240.1,499658,965
CP048240.1,499701,265
CP048240.1,500567,1269
CP048240.1,500730,381
CP048240.1,500737,1170
CP048240.1,500915,275
CP048240.1,500921,1
CP048240.1,500946,1870
CP048240.1,503155,58
CP048240.1,505299,400
CP048240.1,505662,982
CP048240.1,505669,1
CP048240.1,505727,1
CP048240.1,505734,192
CP048240.1,507761,1
CP048240.1,509912,308
CP048240.1,509922,4
CP048240.1,509941,330
CP048240.1,510587,164
CP048240.1,510689,49
CP048240.1,510696,58
CP048240.1,510745,678
CP048240.1,510832,8
CP048240.1,511448,1
CP048240.1,511577,3
CP048240.1,511947,1
CP048240.1,514480,449
CP048240.1,514519,79
CP048240.1,514688,68
CP048240.1,514696,71
CP048240.1,514751,4228
CP048240.1,514857,16
CP048240.1,515010,1133
CP048240.1,515034,1871
CP048240.1,515090,232
CP048240.1,515093,2673
CP048240.1,518202,42
CP048240.1,518780,727
CP048240.1,521685,1
CP048240.1,521862,573
CP048240.1,522582,43
CP048240.1,523068,33
CP048240.1,523608,1586
CP048240.1,529168,509
CP048240.1,529441,11
CP048240.1,529445,491
CP048240.1,529447,680
CP048240.1,529469,19
CP048240.1,529683,2616
CP048240.1,529785,1938
CP048240.1,532654,1416
CP048240.1,532737,361
CP048240.1,532772,13
CP048240.1,532882,1621
CP048240.1,535117,34
CP048240.1,535407,474
CP048240.1,536243,1
CP048240.1,537539,1
CP048240.1,537546,1
CP048240.1,538463,1354
CP048240.1,543491,1
CP048240.1,544060,2
CP048240.1,555991,153
CP048240.1,556372,17
CP048240.1,556425,1
CP048240.1,557056,508
CP048240.1,560177,68
CP048240.1,560597,1760
CP048240.1,561978,318
CP048240.1,565953,12
CP048240.1,565968,135
CP048240.1,566045,2455
CP048240.1,566047,32
CP048240.1,566052,2209
CP048240.1,566054,598
CP048240.1,566421,932
CP048240.1,566428,496
CP048240.1,567414,15
CP048240.1,567425,907
CP048240.1,567488,1
CP048240.1,567762,99
CP048240.1,567764,469
CP048240.1,567771,1575
CP048240.1,567916,1319
CP048240.1,567920,1
CP048240.1,568268,421
CP048240.1,568328,1
CP048240.1,568457,1
CP048240.1,568574,17
CP048240.1,568605,311
CP048240.1,568786,1
CP048240.1,568864,1
CP048240.1,568994,970
CP048240.1,569001,6255
CP048240.1,569157,30
CP048240.1,569507,1988
CP048240.1,569841,1
CP048240.1,572952,11
CP048240.1,573447,763
CP048240.1,573454,1553
CP048240.1,573874,218
CP048240.1,574912,1095
CP048240.1,575011,670
CP048240.1,575013,848
CP048240.1,575163,914
CP048240.1,575274,44
CP048240.1,575399,203
CP048240.1,575404,1
CP048240.1,575467,40
CP048240.1,575474,494
CP048240.1,575479,1268
CP048240.1,575555,808
CP048240.1,575969,512
CP048240.1,576304,20
CP048240.1,577903,5895
CP048240.1,577906,1
CP048240.1,577910,1004
CP048240.1,578349,1
CP048240.1,578485,1166
CP048240.1,578505,1
CP048240.1,579514,508
CP048240.1,579872,57
CP048240.1,579879,2101
CP048240.1,584808,1284
CP048240.1,588298,741
CP048240.1,588340,1
CP048240.1,588352,855
CP048240.1,588534,2
CP048240.1,588573,1
CP048240.1,588576,279
CP048240.1,588617,2108
CP048240.1,588622,1
CP048240.1,588755,122
CP048240.1,588756,1
CP048240.1,588823,474
CP048240.1,589016,1
CP048240.1,589080,62
CP048240.1,589085,3017
CP048240.1,589323,740
CP048240.1,589422,1
CP048240.1,589424,293
CP048240.1,589431,2645
CP048240.1,590564,132
CP048240.1,593540,4
CP048240.1,593547,1206
CP048240.1,593599,20
CP048240.1,594341,322
CP048240.1,594407,1033
CP048240.1,594560,1
CP048240.1,595155,605
CP048240.1,597108,1000
CP048240.1,597878,93
CP048240.1,597881,91
CP048240.1,597912,394
CP048240.1,598679,48
CP048240.1,598680,131
CP048240.1,598862,249
CP048240.1,599821,2733
CP048240.1,600091,1
CP048240.1,600098,34
CP048240.1,602254,3
CP048240.1,602400,382
CP048240.1,602599,1447
CP048240.1,602606,1
CP048240.1,602721,1112
CP048240.1,602846,8
CP048240.1,602853,176
CP048240.1,603114,300
CP048240.1,603861,998
CP048240.1,606460,2
CP048240.1,606470,9
CP048240.1,606501,1410
CP048240.1,606611,1
CP048240.1,610708,1162
CP048240.1,614104,455
CP048240.1,614123,440
CP048240.1,614124,1422
CP048240.1,614130,32
CP048240.1,614207,1106
CP048240.1,614286,1
CP048240.1,614339,1189
CP048240.1,614377,68
CP048240.1,614384,11
CP048240.1,614410,1660
CP048240.1,614500,10
CP048240.1,614575,689
CP048240.1,614582,29
CP048240.1,614588,467
CP048240.1,614679,1
CP048240.1,614923,164
CP048240.1,615046,414
CP048240.1,615055,132
CP048240.1,615071,514
CP048240.1,615203,2
CP048240.1,616320,2056
CP048240.1,616357,10
CP048240.1,616358,444
CP048240.1,616366,62
CP048240.1,616403,399
CP048240.1,616451,4
CP048240.1,626795,1
CP048240.1,627322,1241
CP048240.1,630030,1
CP048240.1,632832,4
CP048240.1,632868,42
CP048240.1,632888,1195
CP048240.1,632991,1
CP048240.1,633041,382
CP048240.1,633048,946
CP048240.1,633054,1
CP048240.1,633061,158
CP048240.1,633129,38
CP048240.1,633136,843
CP048240.1,633907,2479
CP048240.1,635606,35
CP048240.1,641539,23
CP048240.1,641555,60
CP048240.1,642030,115
CP048240.1,649133,1
CP048240.1,649415,1940
CP048240.1,649710,1
CP048240.1,652003,2
CP048240.1,653865,362
CP048240.1,653874,133
CP048240.1,653987,1301
CP048240.1,654324,859
CP048240.1,654562,80
CP048240.1,655462,978
CP048240.1,658554,714
CP048240.1,658634,337
CP048240.1,658641,571
CP048240.1,660281,283
CP048240.1,661034,408
CP048240.1,661044,1
CP048240.1,661073,4
CP048240.1,661245,105
CP048240.1,661252,5
CP048240.1,661532,775
CP048240.1,664371,2
CP048240.1,664486,1
CP048240.1,664641,25
CP048240.1,665338,1336
CP048240.1,667140,1
CP048240.1,669794,300
CP048240.1,671292,486
CP048240.1,671794,167
CP048240.1,672874,422
CP048240.1,673530,55
CP048240.1,673652,96
CP048240.1,674444,1
CP048240.1,675520,1
CP048240.1,675638,11
CP048240.1,675645,1
CP048240.1,675653,1432
CP048240.1,676104,1
CP048240.1,677610,1161
CP048240.1,677627,1
CP048240.1,681880,2
CP048240.1,686860,2257
CP048240.1,686867,1156
CP048240.1,687367,181
CP048240.1,688172,79
CP048240.1,689778,10
CP048240.1,689790,1181
CP048240.1,689791,801
CP048240.1,689831,89
CP048240.1,689838,1097
CP048240.1,691320,1
CP048240.1,691520,773
CP048240.1,691548,161
CP048240.1,691794,154
CP048240.1,692201,1
CP048240.1,692250,269
CP048240.1,692375,533
CP048240.1,692438,109
CP048240.1,692572,8
CP048240.1,700389,537
CP048240.1,701783,50
CP048240.1,703763,950
CP048240.1,706401,41
CP048240.1,706778,986
CP048240.1,708242,1660
CP048240.1,713287,1
CP048240.1,714090,1
CP048240.1,714347,1278
CP048240.1,714374,1165
CP048240.1,714428,73
CP048240.1,714500,2
CP048240.1,714519,145
CP048240.1,714553,7
CP048240.1,714713,1675
CP048240.1,714720,2658
CP048240.1,714724,1
CP048240.1,716007,17
CP048240.1,717339,4
CP048240.1,717418,160
CP048240.1,717426,2045
CP048240.1,717433,2
CP048240.1,718104,51
CP048240.1,720297,1
CP048240.1,720505,1
CP048240.1,720533,1
CP048240.1,720546,27
CP048240.1,722231,882
CP048240.1,722456,17
CP048240.1,722471,1272
CP048240.1,722473,112
CP048240.1,722480,1173
CP048240.1,722813,1
CP048240.1,724417,258
CP048240.1,725938,774
CP048240.1,726001,1
CP048240.1,726660,5
CP048240.1,726661,1544
CP048240.1,726663,12
CP048240.1,726666,2056
CP048240.1,726843,556
CP048240.1,726850,983
CP048240.1,726998,88
CP048240.1,727600,327
CP048240.1,727821,1
CP048240.1,727842,2
CP048240.1,728003,466
CP048240.1,728017,1
CP048240.1,728028,9
CP048240.1,728551,718
CP048240.1,728730,314
CP048240.1,728788,74
CP048240.1,729040,1803
CP048240.1,729067,9
CP048240.1,729100,1
CP048240.1,729197,435
CP048240.1,729364,1
CP048240.1,729401,1112
CP048240.1,729509,1079
CP048240.1,729540,1
CP048240.1,729607,1053
CP048240.1,730045,536
CP048240.1,730619,1
CP048240.1,731260,133
CP048240.1,731920,17
CP048240.1,732226,65
CP048240.1,732321,1569
CP048240.1,734075,706
CP048240.1,734175,1168
CP048240.1,734301,560
CP048240.1,734308,2
CP048240.1,734316,555
CP048240.1,734358,12
CP048240.1,734560,1735
CP048240.1,734641,17
CP048240.1,734672,1507
CP048240.1,734682,261
CP048240.1,734684,2
CP048240.1,734686,1486
CP048240.1,734693,862
CP048240.1,734713,1
CP048240.1,734720,1554
CP048240.1,734724,74
CP048240.1,734731,202
CP048240.1,734871,1543
CP048240.1,735019,1
CP048240.1,735231,162
CP048240.1,735577,565
CP048240.1,735671,80
CP048240.1,736263,1
CP048240.1,738277,629
CP048240.1,738303,103
CP048240.1,738369,1
CP048240.1,740977,580
CP048240.1,741187,255
CP048240.1,741908,1
CP048240.1,742020,321
CP048240.1,742025,275
CP048240.1,742027,1056
CP048240.1,742297,141
CP048240.1,742304,1
CP048240.1,742678,431
CP048240.1,744094,11
CP048240.1,744909,4
CP048240.1,745122,1
CP048240.1,745380,26
CP048240.1,745423,1922
CP048240.1,745607,781
CP048240.1,745666,760
CP048240.1,745674,361
CP048240.1,745742,659
CP048240.1,746509,35
CP048240.1,748127,727
CP048240.1,748128,1
CP048240.1,748129,1
CP048240.1,748159,1
CP048240.1,748425,1844
CP048240.1,748638,1803
CP048240.1,748894,1
CP048240.1,751001,1
CP048240.1,751320,1174
CP048240.1,751978,915
CP048240.1,751980,204
CP048240.1,752222,2
CP048240.1,752870,773
CP048240.1,752872,1
CP048240.1,752940,1
CP048240.1,753029,1
CP048240.1,753770,1568
CP048240.1,754240,1271
CP048240.1,754379,427
CP048240.1,757692,149
CP048240.1,758714,82
CP048240.1,762315,1620
CP048240.1,762748,465
CP048240.1,762755,1
CP048240.1,762831,4
CP048240.1,763065,206
CP048240.1,763072,843
CP048240.1,763810,99
CP048240.1,763987,473
CP048240.1,764250,11
CP048240.1,764601,2817
CP048240.1,764686,296
CP048240.1,764964,1
CP048240.1,765398,1112
CP048240.1,766193,2
CP048240.1,766315,2
CP048240.1,766357,2
CP048240.1,767413,2997
CP048240.1,767420,93
CP048240.1,769346,11
CP048240.1,769369,61
CP048240.1,770530,20
CP048240.1,770660,311
CP048240.1,770662,680
CP048240.1,770710,1
CP048240.1,770808,922
CP048240.1,770812,145
CP048240.1,770815,285
CP048240.1,771006,287
CP048240.1,771181,63
CP048240.1,771200,1
CP048240.1,771431,1
CP048240.1,772123,714
CP048240.1,773527,119
CP048240.1,774830,3504
CP048240.1,774837,1483
CP048240.1,775075,119
CP048240.1,775088,701
CP048240.1,775650,1198
CP048240.1,776078,112
CP048240.1,776481,443
CP048240.1,776483,1
CP048240.1,776564,307
CP048240.1,776836,1291
CP048240.1,776839,707
CP048240.1,776862,1149
CP048240.1,777295,616
CP048240.1,784574,1
CP048240.1,784581,1
CP048240.1,784737,1
CP048240.1,784795,1429
CP048240.1,785764,909
CP048240.1,787703,1
CP048240.1,788419,24
CP048240.1,795495,1
CP048240.1,795498,864
CP048240.1,795502,1
CP048240.1,798152,631
CP048240.1,798300,360
CP048240.1,805103,72
CP048240.1,807828,1060
CP048240.1,809078,1
CP048240.1,811808,38
CP048240.1,818102,70
CP048240.1,818271,1
CP048240.1,818276,243
CP048240.1,818763,2192
CP048240.1,818770,257
CP048240.1,818818,842
CP048240.1,818951,24
CP048240.1,818964,844
CP048240.1,819025,96
CP048240.1,819029,1366
CP048240.1,819138,1
CP048240.1,820593,1
CP048240.1,824643,445
CP048240.1,825371,1
CP048240.1,825953,10
CP048240.1,828979,2
CP048240.1,829072,19
CP048240.1,829667,1
CP048240.1,829752,1603
CP048240.1,829873,73
CP048240.1,830195,4
CP048240.1,830310,9
CP048240.1,830358,71
CP048240.1,835178,817
CP048240.1,840510,251
CP048240.1,842476,155
CP048240.1,843487,211
CP048240.1,843743,1252
CP048240.1,844276,499
CP048240.1,845361,53
CP048240.1,846357,21
CP048240.1,847375,791
CP048240.1,848791,101
CP048240.1,849888,416
CP048240.1,850388,114
CP048240.1,850390,2
CP048240.1,852081,700
CP048240.1,852149,919
CP048240.1,856417,246
CP048240.1,857319,1
CP048240.1,857516,739
CP048240.1,862795,405
CP048240.1,862802,15
CP048240.1,862888,407
CP048240.1,864636,30
CP048240.1,864643,136
CP048240.1,864767,112
CP048240.1,865037,255
CP048240.1,865075,690
CP048240.1,865119,198
CP048240.1,865188,146
CP048240.1,865230,863
CP048240.1,865312,2471
CP048240.1,865319,574
CP048240.1,865324,1
CP048240.1,865580,2086
CP048240.1,865732,81
CP048240.1,865750,1001
CP048240.1,865800,1
CP048240.1,865821,1
CP048240.1,865830,1
CP048240.1,865883,187
CP048240.1,866907,4092
CP048240.1,867930,640
CP048240.1,873849,1
CP048240.1,875655,1
CP048240.1,877013,1
CP048240.1,877171,33
CP048240.1,877248,1
CP048240.1,877554,1325
CP048240.1,878231,1009
CP048240.1,878269,1545
CP048240.1,878317,1412
CP048240.1,878464,1
CP048240.1,879390,1
CP048240.1,879457,842
CP048240.1,879659,6
CP048240.1,879787,185
CP048240.1,879885,2660
CP048240.1,880060,1358
CP048240.1,880113,383
CP048240.1,880147,2048
CP048240.1,880326,288
CP048240.1,880431,103
CP048240.1,880466,1
CP048240.1,880593,1642
CP048240.1,881049,413
CP048240.1,881529,896
CP048240.1,881816,17
CP048240.1,882179,1150
CP048240.1,882279,2
CP048240.1,882349,1643
CP048240.1,884664,50
CP048240.1,884737,312
CP048240.1,884744,137
CP048240.1,884788,113
CP048240.1,884889,1
CP048240.1,884894,1841
CP048240.1,884896,1805
CP048240.1,884898,905
CP048240.1,884909,1
CP048240.1,884955,1812
CP048240.1,885036,1889
CP048240.1,885081,1
CP048240.1,885173,3830
CP048240.1,885246,1
CP048240.1,885972,1065
CP048240.1,886000,68
CP048240.1,886813,541
CP048240.1,886820,1210
CP048240.1,887135,1
CP048240.1,887207,40
CP048240.1,887308,83
CP048240.1,887351,1
CP048240.1,888043,1
CP048240.1,888126,1
CP048240.1,888461,105
CP048240.1,888924,225
CP048240.1,888937,545
CP048240.1,888970,61
CP048240.1,889022,260
CP048240.1,889037,119
CP048240.1,889060,1
CP048240.1,889895,1
CP048240.1,889902,2
CP048240.1,889968,1319
CP048240.1,890134,58
CP048240.1,891794,1
CP048240.1,891827,157
CP048240.1,891894,2
CP048240.1,892050,1507
CP048240.1,892136,821
CP048240.1,892143,143
CP048240.1,892179,79
CP048240.1,892187,117
CP048240.1,892192,1227
CP048240.1,892440,314
CP048240.1,892477,1
CP048240.1,892540,40
CP048240.1,894587,345
CP048240.1,894589,1474
CP048240.1,894596,783
CP048240.1,905984,141
CP048240.1,906710,1975
CP048240.1,906890,27
CP048240.1,906959,265
CP048240.1,907347,1
CP048240.1,908301,1530
CP048240.1,912480,1609
CP048240.1,913021,1
CP048240.1,913035,1
CP048240.1,913753,646
CP048240.1,914186,219
CP048240.1,914544,12
CP048240.1,914551,892
CP048240.1,914570,7
CP048240.1,914682,1
CP048240.1,914779,1
CP048240.1,914829,1253
CP048240.1,914957,139
CP048240.1,915082,6
CP048240.1,915120,1
CP048240.1,915199,56
CP048240.1,917125,1
CP048240.1,917141,1209
CP048240.1,917227,1
CP048240.1,917343,272
CP048240.1,917673,64
CP048240.1,918917,1162
CP048240.1,919134,1072
CP048240.1,919141,646
CP048240.1,919152,766
CP048240.1,919201,613
CP048240.1,919208,2
CP048240.1,919233,1
CP048240.1,919399,75
CP048240.1,919412,5
CP048240.1,920053,656
CP048240.1,920420,1392
CP048240.1,924024,433
CP048240.1,927666,307
CP048240.1,927845,134
CP048240.1,929594,952
CP048240.1,929847,1036
CP048240.1,930325,41
CP048240.1,930511,55
CP048240.1,930758,1052
CP048240.1,930837,1630
CP048240.1,931090,36
CP048240.1,932812,576
CP048240.1,932853,8
CP048240.1,932887,1112
CP048240.1,932928,901
CP048240.1,933033,31
CP048240.1,933586,903
CP048240.1,933598,1077
CP048240.1,933714,516
CP048240.1,933724,2035
CP048240.1,933731,1
CP048240.1,933745,1
CP048240.1,934062,53
CP048240.1,934069,1699
CP048240.1,936268,1
CP048240.1,936327,1
CP048240.1,937926,884
CP048240.1,940317,323
CP048240.1,940509,210
CP048240.1,940716,532
CP048240.1,943027,481
CP048240.1,946207,1
CP048240.1,947572,1
CP048240.1,947900,140
CP048240.1,947946,212
CP048240.1,949324,80
CP048240.1,954576,15
CP048240.1,954593,491
CP048240.1,954653,2073
CP048240.1,954682,1
CP048240.1,955219,21
CP048240.1,955311,1
CP048240.1,955405,443
CP048240.1,955495,220
CP048240.1,956233,1
CP048240.1,956574,1
CP048240.1,956712,1353
CP048240.1,957034,1
CP048240.1,957041,840
CP048240.1,957393,64
CP048240.1,957394,818
CP048240.1,957675,1
CP048240.1,960750,1
CP048240.1,962546,1
CP048240.1,966235,115
CP048240.1,967337,37
CP048240.1,970360,1604
CP048240.1,972858,477
CP048240.1,973941,1
CP048240.1,974771,2
CP048240.1,975076,1685
CP048240.1,975085,1
CP048240.1,975094,1
CP048240.1,975178,2360
CP048240.1,975201,11
CP048240.1,975264,1141
CP048240.1,975708,1168
CP048240.1,977582,491
CP048240.1,980046,464
CP048240.1,980051,2094
CP048240.1,980058,2084
CP048240.1,980181,9
CP048240.1,980183,1877
CP048240.1,980188,1264
CP048240.1,980370,55
CP048240.1,983052,849
CP048240.1,983775,7
CP048240.1,985340,1517
CP048240.1,985375,12
CP048240.1,985420,1
CP048240.1,988736,1426
CP048240.1,993593,1773
CP048240.1,994519,1818
CP048240.1,996643,1
CP048240.1,996697,734
CP048240.1,996974,4
CP048240.1,996981,279
CP048240.1,997018,3702
CP048240.1,997025,30
CP048240.1,997305,350
CP048240.1,997783,4
CP048240.1,997790,155
CP048240.1,997825,1514
CP048240.1,997832,1166
CP048240.1,997964,1
CP048240.1,998196,1170
CP048240.1,998243,362
CP048240.1,998250,1
CP048240.1,998434,1
CP048240.1,998930,49
CP048240.1,999750,51
CP048240.1,1002236,1760
CP048240.1,1007799,292
CP048240.1,1007800,719
CP048240.1,1009824,241
CP048240.1,1009884,109
CP048240.1,1013281,1
CP048240.1,1013343,1
CP048240.1,1015040,174
CP048240.1,1023333,1
CP048240.1,1023340,78
CP048240.1,1023388,1031
CP048240.1,1023538,587
CP048240.1,1025793,787
CP048240.1,1026143,467
CP048240.1,1027306,1033
CP048240.1,1028915,1
CP048240.1,1031551,12
CP048240.1,1031628,29
CP048240.1,1031785,29
CP048240.1,1031988,841
CP048240.1,1032000,88
CP048240.1,1032249,7
CP048240.1,1032300,1
CP048240.1,1037009,54
CP048240.1,1037016,906
CP048240.1,1038409,53
CP048240.1,1038416,13
CP048240.1,1038457,463
CP048240.1,1040449,116
CP048240.1,1040570,1176
CP048240.1,1040602,338
CP048240.1,1040620,1
CP048240.1,1040628,1319
CP048240.1,1040630,172
CP048240.1,1040736,1
CP048240.1,1040861,991
CP048240.1,1040912,578
CP048240.1,1041158,331
CP048240.1,1041262,1534
CP048240.1,1041555,1098
CP048240.1,1041672,1819
CP048240.1,1041733,1
CP048240.1,1044673,633
CP048240.1,1044763,845
CP048240.1,1045182,1418
CP048240.1,1045343,1049
CP048240.1,1047396,1
CP048240.1,1047402,1099
CP048240.1,1047430,353
CP048240.1,1047582,9
CP048240.1,1047589,321
CP048240.1,1050677,1
CP048240.1,1050762,19
CP048240.1,1050769,1
CP048240.1,1050800,240
CP048240.1,1050847,33
CP048240.1,1052069,118
CP048240.1,1053616,690
CP048240.1,1053653,1
CP048240.1,1054377,942
CP048240.1,1054384,1182
CP048240.1,1054392,44
CP048240.1,1054686,931
CP048240.1,1057715,709
CP048240.1,1060728,1
CP048240.1,1060735,34
CP048240.1,1060873,1
CP048240.1,1062205,261
CP048240.1,1064537,14
CP048240.1,1064781,312
CP048240.1,1064913,923
CP048240.1,1064914,449
CP048240.1,1064957,2
CP048240.1,1065015,984
CP048240.1,1065036,572
CP048240.1,1065087,1
CP048240.1,1065269,699
CP048240.1,1065284,1193
CP048240.1,1065291,2073
CP048240.1,1065528,1205
CP048240.1,1065598,305
CP048240.1,1065705,4754
CP048240.1,1066009,1581
CP048240.1,1067660,1
CP048240.1,1067714,1581
CP048240.1,1069706,184
CP048240.1,1070048,67
CP048240.1,1070073,410
CP048240.1,1070382,885
CP048240.1,1070401,1
CP048240.1,1070403,1214
CP048240.1,1070570,275
CP048240.1,1070577,33
CP048240.1,1070674,27
CP048240.1,1070744,441
CP048240.1,1070846,247
CP048240.1,1070853,522
CP048240.1,1070887,17
CP048240.1,1072521,1
CP048240.1,1072778,105
CP048240.1,1073234,2
CP048240.1,1074912,2686
CP048240.1,1074919,1086
CP048240.1,1076405,956
CP048240.1,1076634,956
CP048240.1,1076641,288
CP048240.1,1076661,15
CP048240.1,1076721,1
CP048240.1,1076723,1804
CP048240.1,1076730,7
CP048240.1,1076748,2
CP048240.1,1076755,219
CP048240.1,1076787,1
CP048240.1,1076794,522
CP048240.1,1076810,1030
CP048240.1,1076812,955
CP048240.1,1076817,1160
CP048240.1,1076828,1
CP048240.1,1076850,847
CP048240.1,1076857,162
CP048240.1,1076973,114
CP048240.1,1078681,1
CP048240.1,1079511,57
CP048240.1,1079518,11
CP048240.1,1081035,564
CP048240.1,1082251,708
CP048240.1,1082276,5
CP048240.1,1087901,1387
CP048240.1,1090248,65
CP048240.1,1092728,1
CP048240.1,1094684,518
CP048240.1,1096323,1
CP048240.1,1098206,99
CP048240.1,1098371,1521
CP048240.1,1099698,160
CP048240.1,1099705,2198
CP048240.1,1099761,5427
CP048240.1,1099811,169
CP048240.1,1100687,51
CP048240.1,1103010,1
CP048240.1,1103036,3820
CP048240.1,1103046,32
CP048240.1,1103047,930
CP048240.1,1103117,614
CP048240.1,1103133,61
CP048240.1,1103140,1
CP048240.1,1103177,667
CP048240.1,1103179,1
CP048240.1,1103202,2109
CP048240.1,1103974,462
CP048240.1,1112877,1
CP048240.1,1114252,69
CP048240.1,1114618,1023
CP048240.1,1114684,45
CP048240.1,1115897,1
CP048240.1,1116790,1
CP048240.1,1116797,202
CP048240.1,1117224,49
CP048240.1,1117231,1057
CP048240.1,1117236,1
CP048240.1,1117361,921
CP048240.1,1117376,1697
CP048240.1,1117389,844
CP048240.1,1117413,1
CP048240.1,1117499,426
CP048240.1,1118066,94
CP048240.1,1118391,1
CP048240.1,1118511,958
CP048240.1,1118555,100
CP048240.1,1119007,1715
CP048240.1,1119162,1031
CP048240.1,1119324,191
CP048240.1,1119462,14
CP048240.1,1122697,207
CP048240.1,1124107,38
CP048240.1,1124193,12
CP048240.1,1124293,3
CP048240.1,1127172,2126
CP048240.1,1129403,963
CP048240.1,1129410,878
CP048240.1,1129423,26
CP048240.1,1129431,968
CP048240.1,1129433,14
CP048240.1,1129447,2110
CP048240.1,1129462,1560
CP048240.1,1129576,2789
CP048240.1,1129583,121
CP048240.1,1130918,725
CP048240.1,1130925,1378
CP048240.1,1133378,3335
CP048240.1,1133385,272
CP048240.1,1133420,1
CP048240.1,1135334,1
CP048240.1,1135486,1
CP048240.1,1135665,3
CP048240.1,1135687,1
CP048240.1,1135700,1
CP048240.1,1135704,1991
CP048240.1,1135753,760
CP048240.1,1137932,31
CP048240.1,1137939,1188
CP048240.1,1137968,304
CP048240.1,1140281,1
CP048240.1,1143495,1
CP048240.1,1143679,382
CP048240.1,1145593,106
CP048240.1,1151064,6
CP048240.1,1151086,155
CP048240.1,1151274,1
CP048240.1,1151281,2583
CP048240.1,1151549,3
CP048240.1,1151556,29
CP048240.1,1151781,58
CP048240.1,1151788,1
CP048240.1,1151848,5
CP048240.1,1152088,1
CP048240.1,1152154,1004
CP048240.1,1152537,1913
CP048240.1,1152636,1500
CP048240.1,1152788,2
CP048240.1,1154432,1
CP048240.1,1154672,456
CP048240.1,1157157,1
CP048240.1,1157232,1633
CP048240.1,1157458,400
CP048240.1,1157463,255
CP048240.1,1157488,2
CP048240.1,1157549,1609
CP048240.1,1157807,94
CP048240.1,1157873,104
CP048240.1,1157880,1
CP048240.1,1157882,2255
CP048240.1,1158341,715
CP048240.1,1158917,1311
CP048240.1,1159329,2
CP048240.1,1161274,23
CP048240.1,1161338,2422
CP048240.1,1161345,1787
CP048240.1,1161382,143
CP048240.1,1164808,44
CP048240.1,1164941,34
CP048240.1,1167363,377
CP048240.1,1167382,294
CP048240.1,1167920,1538
CP048240.1,1168286,1
CP048240.1,1171022,1
CP048240.1,1171024,1494
CP048240.1,1171163,1
CP048240.1,1171224,1
CP048240.1,1171382,1
CP048240.1,1171423,2
CP048240.1,1171636,167
CP048240.1,1171696,1
CP048240.1,1171809,2236
CP048240.1,1171936,4375
CP048240.1,1171965,2497
CP048240.1,1171983,416
CP048240.1,1172101,2714
CP048240.1,1172129,3
CP048240.1,1172208,606
CP048240.1,1172268,1
CP048240.1,1172275,1
CP048240.1,1172322,2
CP048240.1,1172348,754
CP048240.1,1172527,249
CP048240.1,1172552,1282
CP048240.1,1172605,292
CP048240.1,1172607,47
CP048240.1,1172912,1320
CP048240.1,1173550,1
CP048240.1,1174162,1
CP048240.1,1176784,298
CP048240.1,1177978,1149
CP048240.1,1177980,1183
CP048240.1,1180615,461
CP048240.1,1180648,164
CP048240.1,1180722,278
CP048240.1,1180737,1403
CP048240.1,1181076,109
CP048240.1,1181494,134
CP048240.1,1183696,2
CP048240.1,1184486,900
CP048240.1,1186910,852
CP048240.1,1187554,1
CP048240.1,1187789,12
CP048240.1,1188251,526
CP048240.1,1188282,1
CP048240.1,1188488,1530
CP048240.1,1189602,2
CP048240.1,1194835,81
CP048240.1,1194841,2
CP048240.1,1194853,263
CP048240.1,1196355,296
CP048240.1,1197418,2492
CP048240.1,1197928,47
CP048240.1,1199544,1680
CP048240.1,1199555,16
CP048240.1,1199560,1
CP048240.1,1200077,1
CP048240.1,1200134,640
CP048240.1,1200141,49
CP048240.1,1200517,1
CP048240.1,1200520,211
CP048240.1,1204110,664
CP048240.1,1204157,100
CP048240.1,1204384,318
CP048240.1,1204391,103
CP048240.1,1204415,720
CP048240.1,1204689,51
CP048240.1,1204953,1
CP048240.1,1204996,261
CP048240.1,1205175,244
CP048240.1,1205223,1
CP048240.1,1205262,1
CP048240.1,1205373,86
CP048240.1,1205390,4
CP048240.1,1205392,1
CP048240.1,1205411,1
CP048240.1,1211713,385
CP048240.1,1211720,274
CP048240.1,1212110,1352
CP048240.1,1212117,701
CP048240.1,1212243,582
CP048240.1,1212429,261
CP048240.1,1220951,178
CP048240.1,1221352,613
CP048240.1,1221383,106
CP048240.1,1221450,13
CP048240.1,1224801,925
CP048240.1,1226843,967
CP048240.1,1228079,1
CP048240.1,1229779,241
CP048240.1,1230781,257
CP048240.1,1232841,23
CP048240.1,1233970,82
CP048240.1,1234460,1
CP048240.1,1234904,582
CP048240.1,1236925,20
CP048240.1,1240257,861
CP048240.1,1240377,168
CP048240.1,1240384,667
CP048240.1,1240526,119
CP048240.1,1240706,210
CP048240.1,1240800,132
CP048240.1,1240830,31
CP048240.1,1240837,753
CP048240.1,1240864,1
CP048240.1,1241078,199
CP048240.1,1242056,1
CP048240.1,1243149,1
CP048240.1,1243334,1426
CP048240.1,1243402,3
CP048240.1,1245216,72
CP048240.1,1248513,1
CP048240.1,1250749,12
CP048240.1,1250876,402
CP048240.1,1257172,396
CP048240.1,1257234,450
CP048240.1,1257238,2371
CP048240.1,1257241,128
CP048240.1,1257465,212
CP048240.1,1257624,1139
CP048240.1,1260077,119
CP048240.1,1260136,1197
CP048240.1,1260210,371
CP048240.1,1260228,66
CP048240.1,1260273,41
CP048240.1,1260524,1653
CP048240.1,1260703,138
CP048240.1,1260741,376
CP048240.1,1260749,230
CP048240.1,1260754,871
CP048240.1,1261035,10
CP048240.1,1261078,139
CP048240.1,1261104,310
CP048240.1,1261116,409
CP048240.1,1261118,1987
CP048240.1,1261195,1650
CP048240.1,1261199,50
CP048240.1,1261348,1
CP048240.1,1261587,735
CP048240.1,1261589,4
CP048240.1,1263018,1446
CP048240.1,1263218,1568
CP048240.1,1263327,129
CP048240.1,1263348,1
CP048240.1,1263422,2934
CP048240.1,1263446,459
CP048240.1,1263447,1
CP048240.1,1263453,2126
CP048240.1,1263697,216
CP048240.1,1267516,317
CP048240.1,1269173,1
CP048240.1,1270142,1
CP048240.1,1270544,465
CP048240.1,1270614,1285
CP048240.1,1270723,27
CP048240.1,1271202,1
CP048240.1,1276058,4
CP048240.1,1276067,1551
CP048240.1,1276075,1
CP048240.1,1276151,6
CP048240.1,1276153,64
CP048240.1,1276155,510
CP048240.1,1276156,28
CP048240.1,1276157,57
CP048240.1,1276159,373
CP048240.1,1276161,1294
CP048240.1,1276163,4888
CP048240.1,1276211,1
CP048240.1,1276291,340
CP048240.1,1277367,311
CP048240.1,1277681,148
CP048240.1,1277741,1372
CP048240.1,1277747,9
CP048240.1,1277748,49
CP048240.1,1277752,1507
CP048240.1,1277759,1
CP048240.1,1280169,1281
CP048240.1,1280516,163
CP048240.1,1281867,481
CP048240.1,1283113,108
CP048240.1,1283212,923
CP048240.1,1288702,8
CP048240.1,1288709,82
CP048240.1,1289144,174
CP048240.1,1290018,1193
CP048240.1,1292763,1120
CP048240.1,1292769,1
CP048240.1,1293160,2
CP048240.1,1293162,88
CP048240.1,1293327,198
CP048240.1,1293421,1457
CP048240.1,1293506,203
CP048240.1,1293528,1697
CP048240.1,1293560,1053
CP048240.1,1293620,311
CP048240.1,1293622,1010
CP048240.1,1293656,379
CP048240.1,1293689,497
CP048240.1,1293805,85
CP048240.1,1293896,168
CP048240.1,1293903,1310
CP048240.1,1294010,3
CP048240.1,1294056,291
CP048240.1,1294073,1
CP048240.1,1298666,9
CP048240.1,1298979,33
CP048240.1,1299367,8
CP048240.1,1300084,90
CP048240.1,1302480,1
CP048240.1,1304845,1
CP048240.1,1306158,855
CP048241.1,709,523
CP048241.1,1654,3003
CP048241.1,1990,992
CP048241.1,7152,2
CP048241.1,7407,3403
CP048241.1,9284,6
CP048241.1,10107,2449
CP048241.1,16912,1
CP048241.1,20427,44
CP048241.1,23300,1
CP048241.1,23542,1
CP048241.1,23893,639
CP048241.1,24184,1
CP048241.1,24350,1
CP048241.1,24424,1
CP048241.1,24562,1647
CP048241.1,24758,544
CP048241.1,25805,1
CP048241.1,25971,1083
CP048241.1,26809,185
CP048241.1,26890,102
CP048241.1,27187,71
CP048241.1,27324,254
CP048241.1,28722,962
CP048241.1,28864,8
CP048241.1,28900,1784
CP048241.1,29537,546
CP048241.1,29598,131
CP048241.1,29990,1
CP048241.1,30011,1
CP048241.1,32837,182
CP048241.1,32906,999
CP048241.1,32912,492
CP048241.1,35215,21
CP048241.1,36773,245
CP048241.1,36828,1
CP048241.1,37178,577
CP048241.1,37392,1149
CP048241.1,37522,1
CP048241.1,37645,93
CP048241.1,37821,99
CP048241.1,37831,2
CP048241.1,38351,414
CP048241.1,38705,1
CP048241.1,39251,1360
CP048241.1,39820,1
CP048241.1,40398,14
CP048241.1,40696,194
CP048241.1,42702,114
CP048241.1,42793,1
CP048241.1,42844,294
CP048241.1,43123,1009
CP048241.1,43158,125
CP048241.1,43218,2
CP048241.1,43278,730
CP048241.1,43333,15
CP048241.1,43354,716
CP048241.1,43434,1734
CP048241.1,43436,1032
CP048241.1,43485,1
CP048241.1,43492,426
CP048241.1,43545,1744
CP048241.1,43746,2157
CP048241.1,43753,3045
CP048241.1,43814,1
CP048241.1,43921,1
CP048241.1,44075,346
CP048241.1,44111,11
CP048241.1,44112,4611
CP048241.1,44119,1254
CP048241.1,44324,463
CP048241.1,44422,1077
CP048241.1,44429,737
CP048241.1,46725,47
CP048241.1,46800,301
CP048241.1,53053,1
CP048241.1,53260,1
CP048241.1,53261,1092
CP048241.1,53262,3
CP048241.1,53274,1
CP048241.1,53284,296
CP048241.1,53888,2
CP048241.1,53891,1
CP048241.1,53895,4343
CP048241.1,53898,39
CP048241.1,54103,2246
CP048241.1,54138,980
CP048241.1,54373,728
CP048241.1,54611,424
CP048241.1,55678,1411
CP048241.1,56300,431
CP048241.1,57640,13
CP048241.1,58121,1004
CP048241.1,58180,283
CP048241.1,58187,1
CP048241.1,58199,1356
CP048241.1,58273,1
CP048241.1,58277,636
CP048241.1,58331,1607
CP048241.1,58340,2113
CP048241.1,60634,66
CP048241.1,60648,1165
CP048241.1,60665,1
CP048241.1,60701,406
CP048241.1,61606,205
CP048241.1,63883,181
CP048241.1,64993,1092
CP048241.1,65226,113
CP048241.1,66774,1283
CP048241.1,67637,89
CP048241.1,67858,565
CP048241.1,69014,1
CP048241.1,69085,1
CP048241.1,70008,1126
CP048241.1,70015,901
CP048241.1,70193,1
CP048241.1,70206,145
CP048241.1,70578,1470
CP048241.1,70587,5
CP048241.1,70616,1394
CP048241.1,70621,18
CP048241.1,70763,1
CP048241.1,71766,1598
CP048241.1,71773,2703
CP048241.1,71849,33
CP048241.1,71899,86
CP048241.1,72219,15
CP048241.1,73026,1
CP048241.1,73280,1621
CP048241.1,73574,2
CP048241.1,74194,16
CP048241.1,74201,795
CP048241.1,74216,4
CP048241.1,74222,2583
CP048241.1,74259,1183
CP048241.1,74459,157
CP048241.1,74477,72
CP048241.1,74527,462
CP048241.1,75708,844
CP048241.1,75906,13
CP048241.1,76243,47
CP048241.1,76311,301
CP048241.1,76318,4075
CP048241.1,77228,185
CP048241.1,77243,9
CP048241.1,79853,19
CP048241.1,82196,1308
CP048241.1,82396,522
CP048241.1,84820,1244
CP048241.1,87742,18
CP048241.1,90385,34
CP048241.1,90641,9
CP048241.1,90683,151
CP048241.1,91038,1284
CP048241.1,91075,1539
CP048241.1,91083,1346
CP048241.1,91112,758
CP048241.1,91241,17
CP048241.1,93056,121
CP048241.1,93083,682
CP048241.1,93221,1142
CP048241.1,93317,1046
CP048241.1,93723,202
CP048241.1,93860,10
CP048241.1,94380,823
CP048241.1,95064,1502
CP048241.1,95868,638
CP048241.1,95950,162
CP048241.1,96776,66
CP048241.1,96898,1
CP048241.1,96945,403
CP048241.1,97003,2100
CP048241.1,97012,547
CP048241.1,97032,972
CP048241.1,97041,36
CP048241.1,97042,2
CP048241.1,97049,20
CP048241.1,97084,1
CP048241.1,97093,141
CP048241.1,97595,1
CP048241.1,102413,64
CP048241.1,106046,141
CP048241.1,106527,1
CP048241.1,106586,76
CP048241.1,108149,130
CP048241.1,109776,1142
CP048241.1,109883,97
CP048241.1,109903,2254
CP048241.1,110254,8
CP048241.1,110378,209
CP048241.1,110401,71
CP048241.1,110443,1121
CP048241.1,112650,1
CP048241.1,112723,1
CP048241.1,112724,1
CP048241.1,112728,3068
CP048241.1,112772,4
CP048241.1,112825,1113
CP048241.1,112858,1789
CP048241.1,112860,1
CP048241.1,112957,3926
CP048241.1,112963,1
CP048241.1,113047,3936
CP048241.1,113339,3393
CP048241.1,114541,25
CP048241.1,115439,511
CP048241.1,115444,3
CP048241.1,115464,1085
CP048241.1,116126,395
CP048241.1,116236,1240
CP048241.1,116430,3
CP048241.1,116441,176
CP048241.1,116448,45
CP048241.1,116462,801
CP048241.1,116490,1
CP048241.1,116497,60
CP048241.1,116526,1
CP048241.1,116645,1
CP048241.1,116654,1748
CP048241.1,116657,1
CP048241.1,116695,456
CP048241.1,116700,326
CP048241.1,116717,1
CP048241.1,118147,95
CP048241.1,118605,612
CP048241.1,120821,943
CP048241.1,120902,2115
CP048241.1,120982,1082
CP048241.1,123456,28
CP048241.1,123516,4
CP048241.1,123542,653
CP048241.1,123642,1037
CP048241.1,123649,2602
CP048241.1,124128,216
CP048241.1,124858,152
CP048241.1,125331,1
CP048241.1,133121,35
CP048241.1,135607,1616
CP048241.1,138950,13
CP048241.1,139212,1513
CP048241.1,144713,1
CP048241.1,146627,128
CP048241.1,146634,856
CP048241.1,146654,2785
CP048241.1,146670,521
CP048241.1,146833,411
CP048241.1,146840,1
CP048241.1,146863,99
CP048241.1,146878,1081
CP048241.1,147088,1256
CP048241.1,147732,83
CP048241.1,148350,1543
CP048241.1,148386,9
CP048241.1,151655,1522
CP048241.1,154942,1
CP048241.1,155003,1356
CP048241.1,155010,1785
CP048241.1,155035,1
CP048241.1,155110,414
CP048241.1,155117,2764
CP048241.1,155195,1149
CP048241.1,155202,1
CP048241.1,159180,8
CP048241.1,159181,1
CP048241.1,159514,232
CP048241.1,159574,44
CP048241.1,159652,917
CP048241.1,159659,157
CP048241.1,159746,1007
CP048241.1,159751,1210
CP048241.1,159860,1243
CP048241.1,159867,1
CP048241.1,160007,631
CP048241.1,161669,296
CP048241.1,161676,1
CP048241.1,164343,1
CP048241.1,164755,2
CP048241.1,165463,1
CP048241.1,166671,1750
CP048241.1,166900,1
CP048241.1,167057,1
CP048241.1,167080,1536
CP048241.1,167089,2
CP048241.1,167129,1
CP048241.1,167136,2091
CP048241.1,169173,183
CP048241.1,171764,1047
CP048241.1,172750,937
CP048241.1,174971,46
CP048241.1,177017,7
CP048241.1,177112,1
CP048241.1,177516,1
CP048241.1,177680,1417
CP048241.1,182481,193
CP048241.1,184646,1
CP048241.1,184930,2
CP048241.1,184951,1
CP048241.1,184977,198
CP048241.1,185000,1
CP048241.1,185032,57
CP048241.1,185333,1
CP048241.1,185348,17
CP048241.1,185354,530
CP048241.1,185371,1
CP048241.1,185415,5
CP048241.1,185617,1
CP048241.1,185624,775
CP048241.1,187886,2
CP048241.1,187999,1792
CP048241.1,188021,1
CP048241.1,188023,1
CP048241.1,188027,1978
CP048241.1,188028,1
CP048241.1,188031,112
CP048241.1,188040,1
CP048241.1,188053,1
CP048241.1,188057,1018
CP048241.1,188060,733
CP048241.1,188072,1
CP048241.1,188074,1122
CP048241.1,188079,942
CP048241.1,188081,1494
CP048241.1,188155,119
CP048241.1,188168,8
CP048241.1,188180,63
CP048241.1,188218,1
CP048241.1,188469,2202
CP048241.1,188562,863
CP048241.1,188689,325
CP048241.1,188696,833
CP048241.1,188705,464
CP048241.1,188853,2
CP048241.1,189601,1
CP048241.1,189713,313
CP048241.1,195353,891
CP048241.1,196606,179
CP048241.1,206412,621
CP048241.1,209718,809
CP048241.1,212264,74
CP048241.1,212372,1
CP048241.1,212373,1223
CP048241.1,214764,882
CP048241.1,216261,2
CP048241.1,222903,194
CP048241.1,222975,1
CP048241.1,223016,1
CP048241.1,223111,94
CP048241.1,223214,576
CP048241.1,223221,789
CP048241.1,223308,746
CP048241.1,223329,17
CP048241.1,223430,1443
CP048241.1,223507,2421
CP048241.1,223509,1748
CP048241.1,223580,2
CP048241.1,223628,308
CP048241.1,223697,1
CP048241.1,223879,2650
CP048241.1,223887,1
CP048241.1,223934,1
CP048241.1,224014,2
CP048241.1,224082,2095
CP048241.1,224152,1
CP048241.1,224304,1157
CP048241.1,224311,2
CP048241.1,224340,12
CP048241.1,226168,87
CP048241.1,226755,1
CP048241.1,226820,1
CP048241.1,226853,1534
CP048241.1,226908,210
CP048241.1,226915,52
CP048241.1,226987,1219
CP048241.1,226994,1431
CP048241.1,227146,191
CP048241.1,227181,899
CP048241.1,227188,114
CP048241.1,227364,291
CP048241.1,228396,1001
CP048241.1,229733,1295
CP048241.1,231921,42
CP048241.1,232481,805
CP048241.1,232626,1291
CP048241.1,234060,398
CP048241.1,234120,1
CP048241.1,240750,5
CP048241.1,241685,951
CP048241.1,242117,1455
CP048241.1,242147,389
CP048241.1,242899,1
CP048241.1,243474,689
CP048241.1,248147,1
CP048241.1,249480,1
CP048241.1,249686,639
CP048241.1,254066,1
CP048241.1,254083,12
CP048241.1,254942,277
CP048241.1,255745,1462
CP048241.1,256684,1579
CP048241.1,256879,16
CP048241.1,258639,921
CP048241.1,259148,1
CP048241.1,259214,1846
CP048241.1,262404,1
CP048241.1,264824,566
CP048241.1,264899,160
CP048241.1,266239,333
CP048241.1,266269,538
CP048241.1,266379,12
CP048241.1,267472,1469
CP048241.1,271143,1302
CP048241.1,271322,600
CP048241.1,272336,1
CP048241.1,273966,563
CP048241.1,274050,549
CP048241.1,274606,253
CP048241.1,274923,2
CP048241.1,275634,440
CP048241.1,275662,1017
CP048241.1,275821,1845
CP048241.1,275823,2
CP048241.1,275876,1
CP048241.1,275886,1607
CP048241.1,282143,77
CP048241.1,282173,1470
CP048241.1,282194,523
CP048241.1,282347,48
CP048241.1,283910,59
CP048241.1,286742,783
CP048241.1,288678,2255
CP048241.1,289333,2180
CP048241.1,289420,722
CP048241.1,292748,4029
CP048241.1,292755,420
CP048241.1,294208,1
CP048241.1,294773,1504
CP048241.1,294925,8
CP048241.1,297461,450
CP048241.1,297468,221
CP048241.1,297605,2988
CP048241.1,297708,1741
CP048241.1,297715,466
CP048241.1,297722,1818
CP048241.1,297768,2156
CP048241.1,297784,1
CP048241.1,297853,936
CP048241.1,297854,1
CP048241.1,297861,36
CP048241.1,297903,57
CP048241.1,297910,1
CP048241.1,297944,4586
CP048241.1,297951,14
CP048241.1,298007,444
CP048241.1,301316,295
CP048241.1,302051,1338
CP048241.1,302389,452
CP048241.1,303371,1
CP048241.1,304927,9
CP048241.1,309507,2
CP048241.1,314385,419
CP048241.1,314392,1284
CP048241.1,318151,164
CP048241.1,322459,137
CP048241.1,323746,36
CP048241.1,323782,1
CP048241.1,323796,19
CP048241.1,323813,1247
CP048241.1,323826,1
CP048241.1,326050,556
CP048241.1,327232,1254
CP048241.1,335831,724
CP048241.1,335838,2257
CP048241.1,336897,435
CP048241.1,336954,125
CP048241.1,337238,838
CP048241.1,337284,1
CP048241.1,337376,268
CP048241.1,337383,2974
CP048241.1,337569,3
CP048241.1,337668,1348
CP048241.1,337814,1
CP048241.1,337948,1
CP048241.1,337955,1130
CP048241.1,337987,51
CP048241.1,338014,1
CP048241.1,338196,1
CP048241.1,338255,1
CP048241.1,341213,6
CP048241.1,344274,522
CP048241.1,344657,240
CP048241.1,344712,293
CP048241.1,346495,1
CP048241.1,346615,454
CP048241.1,346798,2007
CP048241.1,346805,1
CP048241.1,350382,788
CP048241.1,350575,7
CP048241.1,350952,1434
CP048241.1,351076,210
CP048241.1,351083,872
CP048241.1,351186,30
CP048241.1,351429,182
CP048241.1,352128,808
CP048241.1,352183,834
CP048241.1,352759,128
CP048241.1,353436,15
CP048241.1,353538,77
CP048241.1,353611,1
CP048241.1,353716,1052
CP048241.1,353762,1986
CP048241.1,353914,448
CP048241.1,354877,254
CP048241.1,354879,1
CP048241.1,354897,2226
CP048241.1,354994,1894
CP048241.1,355129,1753
CP048241.1,355272,2
CP048241.1,355279,2135
CP048241.1,355309,80
CP048241.1,355316,2521
CP048241.1,355349,1
CP048241.1,355384,203
CP048241.1,355391,1642
CP048241.1,355410,166
CP048241.1,357678,95
CP048241.1,358402,215
CP048241.1,358409,1
CP048241.1,358857,576
CP048241.1,360699,782
CP048241.1,364928,17
CP048241.1,367115,43
CP048241.1,367204,529
CP048241.1,367392,79
CP048241.1,367626,2191
CP048241.1,367660,2652
CP048241.1,370429,2
CP048241.1,370436,1832
CP048241.1,372887,1
CP048241.1,374134,128
CP048241.1,374389,659
CP048241.1,375028,1551
CP048241.1,375682,33
CP048241.1,375747,1208
CP048241.1,375789,624
CP048241.1,375796,185
CP048241.1,377105,5
CP048241.1,377274,75
CP048241.1,377563,22
CP048241.1,377609,240
CP048241.1,380605,400
CP048241.1,381058,395
CP048241.1,381059,1
CP048241.1,381066,1262
CP048241.1,381103,1033
CP048241.1,381125,484
CP048241.1,381146,712
CP048241.1,381203,154
CP048241.1,381222,69
CP048241.1,381342,1023
CP048241.1,381369,116
CP048241.1,383004,313
CP048241.1,383521,160
CP048241.1,386398,1
CP048241.1,386477,59
CP048241.1,386778,1647
CP048241.1,386782,1208
CP048241.1,386855,23
CP048241.1,387059,163
CP048241.1,387279,1945
CP048241.1,387306,209
CP048241.1,387311,20
CP048241.1,387778,16
CP048241.1,389385,377
CP048241.1,389386,1106
CP048241.1,389556,1
CP048241.1,389558,353
CP048241.1,389767,446
CP048241.1,391585,1176
CP048241.1,391670,87
CP048241.1,391937,88
CP048241.1,392089,1
CP048241.1,392804,1
CP048241.1,394637,1293
CP048241.1,395660,1
CP048241.1,397480,57
CP048241.1,397645,1
CP048241.1,397841,837
CP048241.1,398582,75
CP048241.1,404728,1
CP048241.1,404755,45
CP048241.1,404784,1
CP048241.1,404791,182
CP048241.1,404826,917
CP048241.1,404893,254
CP048241.1,405080,62
CP048241.1,406798,404
CP048241.1,406813,7
CP048241.1,408259,473
CP048241.1,408346,279
CP048241.1,408480,3
CP048241.1,409206,966
CP048241.1,412635,200
CP048241.1,416865,570
CP048241.1,419677,261
CP048241.1,420932,1
CP048241.1,422036,531
CP048241.1,422047,25
CP048241.1,422344,1292
CP048241.1,422859,1243
CP048241.1,422865,170
CP048241.1,422999,1167
CP048241.1,424244,57
CP048241.1,424251,1
CP048241.1,425313,1
CP048241.1,425857,828
CP048241.1,425864,230
CP048241.1,425883,3
CP048241.1,430005,1037
CP048241.1,431689,1
CP048241.1,431784,1
CP048241.1,431795,466
CP048241.1,431846,1
CP048241.1,432178,986
CP048241.1,432320,285
CP048241.1,435353,1
CP048241.1,436609,59
CP048241.1,444054,103
CP048241.1,444234,880
CP048241.1,444242,8
CP048241.1,444531,3
CP048241.1,445185,1324
CP048241.1,445753,2
CP048241.1,445857,83
CP048241.1,445979,1
CP048241.1,446043,1844
CP048241.1,446065,2
CP048241.1,446156,959
CP048241.1,446158,1
CP048241.1,446571,52
CP048241.1,446680,930
CP048241.1,446810,273
CP048241.1,448573,1668
CP048241.1,449855,17
CP048241.1,450625,1
CP048241.1,450661,573
CP048241.1,450775,26
CP048241.1,455905,84
CP048241.1,456220,21
CP048241.1,456406,1572
CP048241.1,456442,1305
CP048241.1,456450,310
CP048241.1,456479,782
CP048241.1,456553,1978
CP048241.1,456754,1368
CP048241.1,456873,605
CP048241.1,457043,57
CP048241.1,457118,770
CP048241.1,457129,432
CP048241.1,457355,13131
CP048241.1,457362,33
CP048241.1,457409,1
CP048241.1,457604,47
CP048241.1,457606,285
CP048241.1,457613,8
CP048241.1,460812,3
CP048241.1,460813,695
CP048241.1,460885,1609
CP048241.1,461044,453
CP048241.1,461129,1
CP048241.1,461136,1
CP048241.1,461177,883
CP048241.1,461234,1
CP048241.1,461300,1
CP048241.1,461470,336
CP048241.1,461558,60
CP048241.1,462501,612
CP048241.1,462931,195
CP048241.1,462992,1
CP048241.1,463099,112
CP048241.1,463106,26
CP048241.1,463109,884
CP048241.1,463116,1066
CP048241.1,463405,623
CP048241.1,467361,1336
CP048241.1,467363,1649
CP048241.1,467399,1
CP048241.1,467498,84
CP048241.1,467500,2234
CP048241.1,467507,1899
CP048241.1,467516,599
CP048241.1,468369,62
CP048241.1,468841,1394
CP048241.1,469212,9
CP048241.1,469597,895
CP048241.1,470897,19
CP048241.1,471477,241
CP048241.1,472198,108
CP048241.1,472204,1
CP048241.1,472223,1
CP048241.1,473613,1339
CP048241.1,476782,67
CP048241.1,476832,10
CP048241.1,477325,653
CP048241.1,477356,1662
CP048241.1,477889,926
CP048241.1,477978,117
CP048241.1,478097,223
CP048241.1,478424,389
CP048241.1,478542,29
CP048241.1,478622,115
CP048241.1,478665,1378
CP048241.1,478700,452
CP048241.1,478703,3370
CP048241.1,478714,21
CP048241.1,478721,2
CP048241.1,478846,1
CP048241.1,483878,795
CP048241.1,486204,194
CP048241.1,486500,1
CP048241.1,486747,130
CP048241.1,486754,881
CP048241.1,486778,713
CP048241.1,487187,167
CP048241.1,487833,23
CP048241.1,489491,180
CP048241.1,489518,14
CP048241.1,489631,412
CP048241.1,489738,1
CP048241.1,489745,1
CP048241.1,489870,226
CP048241.1,490016,2682
CP048241.1,490105,873
CP048241.1,490215,3
CP048241.1,490259,6
CP048241.1,490266,1005
CP048241.1,490309,8
CP048241.1,490315,12
CP048241.1,490412,1464
CP048241.1,490416,61
CP048241.1,490418,42
CP048241.1,490419,774
CP048241.1,490433,1
CP048241.1,490683,2
CP048241.1,490685,974
CP048241.1,490686,1
CP048241.1,490689,1
CP048241.1,490696,1
CP048241.1,490802,425
CP048241.1,492350,1469
CP048241.1,492927,542
CP048241.1,494403,11
CP048241.1,495121,277
CP048241.1,495566,1479
CP048241.1,498356,2308
CP048241.1,498363,554
CP048241.1,499174,1819
CP048241.1,499345,1
CP048241.1,499717,1
CP048241.1,500193,1012
CP048241.1,500458,1
CP048241.1,500492,116
CP048241.1,500667,1143
CP048241.1,501038,1267
CP048241.1,501450,80
CP048241.1,501676,506
CP048241.1,504249,72
CP048241.1,504974,1213
CP048241.1,505011,277
CP048241.1,505018,1
CP048241.1,505055,3565
CP048241.1,506741,28
CP048241.1,506872,11
CP048241.1,506879,187
CP048241.1,506910,38
CP048241.1,509992,348
CP048241.1,510978,1967
CP048241.1,513387,33
CP048241.1,514328,175
CP048241.1,515011,149
CP048241.1,516546,13
CP048241.1,517601,1
CP048241.1,518832,686
CP048241.1,518836,11
CP048241.1,518839,82
CP048241.1,518913,1
CP048241.1,518970,128
CP048241.1,520597,136
CP048241.1,521305,1700
CP048241.1,521516,613
CP048241.1,522274,128
CP048241.1,522605,506
CP048241.1,526166,18
CP048241.1,532390,454
CP048241.1,533608,5
CP048241.1,533721,1
CP048241.1,534490,1079
CP048241.1,534621,2
CP048241.1,542252,1055
CP048241.1,542259,287
CP048241.1,542338,135
CP048241.1,542616,630
CP048241.1,544138,1832
CP048241.1,544141,2229
CP048241.1,544148,1234
CP048241.1,544369,111
CP048241.1,544371,568
CP048241.1,544434,599
CP048241.1,544577,360
CP048241.1,544601,89
CP048241.1,547292,771
CP048241.1,547296,505
CP048241.1,549385,843
CP048241.1,551090,219
CP048241.1,551110,154
CP048241.1,554324,2
CP048241.1,555193,1898
CP048241.1,555235,181
CP048241.1,555241,1
CP048241.1,555367,1135
CP048241.1,557248,1988
CP048241.1,557407,1441
CP048241.1,557994,244
CP048241.1,559452,738
CP048241.1,559529,1410
CP048241.1,559933,1399
CP048241.1,560529,952
CP048241.1,561149,1
CP048241.1,561255,1729
CP048241.1,561257,2089
CP048241.1,563879,383
CP048241.1,566368,1
CP048241.1,566510,79
CP048241.1,569435,1
CP048241.1,570259,1211
CP048241.1,570266,959
CP048241.1,570324,41
CP048241.1,570878,11
CP048241.1,570939,1392
CP048241.1,570971,1134
CP048241.1,571673,47
CP048241.1,571729,227
CP048241.1,571854,5
CP048241.1,574984,364
CP048241.1,575259,1266
CP048241.1,575313,763
CP048241.1,575559,1019
CP048241.1,576535,1324
CP048241.1,577488,1859
CP048241.1,579308,1088
CP048241.1,581878,1
CP048241.1,582059,1581
CP048241.1,582084,277
CP048241.1,583080,1119
CP048241.1,583114,971
CP048241.1,585733,866
CP048241.1,586329,422
CP048241.1,586333,1373
CP048241.1,586371,612
CP048241.1,588274,1
CP048241.1,588822,1
CP048241.1,589291,1
CP048241.1,589410,1465
CP048241.1,589418,675
CP048241.1,589419,4
CP048241.1,589500,1
CP048241.1,589646,1259
CP048241.1,589664,11
CP048241.1,589800,1908
CP048241.1,589807,22
CP048241.1,590110,1
CP048241.1,590267,199
CP048241.1,590513,588
CP048241.1,590515,379
CP048241.1,592318,112
CP048241.1,595016,1
CP048241.1,598287,183
CP048241.1,598297,1415
CP048241.1,598304,908
CP048241.1,599538,741
CP048241.1,600793,2055
CP048241.1,600831,776
CP048241.1,601283,519
CP048241.1,602242,33
CP048241.1,602277,169
CP048241.1,602283,41
CP048241.1,608806,945
CP048241.1,608872,98
CP048241.1,609275,230
CP048241.1,609800,1
CP048241.1,609915,1701
CP048241.1,609938,1
CP048241.1,609945,337
CP048241.1,610040,1
CP048241.1,610042,2
CP048241.1,610112,1402
CP048241.1,610365,1
CP048241.1,610772,173
CP048241.1,610962,987
CP048241.1,611109,1263
CP048241.1,611113,8
CP048241.1,611150,527
CP048241.1,611169,2
CP048241.1,611223,658
CP048241.1,611230,1
CP048241.1,612966,873
CP048241.1,612968,1
CP048241.1,613373,208
CP048241.1,613382,869
CP048241.1,613584,1216
CP048241.1,613875,4
CP048241.1,613888,802
CP048241.1,615838,1
CP048241.1,618701,1
CP048241.1,618764,45
CP048241.1,618771,275
CP048241.1,618946,50
CP048241.1,621777,4
CP048241.1,624505,145
CP048241.1,624819,1
CP048241.1,624912,2
CP048241.1,624913,1275
CP048241.1,624914,13
CP048241.1,624915,1
CP048241.1,624956,1765
CP048241.1,624961,1
CP048241.1,624964,128
CP048241.1,624979,1667
CP048241.1,624993,147
CP048241.1,624995,64
CP048241.1,625036,1186
CP048241.1,625057,16
CP048241.1,625117,155
CP048241.1,625212,1
CP048241.1,625363,1
CP048241.1,625375,1
CP048241.1,625380,3
CP048241.1,625387,4398
CP048241.1,625456,1948
CP048241.1,626033,113
CP048241.1,626393,1
CP048241.1,627916,117
CP048241.1,634043,697
CP048241.1,636421,1471
CP048241.1,639088,356
CP048241.1,639095,744
CP048241.1,639271,536
CP048241.1,640063,11
CP048241.1,640335,411
CP048241.1,640339,727
CP048241.1,640432,7
CP048241.1,640476,1
CP048241.1,640848,5
CP048241.1,641313,422
CP048241.1,641317,1553
CP048241.1,641561,315
CP048241.1,641924,1
CP048241.1,643680,574
CP048241.1,644308,93
CP048241.1,647868,1074
CP048241.1,647872,43
CP048241.1,648057,1
CP048241.1,648272,1529
CP048241.1,648296,1
CP048241.1,648443,2125
CP048241.1,653207,359
CP048241.1,653250,1313
CP048241.1,655651,146
CP048241.1,655685,37
CP048241.1,655692,1
CP048241.1,656242,1
CP048241.1,656690,2
CP048241.1,656939,310
CP048241.1,659254,277
CP048241.1,659309,227
CP048241.1,659311,15
CP048241.1,659854,968
CP048241.1,659861,1
CP048241.1,661060,327
CP048241.1,661105,247
CP048241.1,661270,1158
CP048241.1,661482,164
CP048241.1,661783,1698
CP048241.1,662110,1507
CP048241.1,662160,607
CP048241.1,662167,2
CP048241.1,662171,459
CP048241.1,662203,1
CP048241.1,662301,178
CP048241.1,662419,1
CP048241.1,664179,2136
CP048241.1,664337,767
CP048241.1,664340,3
CP048241.1,664451,1034
CP048241.1,664791,21
CP048241.1,664859,1000
CP048241.1,664866,1139
CP048241.1,664987,325
CP048241.1,665182,320
CP048241.1,665210,1102
CP048241.1,665276,3
CP048241.1,665746,1
CP048241.1,667682,9
CP048241.1,667692,272
CP048241.1,668886,1
CP048241.1,670271,299
CP048241.1,670639,202
CP048241.1,670886,181
CP048241.1,671588,500
CP048241.1,671854,1
CP048241.1,671942,170
CP048241.1,672024,1451
CP048241.1,672244,507
CP048241.1,672247,346
CP048241.1,672253,138
CP048241.1,672269,862
CP048241.1,672542,211
CP048241.1,672815,1
CP048241.1,677031,817
CP048241.1,679198,68
CP048241.1,679563,1102
CP048241.1,682314,1
CP048241.1,682460,1
CP048241.1,682580,1
CP048241.1,682638,1
CP048241.1,683754,990
CP048241.1,683835,1306
CP048241.1,683842,160
CP048241.1,683867,16
CP048241.1,683896,872
CP048241.1,683898,934
CP048241.1,684333,1255
CP048241.1,685574,1
CP048241.1,685709,1574
CP048241.1,685836,14
CP048241.1,685927,69
CP048241.1,686001,1000
CP048241.1,686124,401
CP048241.1,686172,530
CP048241.1,686255,165
CP048241.1,686260,3
CP048241.1,686770,130
CP048241.1,689194,1
CP048241.1,689373,1
CP048241.1,689379,2360
CP048241.1,689430,1
CP048241.1,689453,838
CP048241.1,689543,3
CP048241.1,689550,1
CP048241.1,689573,1
CP048241.1,689672,1
CP048241.1,689805,1368
CP048241.1,689935,548
CP048241.1,689942,5
CP048241.1,689968,29
CP048241.1,690023,1
CP048241.1,690188,17
CP048241.1,690616,2
CP048241.1,690714,251
CP048241.1,690815,1
CP048241.1,690821,1659
CP048241.1,690822,743
CP048241.1,691003,2440
CP048241.1,691094,1833
CP048241.1,691458,64
CP048241.1,693370,439
CP048241.1,693529,967
CP048241.1,693594,3
CP048241.1,693765,693
CP048241.1,693772,381
CP048241.1,693829,1
CP048241.1,693839,598
CP048241.1,693902,1
CP048241.1,693909,1
CP048241.1,694009,1
CP048241.1,694249,174
CP048241.1,695305,370
CP048241.1,695450,56
CP048241.1,698155,634
CP048241.1,700699,122
CP048241.1,704715,396
CP048241.1,704869,1
CP048241.1,705071,2098
CP048241.1,705111,1
CP048241.1,705156,162
CP048241.1,705181,19
CP048241.1,710874,1491
CP048241.1,711262,20
CP048241.1,712798,34
CP048241.1,715164,120
CP048241.1,717714,260
CP048241.1,724647,277
CP048241.1,724755,1
CP048241.1,725738,1353
CP048241.1,726406,335
CP048241.1,726557,70
CP048241.1,726588,56
CP048241.1,726665,1
CP048241.1,726669,66
CP048241.1,727231,1442
CP048241.1,727238,397
CP048241.1,728418,1303
CP048241.1,728460,9
CP048241.1,731223,285
CP048241.1,731372,1243
CP048241.1,731374,251
CP048241.1,731582,30
CP048241.1,731652,384
CP048241.1,732162,1522
CP048241.1,732698,1
CP048241.1,733701,1265
CP048241.1,733753,978
CP048241.1,733760,1511
CP048241.1,734536,57
CP048241.1,737728,1
CP048241.1,739509,1856
CP048241.1,745023,33
CP048241.1,745457,447
CP048241.1,745508,991
CP048241.1,745680,18
CP048241.1,746152,2
CP048241.1,746196,1833
CP048241.1,746216,417
CP048241.1,746230,1
CP048241.1,746983,1
CP048241.1,747991,867
CP048241.1,748455,17
CP048241.1,748549,19
CP048241.1,749278,308
CP048241.1,749720,1793
CP048241.1,749845,1301
CP048241.1,751970,58
CP048241.1,752042,2010
CP048241.1,752650,2
CP048241.1,752665,22
CP048241.1,752702,428
CP048241.1,752708,18
CP048241.1,752709,656
CP048241.1,754523,1253
CP048241.1,756983,89
CP048241.1,757053,1404
CP048241.1,757158,1
CP048241.1,758023,1748
CP048241.1,758369,705
CP048241.1,758409,456
CP048241.1,758427,504
CP048241.1,758442,1076
CP048241.1,758509,1896
CP048241.1,758516,958
CP048241.1,758557,1
CP048241.1,758753,509
CP048241.1,761041,45
CP048241.1,762286,2
CP048241.1,762384,33
CP048241.1,764304,1
CP048241.1,764311,58
CP048241.1,764379,8
CP048241.1,764565,15
CP048241.1,764667,1
CP048241.1,764847,3667
CP048241.1,764854,118
CP048241.1,767468,129
CP048241.1,767791,1
CP048241.1,767982,1
CP048241.1,768530,627
CP048241.1,768537,601
CP048241.1,768544,1302
CP048241.1,768724,1
CP048241.1,768858,1
CP048241.1,769130,2142
CP048241.1,769162,627
CP048241.1,774134,1298
CP048241.1,775370,4
CP048241.1,775445,1156
CP048241.1,775486,31
CP048241.1,776090,45
CP048241.1,776325,1587
CP048241.1,779955,467
CP048241.1,779962,448
CP048241.1,782641,1
CP048241.1,783077,49
CP048241.1,783212,543
CP048241.1,783219,1
CP048241.1,783360,1286
CP048241.1,783624,19
CP048241.1,783626,59
CP048241.1,783666,777
CP048241.1,784083,3315
CP048241.1,784251,831
CP048241.1,784836,1
CP048241.1,784888,647
CP048241.1,786737,1
CP048241.1,787125,1149
CP048241.1,787189,33
CP048241.1,788982,1
CP048241.1,789441,1022
CP048241.1,789966,17
CP048241.1,790297,1
CP048241.1,790453,1
CP048241.1,790560,1558
CP048241.1,790569,4
CP048241.1,790618,318
CP048241.1,790743,1
CP048241.1,790845,194
CP048241.1,790852,1
CP048241.1,792064,922
CP048241.1,792491,1
CP048241.1,792537,1
CP048241.1,792647,845
CP048241.1,792697,304
CP048241.1,792883,79
CP048241.1,793109,1
CP048241.1,793123,934
CP048241.1,793690,1474
CP048241.1,793697,1492
CP048241.1,793700,994
CP048241.1,793772,38
CP048241.1,793775,82
CP048241.1,794005,33
CP048241.1,794012,5
CP048241.1,794287,1
CP048241.1,794416,2
CP048241.1,794417,1160
CP048241.1,794418,7
CP048241.1,794434,1788
CP048241.1,794517,1
CP048241.1,794524,1
CP048241.1,794583,1109
CP048241.1,794585,639
CP048241.1,794592,654
CP048241.1,794594,1067
CP048241.1,794635,1
CP048241.1,794931,1
CP048241.1,797279,535
CP048241.1,798444,201
CP048241.1,798583,45
CP048241.1,798860,116
CP048241.1,798897,1227
CP048241.1,799295,14
CP048241.1,799602,1
CP048241.1,799789,590
CP048241.1,799818,1
CP048241.1,799840,266
CP048241.1,799872,2126
CP048241.1,802654,513
CP048241.1,804624,675
CP048241.1,810015,1
CP048241.1,811847,426
CP048241.1,815558,1
CP048241.1,815572,375
CP048241.1,815579,301
CP048241.1,815719,172
CP048241.1,815742,974
CP048241.1,816475,14
CP048241.1,817224,2122
CP048241.1,819007,445
CP048241.1,819112,626
CP048241.1,819147,789
CP048241.1,823860,679
CP048241.1,824662,1
CP048241.1,824665,1187
CP048241.1,824669,14
CP048241.1,824694,263
CP048241.1,826439,39
CP048241.1,826491,1
CP048241.1,826586,1623
CP048241.1,826728,1
CP048241.1,827366,885
CP048241.1,831269,1
CP048241.1,832351,862
CP048241.1,834719,632
CP048241.1,834734,452
CP048241.1,834741,131
CP048241.1,834805,125
CP048241.1,835020,855
CP048241.1,835027,59
CP048241.1,838220,1150
CP048241.1,838245,82
CP048241.1,838399,1412
CP048241.1,838538,3
CP048241.1,838853,2377
CP048241.1,838901,222
CP048241.1,838922,2809
CP048241.1,838968,9
CP048241.1,838972,510
CP048241.1,841291,1762
CP048241.1,841297,1176
CP048241.1,841298,1128
CP048241.1,841304,760
CP048241.1,843850,1664
CP048241.1,845955,29
CP048241.1,846055,1
CP048241.1,846062,10
CP048241.1,846220,29
CP048241.1,848901,1330
CP048241.1,848933,1
CP048241.1,848934,857
CP048241.1,848939,1
CP048241.1,849028,1
CP048241.1,849046,459
CP048241.1,849053,760
CP048241.1,849072,1
CP048241.1,851053,1
CP048241.1,851437,1742
CP048241.1,851476,68
CP048241.1,851852,1171
CP048241.1,852064,1664
CP048241.1,852116,1
CP048241.1,852538,387
CP048241.1,853132,1099
CP048241.1,853264,1
CP048241.1,853441,648
CP048241.1,853584,325
CP048241.1,853762,229
CP048241.1,853930,194
CP048241.1,854031,5247
CP048241.1,854038,842
CP048241.1,854756,283
CP048241.1,854830,362
CP048241.1,854927,1619
CP048241.1,854944,629
CP048241.1,857223,878
CP048241.1,857509,124
CP048241.1,857645,6
CP048241.1,859294,1964
CP048241.1,859316,1
CP048241.1,860480,1215
CP048241.1,860784,307
CP048241.1,864699,1
CP048241.1,864835,1197
CP048241.1,865033,1513
CP048241.1,865373,2280
CP048241.1,865487,52
CP048241.1,866321,1
CP048241.1,866328,60
CP048241.1,866465,4721
CP048241.1,866552,2
CP048241.1,866706,1
CP048241.1,866711,1
CP048241.1,867439,320
CP048241.1,870397,704
CP048241.1,870398,4
CP048241.1,874856,337
CP048241.1,875636,1017
CP048241.1,875643,77
CP048241.1,875748,12
CP048241.1,878650,41
CP048241.1,878706,507
CP048241.1,879243,1408
CP048241.1,882837,2
CP048241.1,883129,30
CP048241.1,883217,1
CP048241.1,883311,561
CP048241.1,883349,23
CP048241.1,883441,428
CP048241.1,883966,1115
CP048241.1,884883,5
CP048241.1,885298,1008
CP048241.1,885300,920
CP048241.1,885302,742
CP048241.1,885315,605
CP048241.1,885326,1666
CP048241.1,887977,2
CP048241.1,889443,1
CP048241.1,889935,147
CP048241.1,889999,487
CP048241.1,890006,1
CP048241.1,890399,1235
CP048241.1,892018,280
CP048241.1,892400,357
CP048241.1,893470,136
CP048241.1,893586,344
CP048241.1,893710,977
CP048241.1,893805,1
CP048241.1,893847,1
CP048241.1,893985,2
CP048241.1,894081,2101
CP048241.1,894239,914
CP048241.1,894246,1
CP048241.1,894252,1624
CP048241.1,894265,260
CP048241.1,896626,109
CP048241.1,898094,1
CP048241.1,898463,1
CP048241.1,898815,396
CP048241.1,899845,1
CP048241.1,899908,1327
CP048241.1,899915,4
CP048241.1,899922,461
CP048241.1,900043,1413
CP048241.1,900076,1633
CP048241.1,900121,103
CP048241.1,900138,1779
CP048241.1,900147,8
CP048241.1,900302,885
CP048241.1,900309,1260
CP048241.1,900534,1565
CP048241.1,901309,36
CP048241.1,901360,1
CP048241.1,901371,3
CP048241.1,901471,123
CP048241.1,902471,29
CP048241.1,903577,698
CP048241.1,903938,1
CP048241.1,905258,1419
CP048241.1,905781,16
CP048241.1,907264,400
CP048241.1,908650,41
CP048241.1,908696,2018
CP048241.1,908703,1384
CP048241.1,908809,1
CP048241.1,910224,1766
CP048241.1,910231,206
CP048241.1,910277,1
CP048241.1,910281,592
CP048241.1,910391,1
CP048241.1,910397,790
CP048241.1,910411,1283
CP048241.1,910413,2
CP048241.1,910420,1665
CP048241.1,910422,47
CP048241.1,910436,1
CP048241.1,910441,96
CP048241.1,910720,582
CP048241.1,910725,247
CP048241.1,910738,2
CP048241.1,910740,1
CP048241.1,910742,218
CP048241.1,910743,12
CP048241.1,910749,1918
CP048241.1,911491,145
CP048241.1,911523,90
CP048241.1,911540,1
CP048241.1,911547,676
CP048241.1,911614,1334
CP048241.1,911733,293
CP048241.1,911753,2369
CP048241.1,911840,19
CP048241.1,911918,306
CP048241.1,912176,1734
CP048241.1,912998,824
CP048241.1,913535,202
CP048241.1,914887,4
CP048241.1,914965,1
CP048241.1,914987,804
CP048241.1,915748,800
CP048241.1,917973,7
CP048241.1,918415,609
CP048241.1,919326,375
CP048241.1,919361,398
CP048241.1,919401,302
CP048241.1,919507,646
CP048241.1,919509,2223
CP048241.1,919657,1
CP048241.1,919714,261
CP048241.1,919730,1843
CP048241.1,919737,1025
CP048241.1,919761,1934
CP048241.1,919798,2056
CP048241.1,919911,15
CP048241.1,919952,1
CP048241.1,919986,2328
CP048241.1,919993,2891
CP048241.1,920013,1902
CP048241.1,920191,82
CP048241.1,920228,9
CP048241.1,922768,120
CP048241.1,923128,1782
CP048241.1,923135,744
CP048241.1,923162,1
CP048241.1,923175,239
CP048241.1,923181,1219
CP048241.1,923236,2204
CP048241.1,923279,140
CP048241.1,923411,1545
CP048241.1,923426,722
CP048241.1,923479,922
CP048241.1,923583,1292
CP048241.1,924421,1
CP048241.1,924768,1
CP048241.1,925432,46
CP048241.1,927093,180
CP048241.1,927164,1
CP048241.1,927246,590
CP048241.1,927261,211
CP048241.1,927292,1160
CP048241.1,927340,192
CP048241.1,927387,287
CP048241.1,927408,3556
CP048241.1,927416,2
CP048241.1,927417,2244
CP048241.1,927441,3987
CP048241.1,927448,2401
CP048241.1,927449,3034
CP048241.1,927456,34
CP048241.1,927498,16
CP048241.1,927505,1058
CP048241.1,927564,13
CP048241.1,927572,3243
CP048241.1,927577,1
CP048241.1,927579,1772
CP048241.1,927636,88
CP048241.1,927638,1756
CP048241.1,927640,1234
CP048241.1,927645,4138
CP048241.1,927647,2757
CP048241.1,927727,1028
CP048241.1,927733,195
CP048241.1,928108,472
CP048241.1,928274,65
CP048241.1,928371,448
CP048241.1,928457,1
CP048241.1,928613,1
CP048241.1,931209,1
CP048241.1,931393,973
CP048241.1,931397,120
CP048241.1,931744,27
CP048241.1,932198,282
CP048241.1,932519,1100
CP048241.1,932754,1
CP048241.1,933296,22
CP048241.1,934321,38
CP048241.1,934792,1680
CP048241.1,935692,74
CP048241.1,936367,1022
CP048241.1,936494,795
CP048241.1,937445,126
CP048241.1,940221,1274
CP048241.1,940293,348
CP048241.1,940414,205
CP048241.1,940432,2185
CP048241.1,940540,39
CP048241.1,940622,1087
CP048241.1,941787,1
CP048241.1,942714,198
CP048241.1,942746,1
CP048241.1,942759,893
CP048241.1,942898,2
CP048241.1,942922,1521
CP048241.1,942937,657
CP048241.1,942966,1
CP048241.1,942973,21
CP048241.1,943010,109
CP048241.1,943082,1905
CP048241.1,945301,1
CP048241.1,949249,1328
CP048241.1,949559,336
CP048241.1,949634,352
CP048241.1,949641,1
CP048241.1,949952,707
CP048241.1,950001,840
CP048241.1,950117,1
CP048241.1,950289,1
CP048241.1,950335,417
CP048241.1,950832,99
CP048241.1,950839,1
CP048241.1,950906,169
CP048241.1,950972,1892
CP048241.1,951085,15
CP048241.1,951149,41
CP048241.1,951164,1554
CP048241.1,951165,1
CP048241.1,951299,24
CP048241.1,951352,1
CP048241.1,954195,160
CP048241.1,957714,699
CP048241.1,958101,6
CP048241.1,961052,29
CP048241.1,969334,714
CP048241.1,970800,2
CP048241.1,975064,757
CP048241.1,975240,1670
CP048241.1,975298,30
CP048241.1,975436,1
CP048241.1,975465,106
CP048241.1,978234,1332
CP048241.1,978806,583
CP048241.1,980182,280
CP048241.1,980556,1
CP048241.1,981582,1571
CP048241.1,982445,79
CP048241.1,982658,624
CP048241.1,982775,10
CP048241.1,982877,317
CP048241.1,983617,103
CP048241.1,983753,1
CP048241.1,983957,1
CP048241.1,983963,638
CP048241.1,983982,117
CP048241.1,984076,143
CP048241.1,984103,1329
CP048241.1,984123,2032
CP048241.1,984189,208
CP048241.1,984250,4
CP048241.1,985019,2253
CP048241.1,985026,1342
CP048241.1,985170,244
CP048241.1,985182,177
CP048241.1,985262,837
CP048241.1,985346,1494
CP048241.1,985380,1
CP048241.1,985542,1553
CP048241.1,985806,342
CP048241.1,985813,301
CP048241.1,985895,76
CP048241.1,985902,643
CP048241.1,985927,381
CP048241.1,986038,124
CP048241.1,986436,1
CP048241.1,986691,1
CP048241.1,987197,3
CP048241.1,987751,1
CP048241.1,989180,1068
CP048241.1,991334,2637
CP048241.1,991902,13
CP048241.1,991922,1207
CP048241.1,991929,871
CP048241.1,991975,1326
CP048241.1,991986,48
CP048241.1,992980,240
CP048241.1,995985,1
CP048241.1,999244,25
CP048241.1,999825,12
CP048241.1,1000191,1
CP048241.1,1000247,1829
CP048241.1,1000248,1
CP048241.1,1000309,1721
CP048241.1,1000317,479
CP048241.1,1000501,1
CP048241.1,1003532,8
CP048241.1,1003533,13
CP048241.1,1005065,206
CP048241.1,1005138,1
CP048241.1,1005140,16
CP048241.1,1005145,957
CP048241.1,1005147,1308
CP048241.1,1005290,192
CP048241.1,1005336,1606
CP048241.1,1008274,1276
CP048241.1,1008281,970
CP048241.1,1008379,105
CP048241.1,1008956,1284
CP048241.1,1009140,1
CP048241.1,1013319,6
CP048241.1,1015547,23
CP048241.1,1018123,1800
CP048241.1,1018192,62
CP048241.1,1018467,83
CP048241.1,1020997,894
CP048241.1,1021024,5
CP048241.1,1021030,9736
CP048241.1,1021116,1003
CP048241.1,1021728,1
CP048241.1,1021767,1
CP048241.1,1021823,907
CP048241.1,1021886,5583
CP048241.1,1021903,1
CP048241.1,1022195,1
CP048241.1,1022263,1
CP048241.1,1022296,58
CP048241.1,1022300,1
CP048241.1,1022310,605
CP048241.1,1022316,489
CP048241.1,1022319,323
CP048241.1,1022345,11
CP048241.1,1022515,1
CP048241.1,1022524,725
CP048241.1,1022531,1719
CP048241.1,1024765,293
CP048241.1,1027888,3102
CP048241.1,1028224,1387
CP048241.1,1028382,182
CP048241.1,1031412,455
CP048241.1,1031556,934
CP048241.1,1031574,1093
CP048241.1,1031581,54
CP048241.1,1031600,1
CP048241.1,1031605,129
CP048241.1,1031606,25
CP048241.1,1031612,78
CP048241.1,1031662,546
CP048241.1,1031791,1
CP048241.1,1032301,243
CP048241.1,1032530,899
CP048241.1,1032548,1
CP048241.1,1032617,969
CP048241.1,1032928,2521
CP048241.1,1037171,1317
CP048241.1,1037268,563
CP048241.1,1037338,1166
CP048241.1,1037359,1128
CP048241.1,1037366,59
CP048241.1,1037403,215
CP048241.1,1038257,1
CP048241.1,1038758,2782
CP048241.1,1039120,1420
CP048241.1,1040908,2578
CP048241.1,1042495,716
CP048241.1,1043284,11
CP048241.1,1043619,98
CP048241.1,1048006,1
CP048241.1,1048449,63
CP048241.1,1048641,1
CP048241.1,1049931,672
CP048241.1,1052306,53
CP048241.1,1052897,122
CP048241.1,1053010,299
CP048241.1,1055826,1836
CP048241.1,1055833,960
CP048241.1,1056641,1633
CP048241.1,1057827,17
CP048241.1,1059811,1
CP048241.1,1060113,327
CP048241.1,1063371,215
CP048241.1,1063495,608
CP048241.1,1063503,1011
CP048241.1,1063523,33
CP048241.1,1063525,994
CP048241.1,1063534,1
CP048241.1,1063603,226
CP048241.1,1063640,1187
CP048241.1,1066068,536
CP048241.1,1066075,25
CP048241.1,1066252,280
CP048241.1,1066259,2
CP048241.1,1066322,793
CP048241.1,1066324,1
CP048241.1,1067278,14
CP048241.1,1067739,1
CP048241.1,1069450,13
CP048241.1,1069615,213
CP048241.1,1074731,1185
CP048241.1,1077439,38
CP048241.1,1077489,1
CP048241.1,1077496,1085
CP048241.1,1078776,657
CP048241.1,1079078,35
CP048241.1,1079150,27
CP048241.1,1079208,82
CP048241.1,1079762,1660
CP048241.1,1081310,639
CP048241.1,1082878,1561
CP048241.1,1082966,394
CP048241.1,1083038,896
CP048241.1,1083045,1
CP048241.1,1083051,364
CP048241.1,1083119,848
CP048241.1,1083165,1632
CP048241.1,1083683,2512
CP048241.1,1085531,3
CP048241.1,1087514,2164
CP048241.1,1087605,1
CP048241.1,1087616,110
CP048241.1,1087679,1
CP048241.1,1087711,1968
CP048241.1,1087713,5
CP048241.1,1087716,1
CP048241.1,1087720,1
CP048241.1,1088580,1
CP048241.1,1089166,1843
CP048241.1,1089986,1
CP048241.1,1091380,183
CP048241.1,1095782,33
CP048241.1,1096916,3
CP048241.1,1097389,878
CP048241.1,1098391,558
CP048241.1,1102707,1
CP048241.1,1102885,1
CP048241.1,1102897,143
CP048241.1,1103116,1206
CP048241.1,1103188,193
CP048241.1,1103206,650
CP048241.1,1103214,294
CP048241.1,1103260,1165
CP048241.1,1103356,14
CP048241.1,1103403,1016
CP048241.1,1103689,386
CP048241.1,1104080,30
CP048241.1,1104555,159
CP048241.1,1105867,468
CP048241.1,1106655,233
CP048241.1,1106680,1984
CP048241.1,1106687,968
CP048241.1,1106743,179
CP048241.1,1106784,3
CP048241.1,1106856,67
CP048241.1,1107037,1149
CP048241.1,1107353,221
CP048241.1,1108042,843
CP048241.1,1108524,1
CP048241.1,1114361,1
CP048241.1,1114368,1069
CP048241.1,1114706,1481
CP048241.1,1116132,1039
CP048241.1,1116594,1
CP048241.1,1118479,39
CP048241.1,1119280,19
CP048241.1,1120526,396
CP048241.1,1127378,675
CP048241.1,1127385,406
CP048241.1,1129201,758
CP048241.1,1132064,46
CP048241.1,1132381,23
CP048241.1,1135490,1
CP048241.1,1135560,1
CP048241.1,1137695,709
CP048241.1,1137702,10
CP048241.1,1140053,277
CP048241.1,1143151,1416
CP048241.1,1144044,28
CP048241.1,1144144,1075
CP048241.1,1146109,371
CP048241.1,1150324,821
CP048241.1,1150333,4
CP048241.1,1150354,1
CP048241.1,1150517,1
CP048241.1,1150769,1
CP048241.1,1151047,1198
CP048241.1,1153831,1414
CP048241.1,1154014,48
CP048241.1,1154924,1799
CP048241.1,1157009,706
CP048241.1,1157436,810
CP048241.1,1158379,1329
CP048241.1,1158860,1421
CP048241.1,1159038,1064
CP048241.1,1159052,203
CP048241.1,1159141,101
CP048241.1,1159203,174
CP048241.1,1159704,12
CP048241.1,1159955,634
CP048241.1,1160049,1
CP048241.1,1160170,2865
CP048241.1,1160265,1165
CP048241.1,1161478,518
CP048241.1,1161560,1
CP048241.1,1161781,1
CP048241.1,1161788,847
CP048241.1,1161804,1
CP048241.1,1161960,524
CP048241.1,1161964,1
CP048241.1,1162124,1
CP048241.1,1162209,58
CP048241.1,1162213,1
CP048241.1,1162682,1
CP048241.1,1162812,983
CP048241.1,1162982,1543
CP048241.1,1163105,1
CP048241.1,1163393,161
CP048241.1,1163564,572
CP048241.1,1163566,1315
CP048241.1,1165696,116
CP048241.1,1166112,1
CP048241.1,1166144,1
CP048241.1,1167019,265
CP048241.1,1167783,8
CP048241.1,1168373,1
CP048241.1,1170488,215
CP048241.1,1170795,1
CP048241.1,1170949,83
CP048241.1,1170972,205
CP048241.1,1171074,271
CP048241.1,1171480,101
CP048241.1,1171520,448
CP048241.1,1171634,26
CP048241.1,1171639,1
CP048241.1,1171703,1
CP048241.1,1171727,192
CP048241.1,1171782,1363
CP048241.1,1171837,336
CP048241.1,1171882,70
CP048241.1,1171921,158
CP048241.1,1172181,1
CP048241.1,1173313,784
CP048241.1,1173367,133
CP048241.1,1173374,728
CP048241.1,1173521,750
CP048241.1,1173528,358
CP048241.1,1176717,497
CP048241.1,1176782,710
CP048241.1,1177281,13
CP048241.1,1177322,43
CP048241.1,1177754,451
CP048241.1,1177778,24
CP048241.1,1177851,482
CP048241.1,1177865,789
CP048241.1,1177959,324
CP048241.1,1178096,384
CP048241.1,1178113,89
CP048241.1,1178181,1
CP048241.1,1178217,610
CP048241.1,1178247,249
CP048241.1,1178337,2302
CP048241.1,1178378,661
CP048241.1,1180104,2046
CP048241.1,1183684,103
CP048241.1,1183831,1014
CP048241.1,1183930,14
CP048241.1,1183945,61
CP048241.1,1183992,299
CP048241.1,1184067,265
CP048241.1,1184075,2633
CP048241.1,1184219,6
CP048241.1,1184224,201
CP048241.1,1184246,1125
CP048241.1,1184298,95
CP048241.1,1184411,1327
CP048241.1,1184489,984
CP048241.1,1190066,30
CP048241.1,1193400,12
CP048241.1,1193734,1
CP048241.1,1193888,1038
CP048241.1,1193922,206
CP048241.1,1193967,599
CP048241.1,1194106,241
CP048241.1,1194385,218
CP048241.1,1194429,1
CP048241.1,1194432,1156
CP048241.1,1194562,865
CP048241.1,1194579,1
CP048241.1,1194720,511
CP048241.1,1194762,1
CP048241.1,1194784,1809
CP048241.1,1194900,383
CP048241.1,1195215,30
CP048241.1,1195257,7
CP048241.1,1195412,39
CP048241.1,1195433,1
CP048241.1,1195605,416
CP048241.1,1196986,71
CP048241.1,1197465,11
CP048241.1,1197618,1172
CP048241.1,1197626,709
CP048241.1,1197633,3
CP048241.1,1197644,972
CP048241.1,1199918,1557
CP048241.1,1202576,1
CP048241.1,1202617,1370
CP048241.1,1202628,1348
CP048241.1,1202633,517
CP048241.1,1202728,1321
CP048241.1,1202790,29
CP048241.1,1202797,23
CP048241.1,1203069,1
CP048241.1,1203217,14
CP048241.1,1203224,1
CP048241.1,1203305,1
CP048241.1,1204522,12
CP048241.1,1205764,12
CP048241.1,1205859,1388
CP048241.1,1205889,1
CP048241.1,1205901,1842
CP048241.1,1205903,331
CP048241.1,1205908,476
CP048241.1,1205910,11
CP048241.1,1205919,1127
CP048241.1,1205974,1436
CP048241.1,1206011,450
CP048241.1,1210648,178
CP048241.1,1217033,1659
CP048241.1,1219788,296
CP048241.1,1220118,543
CP048241.1,1222295,1180
CP048241.1,1222319,1
CP048241.1,1223048,1279
CP048241.1,1224960,1734
CP048241.1,1226430,342
CP048241.1,1228211,1
CP048241.1,1228260,98
CP048241.1,1230740,1108
CP048241.1,1230881,868
CP048241.1,1230920,1
CP048241.1,1230982,1187
CP048241.1,1230989,4829
CP048241.1,1230991,142
CP048241.1,1231000,1
CP048241.1,1231029,263
CP048241.1,1231062,1
CP048241.1,1231159,2064
CP048241.1,1231307,2
CP048241.1,1231590,202
CP048241.1,1231931,1
CP048241.1,1231968,414
CP048241.1,1233012,1252
CP048241.1,1235500,163
CP048241.1,1235505,396
CP048241.1,1235558,1
CP048241.1,1235575,9
CP048241.1,1235689,1
CP048241.1,1236061,1
CP048241.1,1237691,1576
CP048241.1,1238357,1870
CP048241.1,1238412,62
CP048241.1,1238550,1
CP048241.1,1241160,242
CP048241.1,1242076,2
CP048241.1,1242260,349
CP048241.1,1242590,29
CP048241.1,1242850,757
CP048241.1,1242986,13
CP048241.1,1243073,583
CP048241.1,1243119,1
CP048241.1,1243221,1
CP048241.1,1243223,1724
CP048241.1,1243445,301
CP048241.1,1243460,81
CP048241.1,1243537,1061
CP048241.1,1243553,777
CP048241.1,1243568,2477
CP048241.1,1243586,2985
CP048241.1,1243593,1801
CP048241.1,1243632,2541
CP048241.1,1243639,1277
CP048241.1,1243657,3928
CP048241.1,1243796,4
CP048241.1,1244077,176
CP048241.1,1244078,1
CP048241.1,1244175,1113
CP048241.1,1244408,17
CP048241.1,1244415,2185
CP048241.1,1244424,1
CP048241.1,1244559,714
CP048241.1,1244574,3
CP048241.1,1244581,1
CP048241.1,1244753,581
CP048241.1,1244829,1181
CP048241.1,1245260,2450
CP048241.1,1245828,910
CP048241.1,1245844,463
CP048241.1,1246297,950
CP048241.1,1246343,2
CP048241.1,1246470,753
CP048241.1,1246547,899
CP048241.1,1246598,1383
CP048241.1,1246660,909
CP048241.1,1246663,222
CP048241.1,1246667,2485
CP048241.1,1246864,1
CP048241.1,1246896,1798
CP048241.1,1249516,10
CP048241.1,1249529,218
CP048241.1,1250911,383
CP048241.1,1252288,8
CP048241.1,1252295,48
CP048241.1,1252330,2068
CP048241.1,1252564,39
CP048241.1,1252568,48
CP048241.1,1252723,1001
CP048241.1,1252742,38
CP048241.1,1253086,120
CP048241.1,1253093,1891
CP048241.1,1253095,2568
CP048241.1,1253139,2022
CP048241.1,1253210,121
CP048241.1,1253358,1112
CP048241.1,1253365,703
CP048241.1,1253428,111
CP048241.1,1253449,1
CP048241.1,1253500,1
CP048241.1,1253506,1
CP048241.1,1253508,2135
CP048241.1,1253513,486
CP048241.1,1253523,1809
CP048241.1,1253534,1441
CP048241.1,1253544,2973
CP048241.1,1253551,1508
CP048241.1,1253633,972
CP048241.1,1253638,997
CP048241.1,1253640,170
CP048241.1,1253692,1397
CP048241.1,1253741,2212
CP048241.1,1253747,2057
CP048241.1,1253804,1294
CP048241.1,1254023,1122
CP048241.1,1254030,5288
CP048241.1,1254054,1
CP048241.1,1254063,1
CP048241.1,1254070,76
CP048241.1,1254137,1
CP048241.1,1254143,3246
CP048241.1,1254150,127
CP048241.1,1254304,2856
CP048241.1,1254772,955
CP048241.1,1255152,219
CP048241.1,1256470,1114
CP048241.1,1259470,45
CP048241.1,1259849,1
CP048241.1,1260271,392
CP048241.1,1260291,1
CP048241.1,1260634,835
CP048241.1,1260650,30
CP048241.1,1260725,2015
CP048241.1,1260732,129
CP048241.1,1260764,1868
CP048241.1,1260771,22
CP048241.1,1260788,1
CP048241.1,1260886,68
CP048241.1,1260907,632
CP048241.1,1260916,3
CP048241.1,1260918,406
CP048241.1,1260919,1
CP048241.1,1260921,30
CP048241.1,1260923,2320
CP048241.1,1260925,2198
CP048241.1,1260927,3
CP048241.1,1261059,1
CP048241.1,1261066,1835
CP048241.1,1261129,1641
CP048241.1,1261174,1
CP048241.1,1261183,2152
CP048241.1,1261264,1
CP048241.1,1261286,1228
CP048241.1,1264403,97
CP048241.1,1268425,1476
CP048241.1,1269579,345
CP048241.1,1271697,92
CP048241.1,1273641,8
CP048241.1,1273646,1
CP048241.1,1273655,1769
CP048241.1,1273660,75
CP048241.1,1273679,1559
CP048241.1,1273726,7086
CP048241.1,1273730,3
CP048241.1,1273733,1315
CP048241.1,1273817,1
CP048241.1,1273924,2
CP048241.1,1273944,2579
CP048241.1,1273951,2644
CP048241.1,1274085,109
CP048241.1,1274092,1056
CP048241.1,1274379,711
CP048241.1,1275088,6
CP048241.1,1275090,1
CP048241.1,1275096,1616
CP048241.1,1275143,1
CP048241.1,1275209,764
CP048241.1,1275320,1018
CP048241.1,1278236,31
CP048241.1,1282567,1671
CP048241.1,1282587,2
CP048241.1,1286269,2396
CP048241.1,1286276,132
CP048241.1,1286282,6
CP048241.1,1286287,255
CP048241.1,1286320,1
CP048241.1,1286365,1
CP048241.1,1286372,788
CP048241.1,1286408,1
CP048241.1,1286579,1516
CP048241.1,1286582,415
CP048241.1,1286597,19
CP048241.1,1286663,1259
CP048241.1,1286687,1
CP048241.1,1286688,1
CP048241.1,1286703,126
CP048241.1,1286705,1102
CP048241.1,1286712,794
CP048241.1,1286732,1897
CP048241.1,1286867,1
CP048241.1,1286950,453
CP048241.1,1286962,547
CP048241.1,1286971,2204
CP048241.1,1287013,146
CP048241.1,1287043,2521
CP048241.1,1287050,773
CP048241.1,1287063,305
CP048241.1,1287091,22
CP048241.1,1287340,7
CP048241.1,1288029,120
CP048241.1,1291479,34
CP048241.1,1292354,90
CP048241.1,1292490,287
CP048241.1,1296726,1
CP048241.1,1297219,1
CP048241.1,1298483,1087
CP048241.1,1300776,133
CP048241.1,1302454,3
CP048241.1,1302473,1
CP048241.1,1306844,1257
CP048241.1,1307920,1
CP048241.1,1307956,1
CP048241.1,1307975,166
CP048241.1,1307990,8
CP048241.1,1307997,1
CP048241.1,1308070,67
CP048241.1,1308075,1540
CP048241.1,1308077,1608
CP048241.1,1308339,932
CP048241.1,1308396,1
CP048241.1,1308427,1
CP048241.1,1308434,957
CP048241.1,1310604,2
CP048241.1,1311254,1374
CP048241.1,1311267,1
CP048241.1,1312022,200
CP048241.1,1312515,1260
CP048241.1,1312522,4
CP048241.1,1312564,407
CP048241.1,1312913,1100
CP048241.1,1314354,1
CP048241.1,1314390,160
CP048241.1,1315176,1749
CP048241.1,1315896,1
CP048241.1,1317884,519
CP048241.1,1317891,1
CP048241.1,1318166,145
CP048241.1,1320378,264
CP048241.1,1321348,2
CP048241.1,1321516,694
CP048241.1,1321523,1273
CP048241.1,1321581,169
CP048241.1,1321603,2935
CP048241.1,1321610,29
CP048241.1,1321667,847
CP048241.1,1321720,735
CP048241.1,1321748,9
CP048241.1,1321755,343
CP048241.1,1321772,2022
CP048241.1,1322407,380
CP048241.1,1322494,2
CP048241.1,1322498,153
CP048241.1,1322502,1944
CP048241.1,1322508,1
CP048241.1,1322526,1199
CP048241.1,1322566,713
CP048241.1,1322568,11
CP048241.1,1322711,679
CP048241.1,1322785,914
CP048241.1,1322792,1
CP048241.1,1322934,2323
CP048241.1,1323043,1
CP048241.1,1323189,9
CP048241.1,1323196,428
CP048241.1,1323198,1995
CP048241.1,1323286,898
CP048241.1,1323304,505
CP048241.1,1323465,1070
CP048241.1,1323467,90
CP048241.1,1323481,233
CP048241.1,1323488,283
CP048241.1,1323496,599
CP048241.1,1323580,752
CP048241.1,1323788,22
CP048241.1,1324278,670
CP048241.1,1324604,131
CP048241.1,1325384,1071
CP048241.1,1325427,1221
CP048241.1,1325718,632
CP048241.1,1326251,1
CP048241.1,1331222,2180
CP048241.1,1331732,761
CP048241.1,1331743,170
CP048241.1,1331798,243
CP048241.1,1331805,513
CP048241.1,1332017,1156
CP048241.1,1332094,430
CP048241.1,1332130,2600
CP048241.1,1333015,16
CP048241.1,1333074,707
CP048241.1,1333474,1
CP048241.1,1336109,99
CP048241.1,1336116,1226
CP048241.1,1336399,7
CP048241.1,1336520,6558
CP048241.1,1336527,630
CP048241.1,1336560,962
CP048241.1,1341266,14
CP048241.1,1341356,961
CP048241.1,1341558,129
CP048241.1,1341646,2482
CP048241.1,1342183,1044
CP048241.1,1342599,5
CP048241.1,1343063,1
CP048241.1,1343078,1612
CP048241.1,1343096,425
CP048241.1,1344211,80
CP048241.1,1344668,101
CP048241.1,1345043,139
CP048241.1,1345133,587
CP048241.1,1345189,1347
CP048241.1,1345192,431
CP048241.1,1345212,936
CP048241.1,1345239,117
CP048241.1,1345281,340
CP048241.1,1346562,1197
CP048241.1,1347578,413
CP048241.1,1348967,775
CP048241.1,1348997,345
CP048241.1,1349009,73
CP048241.1,1349020,9
CP048241.1,1349039,2468
CP048241.1,1349046,889
CP048241.1,1349104,1
CP048241.1,1349138,711
CP048241.1,1349147,1
CP048241.1,1349169,2
CP048241.1,1349176,919
CP048241.1,1349218,143
CP048241.1,1349226,893
CP048241.1,1349238,243
CP048241.1,1349318,1
CP048241.1,1349355,3665
CP048241.1,1349362,606
CP048241.1,1349368,110
CP048241.1,1349467,90
CP048241.1,1349555,137
CP048241.1,1349615,1151
CP048241.1,1349691,879
CP048241.1,1349719,1235
CP048241.1,1349726,1
CP048241.1,1349792,4615
CP048241.1,1349799,6213
CP048241.1,1349832,641
CP048241.1,1349837,263
CP048241.1,1349844,1124
CP048241.1,1349863,138
CP048241.1,1349865,3
CP048241.1,1349872,686
CP048241.1,1349910,147
CP048241.1,1349956,1
CP048241.1,1349969,910
CP048241.1,1349971,1
CP048241.1,1350007,2172
CP048241.1,1350058,1
CP048241.1,1350062,778
CP048241.1,1350063,1
CP048241.1,1350065,96
CP048241.1,1350066,259
CP048241.1,1350068,1476
CP048241.1,1350090,5812
CP048241.1,1350097,342
CP048241.1,1350117,320
CP048241.1,1350124,33
CP048241.1,1350155,678
CP048241.1,1350177,440
CP048241.1,1350179,1
CP048241.1,1350184,136
CP048241.1,1350186,1
CP048241.1,1350190,60
CP048241.1,1350193,903
CP048241.1,1350194,1
CP048241.1,1350227,995
CP048241.1,1350282,1
CP048241.1,1350299,605
CP048241.1,1350313,1449
CP048241.1,1350387,22
CP048241.1,1350410,247
CP048241.1,1350436,588
CP048241.1,1350743,79
CP048241.1,1350764,249
CP048241.1,1351024,79
CP048241.1,1351025,1176
CP048241.1,1351027,163
CP048241.1,1351073,2191
CP048241.1,1351077,9
CP048241.1,1351085,381
CP048241.1,1351150,72
CP048241.1,1351248,96
CP048241.1,1351255,816
CP048241.1,1351266,567
CP048241.1,1351448,898
CP048241.1,1351455,1261
CP048241.1,1351457,59
CP048241.1,1351461,843
CP048241.1,1351793,17
CP048241.1,1352459,1219
CP048241.1,1354668,1162
CP048241.1,1354701,1094
CP048241.1,1354764,1289
CP048241.1,1354793,558
CP048241.1,1356211,2199
CP048241.1,1356277,66
CP048241.1,1356812,111
CP048241.1,1356965,904
CP048241.1,1356972,97
CP048241.1,1356981,1062
CP048241.1,1356987,81
CP048241.1,1357288,1
CP048241.1,1357309,1
CP048241.1,1357376,967
CP048241.1,1357399,485
CP048241.1,1357400,5
CP048241.1,1357407,728
CP048241.1,1357421,7
CP048241.1,1357592,576
CP048241.1,1357599,1
CP048241.1,1357603,1
CP048241.1,1358010,163
CP048241.1,1358052,1093
CP048241.1,1358054,18
CP048241.1,1358061,65
CP048241.1,1358192,921
CP048241.1,1358202,1513
CP048241.1,1358209,607
CP048241.1,1358214,6483
CP048241.1,1358220,521
CP048241.1,1358221,4693
CP048241.1,1358233,4
CP048241.1,1358298,636
CP048241.1,1358316,8
CP048241.1,1358319,504
CP048241.1,1358323,1504
CP048241.1,1358327,110
CP048241.1,1358338,29
CP048241.1,1358461,373
CP048241.1,1358708,1266
CP048241.1,1358952,512
CP048241.1,1358975,972
CP048241.1,1358982,541
CP048241.1,1358984,205
CP048241.1,1358998,4412
CP048241.1,1359005,960
CP048241.1,1359007,216
CP048241.1,1359029,1408
CP048241.1,1359036,63
CP048241.1,1359049,437
CP048241.1,1359052,20
CP048241.1,1359129,1
CP048241.1,1359146,52
CP048241.1,1359178,145
CP048241.1,1359194,593
CP048241.1,1359215,669
CP048241.1,1359238,1
CP048241.1,1359281,1
CP048241.1,1359367,2906
CP048241.1,1359374,2205
CP048241.1,1359453,1
CP048241.1,1359479,628
CP048241.1,1359501,1
CP048241.1,1359555,1053
CP048241.1,1359624,1087
CP048241.1,1359640,1405
CP048241.1,1359656,663
CP048241.1,1359695,3
CP048241.1,1359787,72
CP048241.1,1359869,948
CP048241.1,1359994,35
CP048241.1,1360057,813
CP048241.1,1360111,31
CP048241.1,1360184,412
CP048241.1,1360313,83
CP048241.1,1360403,168
CP048241.1,1360430,1
CP048241.1,1360432,1745
CP048241.1,1360448,1205
CP048241.1,1360458,94
CP048241.1,1360506,1
CP048241.1,1360624,314
CP048241.1,1360643,1
CP048241.1,1360664,138
CP048241.1,1360689,1142
CP048241.1,1360691,1231
CP048241.1,1360766,118
CP048241.1,1360777,333
CP048241.1,1360797,132
CP048241.1,1361017,147
CP048241.1,1361168,1390
CP048241.1,1361182,52
CP048241.1,1361233,196
CP048241.1,1361240,1566
CP048241.1,1361257,21
CP048241.1,1361285,880
CP048241.1,1361290,3415
CP048241.1,1361292,1
CP048241.1,1361297,353
CP048241.1,1361344,1505
CP048241.1,1361388,130
CP048241.1,1361451,20
CP048241.1,1361472,61
CP048241.1,1361490,208
CP048241.1,1361533,1
CP048241.1,1361535,256
CP048241.1,1361542,542
CP048241.1,1361552,1308
CP048241.1,1361567,1586
CP048241.1,1361658,582
CP048241.1,1361660,283
CP048241.1,1361683,562
CP048241.1,1361690,2084
CP048241.1,1361692,205
CP048241.1,1361715,1560
CP048241.1,1361723,20
CP048241.1,1361753,375
CP048241.1,1361942,9
CP048241.1,1362209,1099
CP048241.1,1362277,642
CP048241.1,1362370,1995
CP048241.1,1362649,1241
CP048241.1,1363358,763
CP048241.1,1363365,64
CP048241.1,1363733,1
CP048241.1,1363741,1061
CP048241.1,1363742,32
CP048241.1,1366538,270
CP048241.1,1366752,1394
CP048241.1,1366866,1082
CP048241.1,1368049,918
CP048241.1,1368056,191
CP048241.1,1368516,5
CP048241.1,1368859,1279
CP048241.1,1369488,559
CP048241.1,1369498,16
CP048241.1,1369501,2597
CP048241.1,1369505,83
CP048241.1,1369624,120
CP048241.1,1370544,654
CP048241.1,1371347,332
CP048241.1,1372365,397
CP048241.1,1373100,39
CP048241.1,1373661,120
CP048241.1,1373663,1306
CP048241.1,1373677,1
CP048241.1,1374854,1404
CP048241.1,1374977,228
CP048241.1,1374980,1
CP048241.1,1375103,2
CP048241.1,1375180,35
CP048241.1,1375903,1132
CP048241.1,1376201,2
CP048241.1,1376287,265
CP048241.1,1376735,297
CP048241.1,1376768,530
CP048241.1,1376833,2413
CP048241.1,1376840,1346
CP048241.1,1376896,1
CP048241.1,1377164,105
CP048241.1,1377254,552
CP048241.1,1377261,1199
CP048241.1,1377380,1881
CP048241.1,1377387,840
CP048241.1,1377401,24
CP048241.1,1377430,1233
CP048241.1,1377450,274
CP048241.1,1377457,32
CP048241.1,1377550,339
CP048241.1,1377613,373
CP048241.1,1377974,1178
CP048241.1,1378200,897
CP048241.1,1378340,624
CP048241.1,1378380,549
CP048241.1,1378856,849
CP048241.1,1379188,1
CP048241.1,1379194,1
CP048241.1,1379897,353
CP048241.1,1379956,3060
CP048241.1,1379963,748
CP048241.1,1380029,40
CP048241.1,1380123,689
CP048241.1,1380995,1
CP048241.1,1382640,985
CP048241.1,1382828,734
CP048241.1,1382978,1840
CP048241.1,1383207,346
CP048241.1,1383218,8
CP048241.1,1383301,469
CP048241.1,1383384,1872
CP048241.1,1383403,1
CP048241.1,1383404,1861
CP048241.1,1383463,398
CP048241.1,1383515,65
CP048241.1,1383554,49
CP048241.1,1383582,1062
CP048241.1,1383588,75
CP048241.1,1383595,1385
CP048241.1,1383721,284
CP048241.1,1383728,3954
CP048241.1,1383739,6
CP048241.1,1383748,299
CP048241.1,1383755,2342
CP048241.1,1383775,161
CP048241.1,1383838,1
CP048241.1,1383934,4
CP048241.1,1384114,312
CP048241.1,1384186,380
CP048241.1,1384210,707
CP048241.1,1384287,2
CP048241.1,1384388,63
CP048241.1,1384395,2320
CP048241.1,1384485,147
CP048241.1,1384538,253
CP048241.1,1384545,40
CP048241.1,1384560,1024
CP048241.1,1384566,842
CP048241.1,1384586,2072
CP048241.1,1384591,1575
CP048241.1,1384593,1
CP048241.1,1384598,51
CP048241.1,1384698,426
CP048241.1,1384802,1
CP048241.1,1384891,40
CP048241.1,1385109,26
CP048241.1,1385111,494
CP048241.1,1385131,2360
CP048241.1,1385147,1603
CP048241.1,1385256,5
CP048241.1,1386822,3
CP048241.1,1388477,1498
CP048241.1,1388593,58
CP048241.1,1388597,893
CP048241.1,1388723,499
CP048241.1,1389124,1
CP048241.1,1389150,1072
CP048241.1,1389181,992
CP048241.1,1389253,1
CP048241.1,1389345,1323
CP048241.1,1389510,1
CP048241.1,1389525,1
CP048241.1,1389690,214
CP048241.1,1389769,6
CP048241.1,1389771,34
CP048241.1,1389917,828
CP048241.1,1389991,1
CP048241.1,1390014,2781
CP048241.1,1390021,815
CP048241.1,1390048,45
CP048241.1,1390094,176
CP048241.1,1390131,12
CP048241.1,1390198,30
CP048241.1,1390203,832
CP048241.1,1390485,789
CP048241.1,1390517,224
CP048241.1,1390696,767
CP048241.1,1390740,602
CP048241.1,1390885,1098
CP048241.1,1390896,1
CP048241.1,1391550,21
CP048241.1,1391552,147
CP048241.1,1391897,1
CP048241.1,1391951,1357
CP048241.1,1391962,1
CP048241.1,1392212,3
CP048241.1,1392396,1327
CP048241.1,1394096,32
CP048241.1,1394164,42
CP048241.1,1394176,64
CP048241.1,1394189,256
CP048241.1,1394340,400
CP048241.1,1394495,183
CP048241.1,1394550,1
CP048241.1,1394554,148
CP048241.1,1394590,1
CP048241.1,1394830,2
CP048241.1,1395005,541
CP048241.1,1398300,1
CP048241.1,1399171,1
CP048241.1,1399490,54
CP048241.1,1399497,28
CP048241.1,1399517,28
CP048241.1,1399522,82
CP048241.1,1399662,1
CP048241.1,1399753,1164
CP048241.1,1399755,1212
CP048241.1,1399819,58
CP048241.1,1399962,664
CP048241.1,1399996,1
CP048241.1,1401718,441
CP048241.1,1401854,1897
CP048241.1,1402084,1197
CP048241.1,1402122,6
CP048241.1,1402163,2
CP048241.1,1402451,770
CP048241.1,1403185,865
CP048241.1,1403188,646
CP048241.1,1403194,234
CP048241.1,1406242,1
CP048241.1,1407924,224
CP048241.1,1407937,801
CP048241.1,1407944,993
CP048241.1,1407966,1
CP048241.1,1407978,9
CP048241.1,1413286,11
CP048241.1,1415724,680
CP048241.1,1415731,789
CP048241.1,1415772,2
CP048241.1,1415954,1
CP048241.1,1416114,47
CP048241.1,1416149,492
CP048241.1,1416184,18
CP048241.1,1416593,6
CP048241.1,1416594,251
CP048241.1,1416604,1581
CP048241.1,1417143,15
CP048241.1,1418179,99
CP048241.1,1418229,559
CP048241.1,1418235,418
CP048241.1,1419028,1201
CP048241.1,1421837,1078
CP048241.1,1422160,209
CP048241.1,1422167,1
CP048241.1,1422280,59
CP048241.1,1423666,169
CP048241.1,1432152,3856
CP048241.1,1432159,3693
CP048241.1,1432783,1438
CP048241.1,1432786,2470
CP048241.1,1432790,1428
CP048241.1,1432820,855
CP048241.1,1433037,1
CP048241.1,1433172,1110
CP048241.1,1433277,58
CP048241.1,1433506,1596
CP048241.1,1433873,59
CP048241.1,1433903,738
CP048241.1,1433932,384
CP048241.1,1433946,2
CP048241.1,1434275,2
CP048241.1,1434277,1
CP048241.1,1434284,34
CP048241.1,1434291,2702
CP048241.1,1434321,2
CP048241.1,1436463,1
CP048241.1,1437102,492
CP048241.1,1437226,2112
CP048241.1,1437260,4470
CP048241.1,1437301,13
CP048241.1,1437308,107
CP048241.1,1442228,1
CP048241.1,1450694,1
CP048241.1,1453787,448
CP048241.1,1454040,193
CP048241.1,1454120,1
CP048241.1,1454124,1587
CP048241.1,1454131,2
CP048241.1,1454203,151
CP048241.1,1454280,233
CP048241.1,1454413,1
CP048241.1,1454460,1
CP048241.1,1454553,560
CP048241.1,1455781,1593
CP048241.1,1455906,1127
CP048241.1,1455988,1271
CP048241.1,1456170,40
CP048241.1,1456426,2352
CP048241.1,1456430,161
CP048241.1,1456431,1848
CP048241.1,1456432,1
CP048241.1,1456433,1351
CP048241.1,1456434,1
CP048241.1,1456437,1
CP048241.1,1456439,640
CP048241.1,1456441,56
CP048241.1,1456447,1
CP048241.1,1456469,30
CP048241.1,1456476,1
CP048241.1,1456806,343
CP048241.1,1456814,2212
CP048241.1,1457369,11
CP048241.1,1457800,499
CP048241.1,1458302,1877
CP048241.1,1458309,6
CP048241.1,1458521,67
CP048241.1,1458842,532
CP048241.1,1458923,3228
CP048241.1,1459116,25
CP048241.1,1460332,1172
CP048241.1,1460399,211
CP048241.1,1463723,1
CP048241.1,1464503,907
CP048241.1,1465005,1
CP048241.1,1465149,458
CP048241.1,1465164,357
CP048241.1,1465299,717
CP048241.1,1465356,1
CP048241.1,1465809,34
CP048241.1,1465836,1323
CP048241.1,1465926,1541
CP048241.1,1465931,740
CP048241.1,1465933,709
CP048241.1,1466028,3
CP048241.1,1466029,3195
CP048241.1,1466063,782
CP048241.1,1466177,1028
CP048241.1,1466225,2013
CP048241.1,1466286,1020
CP048241.1,1466336,515
CP048241.1,1467481,53
CP048241.1,1467932,1438
CP048241.1,1467992,618
CP048241.1,1468023,1
CP048241.1,1468105,1
CP048241.1,1468162,631
CP048241.1,1468216,129
CP048241.1,1468456,85
CP048241.1,1468645,1
CP048241.1,1469411,476
CP048241.1,1470307,129
CP048241.1,1470447,1709
CP048241.1,1470527,665
CP048241.1,1470733,1835
CP048241.1,1470970,1
CP048241.1,1471653,2597
CP048241.1,1471674,150
CP048241.1,1471702,318
CP048241.1,1471711,1955
CP048241.1,1471901,939
CP048241.1,1472003,1
CP048241.1,1472035,3
CP048241.1,1472161,2252
CP048241.1,1472287,3859
CP048241.1,1472295,1
CP048241.1,1472454,1
CP048241.1,1472834,1734
CP048241.1,1472860,90
CP048241.1,1472891,323
CP048241.1,1472901,214
CP048241.1,1472939,103
CP048241.1,1472991,1954
CP048241.1,1473096,239
CP048241.1,1473108,199
CP048241.1,1473123,4961
CP048241.1,1473374,1
CP048241.1,1473621,641
CP048241.1,1473777,916
CP048241.1,1474085,417
CP048241.1,1474091,805
CP048241.1,1474098,1
CP048241.1,1474284,1
CP048241.1,1477414,386
CP048241.1,1477417,1355
CP048241.1,1477419,26
CP048241.1,1478474,1
CP048241.1,1478497,10
CP048241.1,1478629,1
CP048241.1,1478651,829
CP048241.1,1478950,1
CP048241.1,1479088,26
CP048241.1,1479097,14
CP048241.1,1479099,1
CP048241.1,1479133,90
CP048241.1,1479186,7
CP048241.1,1479193,2
CP048241.1,1479779,16
CP048241.1,1479916,729
CP048241.1,1479923,1043
CP048241.1,1479925,1
CP048241.1,1479990,170
CP048241.1,1481416,1
CP048241.1,1481428,158
CP048241.1,1481449,2
CP048241.1,1481456,530
CP048241.1,1481503,31
CP048241.1,1481633,259
CP048241.1,1482284,469
CP048241.1,1482717,90
CP048241.1,1482779,46
CP048241.1,1482783,3534
CP048241.1,1482790,733
CP048241.1,1482806,232
CP048241.1,1482808,3576
CP048241.1,1482815,1611
CP048241.1,1482869,413
CP048241.1,1482877,635
CP048241.1,1482893,43
CP048241.1,1482914,1393
CP048241.1,1482931,170
CP048241.1,1482958,1747
CP048241.1,1482966,1884
CP048241.1,1482973,3366
CP048241.1,1483041,816
CP048241.1,1483042,156
CP048241.1,1483044,222
CP048241.1,1483048,1694
CP048241.1,1483050,167
CP048241.1,1483075,134
CP048241.1,1483082,274
CP048241.1,1483129,1312
CP048241.1,1483198,87
CP048241.1,1483205,1
CP048241.1,1483213,1
CP048241.1,1483756,1
CP048241.1,1483942,1137
CP048241.1,1484141,1131
CP048241.1,1485266,1882
CP048241.1,1485272,178
CP048241.1,1485277,1
CP048241.1,1485299,298
CP048241.1,1485370,1
CP048241.1,1485385,531
CP048241.1,1485392,1
CP048241.1,1485394,138
CP048241.1,1485410,75
CP048241.1,1490276,20
CP048241.1,1490449,1
CP048241.1,1490456,22
CP048241.1,1490645,1435
CP048241.1,1490747,1
CP048241.1,1491555,10
CP048241.1,1492408,1492
CP048241.1,1492415,257
CP048241.1,1492433,370
CP048241.1,1492440,102
CP048241.1,1492500,671
CP048241.1,1493538,60
CP048241.1,1494303,672
CP048241.1,1494606,683
CP048241.1,1494824,237
CP048241.1,1494943,2158
CP048241.1,1495891,28
CP048241.1,1495941,1090
CP048241.1,1496037,1266
CP048241.1,1496273,254
CP048241.1,1496420,680
CP048241.1,1496585,1
CP048241.1,1497094,1248
CP048241.1,1497523,250
CP048241.1,1497530,1
CP048241.1,1497794,887
CP048241.1,1497812,559
CP048241.1,1497860,1481
CP048241.1,1497861,2
CP048241.1,1497947,151
CP048241.1,1498010,751
CP048241.1,1498136,732
CP048241.1,1498968,204
CP048241.1,1499010,825
CP048241.1,1499091,2526
CP048241.1,1500138,270
CP048241.1,1500145,1276
CP048241.1,1500415,1
CP048241.1,1500499,1
CP048241.1,1500506,4239
CP048241.1,1502625,207
CP048241.1,1503017,1
CP048241.1,1504373,684
CP048241.1,1504620,1
CP048241.1,1504717,676
CP048241.1,1505873,1
CP048241.1,1509101,2
CP048241.1,1509144,2
CP048241.1,1509366,1
CP048241.1,1509553,715
CP048241.1,1509586,1073
CP048241.1,1509633,875
CP048241.1,1512355,1560
CP048241.1,1512438,987
CP048241.1,1512549,949
CP048241.1,1512654,9
CP048241.1,1515580,28
CP048241.1,1515587,2033
CP048241.1,1515665,3936
CP048241.1,1515670,338
CP048241.1,1515672,10405
CP048241.1,1515785,254
CP048241.1,1515937,1
CP048241.1,1516206,16
CP048241.1,1516208,7
CP048241.1,1516215,2216
CP048241.1,1516485,1143
CP048241.1,1516958,1
CP048241.1,1516965,12
CP048241.1,1517038,1363
CP048241.1,1517039,844
CP048241.1,1517046,473
CP048241.1,1518163,885
CP048241.1,1519874,114
CP048241.1,1520794,492
CP048241.1,1520861,728
CP048241.1,1522533,1711
CP048241.1,1522709,1679
CP048241.1,1522811,511
CP048241.1,1522827,52
CP048241.1,1522834,159
CP048241.1,1522857,236
CP048241.1,1522874,317
CP048241.1,1523123,1860
CP048241.1,1523392,354
CP048241.1,1523461,47
CP048241.1,1523550,1
CP048241.1,1523552,1
CP048241.1,1524242,822
CP048241.1,1524555,146
CP048241.1,1524823,56
CP048241.1,1527984,578
CP048241.1,1528006,1760
CP048241.1,1528011,33
CP048241.1,1529244,1360
CP048241.1,1529517,95
CP048241.1,1529626,5
CP048241.1,1529630,30
CP048241.1,1531638,30
CP048241.1,1535636,411
CP048241.1,1535643,101
CP048241.1,1535718,1425
CP048241.1,1535728,3395
CP048241.1,1535735,2289
CP048241.1,1535934,1
CP048241.1,1536539,3
CP048241.1,1536611,38
CP048241.1,1536684,4
CP048241.1,1536847,81
CP048241.1,1539837,1
CP048241.1,1544019,5
CP048241.1,1544039,4253
CP048241.1,1544041,46
CP048241.1,1544043,912
CP048241.1,1544110,228
CP048241.1,1544123,791
CP048241.1,1544179,1
CP048241.1,1544307,1
CP048241.1,1544335,5
CP048241.1,1544357,2499
CP048241.1,1544424,3187
CP048241.1,1544558,51
CP048241.1,1544732,2762
CP048241.1,1544768,10
CP048241.1,1544822,436
CP048241.1,1544846,2
CP048241.1,1545069,879
CP048241.1,1545076,3
CP048241.1,1545095,1
CP048241.1,1545104,1
CP048241.1,1545105,1244
CP048241.1,1545162,246
CP048241.1,1545209,41
CP048241.1,1545318,3192
CP048241.1,1545341,67
CP048241.1,1545495,602
CP048241.1,1545530,280
CP048241.1,1545822,446
CP048241.1,1546720,2215
CP048241.1,1549453,831
CP048241.1,1549470,1
CP048241.1,1549656,115
CP048241.1,1549951,130
CP048241.1,1549985,180
CP048241.1,1551681,128
CP048241.1,1552865,1282
CP048241.1,1554499,1206
CP048241.1,1554517,1
CP048241.1,1554741,1
CP048241.1,1554769,1
CP048241.1,1554807,388
CP048241.1,1554810,1
CP048241.1,1554814,973
CP048241.1,1555125,1
CP048241.1,1556243,22
CP048241.1,1560133,206
CP048241.1,1560161,322
CP048241.1,1560171,185
CP048241.1,1560889,1518
CP048241.1,1560894,1069
CP048241.1,1560988,1
CP048241.1,1561050,3
CP048241.1,1562031,11
CP048241.1,1563544,5
CP048241.1,1564162,1602
CP048241.1,1564169,1
CP048241.1,1564725,2090
CP048241.1,1564734,1
CP048241.1,1565906,1418
CP048241.1,1566379,2177
CP048241.1,1570112,239
CP048241.1,1570198,595
CP048241.1,1570914,726
CP048241.1,1571072,444
CP048241.1,1571121,1217
CP048241.1,1571243,816
CP048241.1,1571250,27
CP048241.1,1574742,4
CP048241.1,1575050,884
CP048241.1,1577517,228
CP048241.1,1578372,1
CP048241.1,1578475,180
CP048241.1,1578854,3
CP048241.1,1581589,1378
CP048241.1,1588582,188
CP048241.1,1589423,667
CP048241.1,1590170,478
CP048241.1,1590177,1
CP048241.1,1590197,1034
CP048241.1,1593046,264
CP048241.1,1593242,384
CP048241.1,1593260,535
CP048241.1,1595413,1
CP048241.1,1597531,1
CP048241.1,1597697,473
CP048241.1,1597841,3471
CP048241.1,1598161,3475
CP048241.1,1598168,1
CP048241.1,1600092,170
CP048241.1,1600148,1231
CP048241.1,1601198,2158
CP048241.1,1601205,1
CP048241.1,1604008,268
CP048241.1,1604846,1
CP048241.1,1607315,93
CP048241.1,1607446,1417
CP048241.1,1607450,1381
CP048241.1,1607453,829
CP048241.1,1608277,141
CP048241.1,1608882,5
CP048241.1,1609014,9
CP048241.1,1609126,646
CP048241.1,1609711,53
CP048241.1,1610327,1610
CP048241.1,1610366,2611
CP048241.1,1610373,50
CP048241.1,1610491,90
CP048241.1,1610570,1
CP048241.1,1610636,47
CP048241.1,1610676,1133
CP048241.1,1610848,22
CP048241.1,1611463,678
CP048241.1,1615076,1
CP048241.1,1616491,1
CP048241.1,1620136,329
CP048241.1,1620376,1650
CP048241.1,1620431,183
CP048241.1,1620438,92
CP048241.1,1620452,1130
CP048241.1,1620974,104
CP048241.1,1620998,669
CP048241.1,1621010,1
CP048241.1,1621193,15
CP048241.1,1621840,755
CP048241.1,1621847,4
CP048241.1,1622500,84
CP048241.1,1623536,175
CP048241.1,1623772,13
CP048241.1,1626113,155
CP048241.1,1626420,1386
CP048241.1,1630048,1
CP048241.1,1635839,18
CP048241.1,1636483,1255
CP048241.1,1636853,1177
CP048241.1,1637331,1
CP048241.1,1639581,9
CP048241.1,1639827,1064
CP048241.1,1640482,2194
CP048241.1,1640825,1
CP048241.1,1644680,1
CP048241.1,1648263,324
CP048241.1,1652305,943
CP048241.1,1653617,1206
CP048241.1,1657396,23
CP048241.1,1659603,4354
CP048241.1,1660800,1
CP048241.1,1662894,1
CP048241.1,1662901,3589
CP048241.1,1662973,2130
CP048241.1,1663590,1
CP048241.1,1673730,544
CP048241.1,1677019,1015
CP048241.1,1677186,525
CP048241.1,1677694,198
CP048241.1,1678341,421
CP048241.1,1678484,665
CP048241.1,1678855,90
CP048241.1,1679681,1
CP048241.1,1681329,287
CP048241.1,1682543,202
CP048241.1,1682727,1
CP048241.1,1682826,1
CP048241.1,1682839,735
CP048241.1,1682861,11
CP048241.1,1682913,716
CP048241.1,1683288,68
CP048241.1,1685085,166
CP048241.1,1685263,117
CP048241.1,1692636,631
CP048241.1,1693289,256
CP048241.1,1693365,34
CP048241.1,1700388,87
CP048241.1,1711512,1
CP048241.1,1713598,104
CP048241.1,1713814,543
CP048241.1,1713821,2705
CP048241.1,1713823,1
CP048241.1,1713825,1
CP048241.1,1713867,1
CP048241.1,1713917,719
CP048241.1,1714127,399
CP048241.1,1714256,844
CP048241.1,1714263,322
CP048241.1,1716923,964
CP048241.1,1717034,1
CP048241.1,1717561,1
CP048241.1,1717573,5925
CP048241.1,1717773,1
CP048241.1,1717879,4082
CP048241.1,1717889,1653
CP048241.1,1718278,16
CP048241.1,1718397,221
CP048241.1,1718399,471
CP048241.1,1718509,1
CP048241.1,1718528,2151
CP048241.1,1718682,45
CP048241.1,1718710,1710
CP048241.1,1719343,507
CP048241.1,1719942,1339
CP048241.1,1720507,1
CP048241.1,1720888,1957
CP048241.1,1721096,1324
CP048241.1,1721315,1723
CP048241.1,1721721,1
CP048241.1,1723322,1389
CP048241.1,1726405,2939
CP048241.1,1727765,2
CP048241.1,1727855,902
CP048241.1,1727882,148
CP048241.1,1728861,538
CP048241.1,1729449,2012
CP048241.1,1730632,396
CP048241.1,1732233,111
CP048241.1,1732393,541
CP048241.1,1732394,1
CP048241.1,1733589,14
CP048241.1,1736437,400
CP048241.1,1736614,166
CP048241.1,1737306,250
CP048241.1,1739163,853
CP048241.1,1739209,101
CP048241.1,1739550,1
CP048241.1,1743725,326
CP048241.1,1743791,93
CP048241.1,1744288,1984
CP048241.1,1749836,2129
CP048241.1,1752621,1
CP048241.1,1753727,513
CP048241.1,1754373,1082
CP048241.1,1756378,444
CP048241.1,1756380,78
CP048241.1,1756385,1907
CP048241.1,1757963,1
CP048241.1,1758975,44
CP048241.1,1758978,116
CP048241.1,1761190,727
CP048241.1,1761268,223
CP048241.1,1762093,2
CP048241.1,1762231,3
CP048241.1,1762506,16
CP048241.1,1762751,445
CP048241.1,1766507,5141
CP048241.1,1767687,331
CP048241.1,1775741,1652
CP048241.1,1777558,2
CP048241.1,1778527,1753
CP048241.1,1780294,283
CP048241.1,1780299,515
CP048241.1,1780306,337
CP048241.1,1780398,870
CP048241.1,1780404,1
CP048241.1,1780513,2
CP048241.1,1780517,1
CP048241.1,1786139,274
CP048241.1,1790332,1
CP048241.1,1791041,37
CP048241.1,1791266,1
CP048241.1,1794232,835
CP048241.1,1794343,2
CP048241.1,1794808,1351
CP048241.1,1794939,734
CP048241.1,1794952,1340
CP048241.1,1794959,828
CP048241.1,1794985,278
CP048241.1,1795000,246
CP048241.1,1795024,398
CP048241.1,1795073,152
CP048241.1,1795196,166
CP048241.1,1795840,1064
CP048241.1,1798562,2
CP048241.1,1798563,429
CP048241.1,1798647,47
CP048241.1,1798915,2546
CP048241.1,1799021,23
CP048241.1,1800142,1404
CP048241.1,1800252,1
CP048241.1,1802020,13
CP048241.1,1802693,550
CP048241.1,1802780,1916
CP048241.1,1802787,1913
CP048241.1,1805064,33
CP048241.1,1807230,123
CP048241.1,1807978,1416
CP048241.1,1808276,1
CP048241.1,1812818,1552
CP048241.1,1829188,270
CP048241.1,1830928,1
CP048241.1,1830965,455
CP048241.1,1830984,221
CP048241.1,1831068,1
CP048241.1,1831072,94
CP048241.1,1831079,1
CP048241.1,1831137,1
CP048241.1,1831144,1172
CP048241.1,1831178,1
CP048241.1,1833033,1
CP048241.1,1836936,315
CP048241.1,1839844,3
CP048241.1,1839865,311
CP048241.1,1839897,8
CP048241.1,1840051,6
CP048241.1,1840095,505
CP048241.1,1842211,884
CP048242.1,5819,1
CP048242.1,29705,5
CP048242.1,29957,100
CP048242.1,30258,4
CP048242.1,30507,1199
CP048242.1,33316,1
CP048242.1,33869,509
CP048242.1,34370,3
CP048242.1,34458,422
CP048242.1,34476,703
CP048242.1,34608,1
CP048242.1,34615,171
CP048242.1,34877,2600
CP048242.1,34982,381
CP048242.1,35237,1742
CP048242.1,36118,2341
CP048242.1,36125,23
CP048242.1,36171,1134
CP048242.1,36238,3
CP048242.1,36425,112
CP048242.1,36598,202
CP048242.1,36660,200
CP048242.1,40443,17
CP048242.1,40661,106
CP048242.1,42326,413
CP048242.1,43853,269
CP048242.1,45284,5
CP048242.1,46997,1
CP048242.1,47201,1630
CP048242.1,47263,644
CP048242.1,47333,303
CP048242.1,47370,2612
CP048242.1,47391,456
CP048242.1,47453,43
CP048242.1,47460,168
CP048242.1,47522,1998
CP048242.1,47563,148
CP048242.1,47564,722
CP048242.1,47642,103
CP048242.1,47649,26
CP048242.1,47661,655
CP048242.1,47822,187
CP048242.1,48558,1
CP048242.1,49975,22
CP048242.1,50609,1173
CP048242.1,50726,5
CP048242.1,53641,1
CP048242.1,56030,88
CP048242.1,56214,6
CP048242.1,56357,31
CP048242.1,56372,56
CP048242.1,56434,67
CP048242.1,56441,6
CP048242.1,56615,817
CP048242.1,56624,1
CP048242.1,56974,1
CP048242.1,57114,15
CP048242.1,57177,226
CP048242.1,57181,1552
CP048242.1,57195,1803
CP048242.1,57375,1511
CP048242.1,57390,1547
CP048242.1,57392,1
CP048242.1,57399,96
CP048242.1,57416,7
CP048242.1,57428,804
CP048242.1,57560,46
CP048242.1,57604,1
CP048242.1,57728,6
CP048242.1,57735,819
CP048242.1,59245,41
CP048242.1,61021,70
CP048242.1,61112,859
CP048242.1,61987,1591
CP048242.1,62105,1
CP048242.1,62133,67
CP048242.1,62360,121
CP048242.1,62361,1
CP048242.1,62368,19
CP048242.1,62382,282
CP048242.1,62438,130
CP048242.1,62445,15
CP048242.1,65600,37
CP048242.1,68601,3005
CP048242.1,71938,706
CP048242.1,74305,1
CP048242.1,74487,11
CP048242.1,77981,20
CP048242.1,77993,107
CP048242.1,78333,1
CP048242.1,78340,1759
CP048242.1,78395,1
CP048242.1,78422,1898
CP048242.1,78743,15
CP048242.1,78820,1
CP048242.1,79004,51
CP048242.1,82681,31
CP048242.1,83295,63
CP048242.1,86886,1289
CP048242.1,86893,527
CP048242.1,90696,1011
CP048242.1,93964,1
CP048242.1,94238,1
CP048242.1,94528,710
CP048242.1,94697,161
CP048242.1,95542,1
CP048242.1,96182,1
CP048242.1,97912,1
CP048242.1,98177,1038
CP048242.1,98642,2056
CP048242.1,98710,1
CP048242.1,98717,1
CP048242.1,98755,353
CP048242.1,100717,497
CP048242.1,101005,53
CP048242.1,101594,415
CP048242.1,105272,1339
CP048242.1,106404,1
CP048242.1,107402,272
CP048242.1,108034,148
CP048242.1,108096,423
CP048242.1,108103,1
CP048242.1,108395,1814
CP048242.1,108402,901
CP048242.1,108446,1
CP048242.1,108501,1
CP048242.1,108555,1838
CP048242.1,108562,7
CP048242.1,108734,1706
CP048242.1,110118,98
CP048242.1,116596,172
CP048242.1,117051,1
CP048242.1,117465,1613
CP048242.1,124876,1712
CP048242.1,124880,1
CP048242.1,124882,1786
CP048242.1,125014,33
CP048242.1,125153,558
CP048242.1,125525,1
CP048242.1,126531,2
CP048242.1,127073,11
CP048242.1,130248,921
CP048242.1,130255,822
CP048242.1,136437,12
CP048242.1,136709,848
CP048242.1,136895,336
CP048242.1,136944,355
CP048242.1,136985,86
CP048242.1,136995,145
CP048242.1,137007,708
CP048242.1,137014,733
CP048242.1,137018,1587
CP048242.1,138289,899
CP048242.1,138536,1392
CP048242.1,138571,254
CP048242.1,138579,418
CP048242.1,138852,1
CP048242.1,139063,1
CP048242.1,143314,739
CP048242.1,148180,1754
CP048242.1,148515,1
CP048242.1,149531,928
CP048242.1,157296,1
CP048242.1,158664,180
CP048242.1,158882,1
CP048242.1,158896,5
CP048242.1,160641,612
CP048242.1,160725,1097
CP048242.1,160796,1829
CP048242.1,160805,1431
CP048242.1,160812,1654
CP048242.1,160814,2
CP048242.1,161025,2779
CP048242.1,161032,1
CP048242.1,161091,2
CP048242.1,161198,664
CP048242.1,161202,2
CP048242.1,161529,1
CP048242.1,161735,84
CP048242.1,161742,6840
CP048242.1,163506,15
CP048242.1,166243,273
CP048242.1,170406,9
CP048242.1,171624,7
CP048242.1,171740,1265
CP048242.1,172862,984
CP048242.1,176568,1137
CP048242.1,177342,38
CP048242.1,177681,282
CP048242.1,177688,1278
CP048242.1,177737,728
CP048242.1,177753,1173
CP048242.1,177893,287
CP048242.1,178337,1
CP048242.1,179579,688
CP048242.1,179658,13
CP048242.1,182409,973
CP048242.1,182858,739
CP048242.1,185762,1904
CP048242.1,185790,19
CP048242.1,185797,1
CP048242.1,185859,88
CP048242.1,185923,1762
CP048242.1,185969,432
CP048242.1,185974,2490
CP048242.1,186145,318
CP048242.1,186369,697
CP048242.1,186709,277
CP048242.1,187434,82
CP048242.1,190248,47
CP048242.1,192372,2
CP048242.1,192494,1
CP048242.1,192605,1
CP048242.1,192662,260
CP048242.1,194519,1
CP048242.1,199231,136
CP048242.1,199755,1
CP048242.1,199762,952
CP048242.1,199882,223
CP048242.1,200096,1896
CP048242.1,200106,735
CP048242.1,201682,1
CP048242.1,202074,1637
CP048242.1,202799,72
CP048242.1,203180,2438
CP048242.1,203540,5
CP048242.1,203589,414
CP048242.1,203596,1
CP048242.1,203880,1773
CP048242.1,204947,1203
CP048242.1,204949,1
CP048242.1,210667,1
CP048242.1,210713,466
CP048242.1,210735,1
CP048242.1,210828,99
CP048242.1,211009,1366
CP048242.1,211846,1
CP048242.1,212512,185
CP048242.1,218565,165
CP048242.1,219825,281
CP048242.1,223142,1
CP048242.1,223225,305
CP048242.1,223735,1
CP048242.1,224624,13
CP048242.1,225163,118
CP048242.1,225465,1816
CP048242.1,225642,1731
CP048242.1,225785,1
CP048242.1,225825,915
CP048242.1,227160,102
CP048242.1,227269,280
CP048242.1,227396,5
CP048242.1,227427,1
CP048242.1,227525,1
CP048242.1,229572,106
CP048242.1,230397,81
CP048242.1,231076,2
CP048242.1,231109,1337
CP048242.1,231157,1
CP048242.1,231224,63
CP048242.1,231305,65
CP048242.1,231722,2032
CP048242.1,232106,470
CP048242.1,232524,22
CP048242.1,233222,1
CP048242.1,234842,697
CP048242.1,234939,1
CP048242.1,235603,1397
CP048242.1,235652,75
CP048242.1,235872,1715
CP048242.1,235901,2296
CP048242.1,236070,132
CP048242.1,236113,1281
CP048242.1,236882,1
CP048242.1,238101,101
CP048242.1,238206,714
CP048242.1,238552,1500
CP048242.1,238571,1
CP048242.1,239049,14
CP048242.1,239220,1
CP048242.1,240620,1467
CP048242.1,243584,56
CP048242.1,249561,1046
CP048242.1,249828,1104
CP048242.1,252301,191
CP048242.1,252412,1315
CP048242.1,259218,1
CP048242.1,263863,7
CP048242.1,266364,2
CP048242.1,266370,2502
CP048242.1,266377,94
CP048242.1,266708,1
CP048242.1,269008,855
CP048242.1,269055,223
CP048242.1,269253,911
CP048242.1,269286,1
CP048242.1,269632,470
CP048242.1,269639,1146
CP048242.1,269709,1664
CP048242.1,269792,1
CP048242.1,270109,724
CP048242.1,270123,1
CP048242.1,271792,278
CP048242.1,272184,1884
CP048242.1,272191,534
CP048242.1,274261,214
CP048242.1,274330,290
CP048242.1,274412,764
CP048242.1,274419,1066
CP048242.1,274512,1126
CP048242.1,274550,1604
CP048242.1,275117,63
CP048242.1,275346,1502
CP048242.1,287042,11
CP048242.1,288475,1354
CP048242.1,288482,1
CP048242.1,288536,2847
CP048242.1,288652,565
CP048242.1,288700,371
CP048242.1,288707,2697
CP048242.1,288762,853
CP048242.1,288769,597
CP048242.1,288841,3
CP048242.1,289182,1
CP048242.1,291680,248
CP048242.1,293333,237
CP048242.1,294824,617
CP048242.1,295623,115
CP048242.1,295641,504
CP048242.1,295704,6
CP048242.1,295762,1897
CP048242.1,295768,360
CP048242.1,295769,324
CP048242.1,295842,1544
CP048242.1,295953,102
CP048242.1,295962,22
CP048242.1,295969,159
CP048242.1,295979,894
CP048242.1,296193,1
CP048242.1,296286,1
CP048242.1,296884,754
CP048242.1,296919,19
CP048242.1,297139,1045
CP048242.1,302217,41
CP048242.1,302396,125
CP048242.1,302484,1811
CP048242.1,302615,813
CP048242.1,303427,1374
CP048242.1,304071,486
CP048242.1,305243,179
CP048242.1,307128,300
CP048242.1,309694,651
CP048242.1,310578,895
CP048242.1,311188,14
CP048242.1,311189,11714
CP048242.1,311196,6710
CP048242.1,311197,149
CP048242.1,311204,1711
CP048242.1,311262,5
CP048242.1,311299,1863
CP048242.1,311303,27
CP048242.1,311497,1
CP048242.1,311741,8
CP048242.1,311753,4360
CP048242.1,311757,1490
CP048242.1,312787,1239
CP048242.1,312794,967
CP048242.1,312840,995
CP048242.1,312903,439
CP048242.1,312950,111
CP048242.1,312959,1
CP048242.1,313392,1811
CP048242.1,313756,371
CP048242.1,316432,263
CP048242.1,317932,916
CP048242.1,319195,1
CP048242.1,319346,1256
CP048242.1,319478,29
CP048242.1,319492,1
CP048242.1,319822,2
CP048242.1,322703,1
CP048242.1,324669,1
CP048242.1,324855,5
CP048242.1,324866,99
CP048242.1,325019,1729
CP048242.1,326000,1
CP048242.1,331483,2
CP048242.1,331502,690
CP048242.1,331588,61
CP048242.1,331589,98
CP048242.1,331595,3139
CP048242.1,331600,2057
CP048242.1,331696,52
CP048242.1,332125,1422
CP048242.1,332161,1828
CP048242.1,332168,155
CP048242.1,332250,1800
CP048242.1,332294,1450
CP048242.1,332477,1
CP048242.1,332505,1
CP048242.1,332573,9
CP048242.1,332580,631
CP048242.1,333323,1668
CP048242.1,334872,69
CP048242.1,334886,173
CP048242.1,334893,446
CP048242.1,339334,1
CP048242.1,339357,1615
CP048242.1,339473,724
CP048242.1,339537,1
CP048242.1,339668,33
CP048242.1,339686,596
CP048242.1,340654,2444
CP048242.1,343999,409
CP048242.1,344197,134
CP048242.1,344422,1019
CP048242.1,354303,51
CP048242.1,354476,756
CP048242.1,354993,1164
CP048242.1,355047,14
CP048242.1,355054,787
CP048242.1,358141,624
CP048242.1,358148,6
CP048242.1,361063,373
CP048242.1,363244,707
CP048242.1,366889,93
CP048242.1,366919,774
CP048242.1,366942,1298
CP048242.1,367902,113
CP048242.1,368382,1168
CP048242.1,369294,92
CP048242.1,369783,1
CP048242.1,370268,1
CP048242.1,370663,5
CP048242.1,371412,1
CP048242.1,373158,513
CP048242.1,376757,847
CP048242.1,379001,19
CP048242.1,379749,331
CP048242.1,379858,314
CP048242.1,379982,1
CP048242.1,380052,1
CP048242.1,380087,272
CP048242.1,380097,43
CP048242.1,380151,25
CP048242.1,380158,658
CP048242.1,380168,1569
CP048242.1,380407,1013
CP048242.1,380437,1201
CP048242.1,380533,40
CP048242.1,382736,1641
CP048242.1,382743,134
CP048242.1,382751,1
CP048242.1,382853,286
CP048242.1,382911,1036
CP048242.1,385316,854
CP048242.1,385484,1984
CP048242.1,385903,128
CP048242.1,385910,784
CP048242.1,385989,1282
CP048242.1,386136,569
CP048242.1,386210,1868
CP048242.1,386755,20
CP048242.1,388425,117
CP048242.1,390708,645
CP048242.1,390715,921
CP048242.1,393538,73
CP048242.1,393545,2
CP048242.1,396383,1
CP048242.1,396884,1
CP048242.1,396891,49
CP048242.1,396906,1369
CP048242.1,397633,49
CP048242.1,397967,746
CP048242.1,398750,1
CP048242.1,399247,64
CP048242.1,399478,173
CP048242.1,400624,12
CP048242.1,400985,581
CP048242.1,400991,1263
CP048242.1,401183,673
CP048242.1,404246,1
CP048242.1,404303,1644
CP048242.1,404364,229
CP048242.1,404648,196
CP048242.1,406642,22
CP048242.1,411805,96
CP048242.1,411831,1683
CP048242.1,411866,230
CP048242.1,412342,2206
CP048242.1,412360,784
CP048242.1,412419,266
CP048242.1,416923,294
CP048242.1,417183,24
CP048242.1,419921,1073
CP048242.1,419987,1807
CP048242.1,423790,723
CP048242.1,428546,880
CP048242.1,432117,37
CP048242.1,432195,179
CP048242.1,432409,39
CP048242.1,432470,907
CP048242.1,436677,124
CP048242.1,437122,1
CP048242.1,437123,14
CP048242.1,437218,59
CP048242.1,439759,504
CP048242.1,439847,5
CP048242.1,440030,36
CP048242.1,441151,822
CP048242.1,441478,1310
CP048242.1,441500,1
CP048242.1,446358,149
CP048242.1,450367,25
CP048242.1,450374,1947
CP048242.1,455279,1
CP048242.1,460943,114
CP048242.1,461497,1
CP048242.1,463818,770
CP048242.1,464314,1
CP048242.1,464373,1
CP048242.1,464412,1
CP048242.1,464486,1227
CP048242.1,464580,215
CP048242.1,464587,42
CP048242.1,467775,2900
CP048242.1,472445,2
CP048242.1,472710,1
CP048242.1,473409,384
CP048242.1,473486,5285
CP048242.1,473493,1548
CP048242.1,473524,798
CP048242.1,473531,1194
CP048242.1,477113,15
CP048242.1,480945,515
CP048242.1,481306,765
CP048242.1,483897,600
CP048242.1,485687,3099
CP048242.1,485722,1
CP048242.1,485736,639
CP048242.1,485802,13
CP048242.1,489512,210
CP048242.1,495036,1098
CP048242.1,502207,63
CP048242.1,502267,390
CP048242.1,502272,37
CP048242.1,502274,1751
CP048242.1,502306,69
CP048242.1,502586,1
CP048242.1,503053,1019
CP048242.1,503205,1682
CP048242.1,503824,90
CP048242.1,504771,28
CP048242.1,504927,12
CP048242.1,507015,46
CP048242.1,507022,2534
CP048242.1,513954,83
CP048242.1,517826,745
CP048242.1,517836,1
CP048242.1,517843,389
CP048242.1,517871,1
CP048242.1,518664,311
CP048242.1,518747,531
CP048242.1,521503,441
CP048242.1,523210,359
CP048242.1,523220,252
CP048242.1,523618,1
CP048242.1,527907,1
CP048242.1,529461,181
CP048242.1,529626,556
CP048242.1,529732,6
CP048242.1,530250,1205
CP048242.1,530826,476
CP048242.1,531007,476
CP048242.1,531014,696
CP048242.1,531048,640
CP048242.1,531300,436
CP048242.1,531448,3
CP048242.1,531455,264
CP048242.1,531583,29
CP048242.1,531600,244
CP048242.1,531992,1150
CP048242.1,532161,2488
CP048242.1,533104,649
CP048242.1,533116,270
CP048242.1,539120,6
CP048242.1,539194,92
CP048242.1,539748,10
CP048242.1,540085,1377
CP048242.1,540177,1496
CP048242.1,540261,1503
CP048242.1,540289,134
CP048242.1,540311,1187
CP048242.1,540595,1531
CP048242.1,541189,2320
CP048242.1,542637,1793
CP048242.1,542644,2
CP048242.1,542648,720
CP048242.1,546595,88
CP048242.1,548745,898
CP048242.1,549403,856
CP048242.1,550680,269
CP048242.1,552787,38
CP048242.1,553613,43
CP048242.1,555280,52
CP048242.1,556144,1
CP048242.1,557739,164
CP048242.1,559748,1
CP048242.1,562598,1
CP048242.1,566495,1101
CP048242.1,567268,935
CP048242.1,567513,293
CP048242.1,568490,1889
CP048242.1,568599,509
CP048242.1,568687,465
CP048242.1,568771,39
CP048242.1,568778,1
CP048242.1,568854,477
CP048242.1,571795,1761
CP048242.1,574318,179
CP048242.1,576737,1873
CP048242.1,583297,7
CP048242.1,583324,870
CP048242.1,584470,1421
CP048242.1,585371,390
CP048242.1,585388,59
CP048242.1,585434,88
CP048242.1,585441,233
CP048242.1,585488,2
CP048242.1,585513,935
CP048242.1,585531,97
CP048242.1,585615,1
CP048242.1,588670,1
CP048242.1,588913,1373
CP048242.1,589078,56
CP048242.1,589105,1014
CP048242.1,593102,1
CP048242.1,594710,169
CP048242.1,595767,1
CP048242.1,596636,41
CP048242.1,601524,3
CP048242.1,603116,133
CP048242.1,603189,853
CP048242.1,603484,1549
CP048242.1,603568,1443
CP048242.1,603971,1
CP048242.1,604131,1
CP048242.1,604310,1
CP048242.1,604370,1
CP048242.1,606554,1
CP048242.1,607070,1
CP048242.1,607088,1503
CP048242.1,607095,589
CP048242.1,607340,2698
CP048242.1,607540,35
CP048242.1,607548,1926
CP048242.1,607753,3
CP048242.1,607910,1
CP048242.1,607956,887
CP048242.1,607963,1528
CP048242.1,612498,3779
CP048242.1,613449,1496
CP048242.1,613452,610
CP048242.1,613459,1
CP048242.1,613472,1
CP048242.1,613482,1322
CP048242.1,613493,1
CP048242.1,613557,269
CP048242.1,613560,78
CP048242.1,613610,1
CP048242.1,613616,928
CP048242.1,613651,9
CP048242.1,614262,240
CP048242.1,614564,1423
CP048242.1,615671,522
CP048242.1,619479,1865
CP048242.1,621361,126
CP048242.1,622395,1117
CP048242.1,622402,1190
CP048242.1,622427,537
CP048242.1,622752,136
CP048242.1,622759,4
CP048242.1,623101,21
CP048242.1,623362,1
CP048242.1,623538,39
CP048242.1,623845,401
CP048242.1,624524,1
CP048242.1,626104,18
CP048242.1,627782,1413
CP048242.1,627865,1156
CP048242.1,627867,2
CP048242.1,627869,668
CP048242.1,627891,1
CP048242.1,627899,1113
CP048242.1,627900,1
CP048242.1,627907,428
CP048242.1,627940,758
CP048242.1,628818,2959
CP048242.1,633300,1120
CP048242.1,633849,1
CP048242.1,634350,10
CP048242.1,634530,714
CP048242.1,634988,1133
CP048242.1,635453,438
CP048242.1,635914,1
CP048242.1,635959,1
CP048242.1,637771,1570
CP048242.1,637904,937
CP048242.1,638033,81
CP048242.1,638068,838
CP048242.1,640907,68
CP048242.1,643306,403
CP048242.1,643957,4547
CP048242.1,648670,6
CP048242.1,651888,42
CP048242.1,652546,84
CP048242.1,652578,894
CP048242.1,652585,329
CP048242.1,652718,687
CP048242.1,653667,683
CP048242.1,656474,870
CP048242.1,656784,1152
CP048242.1,657221,1
CP048242.1,657261,1
CP048242.1,657361,1567
CP048242.1,657454,666
CP048242.1,660501,255
CP048242.1,660836,3
CP048242.1,662414,431
CP048242.1,663230,11
CP048242.1,664803,1639
CP048242.1,665149,2618
CP048242.1,665156,92
CP048242.1,665247,1
CP048242.1,665249,577
CP048242.1,665265,803
CP048242.1,667070,1
CP048242.1,668308,1
CP048242.1,668364,1
CP048242.1,668398,1261
CP048242.1,668405,86
CP048242.1,668408,1
CP048242.1,668412,417
CP048242.1,668417,1619
CP048242.1,668422,176
CP048242.1,668441,29
CP048242.1,668449,20
CP048242.1,668553,68
CP048242.1,668555,360
CP048242.1,668560,1826
CP048242.1,668562,968
CP048242.1,668563,3639
CP048242.1,668639,1
CP048242.1,668660,1
CP048242.1,668668,1
CP048242.1,668675,3722
CP048242.1,668676,430
CP048242.1,668761,1
CP048242.1,668768,32
CP048242.1,668774,9
CP048242.1,668781,343
CP048242.1,668789,2206
CP048242.1,668803,13
CP048242.1,668820,72
CP048242.1,669256,686
CP048242.1,669930,192
CP048242.1,669937,2218
CP048242.1,670005,585
CP048242.1,672053,12
CP048242.1,673374,1
CP048242.1,673623,46
CP048242.1,674444,28
CP048242.1,676002,580
CP048242.1,676418,13
CP048242.1,676924,172
CP048242.1,678706,26
CP048242.1,678798,23
CP048242.1,678822,1983
CP048242.1,678829,65
CP048242.1,678951,711
CP048242.1,678982,173
CP048242.1,678989,285
CP048242.1,680928,311
CP048242.1,680935,2623
CP048242.1,680991,1160
CP048242.1,682875,761
CP048242.1,683127,245
CP048242.1,683212,26
CP048242.1,683239,1099
CP048242.1,685656,485
CP048242.1,685689,5
CP048242.1,686511,612
CP048242.1,687507,65
CP048242.1,689583,129
CP048242.1,692836,197
CP048242.1,697950,1
CP048242.1,698072,1435
CP048242.1,698079,15
CP048242.1,699143,351
CP048242.1,702344,1347
CP048242.1,703050,1941
CP048242.1,703062,55
CP048242.1,703382,1849
CP048242.1,703390,1
CP048242.1,703431,1027
CP048242.1,703592,31
CP048242.1,704875,1
CP048242.1,708053,3
CP048242.1,709155,1111
CP048242.1,710675,1
CP048242.1,710681,1
CP048242.1,711988,58
CP048242.1,712040,565
CP048242.1,712122,1088
CP048242.1,715289,22
CP048242.1,717141,158
CP048242.1,720314,1
CP048242.1,721306,856
CP048242.1,721313,29
CP048242.1,725422,5
CP048242.1,725575,28
CP048242.1,725758,1664
CP048242.1,727917,173
CP048242.1,728242,124
CP048242.1,728922,1596
CP048242.1,733136,30
CP048242.1,735193,8
CP048242.1,738463,138
CP048242.1,741883,110
CP048242.1,744199,325
CP048242.1,746048,1497
CP048242.1,746983,16
CP048242.1,747115,303
CP048242.1,747122,287
CP048242.1,747130,1243
CP048242.1,747212,492
CP048242.1,747390,980
CP048242.1,747405,1
CP048242.1,747466,37
CP048242.1,747473,592
CP048242.1,747511,2048
CP048242.1,748052,21
CP048242.1,748059,280
CP048242.1,748132,27
CP048242.1,748406,286
CP048242.1,748471,752
CP048242.1,748537,249
CP048242.1,749351,97
CP048242.1,749670,2
CP048242.1,749876,4
CP048242.1,749905,250
CP048242.1,750104,74
CP048242.1,750403,12
CP048242.1,750461,1
CP048242.1,751476,233
CP048242.1,751497,1
CP048242.1,751510,54
CP048242.1,751580,210
CP048242.1,751657,352
CP048242.1,751690,585
CP048242.1,752874,1
CP048242.1,753815,1247
CP048242.1,754968,657
CP048242.1,755327,1454
CP048242.1,755437,1
CP048242.1,755527,467
CP048242.1,755529,564
CP048242.1,755534,53
CP048242.1,755536,1468
CP048242.1,755626,10
CP048242.1,755690,3829
CP048242.1,755692,24
CP048242.1,755697,92
CP048242.1,755736,1013
CP048242.1,755762,4
CP048242.1,755768,1
CP048242.1,755802,1
CP048242.1,755816,679
CP048242.1,755823,190
CP048242.1,755853,76
CP048242.1,756004,228
CP048242.1,756076,2
CP048242.1,756096,1
CP048242.1,756098,239
CP048242.1,756100,342
CP048242.1,756103,459
CP048242.1,756105,4657
CP048242.1,756110,1226
CP048242.1,756117,2267
CP048242.1,756125,46
CP048242.1,756182,202
CP048242.1,756188,41
CP048242.1,756189,204
CP048242.1,756191,518
CP048242.1,756208,1
CP048242.1,756210,966
CP048242.1,756212,1
CP048242.1,756490,1
CP048242.1,760522,667
CP048242.1,760665,19
CP048242.1,760755,1
CP048242.1,760928,1136
CP048242.1,762259,37
CP048242.1,762718,585
CP048242.1,763340,67
CP048242.1,764924,1
CP048242.1,765012,53
CP048242.1,765019,1
CP048242.1,766459,1173
CP048242.1,767136,72
CP048242.1,767371,2
CP048242.1,767581,1189
CP048242.1,767763,63
CP048242.1,767913,2
CP048242.1,769675,2993
CP048242.1,769682,2057
CP048242.1,770619,1642
CP048242.1,771015,663
CP048242.1,771363,469
CP048242.1,771370,2
CP048242.1,771403,24
CP048242.1,771468,608
CP048242.1,771528,180
CP048242.1,771704,679
CP048242.1,771710,133
CP048242.1,771747,867
CP048242.1,772178,25
CP048242.1,773155,1
CP048242.1,773956,34
CP048242.1,774413,162
CP048242.1,777979,539
CP048242.1,777981,8
CP048242.1,778062,158
CP048242.1,778119,1245
CP048242.1,778171,32
CP048242.1,778184,257
CP048242.1,778222,31
CP048242.1,778230,461
CP048242.1,778988,108
CP048242.1,779434,1119
CP048242.1,786363,809
CP048242.1,786366,2882
CP048242.1,786424,95
CP048242.1,786463,94
CP048242.1,786505,9
CP048242.1,786514,1968
CP048242.1,786521,1328
CP048242.1,786551,224
CP048242.1,786558,787
CP048242.1,786585,370
CP048242.1,786592,190
CP048242.1,786610,1
CP048242.1,786654,160
CP048242.1,787257,685
CP048242.1,787881,1
CP048242.1,789764,92
CP048242.1,789773,1007
CP048242.1,789791,41
CP048242.1,789879,84
CP048242.1,791487,2
CP048242.1,791515,673
CP048242.1,791556,29
CP048242.1,791867,1
CP048242.1,792119,66
CP048242.1,792133,151
CP048242.1,792564,513
CP048242.1,793731,1516
CP048242.1,795076,62
CP048242.1,795134,85
CP048242.1,795173,8
CP048242.1,800760,2238
CP048242.1,800771,14
CP048242.1,800773,1
CP048242.1,800781,2
CP048242.1,800788,8
CP048242.1,800815,1037
CP048242.1,800855,12
CP048242.1,800858,839
CP048242.1,800861,306
CP048242.1,800865,2016
CP048242.1,800916,283
CP048242.1,801022,176
CP048242.1,801035,1596
CP048242.1,801172,802
CP048242.1,801195,1465
CP048242.1,801988,4205
CP048242.1,801992,3094
CP048242.1,802069,867
CP048242.1,802182,1473
CP048242.1,803288,8394
CP048242.1,803290,1720
CP048242.1,803295,62
CP048242.1,803297,210
CP048242.1,803326,168
CP048242.1,803606,1428
CP048242.1,804005,1
CP048242.1,810377,1672
CP048242.1,810393,1
CP048242.1,810400,661
CP048242.1,813784,815
CP048242.1,814946,408
CP048242.1,817989,1338
CP048242.1,820455,587
CP048242.1,822962,1
CP048242.1,824863,361
CP048242.1,824871,70
CP048242.1,829548,1
CP048242.1,829562,45
CP048242.1,829581,23
CP048242.1,831434,135
CP048242.1,831441,1
CP048242.1,832751,1
CP048242.1,833129,35
CP048242.1,833389,1
CP048242.1,833745,1166
CP048242.1,833921,1
CP048242.1,837902,1
CP048242.1,839104,44
CP048242.1,841959,1
CP048242.1,844796,885
CP048242.1,844961,1569
CP048242.1,844993,424
CP048242.1,845549,972
CP048242.1,845739,1
CP048242.1,846981,225
CP048242.1,847633,306
CP048242.1,847648,155
CP048242.1,847674,14
CP048242.1,849247,666
CP048242.1,849527,2
CP048242.1,849862,8
CP048242.1,849933,924
CP048242.1,850120,83
CP048242.1,853408,1
CP048242.1,853415,1471
CP048242.1,853461,57
CP048242.1,853511,17
CP048242.1,854047,3
CP048242.1,854693,1
CP048242.1,854864,564
CP048242.1,854906,1
CP048242.1,854909,3511
CP048242.1,854911,3
CP048242.1,855044,458
CP048242.1,855690,1
CP048242.1,855697,1364
CP048242.1,855836,980
CP048242.1,855901,5
CP048242.1,855940,277
CP048242.1,856246,1
CP048242.1,856450,678
CP048242.1,856555,2
CP048242.1,856714,915
CP048242.1,856719,19
CP048242.1,856721,15
CP048242.1,856727,1
CP048242.1,857615,2031
CP048242.1,857720,2468
CP048242.1,857835,1
CP048242.1,858250,64
CP048242.1,858442,241
CP048242.1,858670,99
CP048242.1,858724,1
CP048242.1,858848,1
CP048242.1,859136,1
CP048242.1,859467,473
CP048242.1,859747,20
CP048242.1,859773,207
CP048242.1,859776,1091
CP048242.1,859814,36
CP048242.1,859824,1
CP048242.1,859928,27
CP048242.1,859971,1
CP048242.1,859993,1
CP048242.1,860050,64
CP048242.1,860293,2
CP048242.1,860718,31
CP048242.1,860762,2699
CP048242.1,860918,1
CP048242.1,860920,1
CP048242.1,860922,2868
CP048242.1,860925,637
CP048242.1,860927,152
CP048242.1,860929,6
CP048242.1,860972,920
CP048242.1,861088,1
CP048242.1,861169,2211
CP048242.1,861239,1
CP048242.1,861512,1
CP048242.1,861530,2
CP048242.1,861716,15
CP048242.1,861773,1
CP048242.1,862210,64
CP048242.1,862244,964
CP048242.1,862276,669
CP048242.1,862297,514
CP048242.1,862298,1219
CP048242.1,862365,2726
CP048242.1,862425,4
CP048242.1,862444,85
CP048242.1,862451,1116
CP048242.1,862453,1
CP048242.1,862455,1070
CP048242.1,862464,1513
CP048242.1,862506,48
CP048242.1,862512,419
CP048242.1,862534,2040
CP048242.1,862541,119
CP048242.1,862544,561
CP048242.1,862582,1229
CP048242.1,862632,1
CP048242.1,862672,1
CP048242.1,862679,1551
CP048242.1,862966,1661
CP048242.1,862984,624
CP048242.1,863860,775
CP048242.1,864460,1
CP048242.1,864467,4719
CP048242.1,864509,1
CP048242.1,864638,1
CP048242.1,864728,2926
CP048242.1,865010,767
CP048242.1,866987,25
CP048242.1,866994,1058
CP048242.1,867132,50
CP048242.1,868908,3
CP048242.1,871493,161
CP048242.1,871495,653
CP048242.1,871496,1360
CP048242.1,871502,159
CP048242.1,873597,966
CP048242.1,873599,74
CP048242.1,873630,69
CP048242.1,874510,2152
CP048242.1,874905,594
CP048242.1,875111,1445
CP048242.1,875118,403
CP048242.1,878231,3370
CP048242.1,878244,64
CP048242.1,878251,16
CP048242.1,878563,1
CP048242.1,878774,316
CP048242.1,879084,1
CP048242.1,879675,694
CP048242.1,880674,102
CP048242.1,881226,3
CP048242.1,881295,761
CP048242.1,881377,78
CP048242.1,881505,1933
CP048242.1,881543,1
CP048242.1,881611,26
CP048242.1,881640,2997
CP048242.1,881647,45
CP048242.1,881696,665
CP048242.1,881773,1363
CP048242.1,881798,64
CP048242.1,881805,612
CP048242.1,881819,2174
CP048242.1,881913,740
CP048242.1,881975,1938
CP048242.1,882372,1394
CP048242.1,882374,1939
CP048242.1,882551,2
CP048242.1,884236,827
CP048242.1,884950,162
CP048242.1,885116,1274
CP048242.1,885123,251
CP048242.1,885344,790
CP048242.1,887812,2
CP048242.1,888063,699
CP048242.1,888295,1
CP048242.1,888416,19
CP048242.1,888536,890
CP048242.1,888643,551
CP048242.1,888957,1072
CP048242.1,889087,376
CP048242.1,889093,1949
CP048242.1,889126,731
CP048242.1,889264,1837
CP048242.1,890793,1571
CP048242.1,891558,890
CP048242.1,891565,1
CP048242.1,891578,895
CP048242.1,891622,489
CP048242.1,892992,496
CP048242.1,893411,93
CP048242.1,893418,498
CP048242.1,896263,1347
CP048242.1,898288,4
CP048242.1,898433,1
CP048242.1,898453,284
CP048242.1,898474,1
CP048242.1,898554,664
CP048242.1,898570,1263
CP048242.1,899477,3271
CP048242.1,899484,33
CP048242.1,900311,2766
CP048242.1,900753,1302
CP048242.1,902508,388
CP048242.1,902513,156
CP048242.1,904411,682
CP048242.1,904418,606
CP048242.1,905291,1349
CP048242.1,905506,2
CP048242.1,905712,982
CP048242.1,907026,435
CP048242.1,907052,32
CP048242.1,907069,1067
CP048242.1,907076,4617
CP048242.1,907168,692
CP048242.1,907175,185
CP048242.1,907257,1080
CP048242.1,907475,2
CP048242.1,908738,1353
CP048242.1,910886,863
CP048242.1,911314,940
CP048242.1,913536,1
CP048242.1,916260,88
CP048242.1,918183,1
CP048242.1,918232,1
CP048242.1,918335,1
CP048242.1,918483,4178
CP048242.1,918488,1
CP048242.1,918490,5847
CP048242.1,918492,2
CP048242.1,918496,203
CP048242.1,918499,591
CP048242.1,918507,1199
CP048242.1,918628,260
CP048242.1,918651,2
CP048242.1,918659,1026
CP048242.1,918749,36
CP048242.1,918756,39
CP048242.1,923156,199
CP048242.1,929707,1
CP048242.1,931210,452
CP048242.1,931311,143
CP048242.1,931705,1658
CP048242.1,931852,190
CP048242.1,934254,1156
CP048242.1,934435,521
CP048242.1,934442,840
CP048242.1,934588,1069
CP048242.1,934937,861
CP048242.1,935235,569
CP048242.1,935878,71
CP048242.1,936663,1
CP048242.1,937004,172
CP048242.1,937035,1142
CP048242.1,937097,40
CP048242.1,937104,3
CP048242.1,945033,127
CP048242.1,945205,2216
CP048242.1,945881,1
CP048242.1,945909,2
CP048242.1,945916,3955
CP048242.1,947325,1
CP048242.1,948002,585
CP048242.1,950299,792
CP048242.1,950322,1581
CP048242.1,950329,705
CP048242.1,950633,2302
CP048242.1,950636,643
CP048242.1,950666,1
CP048242.1,950714,1185
CP048242.1,950716,2169
CP048242.1,950717,811
CP048242.1,950734,1583
CP048242.1,950738,60
CP048242.1,950741,1
CP048242.1,950745,1411
CP048242.1,950765,1385
CP048242.1,950777,6613
CP048242.1,950784,8032
CP048242.1,953931,4295
CP048242.1,953944,1
CP048242.1,954008,131
CP048242.1,954030,937
CP048242.1,954048,33
CP048242.1,956149,457
CP048242.1,956201,15
CP048242.1,961739,355
CP048242.1,964324,1
CP048242.1,965397,1
CP048242.1,967618,1033
CP048242.1,967625,1
CP048242.1,967720,244
CP048242.1,967989,737
CP048242.1,968015,774
CP048242.1,970400,8
CP048242.1,971259,1
CP048242.1,971781,1136
CP048242.1,971822,225
CP048242.1,971862,1917
CP048242.1,971864,1
CP048242.1,971869,158
CP048242.1,973299,3796
CP048242.1,973472,812
CP048242.1,973675,1920
CP048242.1,974907,112
CP048242.1,974935,8
CP048242.1,975473,39
CP048242.1,975648,110
CP048242.1,976356,944
CP048242.1,976369,1476
CP048242.1,976373,8
CP048242.1,976418,3
CP048242.1,979176,172
CP048242.1,979495,1
CP048242.1,988376,1478
CP048242.1,988398,865
CP048242.1,988406,13
CP048242.1,988467,46
CP048242.1,988480,2031
CP048242.1,988559,401
CP048242.1,989721,538
CP048242.1,989785,914
CP048242.1,989786,1
CP048242.1,989880,985
CP048242.1,989919,1697
CP048242.1,992271,540
CP048242.1,992909,1
CP048242.1,992942,342
CP048242.1,992943,1
CP048242.1,993057,1730
CP048242.1,993064,3125
CP048242.1,993082,1
CP048242.1,993357,454
CP048242.1,993457,1
CP048242.1,993459,1
CP048242.1,993464,4
CP048242.1,995579,1341
CP048242.1,995583,5768
CP048242.1,995584,78
CP048242.1,995586,918
CP048242.1,995590,8259
CP048242.1,995609,89
CP048242.1,995657,2510
CP048242.1,996014,2
CP048242.1,996174,1
CP048242.1,996818,479
CP048242.1,997558,1
CP048242.1,997786,1
CP048242.1,997925,2084
CP048242.1,998043,1391
CP048242.1,998189,1316
CP048242.1,998533,385
CP048242.1,998668,14
CP048242.1,998769,13
CP048242.1,998840,1596
CP048242.1,999019,1
CP048242.1,999192,422
CP048242.1,999423,1
CP048242.1,999908,102
CP048242.1,999943,406
CP048242.1,1000218,1
CP048242.1,1000943,1
CP048242.1,1000985,1
CP048242.1,1000989,310
CP048242.1,1001141,1089
CP048242.1,1001262,1
CP048242.1,1001307,1
CP048242.1,1001488,1
CP048242.1,1001600,1
CP048242.1,1001878,22
CP048242.1,1002085,90
CP048242.1,1002092,2003
CP048242.1,1002389,2
CP048242.1,1002454,1
CP048242.1,1002617,1
CP048242.1,1002841,22
CP048242.1,1003447,1
CP048242.1,1003454,1
CP048242.1,1003783,130
CP048242.1,1003789,1
CP048242.1,1003796,1254
CP048242.1,1004188,87
CP048242.1,1004190,1
CP048242.1,1004194,1343
CP048242.1,1004200,1385
CP048242.1,1004241,6
CP048242.1,1004248,1
CP048242.1,1004328,97
CP048242.1,1004412,38
CP048242.1,1004641,1
CP048242.1,1004982,1
CP048242.1,1005080,1527
CP048242.1,1005093,1365
CP048242.1,1005217,994
CP048242.1,1005302,1
CP048242.1,1005319,713
CP048242.1,1006037,865
CP048242.1,1006178,258
CP048242.1,1008430,465
CP048242.1,1009960,178
CP048242.1,1010169,172
CP048242.1,1010204,1
CP048242.1,1010211,1490
CP048242.1,1010343,1
CP048242.1,1010496,1
CP048242.1,1010519,1016
CP048242.1,1010550,418
CP048242.1,1011284,1
CP048242.1,1011364,21
CP048242.1,1012121,30
CP048242.1,1012383,3778
CP048242.1,1012401,1127
CP048242.1,1012406,762
CP048242.1,1012447,424
CP048242.1,1012456,4
CP048242.1,1012463,1
CP048242.1,1012471,1402
CP048242.1,1012472,2725
CP048242.1,1012476,664
CP048242.1,1012479,325
CP048242.1,1012513,537
CP048242.1,1012605,1166
CP048242.1,1012640,54
CP048242.1,1012653,447
CP048242.1,1012679,764
CP048242.1,1012690,1
CP048242.1,1012884,232
CP048242.1,1012919,9
CP048242.1,1012926,794
CP048242.1,1013086,122
CP048242.1,1013117,286
CP048242.1,1013143,1
CP048242.1,1013250,233
CP048242.1,1013295,87
CP048242.1,1013388,588
CP048242.1,1013404,855
CP048242.1,1015120,1086
CP048242.1,1015420,4
CP048242.1,1017099,115
CP048242.1,1019180,735
CP048242.1,1019187,1001
CP048242.1,1019686,136
CP048242.1,1019930,1
CP048242.1,1020066,1457
CP048242.1,1020176,10
CP048242.1,1020409,54
CP048242.1,1021079,416
CP048242.1,1022574,327
CP048242.1,1022685,76
CP048242.1,1022729,1294
CP048242.1,1023083,2
CP048242.1,1023113,403
CP048242.1,1026028,1
CP048242.1,1026937,1
CP048242.1,1027672,2670
CP048242.1,1027820,118
CP048242.1,1027955,28
CP048242.1,1028093,1319
CP048242.1,1028102,219
CP048242.1,1028748,1988
CP048242.1,1029186,277
CP048242.1,1029454,1102
CP048242.1,1029698,17
CP048242.1,1030427,1
CP048242.1,1030622,1
CP048242.1,1030799,1
CP048242.1,1030812,256
CP048242.1,1030873,817
CP048242.1,1030881,1
CP048242.1,1030888,146
CP048242.1,1030925,1
CP048242.1,1030981,550
CP048242.1,1031175,6
CP048242.1,1031188,1
CP048242.1,1031338,6
CP048242.1,1031345,1399
CP048242.1,1031366,813
CP048242.1,1031388,58
CP048242.1,1031564,122
CP048242.1,1031571,1
CP048242.1,1031640,580
CP048242.1,1031832,638
CP048242.1,1032393,2913
CP048242.1,1032466,87
CP048242.1,1032470,1
CP048242.1,1032510,1245
CP048242.1,1032512,1464
CP048242.1,1032517,1
CP048242.1,1032519,2
CP048242.1,1032742,1054
CP048242.1,1032744,1361
CP048242.1,1032749,696
CP048242.1,1032751,735
CP048242.1,1032772,1
CP048242.1,1035285,458
CP048242.1,1036930,9
CP048242.1,1037076,736
CP048242.1,1037905,2
CP048242.1,1037947,449
CP048242.1,1038165,1
CP048242.1,1038184,1345
CP048242.1,1038222,926
CP048242.1,1039095,1
CP048242.1,1039889,8422
CP048242.1,1039896,3897
CP048242.1,1040046,866
CP048242.1,1040071,695
CP048242.1,1040150,1619
CP048242.1,1040151,36
CP048242.1,1040175,1593
CP048242.1,1040189,6782
CP048242.1,1040190,1096
CP048242.1,1040232,37
CP048242.1,1040358,1
CP048242.1,1041498,2
CP048242.1,1042330,311
CP048242.1,1042338,593
CP048242.1,1042470,1
CP048242.1,1042836,25
CP048242.1,1043024,293
CP048242.1,1043404,1546
CP048242.1,1043441,547
CP048242.1,1045026,233
CP048242.1,1045039,11
CP048242.1,1045141,1744
CP048242.1,1045189,167
CP048242.1,1046650,177
CP048242.1,1046831,1
CP048242.1,1047720,764
CP048242.1,1048431,3309
CP048242.1,1048469,91
CP048242.1,1048555,569
CP048242.1,1050239,191
CP048242.1,1050474,1073
CP048242.1,1050543,726
CP048242.1,1050618,969
CP048242.1,1050625,1
CP048242.1,1050641,346
CP048242.1,1050658,1
CP048242.1,1050781,52
CP048242.1,1050807,1599
CP048242.1,1051449,2678
CP048242.1,1051921,1
CP048242.1,1052292,2387
CP048242.1,1052299,382
CP048242.1,1052377,106
CP048242.1,1053718,629
CP048242.1,1053725,1
CP048242.1,1053853,360
CP048242.1,1053925,1
CP048242.1,1054010,1871
CP048242.1,1054016,3904
CP048242.1,1054018,920
CP048242.1,1054019,1
CP048242.1,1054023,1311
CP048242.1,1054036,1431
CP048242.1,1054042,1726
CP048242.1,1054073,3385
CP048242.1,1054080,1191
CP048242.1,1054159,206
CP048242.1,1054172,793
CP048242.1,1054235,17
CP048242.1,1054250,305
CP048242.1,1054273,1
CP048242.1,1054299,21
CP048242.1,1054313,3724
CP048242.1,1054320,2954
CP048242.1,1054344,1
CP048242.1,1054349,538
CP048242.1,1054379,109
CP048242.1,1054390,1299
CP048242.1,1054392,1763
CP048242.1,1054410,629
CP048242.1,1054420,737
CP048242.1,1054424,3
CP048242.1,1054426,1281
CP048242.1,1054433,101
CP048242.1,1054518,468
CP048242.1,1054525,1
CP048242.1,1054583,4595
CP048242.1,1054587,1
CP048242.1,1054590,4511
CP048242.1,1054617,565
CP048242.1,1054618,278
CP048242.1,1054620,1
CP048242.1,1054625,1948
CP048242.1,1054639,1
CP048242.1,1054645,8
CP048242.1,1054647,1097
CP048242.1,1054652,1810
CP048242.1,1054654,832
CP048242.1,1054668,1
CP048242.1,1054672,2243
CP048242.1,1054674,2221
CP048242.1,1054675,2653
CP048242.1,1054679,11
CP048242.1,1054681,1758
CP048242.1,1054683,1780
CP048242.1,1054690,33
CP048242.1,1054704,2
CP048242.1,1054706,3857
CP048242.1,1054711,1
CP048242.1,1054713,3905
CP048242.1,1054720,1380
CP048242.1,1054727,1088
CP048242.1,1054741,662
CP048242.1,1054749,16
CP048242.1,1054757,953
CP048242.1,1054764,6175
CP048242.1,1054766,17
CP048242.1,1054815,4
CP048242.1,1054839,615
CP048242.1,1054846,1
CP048242.1,1054907,1486
CP048242.1,1055056,1125
CP048242.1,1055085,553
CP048242.1,1055122,272
CP048242.1,1055345,1183
CP048242.1,1055380,824
CP048242.1,1055439,1429
CP048242.1,1055452,15
CP048242.1,1055502,2975
CP048242.1,1055522,62
CP048242.1,1056404,1587
CP048242.1,1057473,1
CP048242.1,1057620,701
CP048242.1,1057674,1498
CP048242.1,1057721,4
CP048242.1,1057741,894
CP048242.1,1057748,1689
CP048242.1,1057950,4
CP048242.1,1057984,549
CP048242.1,1058011,17
CP048242.1,1058018,1093
CP048242.1,1058319,1
CP048242.1,1058324,376
CP048242.1,1058441,397
CP048242.1,1058782,3
CP048242.1,1059122,2
CP048242.1,1059126,1
CP048242.1,1059146,5
CP048242.1,1059323,1
CP048242.1,1059584,192
CP048242.1,1059615,150
CP048242.1,1059651,715
CP048242.1,1059657,1311
CP048242.1,1059752,79
CP048242.1,1059799,37
CP048242.1,1059890,1656
CP048242.1,1059892,1
CP048242.1,1059899,928
CP048242.1,1059988,668
CP048242.1,1060170,85
CP048242.1,1060172,3
CP048242.1,1060179,4
CP048242.1,1060272,46
CP048242.1,1060277,1832
CP048242.1,1060325,63
CP048242.1,1060621,8
CP048242.1,1060800,84
CP048242.1,1060821,1
CP048242.1,1060927,1451
CP048242.1,1068730,1386
CP048242.1,1068731,764
CP048242.1,1068772,1
CP048242.1,1068896,1
CP048242.1,1068905,669
CP048242.1,1068935,3321
CP048242.1,1068941,2313
CP048242.1,1069004,33
CP048242.1,1069011,1
CP048242.1,1069034,146
CP048242.1,1069098,1075
CP048242.1,1069122,1
CP048242.1,1069172,284
CP048242.1,1069815,15
CP048242.1,1070134,992
CP048242.1,1070175,1081
CP048242.1,1070201,2493
CP048242.1,1070214,917
CP048242.1,1070384,42
CP048242.1,1071095,1
CP048242.1,1071927,1550
CP048242.1,1071971,1
CP048242.1,1072449,257
CP048242.1,1072617,590
CP048242.1,1073304,719
CP048242.1,1073544,1
CP048242.1,1073675,1
CP048242.1,1073682,1243
CP048242.1,1077281,265
CP048242.1,1077302,89
CP048242.1,1077303,19
CP048242.1,1077354,245
CP048242.1,1077387,1854
CP048242.1,1077394,356
CP048242.1,1077395,1974
CP048242.1,1078608,1
CP048242.1,1079891,52
CP048242.1,1080796,887
CP048242.1,1081760,666
CP048242.1,1081998,149
CP048242.1,1082306,2793
CP048242.1,1083251,232
CP048242.1,1083331,1733
CP048242.1,1083522,1616
CP048242.1,1084334,101
CP048242.1,1085097,20
CP048242.1,1085528,468
CP048242.1,1085612,1154
CP048242.1,1085969,106
CP048242.1,1087091,76
CP048242.1,1087153,882
CP048242.1,1088571,118
CP048242.1,1088748,478
CP048242.1,1089399,4218
CP048242.1,1089498,23
CP048242.1,1089608,1876
CP048242.1,1089720,3
CP048242.1,1089726,837
CP048242.1,1089913,97
CP048242.1,1089915,1
CP048242.1,1090121,1
CP048242.1,1090128,1014
CP048242.1,1090151,5852
CP048242.1,1090223,41
CP048242.1,1090225,2380
CP048242.1,1090227,2578
CP048242.1,1090229,1129
CP048242.1,1090248,8191
CP048242.1,1090255,4523
CP048242.1,1090284,1421
CP048242.1,1090291,1
CP048242.1,1090298,11
CP048242.1,1090315,656
CP048242.1,1090323,1774
CP048242.1,1090579,4663
CP048242.1,1090628,7
CP048242.1,1091437,1247
CP048242.1,1092330,1105
CP048242.1,1092965,2069
CP048242.1,1093002,3
CP048242.1,1094011,191
CP048242.1,1094358,1358
CP048242.1,1094501,33
CP048242.1,1094865,66
CP048242.1,1094967,806
CP048242.1,1094971,863
CP048242.1,1095381,5
CP048242.1,1095395,1
CP048242.1,1096388,1682
CP048242.1,1096934,1
CP048242.1,1097097,1
CP048242.1,1098601,723
CP048242.1,1098602,1
CP048242.1,1098823,106
CP048242.1,1098854,1118
CP048242.1,1098861,55
CP048242.1,1098896,1
CP048242.1,1099069,1
CP048242.1,1099184,440
CP048242.1,1099187,257
CP048242.1,1099314,1756
CP048242.1,1100031,604
CP048242.1,1100224,4
CP048242.1,1100367,1
CP048242.1,1102863,9
CP048242.1,1102992,30
CP048242.1,1102999,328
CP048242.1,1103030,1
CP048242.1,1103173,10
CP048242.1,1103235,1390
CP048242.1,1103237,1231
CP048242.1,1103240,29
CP048242.1,1103242,126
CP048242.1,1103244,1544
CP048242.1,1103255,1354
CP048242.1,1103257,1857
CP048242.1,1103264,2518
CP048242.1,1103266,2
CP048242.1,1103420,1
CP048242.1,1103646,50
CP048242.1,1103649,877
CP048242.1,1103699,1826
CP048242.1,1103700,56
CP048242.1,1103745,1
CP048242.1,1103919,63
CP048242.1,1104440,2000
CP048242.1,1104564,1978
CP048242.1,1104639,27
CP048242.1,1104820,1
CP048242.1,1105312,1
CP048242.1,1109527,11
CP048242.1,1109629,2903
CP048242.1,1109902,57
CP048242.1,1110131,24
CP048242.1,1110491,1038
CP048242.1,1110885,2125
CP048242.1,1114996,790
CP048242.1,1115583,313
CP048242.1,1115684,2507
CP048242.1,1116001,185
CP048242.1,1116028,68
CP048242.1,1116163,1773
CP048242.1,1116556,1052
CP048242.1,1116722,7
CP048242.1,1116734,1
CP048242.1,1116769,1
CP048242.1,1116793,1482
CP048242.1,1116795,890
CP048242.1,1116802,1
CP048242.1,1116814,1
CP048242.1,1116947,1699
CP048242.1,1117030,1
CP048242.1,1117053,268
CP048242.1,1117070,1121
CP048242.1,1119826,1051
CP048242.1,1120113,2427
CP048242.1,1120147,1
CP048242.1,1120201,916
CP048242.1,1122292,83
CP048242.1,1125087,1558
CP048242.1,1125275,971
CP048242.1,1127218,31
CP048242.1,1131275,1
CP048242.1,1131282,2
CP048242.1,1133539,1216
CP048242.1,1133627,1375
CP048242.1,1133885,2
CP048242.1,1135815,1326
CP048242.1,1135825,1
CP048242.1,1135857,1
CP048242.1,1136002,113
CP048242.1,1137018,1365
CP048242.1,1137025,383
CP048242.1,1137038,1427
CP048242.1,1137484,182
CP048242.1,1137516,291
CP048242.1,1137658,952
CP048242.1,1138088,2386
CP048242.1,1138849,1
CP048242.1,1139534,2
CP048242.1,1139535,497
CP048242.1,1146914,47
CP048242.1,1149294,1511
CP048242.1,1150793,22
CP048242.1,1151435,711
CP048242.1,1151531,1000
CP048242.1,1151533,1050
CP048242.1,1166664,129
CP048242.1,1168610,632
CP048242.1,1169923,2
CP048242.1,1169930,252
CP048242.1,1170063,1
CP048242.1,1170069,787
CP048242.1,1170118,1
CP048242.1,1170129,99
CP048242.1,1170153,3
CP048242.1,1170234,323
CP048242.1,1170322,968
CP048242.1,1170663,1799
CP048242.1,1171924,841
CP048242.1,1172102,335
CP048242.1,1172325,180
CP048242.1,1172364,463
CP048242.1,1172417,11
CP048242.1,1172439,1711
CP048242.1,1172542,257
CP048242.1,1172549,71
CP048242.1,1172581,2285
CP048242.1,1172661,1513
CP048242.1,1172701,4693
CP048242.1,1172703,795
CP048242.1,1172938,2376
CP048242.1,1172964,1
CP048242.1,1172997,1540
CP048242.1,1173003,1309
CP048242.1,1173093,77
CP048242.1,1173135,1626
CP048242.1,1173210,7
CP048242.1,1173287,514
CP048242.1,1173296,29
CP048242.1,1173327,1063
CP048242.1,1173391,1
CP048242.1,1173398,2
CP048242.1,1173483,1796
CP048242.1,1173566,8
CP048242.1,1173573,958
CP048242.1,1173649,2850
CP048242.1,1173656,1382
CP048242.1,1173694,2230
CP048242.1,1173701,2507
CP048242.1,1173724,28
CP048242.1,1173810,155
CP048242.1,1174128,5
CP048242.1,1174135,2890
CP048242.1,1174206,82
CP048242.1,1174222,105
CP048242.1,1174662,283
CP048242.1,1174664,2
CP048242.1,1175055,1
CP048242.1,1175083,1359
CP048242.1,1175095,861
CP048242.1,1175186,73
CP048242.1,1175239,1406
CP048242.1,1175514,31
CP048242.1,1175866,694
CP048242.1,1176141,15
CP048242.1,1176206,1
CP048242.1,1176470,1553
CP048242.1,1176472,2851
CP048242.1,1176506,940
CP048242.1,1176649,1523
CP048242.1,1176818,1441
CP048242.1,1176842,635
CP048242.1,1176849,1080
CP048242.1,1176859,491
CP048242.1,1176882,1652
CP048242.1,1176922,156
CP048242.1,1176967,972
CP048242.1,1177008,1499
CP048242.1,1177025,62
CP048242.1,1177122,449
CP048242.1,1177130,188
CP048242.1,1177132,5
CP048242.1,1177166,11
CP048242.1,1177173,586
CP048242.1,1177278,1
CP048242.1,1178986,173
CP048242.1,1179197,52
CP048242.1,1180891,269
CP048242.1,1181369,25
CP048242.1,1181372,2014
CP048242.1,1181404,8
CP048242.1,1181623,1385
CP048242.1,1181911,1246
CP048242.1,1181958,797
CP048242.1,1181965,1309
CP048242.1,1181996,1521
CP048242.1,1182175,326
CP048242.1,1182227,3500
CP048242.1,1184440,1509
CP048242.1,1184974,12
CP048242.1,1184982,34
CP048242.1,1185051,19
CP048242.1,1185729,3
CP048242.1,1185733,388
CP048242.1,1185734,1
CP048242.1,1188316,58
CP048242.1,1189627,1
CP048242.1,1190249,106
CP048242.1,1193709,88
CP048242.1,1193965,1
CP048242.1,1194296,5
CP048242.1,1194410,48
CP048242.1,1194639,827
CP048242.1,1197415,108
CP048242.1,1198428,2
CP048242.1,1201968,1475
CP048242.1,1201975,1
CP048242.1,1202022,88
CP048242.1,1202281,4
CP048242.1,1202683,172
CP048242.1,1202807,72
CP048242.1,1202845,1
CP048242.1,1203122,25
CP048242.1,1205975,1
CP048242.1,1205982,767
CP048242.1,1206058,508
CP048242.1,1206099,673
CP048242.1,1207616,291
CP048242.1,1207819,6
CP048242.1,1208069,1128
CP048242.1,1208150,453
CP048242.1,1208157,365
CP048242.1,1208255,1
CP048242.1,1208347,39
CP048242.1,1208377,1
CP048242.1,1208384,1
CP048242.1,1208397,1345
CP048242.1,1208424,1
CP048242.1,1208519,1
CP048242.1,1208526,2494
CP048242.1,1208528,1
CP048242.1,1208642,1
CP048242.1,1208695,1220
CP048242.1,1208796,58
CP048242.1,1208872,1142
CP048242.1,1208977,1
CP048242.1,1208984,1066
CP048242.1,1209131,99
CP048242.1,1209158,1773
CP048242.1,1209599,1172
CP048242.1,1209612,197
CP048242.1,1212651,950
CP048242.1,1213230,1
CP048242.1,1213262,39
CP048242.1,1213643,1586
CP048242.1,1214964,324
CP048242.1,1215085,1
CP048242.1,1215131,947
CP048242.1,1215535,433
CP048242.1,1215737,459
CP048242.1,1215828,593
CP048242.1,1215980,607
CP048242.1,1219832,2
CP048242.1,1219911,426
CP048242.1,1220096,470
CP048242.1,1221102,1
CP048242.1,1227751,41
CP048242.1,1227984,1
CP048242.1,1228017,1915
CP048242.1,1228099,86
CP048242.1,1228158,639
CP048242.1,1228221,353
CP048242.1,1228228,1
CP048242.1,1228235,1366
CP048242.1,1229260,1
CP048242.1,1229799,1773
CP048242.1,1230005,17
CP048242.1,1230007,100
CP048242.1,1230762,98
CP048242.1,1233456,2
CP048242.1,1236659,1
CP048242.1,1239197,1161
CP048242.1,1239204,1187
CP048242.1,1241852,2500
CP048242.1,1242111,1
CP048242.1,1242145,1114
CP048242.1,1242225,145
CP048242.1,1242398,501
CP048242.1,1242405,2570
CP048242.1,1242446,1
CP048242.1,1242470,1166
CP048242.1,1244395,1049
CP048242.1,1244449,19
CP048242.1,1244541,409
CP048242.1,1244597,1409
CP048242.1,1244604,1155
CP048242.1,1244650,464
CP048242.1,1244760,1
CP048242.1,1245150,1
CP048242.1,1245671,553
CP048242.1,1245676,721
CP048242.1,1245687,3
CP048242.1,1245693,28
CP048242.1,1245767,4
CP048242.1,1245769,1813
CP048242.1,1247897,131
CP048242.1,1247936,698
CP048242.1,1248083,3
CP048242.1,1248489,1
CP048242.1,1248565,1984
CP048242.1,1248626,1150
CP048242.1,1248629,2
CP048242.1,1248668,1
CP048242.1,1249029,278
CP048242.1,1249096,25
CP048242.1,1249381,1
CP048242.1,1249388,548
CP048242.1,1249463,1
CP048242.1,1249465,360
CP048242.1,1249472,1214
CP048242.1,1249644,117
CP048242.1,1249723,1043
CP048242.1,1249730,1448
CP048242.1,1249732,1
CP048242.1,1249753,1119
CP048242.1,1249939,3140
CP048242.1,1250036,4751
CP048242.1,1250114,2299
CP048242.1,1250202,378
CP048242.1,1250305,3322
CP048242.1,1250326,1148
CP048242.1,1250327,1
CP048242.1,1250333,2
CP048242.1,1250341,143
CP048242.1,1250344,2
CP048242.1,1250381,115
CP048242.1,1250395,141
CP048242.1,1250472,921
CP048242.1,1250479,611
CP048242.1,1251847,1
CP048242.1,1252278,850
CP048242.1,1254863,1
CP048242.1,1254870,688
CP048242.1,1254901,2749
CP048242.1,1255161,1
CP048242.1,1255311,1015
CP048242.1,1255368,1
CP048242.1,1255370,966
CP048242.1,1255376,817
CP048242.1,1255377,272
CP048242.1,1255378,1466
CP048242.1,1256147,1
CP048242.1,1256168,2
CP048242.1,1260267,1090
CP048242.1,1260306,129
CP048242.1,1260422,91
CP048242.1,1261409,1
CP048242.1,1262972,321
CP048242.1,1263574,2516
CP048242.1,1263581,3896
CP048242.1,1263583,2
CP048242.1,1263607,1447
CP048242.1,1266723,54
CP048242.1,1267980,131
CP048242.1,1271885,37
CP048242.1,1272027,1
CP048242.1,1275280,588
CP048242.1,1275400,17
CP048242.1,1275477,140
CP048242.1,1275484,202
CP048242.1,1275502,920
CP048242.1,1275509,692
CP048242.1,1275696,652
CP048242.1,1275729,944
CP048242.1,1275795,90
CP048242.1,1276205,1181
CP048242.1,1277799,37
CP048242.1,1277873,1
CP048242.1,1281252,1272
CP048242.1,1281324,1
CP048242.1,1281331,1
CP048242.1,1281372,404
CP048242.1,1282079,1
CP048242.1,1283446,4
CP048242.1,1284581,1
CP048242.1,1284584,1243
CP048242.1,1285025,1
CP048242.1,1285366,2514
CP048242.1,1285411,1
CP048242.1,1285668,6
CP048242.1,1285751,119
CP048242.1,1286488,1
CP048242.1,1287418,1217
CP048242.1,1288300,1227
CP048242.1,1288402,1
CP048242.1,1293160,1275
CP048242.1,1294799,1
CP048242.1,1294812,1032
CP048242.1,1294819,1044
CP048242.1,1294825,1158
CP048242.1,1295518,1516
CP048242.1,1295624,452
CP048242.1,1296078,1315
CP048242.1,1298870,1
CP048242.1,1300367,314
CP048242.1,1300378,1114
CP048242.1,1301591,1250
CP048242.1,1305586,1
CP048242.1,1306047,181
CP048242.1,1306072,1830
CP048242.1,1306206,976
CP048242.1,1306283,1
CP048242.1,1306394,1
CP048242.1,1306419,58
CP048242.1,1306473,1
CP048242.1,1306567,339
CP048242.1,1306599,1236
CP048242.1,1306816,3
CP048242.1,1306817,136
CP048242.1,1306818,1
CP048242.1,1306846,507
CP048242.1,1306947,81
CP048242.1,1306976,1693
CP048242.1,1307063,1
CP048242.1,1307202,2789
CP048242.1,1307227,12
CP048242.1,1307396,514
CP048242.1,1307402,3404
CP048242.1,1307411,2
CP048242.1,1307439,175
CP048242.1,1307470,12
CP048242.1,1307471,286
CP048242.1,1307715,1
CP048242.1,1307771,1208
CP048242.1,1307871,1522
CP048242.1,1307881,1
CP048242.1,1307883,1235
CP048242.1,1307885,60
CP048242.1,1307887,3
CP048242.1,1307892,2
CP048242.1,1307924,1
CP048242.1,1308067,15
CP048242.1,1308120,1
CP048242.1,1308209,1
CP048242.1,1308269,6
CP048242.1,1308505,1638
CP048242.1,1311750,47
CP048242.1,1313199,1553
CP048242.1,1313263,2964
CP048242.1,1313270,1186
CP048242.1,1313293,2
CP048242.1,1313352,1
CP048242.1,1313508,1
CP048242.1,1313540,349
CP048242.1,1313547,20
CP048242.1,1313645,804
CP048242.1,1313652,9237
CP048242.1,1313711,22
CP048242.1,1313754,3
CP048242.1,1313815,83
CP048242.1,1314724,44
CP048242.1,1316080,68
CP048242.1,1316214,325
CP048242.1,1316386,915
CP048242.1,1317263,1
CP048242.1,1317683,1
CP048242.1,1317711,1765
CP048242.1,1317740,2264
CP048242.1,1317743,1
CP048242.1,1317747,646
CP048242.1,1317784,230
CP048242.1,1317839,322
CP048242.1,1317979,72
CP048242.1,1317986,1331
CP048242.1,1318009,4
CP048242.1,1318138,912
CP048242.1,1318160,70
CP048242.1,1318405,757
CP048242.1,1318407,9
CP048242.1,1318485,1449
CP048242.1,1318563,2121
CP048242.1,1319354,285
CP048242.1,1319457,2846
CP048242.1,1319464,1
CP048242.1,1319567,1165
CP048242.1,1319640,1502
CP048242.1,1319666,1458
CP048242.1,1319813,194
CP048242.1,1319957,411
CP048242.1,1319964,13
CP048242.1,1320066,1
CP048242.1,1320314,3
CP048242.1,1320348,3
CP048242.1,1320489,2
CP048242.1,1320518,1877
CP048242.1,1320587,607
CP048242.1,1320780,153
CP048242.1,1320820,854
CP048242.1,1320831,12
CP048242.1,1320838,1876
CP048242.1,1320971,190
CP048242.1,1331153,206
CP048242.1,1331205,385
CP048242.1,1341222,1729
CP048242.1,1341896,1
CP048242.1,1341902,622
CP048242.1,1342068,89
CP048242.1,1342338,106
CP048242.1,1347090,612
CP048242.1,1349221,1539
CP048242.1,1349317,514
CP048242.1,1349345,129
CP048242.1,1349390,646
CP048242.1,1349402,109
CP048242.1,1353705,402
CP048242.1,1353712,276
CP048242.1,1354341,1461
CP048242.1,1355253,122
CP048242.1,1355315,1
CP048242.1,1355642,1
CP048242.1,1355806,155
CP048242.1,1355926,156
CP048242.1,1356026,1
CP048242.1,1356407,111
CP048242.1,1358760,305
CP048242.1,1358767,7
CP048242.1,1361884,1
CP048242.1,1361891,42
CP048242.1,1361941,333
CP048242.1,1361972,33
CP048242.1,1361987,1312
CP048242.1,1362045,1086
CP048242.1,1362210,430
CP048242.1,1362467,1240
CP048242.1,1364124,796
CP048242.1,1365961,1
CP048242.1,1367075,2
CP048242.1,1367077,4
CP048242.1,1367078,1
CP048242.1,1368361,1827
CP048242.1,1368755,18
CP048242.1,1368792,72
CP048242.1,1368851,356
CP048242.1,1369195,25
CP048242.1,1369197,889
CP048242.1,1369347,26
CP048242.1,1369357,1809
CP048242.1,1369523,2084
CP048242.1,1376104,55
CP048242.1,1376269,1
CP048242.1,1376373,13
CP048242.1,1378513,557
CP048242.1,1379171,615
CP048242.1,1382891,183
CP048242.1,1386579,2348
CP048242.1,1387220,125
CP048242.1,1387641,978
CP048242.1,1388294,1
CP048242.1,1388481,1
CP048242.1,1388825,1
CP048242.1,1388879,5
CP048242.1,1388945,740
CP048242.1,1388964,2
CP048242.1,1393179,1
CP048242.1,1393250,5
CP048242.1,1393402,1
CP048242.1,1393456,30
CP048242.1,1395032,994
CP048242.1,1395055,482
CP048242.1,1395218,42
CP048242.1,1396599,1056
CP048242.1,1396994,141
CP048242.1,1397988,1
CP048242.1,1398741,105
CP048242.1,1399008,263
CP048242.1,1399067,1
CP048242.1,1399215,2529
CP048242.1,1401458,1
CP048242.1,1402154,14
CP048242.1,1403250,711
CP048242.1,1403386,14
CP048242.1,1404772,1
CP048242.1,1405740,23
CP048242.1,1408500,4558
CP048242.1,1408724,1672
CP048242.1,1408732,711
CP048242.1,1408754,171
CP048242.1,1410874,276
CP048242.1,1417583,130
CP048242.1,1417753,506
CP048242.1,1421696,9
CP048242.1,1421835,1241
