Chromosome,Position,Reads
CP048230.1,505,1
CP048230.1,3294,44
CP048230.1,18512,573
CP048230.1,18526,135
CP048230.1,31707,157
CP048230.1,31936,1
CP048230.1,31952,237
CP048230.1,32584,255
CP048230.1,33638,24
CP048230.1,33645,162
CP048230.1,36466,1
CP048230.1,39103,617
CP048230.1,39105,440
CP048230.1,39154,430
CP048230.1,39235,1001
CP048230.1,39241,406
CP048230.1,39242,511
CP048230.1,39248,46
CP048230.1,39272,2364
CP048230.1,39279,745
CP048230.1,39283,1711
CP048230.1,39290,469
CP048230.1,39372,227
CP048230.1,39385,1
CP048230.1,39393,407
CP048230.1,39409,13
CP048230.1,39446,62
CP048230.1,39455,134
CP048230.1,39462,3
CP048230.1,39523,41
CP048230.1,39659,497
CP048230.1,39666,35
CP048230.1,39970,46
CP048230.1,40067,1
CP048230.1,40174,754
CP048230.1,40181,911
CP048230.1,40284,191
CP048230.1,40699,23
CP048230.1,41148,56
CP048230.1,41155,260
CP048230.1,41892,6
CP048230.1,41956,463
CP048230.1,42566,1
CP048230.1,43314,1
CP048230.1,43321,879
CP048230.1,43383,1
CP048230.1,43415,51
CP048230.1,44788,1105
CP048230.1,45436,1
CP048230.1,45681,9
CP048230.1,45720,4
CP048230.1,46041,1281
CP048230.1,46346,71
CP048230.1,46889,393
CP048230.1,47220,8
CP048230.1,47417,179
CP048230.1,47477,586
CP048230.1,47723,5
CP048230.1,47835,1990
CP048230.1,47983,2
CP048230.1,48391,164
CP048230.1,48794,380
CP048230.1,48805,345
CP048230.1,48909,279
CP048230.1,49332,112
CP048230.1,49339,820
CP048230.1,49399,403
CP048230.1,49552,1058
CP048230.1,50503,516
CP048230.1,50525,17
CP048230.1,50766,327
CP048230.1,51017,859
CP048230.1,51024,1320
CP048230.1,51102,1532
CP048230.1,51109,323
CP048230.1,51114,220
CP048230.1,51121,10
CP048230.1,51128,71
CP048230.1,51149,1
CP048230.1,51156,346
CP048230.1,51214,473
CP048230.1,51233,183
CP048230.1,51236,314
CP048230.1,51243,7206
CP048230.1,51253,13
CP048230.1,51261,68
CP048230.1,51467,2171
CP048230.1,51473,53
CP048230.1,51474,541
CP048230.1,51529,131
CP048230.1,51542,14
CP048230.1,51549,611
CP048230.1,51556,35
CP048230.1,51560,1789
CP048230.1,51563,115
CP048230.1,51575,943
CP048230.1,51625,5
CP048230.1,51632,75
CP048230.1,51690,1255
CP048230.1,51720,23
CP048230.1,51726,1
CP048230.1,51757,1363
CP048230.1,51764,413
CP048230.1,51882,396
CP048230.1,51889,21
CP048230.1,52037,607
CP048230.1,52044,1065
CP048230.1,52067,1
CP048230.1,52074,2485
CP048230.1,53007,866
CP048230.1,53019,693
CP048230.1,53309,85
CP048230.1,55274,5
CP048230.1,55360,478
CP048230.1,55414,65
CP048230.1,55818,356
CP048230.1,57095,19
CP048230.1,57096,1
CP048230.1,57131,2
CP048230.1,57138,142
CP048230.1,58673,630
CP048230.1,58835,64
CP048230.1,58837,499
CP048230.1,58842,750
CP048230.1,58940,5
CP048230.1,58977,245
CP048230.1,58984,38
CP048230.1,58990,155
CP048230.1,58996,43
CP048230.1,58997,4
CP048230.1,59007,131
CP048230.1,59014,125
CP048230.1,59046,256
CP048230.1,59053,5
CP048230.1,59059,29
CP048230.1,59129,94
CP048230.1,59138,50
CP048230.1,59145,1016
CP048230.1,59146,3
CP048230.1,59147,1
CP048230.1,59179,167
CP048230.1,59370,308
CP048230.1,59631,102
CP048230.1,59998,1064
CP048230.1,60005,293
CP048230.1,60185,277
CP048230.1,60671,1
CP048230.1,60870,25
CP048230.1,60927,246
CP048230.1,60942,201
CP048230.1,60957,175
CP048230.1,60987,239
CP048230.1,60988,46
CP048230.1,61060,271
CP048230.1,61088,207
CP048230.1,61113,115
CP048230.1,61117,15
CP048230.1,61119,55
CP048230.1,61121,102
CP048230.1,61153,203
CP048230.1,61158,57
CP048230.1,61162,372
CP048230.1,61169,65
CP048230.1,61249,5
CP048230.1,61255,272
CP048230.1,61350,82
CP048230.1,61368,383
CP048230.1,61377,2
CP048230.1,61384,807
CP048230.1,61483,3
CP048230.1,61536,3
CP048230.1,61603,1
CP048230.1,61605,918
CP048230.1,61612,228
CP048230.1,61614,1651
CP048230.1,61621,824
CP048230.1,61697,598
CP048230.1,61758,1331
CP048230.1,61808,8
CP048230.1,61812,193
CP048230.1,61815,579
CP048230.1,61819,540
CP048230.1,62715,382
CP048230.1,63096,26
CP048230.1,63232,371
CP048230.1,63612,269
CP048230.1,63938,220
CP048230.1,64951,621
CP048230.1,65261,1
CP048230.1,65552,158
CP048230.1,65602,264
CP048230.1,65814,68
CP048230.1,66202,565
CP048230.1,66283,1
CP048230.1,66559,89
CP048230.1,67381,552
CP048230.1,67786,1731
CP048230.1,67919,213
CP048230.1,67965,670
CP048230.1,67995,369
CP048230.1,68069,27
CP048230.1,68779,1
CP048230.1,68833,84
CP048230.1,68956,13
CP048230.1,68963,27
CP048230.1,68978,552
CP048230.1,68998,3
CP048230.1,69016,6
CP048230.1,69019,5
CP048230.1,69023,483
CP048230.1,69026,1747
CP048230.1,69066,197
CP048230.1,69068,38
CP048230.1,69161,37
CP048230.1,69178,2
CP048230.1,69237,5
CP048230.1,69420,63
CP048230.1,69437,65
CP048230.1,69449,98
CP048230.1,69452,331
CP048230.1,72666,449
CP048230.1,72732,1022
CP048230.1,72823,708
CP048230.1,72934,1
CP048230.1,72935,1
CP048230.1,72961,1775
CP048230.1,73070,4
CP048230.1,73089,409
CP048230.1,73096,157
CP048230.1,73100,1079
CP048230.1,73108,2334
CP048230.1,73113,1277
CP048230.1,73115,1094
CP048230.1,73117,2
CP048230.1,73122,4
CP048230.1,73123,2
CP048230.1,73155,1308
CP048230.1,73162,220
CP048230.1,73192,15
CP048230.1,73193,2073
CP048230.1,73200,1831
CP048230.1,73219,1
CP048230.1,73230,32
CP048230.1,73246,20
CP048230.1,73272,1
CP048230.1,73274,1511
CP048230.1,73279,501
CP048230.1,73314,1
CP048230.1,73387,5203
CP048230.1,73400,599
CP048230.1,73408,1
CP048230.1,73410,2528
CP048230.1,73417,1036
CP048230.1,73424,1296
CP048230.1,73427,4050
CP048230.1,73429,4782
CP048230.1,73456,1821
CP048230.1,73590,519
CP048230.1,73606,7300
CP048230.1,73780,24314
CP048230.1,73793,1461
CP048230.1,73966,4196
CP048230.1,74080,1
CP048230.1,74142,2
CP048230.1,74401,2627
CP048230.1,74530,1
CP048230.1,74736,343
CP048230.1,74864,277
CP048230.1,75310,602
CP048230.1,75448,6
CP048230.1,75475,1036
CP048230.1,75612,2
CP048230.1,75625,1
CP048230.1,75636,269
CP048230.1,75707,68
CP048230.1,75710,40
CP048230.1,75865,1640
CP048230.1,75872,205
CP048230.1,75919,2
CP048230.1,75925,212
CP048230.1,75946,1
CP048230.1,76013,460
CP048230.1,76017,907
CP048230.1,76089,143
CP048230.1,76164,439
CP048230.1,76201,1
CP048230.1,76434,29
CP048230.1,76447,112
CP048230.1,76949,58
CP048230.1,77054,42
CP048230.1,77058,33
CP048230.1,77268,393
CP048230.1,77364,1
CP048230.1,77861,301
CP048230.1,77995,1174
CP048230.1,78016,1226
CP048230.1,78023,553
CP048230.1,78032,631
CP048230.1,78055,417
CP048230.1,78064,55
CP048230.1,78071,570
CP048230.1,78086,643
CP048230.1,78094,806
CP048230.1,78095,2
CP048230.1,78102,70
CP048230.1,78117,37
CP048230.1,78147,339
CP048230.1,78221,62
CP048230.1,78225,710
CP048230.1,78232,1017
CP048230.1,78293,5
CP048230.1,78347,239
CP048230.1,78352,122
CP048230.1,78354,1558
CP048230.1,78361,955
CP048230.1,78363,752
CP048230.1,78374,1233
CP048230.1,78379,5
CP048230.1,78381,73
CP048230.1,78394,276
CP048230.1,78415,1583
CP048230.1,78422,1668
CP048230.1,78429,252
CP048230.1,78437,1
CP048230.1,78438,4706
CP048230.1,78445,1827
CP048230.1,78473,1
CP048230.1,78484,284
CP048230.1,78522,1013
CP048230.1,78524,771
CP048230.1,78529,595
CP048230.1,78531,1496
CP048230.1,78539,595
CP048230.1,78576,24
CP048230.1,78593,526
CP048230.1,78621,1983
CP048230.1,78636,192
CP048230.1,78647,9
CP048230.1,78652,1909
CP048230.1,78674,907
CP048230.1,78681,76
CP048230.1,78699,136
CP048230.1,78706,115
CP048230.1,78733,1
CP048230.1,78758,186
CP048230.1,78785,184
CP048230.1,78810,1
CP048230.1,78817,745
CP048230.1,78825,6
CP048230.1,78855,29
CP048230.1,78892,2
CP048230.1,78904,1026
CP048230.1,78915,141
CP048230.1,78934,943
CP048230.1,79011,259
CP048230.1,79062,202
CP048230.1,79109,4
CP048230.1,79117,1
CP048230.1,79195,157
CP048230.1,79211,455
CP048230.1,79224,3
CP048230.1,79230,743
CP048230.1,79234,169
CP048230.1,79434,19
CP048230.1,79480,32
CP048230.1,79530,31
CP048230.1,79682,1
CP048230.1,79689,172
CP048230.1,79705,282
CP048230.1,79752,2990
CP048230.1,79759,1108
CP048230.1,79810,1
CP048230.1,80076,66
CP048230.1,80263,5
CP048230.1,80466,272
CP048230.1,81505,14
CP048230.1,81736,317
CP048230.1,83855,1100
CP048230.1,84023,854
CP048230.1,84042,726
CP048230.1,84063,23
CP048230.1,84070,1
CP048230.1,84071,355
CP048230.1,84078,5272
CP048230.1,84079,9
CP048230.1,84180,4
CP048230.1,84187,363
CP048230.1,84198,768
CP048230.1,84528,8
CP048230.1,84531,42
CP048230.1,84533,14
CP048230.1,84543,71
CP048230.1,85126,266
CP048230.1,85127,24
CP048230.1,85317,570
CP048230.1,85421,225
CP048230.1,85423,10
CP048230.1,85430,86
CP048230.1,85471,448
CP048230.1,85612,7
CP048230.1,85755,388
CP048230.1,86018,25
CP048230.1,86029,5292
CP048230.1,86036,1180
CP048230.1,86096,93
CP048230.1,86098,1
CP048230.1,86202,706
CP048230.1,86206,810
CP048230.1,86208,4043
CP048230.1,86210,557
CP048230.1,86215,465
CP048230.1,86358,455
CP048230.1,86459,124
CP048230.1,86461,230
CP048230.1,86463,7
CP048230.1,86529,6
CP048230.1,87294,46
CP048230.1,87306,421
CP048230.1,87362,1
CP048230.1,87382,406
CP048230.1,87389,1462
CP048230.1,87405,458
CP048230.1,87465,737
CP048230.1,87487,1730
CP048230.1,87550,1112
CP048230.1,87557,59
CP048230.1,87714,1003
CP048230.1,87731,6
CP048230.1,87783,251
CP048230.1,88758,1
CP048230.1,89043,611
CP048230.1,89157,152
CP048230.1,89263,609
CP048230.1,89336,247
CP048230.1,89407,407
CP048230.1,89509,619
CP048230.1,89577,204
CP048230.1,89594,21
CP048230.1,90545,12
CP048230.1,90579,452
CP048230.1,90609,172
CP048230.1,90992,1
CP048230.1,91208,3
CP048230.1,91478,694
CP048230.1,91540,4
CP048230.1,91547,1
CP048230.1,91596,762
CP048230.1,92108,867
CP048230.1,92879,300
CP048230.1,92916,54
CP048230.1,92992,701
CP048230.1,93040,374
CP048230.1,93047,325
CP048230.1,93048,140
CP048230.1,93133,391
CP048230.1,93559,368
CP048230.1,93693,322
CP048230.1,93699,356
CP048230.1,93703,29
CP048230.1,93801,505
CP048230.1,93931,828
CP048230.1,94204,1
CP048230.1,94527,1
CP048230.1,94554,1733
CP048230.1,94712,1099
CP048230.1,94719,115
CP048230.1,94731,866
CP048230.1,94763,4
CP048230.1,94770,6
CP048230.1,94802,2263
CP048230.1,94809,1770
CP048230.1,94811,2
CP048230.1,94873,3
CP048230.1,94918,864
CP048230.1,95005,9
CP048230.1,95014,2
CP048230.1,95025,443
CP048230.1,95032,693
CP048230.1,95041,15
CP048230.1,95052,118
CP048230.1,95059,414
CP048230.1,95094,226
CP048230.1,95103,51
CP048230.1,95113,2284
CP048230.1,95119,1
CP048230.1,95120,587
CP048230.1,95185,973
CP048230.1,95225,172
CP048230.1,95232,777
CP048230.1,95250,248
CP048230.1,95259,207
CP048230.1,95266,514
CP048230.1,95292,61
CP048230.1,95318,199
CP048230.1,95382,25
CP048230.1,95411,49
CP048230.1,95462,667
CP048230.1,95469,6
CP048230.1,95560,1
CP048230.1,95990,945
CP048230.1,96071,452
CP048230.1,96176,57
CP048230.1,96239,14
CP048230.1,96344,498
CP048230.1,96348,67
CP048230.1,96425,897
CP048230.1,96474,1
CP048230.1,96537,186
CP048230.1,96555,141
CP048230.1,96686,1
CP048230.1,96692,950
CP048230.1,96693,257
CP048230.1,96903,6
CP048230.1,96964,7
CP048230.1,97020,1589
CP048230.1,97026,1640
CP048230.1,97034,1146
CP048230.1,97041,22
CP048230.1,97050,1461
CP048230.1,97061,421
CP048230.1,97089,1467
CP048230.1,97112,5
CP048230.1,97123,1865
CP048230.1,97138,340
CP048230.1,97156,288
CP048230.1,97260,4686
CP048230.1,97279,1618
CP048230.1,97424,1066
CP048230.1,97431,2
CP048230.1,97442,1
CP048230.1,97501,63
CP048230.1,97576,2
CP048230.1,97583,2404
CP048230.1,97632,77
CP048230.1,97805,1
CP048230.1,97861,703
CP048230.1,97868,167
CP048230.1,97961,38
CP048230.1,97988,667
CP048230.1,98066,286
CP048230.1,98122,1
CP048230.1,98127,247
CP048230.1,98156,20
CP048230.1,98234,10
CP048230.1,98269,29
CP048230.1,98308,424
CP048230.1,98315,34
CP048230.1,98351,137
CP048230.1,98367,1
CP048230.1,98388,53
CP048230.1,98407,1303
CP048230.1,98414,2920
CP048230.1,98635,3
CP048230.1,98646,314
CP048230.1,98648,65
CP048230.1,98660,414
CP048230.1,98666,16
CP048230.1,98669,5
CP048230.1,98671,5
CP048230.1,98682,293
CP048230.1,98689,369
CP048230.1,98707,45
CP048230.1,98819,173
CP048230.1,98839,844
CP048230.1,98854,287
CP048230.1,98879,80
CP048230.1,99149,546
CP048230.1,99156,206
CP048230.1,99158,207
CP048230.1,99197,2
CP048230.1,99218,481
CP048230.1,99221,654
CP048230.1,99244,1543
CP048230.1,99259,182
CP048230.1,99292,1451
CP048230.1,99299,1658
CP048230.1,99323,27
CP048230.1,99367,546
CP048230.1,99391,121
CP048230.1,99398,211
CP048230.1,99413,425
CP048230.1,99415,1109
CP048230.1,99436,53
CP048230.1,99483,442
CP048230.1,99637,523
CP048230.1,99759,7
CP048230.1,99810,93
CP048230.1,99818,458
CP048230.1,99862,688
CP048230.1,99985,7
CP048230.1,99992,815
CP048230.1,100184,572
CP048230.1,100276,93
CP048230.1,100310,241
CP048230.1,100646,2
CP048230.1,100666,288
CP048230.1,100790,25
CP048230.1,100824,449
CP048230.1,100874,122
CP048230.1,100906,1
CP048230.1,100928,309
CP048230.1,100965,526
CP048230.1,101037,411
CP048230.1,101040,216
CP048230.1,101049,180
CP048230.1,101253,372
CP048230.1,101275,22
CP048230.1,101352,140
CP048230.1,101428,4
CP048230.1,101631,389
CP048230.1,101650,909
CP048230.1,101657,95
CP048230.1,101689,147
CP048230.1,101696,48
CP048230.1,101780,20
CP048230.1,101837,536
CP048230.1,101880,1
CP048230.1,101900,483
CP048230.1,101993,126
CP048230.1,102018,40
CP048230.1,102133,655
CP048230.1,102357,587
CP048230.1,102499,9
CP048230.1,102599,636
CP048230.1,102788,12
CP048230.1,106421,90
CP048230.1,106450,28
CP048230.1,106626,454
CP048230.1,106629,1899
CP048230.1,106633,603
CP048230.1,107111,1186
CP048230.1,107646,711
CP048230.1,107705,1084
CP048230.1,107710,48
CP048230.1,107712,84
CP048230.1,107740,137
CP048230.1,108808,343
CP048230.1,108819,622
CP048230.1,108842,23
CP048230.1,108849,156
CP048230.1,108879,1
CP048230.1,108887,766
CP048230.1,109894,1
CP048230.1,111311,102
CP048230.1,114090,506
CP048230.1,114102,1301
CP048230.1,114452,1
CP048230.1,118623,252
CP048230.1,118632,460
CP048230.1,119285,65
CP048230.1,119322,13
CP048230.1,119407,108
CP048230.1,119566,1
CP048230.1,119611,23
CP048230.1,120090,1
CP048230.1,120194,230
CP048230.1,120231,29
CP048230.1,120920,345
CP048230.1,121022,52
CP048230.1,121026,851
CP048230.1,121028,1089
CP048230.1,121033,127
CP048230.1,121035,1328
CP048230.1,121042,1
CP048230.1,121056,438
CP048230.1,121065,1
CP048230.1,121257,46
CP048230.1,121312,1
CP048230.1,121488,56
CP048230.1,121497,16
CP048230.1,122012,557
CP048230.1,122019,176
CP048230.1,122021,24
CP048230.1,122190,1
CP048230.1,122206,393
CP048230.1,122253,94
CP048230.1,122347,18
CP048230.1,122400,1
CP048230.1,122407,547
CP048230.1,122437,1282
CP048230.1,122439,896
CP048230.1,122444,49
CP048230.1,122445,69
CP048230.1,122446,699
CP048230.1,122511,1
CP048230.1,122536,551
CP048230.1,122546,1
CP048230.1,122602,1158
CP048230.1,122617,187
CP048230.1,122624,1507
CP048230.1,122645,134
CP048230.1,122673,1317
CP048230.1,122690,650
CP048230.1,122704,887
CP048230.1,122726,1768
CP048230.1,122727,1092
CP048230.1,122733,4218
CP048230.1,122735,131
CP048230.1,122746,195
CP048230.1,122758,48
CP048230.1,122789,306
CP048230.1,122807,354
CP048230.1,122812,236
CP048230.1,122814,82
CP048230.1,122822,62
CP048230.1,122839,1454
CP048230.1,123002,1447
CP048230.1,123105,1695
CP048230.1,123121,271
CP048230.1,123145,1
CP048230.1,123152,793
CP048230.1,123154,3824
CP048230.1,123161,1
CP048230.1,123253,1118
CP048230.1,123288,446
CP048230.1,123325,14
CP048230.1,123359,276
CP048230.1,123363,185
CP048230.1,123370,1159
CP048230.1,123375,1
CP048230.1,123384,269
CP048230.1,123393,440
CP048230.1,123399,672
CP048230.1,123414,2146
CP048230.1,123434,845
CP048230.1,123437,416
CP048230.1,123441,4618
CP048230.1,123443,1405
CP048230.1,123445,65
CP048230.1,123446,1
CP048230.1,123448,45
CP048230.1,123450,1062
CP048230.1,123471,1038
CP048230.1,123473,123
CP048230.1,123475,785
CP048230.1,123480,1173
CP048230.1,123487,3529
CP048230.1,123559,38
CP048230.1,123564,392
CP048230.1,123575,775
CP048230.1,125169,61
CP048230.1,125320,1
CP048230.1,125527,172
CP048230.1,125721,96
CP048230.1,125945,2
CP048230.1,126057,902
CP048230.1,126420,7
CP048230.1,126996,134
CP048230.1,127155,933
CP048230.1,127541,7
CP048230.1,127544,1280
CP048230.1,127577,1
CP048230.1,127592,764
CP048230.1,127604,1
CP048230.1,127606,2
CP048230.1,127608,1033
CP048230.1,127610,170
CP048230.1,127615,743
CP048230.1,127715,825
CP048230.1,127722,2090
CP048230.1,127729,534
CP048230.1,127730,1284
CP048230.1,127732,992
CP048230.1,127778,866
CP048230.1,127800,291
CP048230.1,127801,1950
CP048230.1,127806,412
CP048230.1,127808,3106
CP048230.1,127809,55
CP048230.1,127840,1
CP048230.1,127961,1
CP048230.1,127962,29
CP048230.1,127967,744
CP048230.1,127968,3028
CP048230.1,127973,922
CP048230.1,127980,3431
CP048230.1,127985,1656
CP048230.1,127986,170
CP048230.1,127992,107
CP048230.1,128151,1
CP048230.1,128322,10
CP048230.1,128329,1337
CP048230.1,128466,19
CP048230.1,128811,47
CP048230.1,129321,1060
CP048230.1,130306,723
CP048230.1,130618,922
CP048230.1,131262,6
CP048230.1,131342,2
CP048230.1,131573,117
CP048230.1,131580,109
CP048230.1,131887,202
CP048230.1,131894,1437
CP048230.1,131898,1
CP048230.1,131941,11
CP048230.1,132114,458
CP048230.1,132217,16
CP048230.1,132243,16
CP048230.1,132245,16
CP048230.1,132252,154
CP048230.1,132273,2016
CP048230.1,132280,2260
CP048230.1,132281,1581
CP048230.1,132288,295
CP048230.1,132295,387
CP048230.1,132302,711
CP048230.1,132309,1
CP048230.1,132329,582
CP048230.1,132336,507
CP048230.1,132357,547
CP048230.1,132375,324
CP048230.1,132385,380
CP048230.1,132401,4677
CP048230.1,132408,2
CP048230.1,132410,2
CP048230.1,132422,94
CP048230.1,132429,466
CP048230.1,132431,720
CP048230.1,132438,238
CP048230.1,132447,44
CP048230.1,132476,1023
CP048230.1,132480,1
CP048230.1,132501,248
CP048230.1,132593,1
CP048230.1,133074,595
CP048230.1,133076,1023
CP048230.1,133078,9
CP048230.1,133083,2
CP048230.1,133085,78
CP048230.1,133114,1598
CP048230.1,133302,355
CP048230.1,133868,918
CP048230.1,135661,391
CP048230.1,135689,1025
CP048230.1,137813,1226
CP048230.1,137957,32
CP048230.1,137963,108
CP048230.1,138034,317
CP048230.1,140797,333
CP048230.1,140827,1507
CP048230.1,140874,1448
CP048230.1,140897,1
CP048230.1,140909,20
CP048230.1,140918,2161
CP048230.1,140923,813
CP048230.1,140925,805
CP048230.1,140930,1759
CP048230.1,140934,1624
CP048230.1,140944,115
CP048230.1,140951,6821
CP048230.1,140956,18
CP048230.1,141029,12
CP048230.1,141206,2466
CP048230.1,141220,1
CP048230.1,141222,1062
CP048230.1,141229,467
CP048230.1,141231,369
CP048230.1,141259,1
CP048230.1,141295,45
CP048230.1,141330,893
CP048230.1,141350,419
CP048230.1,141379,759
CP048230.1,141405,523
CP048230.1,141446,661
CP048230.1,141700,1
CP048230.1,141736,252
CP048230.1,141783,1
CP048230.1,141790,908
CP048230.1,141828,1859
CP048230.1,141830,1264
CP048230.1,141873,1051
CP048230.1,141917,1042
CP048230.1,141937,1306
CP048230.1,141954,221
CP048230.1,141995,117
CP048230.1,142079,1
CP048230.1,142096,2051
CP048230.1,142117,238
CP048230.1,142158,1153
CP048230.1,142241,56
CP048230.1,142294,883
CP048230.1,142301,1172
CP048230.1,142344,1
CP048230.1,142378,3
CP048230.1,142380,1
CP048230.1,142428,3174
CP048230.1,142435,11367
CP048230.1,142452,2849
CP048230.1,142682,1098
CP048230.1,144579,51
CP048230.1,144986,653
CP048230.1,144993,10
CP048230.1,145035,113
CP048230.1,145071,549
CP048230.1,145178,2
CP048230.1,145264,34
CP048230.1,145287,27
CP048230.1,145317,354
CP048230.1,145392,75
CP048230.1,145503,76
CP048230.1,145527,9
CP048230.1,145542,835
CP048230.1,145613,1
CP048230.1,145709,602
CP048230.1,145782,641
CP048230.1,145785,59
CP048230.1,145789,1218
CP048230.1,145792,122
CP048230.1,145847,507
CP048230.1,145890,51
CP048230.1,145929,1097
CP048230.1,145936,692
CP048230.1,145962,521
CP048230.1,146010,679
CP048230.1,146017,137
CP048230.1,146026,391
CP048230.1,146049,1
CP048230.1,146083,383
CP048230.1,146087,3
CP048230.1,146091,271
CP048230.1,146123,19
CP048230.1,146167,122
CP048230.1,146174,282
CP048230.1,146393,14
CP048230.1,146431,482
CP048230.1,146440,267
CP048230.1,146495,332
CP048230.1,146544,135
CP048230.1,146628,404
CP048230.1,146697,181
CP048230.1,146709,437
CP048230.1,146743,3
CP048230.1,146750,486
CP048230.1,146853,61
CP048230.1,146858,426
CP048230.1,147081,19
CP048230.1,147111,1
CP048230.1,147208,755
CP048230.1,147215,25
CP048230.1,147368,1541
CP048230.1,148415,127
CP048230.1,149007,1483
CP048230.1,149137,1931
CP048230.1,149248,42
CP048230.1,149398,692
CP048230.1,149447,1112
CP048230.1,149585,245
CP048230.1,149774,34
CP048230.1,149782,40
CP048230.1,149911,1
CP048230.1,150062,419
CP048230.1,150071,380
CP048230.1,150092,680
CP048230.1,150272,1
CP048230.1,150289,30
CP048230.1,150452,1695
CP048230.1,150459,1
CP048230.1,150467,5
CP048230.1,150503,934
CP048230.1,150513,10
CP048230.1,150520,702
CP048230.1,150522,613
CP048230.1,150646,125
CP048230.1,150668,13
CP048230.1,150731,43
CP048230.1,150735,29
CP048230.1,150750,144
CP048230.1,150781,408
CP048230.1,150802,1
CP048230.1,150819,252
CP048230.1,150935,158
CP048230.1,150986,16
CP048230.1,151147,4
CP048230.1,151254,1148
CP048230.1,151351,28
CP048230.1,151529,508
CP048230.1,151552,54
CP048230.1,151587,561
CP048230.1,151739,1
CP048230.1,151957,1
CP048230.1,153039,291
CP048230.1,154188,498
CP048230.1,154397,297
CP048230.1,154548,73
CP048230.1,155964,10
CP048230.1,156456,2177
CP048230.1,159515,143
CP048230.1,159631,349
CP048230.1,159682,228
CP048230.1,159779,1422
CP048230.1,159905,1
CP048230.1,159924,568
CP048230.1,160231,1675
CP048230.1,160268,67
CP048230.1,160280,64
CP048230.1,160310,333
CP048230.1,160339,1444
CP048230.1,160343,1
CP048230.1,160346,353
CP048230.1,160357,1
CP048230.1,160418,82
CP048230.1,160651,1
CP048230.1,160925,71
CP048230.1,161616,574
CP048230.1,161667,300
CP048230.1,162410,24
CP048230.1,162488,180
CP048230.1,162567,955
CP048230.1,164932,1
CP048230.1,165070,312
CP048230.1,165436,613
CP048230.1,165486,44
CP048230.1,168121,76
CP048230.1,168169,471
CP048230.1,168193,760
CP048230.1,168209,235
CP048230.1,168302,416
CP048230.1,168303,1073
CP048230.1,168305,80
CP048230.1,168310,597
CP048230.1,168311,43
CP048230.1,168363,65
CP048230.1,168370,27
CP048230.1,168389,568
CP048230.1,168597,11
CP048230.1,168647,785
CP048230.1,169890,300
CP048230.1,169946,330
CP048230.1,169949,892
CP048230.1,169953,672
CP048230.1,169983,6
CP048230.1,169999,23
CP048230.1,170080,1
CP048230.1,170295,23
CP048230.1,170355,1
CP048230.1,170370,1
CP048230.1,173436,90
CP048230.1,173457,385
CP048230.1,173507,1
CP048230.1,173514,529
CP048230.1,173518,610
CP048230.1,173521,8
CP048230.1,173552,330
CP048230.1,173560,196
CP048230.1,173576,358
CP048230.1,173578,96
CP048230.1,173583,320
CP048230.1,173585,114
CP048230.1,173701,12
CP048230.1,173767,458
CP048230.1,173857,6
CP048230.1,173917,267
CP048230.1,174016,2
CP048230.1,176347,331
CP048230.1,176349,6
CP048230.1,176353,26
CP048230.1,176354,5
CP048230.1,176412,438
CP048230.1,176787,372
CP048230.1,176794,524
CP048230.1,176805,118
CP048230.1,176812,116
CP048230.1,176818,294
CP048230.1,176820,3
CP048230.1,176827,62
CP048230.1,176860,238
CP048230.1,176874,121
CP048230.1,176878,326
CP048230.1,176881,285
CP048230.1,176883,738
CP048230.1,179208,1
CP048230.1,179439,597
CP048230.1,179451,806
CP048230.1,179491,14
CP048230.1,179547,141
CP048230.1,179590,1183
CP048230.1,179597,24
CP048230.1,179615,415
CP048230.1,179637,324
CP048230.1,179752,589
CP048230.1,180091,194
CP048230.1,180813,114
CP048230.1,180821,733
CP048230.1,180905,279
CP048230.1,180982,93
CP048230.1,181017,1
CP048230.1,181037,20
CP048230.1,181116,552
CP048230.1,181201,1099
CP048230.1,181231,1
CP048230.1,181251,878
CP048230.1,181286,225
CP048230.1,181297,453
CP048230.1,181306,1
CP048230.1,181315,423
CP048230.1,181319,362
CP048230.1,181362,85
CP048230.1,181365,52
CP048230.1,181395,219
CP048230.1,181413,391
CP048230.1,181506,19
CP048230.1,181872,1215
CP048230.1,181879,1115
CP048230.1,181964,1533
CP048230.1,181968,327
CP048230.1,181989,24
CP048230.1,182070,3
CP048230.1,182077,710
CP048230.1,182134,1362
CP048230.1,182146,394
CP048230.1,182283,1
CP048230.1,182292,507
CP048230.1,182427,653
CP048230.1,182474,2332
CP048230.1,182488,687
CP048230.1,182495,393
CP048230.1,182704,1005
CP048230.1,182725,975
CP048230.1,182755,1
CP048230.1,182769,64
CP048230.1,182771,1
CP048230.1,182792,1
CP048230.1,183112,473
CP048230.1,183329,2252
CP048230.1,183436,237
CP048230.1,183443,1444
CP048230.1,183448,17
CP048230.1,183451,744
CP048230.1,183458,1139
CP048230.1,183465,771
CP048230.1,183497,1081
CP048230.1,183500,84
CP048230.1,183507,414
CP048230.1,183540,280
CP048230.1,183542,92
CP048230.1,183549,568
CP048230.1,183561,66
CP048230.1,183568,142
CP048230.1,183569,556
CP048230.1,183576,591
CP048230.1,183579,1
CP048230.1,183580,1
CP048230.1,183587,1852
CP048230.1,183612,404
CP048230.1,183708,95
CP048230.1,183731,545
CP048230.1,183755,973
CP048230.1,183762,273
CP048230.1,183769,585
CP048230.1,183770,780
CP048230.1,183825,2
CP048230.1,183838,1
CP048230.1,183942,68
CP048230.1,183947,26
CP048230.1,183959,1682
CP048230.1,184033,1017
CP048230.1,184040,1960
CP048230.1,184057,8
CP048230.1,184060,1014
CP048230.1,184076,1584
CP048230.1,184124,1
CP048230.1,184131,713
CP048230.1,184166,64
CP048230.1,184278,7
CP048230.1,184301,314
CP048230.1,184323,190
CP048230.1,184330,1
CP048230.1,184362,6
CP048230.1,184371,3
CP048230.1,184491,6
CP048230.1,184498,252
CP048230.1,185063,1509
CP048230.1,185185,208
CP048230.1,185223,420
CP048230.1,185243,19
CP048230.1,185281,836
CP048230.1,185554,18
CP048230.1,185558,1613
CP048230.1,185565,850
CP048230.1,185752,13
CP048230.1,185906,26
CP048230.1,185955,1319
CP048230.1,188242,519
CP048230.1,188260,8
CP048230.1,188267,9
CP048230.1,188303,1
CP048230.1,188465,667
CP048230.1,189772,1
CP048230.1,190070,419
CP048230.1,190086,1
CP048230.1,190100,61
CP048230.1,190247,1163
CP048230.1,190280,572
CP048230.1,190287,55
CP048230.1,190310,138
CP048230.1,190326,309
CP048230.1,190388,91
CP048230.1,190470,50
CP048230.1,190478,489
CP048230.1,190556,465
CP048230.1,190608,87
CP048230.1,190910,248
CP048230.1,190926,7
CP048230.1,191372,226
CP048230.1,191451,39
CP048230.1,191517,1
CP048230.1,191536,190
CP048230.1,191541,10
CP048230.1,191543,1106
CP048230.1,191548,1
CP048230.1,191550,248
CP048230.1,191552,576
CP048230.1,191587,293
CP048230.1,191621,6
CP048230.1,191633,13
CP048230.1,191670,983
CP048230.1,191684,840
CP048230.1,191747,534
CP048230.1,191754,110
CP048230.1,191823,1
CP048230.1,193742,2
CP048230.1,195696,247
CP048230.1,195796,243
CP048230.1,195880,78
CP048230.1,195951,1
CP048230.1,195979,665
CP048230.1,196018,703
CP048230.1,196205,456
CP048230.1,197083,41
CP048230.1,197553,468
CP048230.1,198109,335
CP048230.1,198486,410
CP048230.1,198948,42
CP048230.1,200143,1
CP048230.1,200191,68
CP048230.1,200247,386
CP048230.1,200251,1
CP048230.1,200382,1
CP048230.1,200461,45
CP048230.1,200783,99
CP048230.1,201394,1
CP048230.1,202060,190
CP048230.1,202374,34
CP048230.1,202731,4
CP048230.1,203274,1
CP048230.1,203278,525
CP048230.1,203294,465
CP048230.1,203366,824
CP048230.1,203380,502
CP048230.1,203758,345
CP048230.1,204107,124
CP048230.1,204114,650
CP048230.1,204275,84
CP048230.1,204359,164
CP048230.1,204445,342
CP048230.1,204468,14
CP048230.1,204579,1
CP048230.1,205489,1554
CP048230.1,205514,1
CP048230.1,205660,134
CP048230.1,206391,165
CP048230.1,207571,182
CP048230.1,207607,330
CP048230.1,207987,447
CP048230.1,208065,411
CP048230.1,208117,801
CP048230.1,208123,160
CP048230.1,208257,487
CP048230.1,208376,1
CP048230.1,208493,231
CP048230.1,208506,692
CP048230.1,208707,135
CP048230.1,208763,369
CP048230.1,208803,21
CP048230.1,208824,4
CP048230.1,212127,260
CP048230.1,212151,1017
CP048230.1,212168,1
CP048230.1,212391,429
CP048230.1,213712,103
CP048230.1,213835,43
CP048230.1,213957,168
CP048230.1,215319,651
CP048230.1,215535,26
CP048230.1,215645,682
CP048230.1,215699,42
CP048230.1,215841,94
CP048230.1,215872,13
CP048230.1,225433,1
CP048230.1,225434,1
CP048230.1,227931,340
CP048230.1,231541,706
CP048230.1,231596,345
CP048230.1,231620,265
CP048230.1,232196,685
CP048230.1,232379,1
CP048230.1,232695,9
CP048230.1,232722,25
CP048230.1,233073,126
CP048230.1,235194,483
CP048230.1,235275,10
CP048230.1,235358,598
CP048230.1,235382,716
CP048230.1,235482,155
CP048230.1,235783,145
CP048230.1,235867,557
CP048230.1,235915,950
CP048230.1,235945,48
CP048230.1,235977,119
CP048230.1,235998,56
CP048230.1,236014,1
CP048230.1,236062,336
CP048230.1,236069,75
CP048230.1,236089,7
CP048230.1,236096,374
CP048230.1,236281,1
CP048230.1,236326,232
CP048230.1,236333,897
CP048230.1,236337,157
CP048230.1,236452,1
CP048230.1,236459,520
CP048230.1,236465,3
CP048230.1,236544,520
CP048230.1,236599,17
CP048230.1,236606,378
CP048230.1,236634,149
CP048230.1,236774,426
CP048230.1,236795,4
CP048230.1,237944,33
CP048230.1,238217,514
CP048230.1,238689,6
CP048230.1,239245,303
CP048230.1,239464,1158
CP048230.1,239466,1
CP048230.1,239472,336
CP048230.1,239473,1
CP048230.1,241008,516
CP048230.1,242204,26
CP048230.1,242251,1
CP048230.1,244674,1
CP048230.1,245244,138
CP048230.1,245650,78
CP048230.1,245675,470
CP048230.1,245817,538
CP048230.1,245980,330
CP048230.1,246060,263
CP048230.1,246647,530
CP048230.1,246654,2331
CP048230.1,246764,585
CP048230.1,246969,3
CP048230.1,247901,651
CP048230.1,250204,125
CP048230.1,250261,57
CP048230.1,251190,682
CP048230.1,251914,1
CP048230.1,252030,292
CP048230.1,252553,211
CP048230.1,252612,291
CP048230.1,252846,84
CP048230.1,252926,5
CP048230.1,253025,100
CP048230.1,253241,7
CP048230.1,253333,102
CP048230.1,253373,991
CP048230.1,253374,524
CP048230.1,253375,11
CP048230.1,253753,593
CP048230.1,254226,13
CP048230.1,254280,11
CP048230.1,254289,75
CP048230.1,254332,1
CP048230.1,254346,369
CP048230.1,254460,59
CP048230.1,254812,216
CP048230.1,254895,1
CP048230.1,254903,880
CP048230.1,254950,346
CP048230.1,255038,148
CP048230.1,255045,40
CP048230.1,255052,1
CP048230.1,255168,488
CP048230.1,255170,310
CP048230.1,255512,12
CP048230.1,255652,1
CP048230.1,255657,66
CP048230.1,256048,111
CP048230.1,257783,37
CP048230.1,257905,2
CP048230.1,258171,18
CP048230.1,258946,964
CP048230.1,258963,863
CP048230.1,259096,1
CP048230.1,259203,1
CP048230.1,259327,1064
CP048230.1,259328,591
CP048230.1,259363,87
CP048230.1,259488,472
CP048230.1,259774,1124
CP048230.1,259776,150
CP048230.1,259806,181
CP048230.1,259932,308
CP048230.1,259980,101
CP048230.1,260011,144
CP048230.1,260034,65
CP048230.1,260124,1
CP048230.1,260133,145
CP048230.1,260149,413
CP048230.1,260151,655
CP048230.1,260156,709
CP048230.1,260158,1693
CP048230.1,260299,301
CP048230.1,261035,69
CP048230.1,261110,2
CP048230.1,261148,221
CP048230.1,261155,540
CP048230.1,261196,53
CP048230.1,261207,259
CP048230.1,261296,159
CP048230.1,261986,511
CP048230.1,262372,356
CP048230.1,262443,225
CP048230.1,263891,123
CP048230.1,264037,6
CP048230.1,264147,3
CP048230.1,264179,1
CP048230.1,264182,914
CP048230.1,264261,36
CP048230.1,264280,10
CP048230.1,264287,1
CP048230.1,264299,887
CP048230.1,264301,1147
CP048230.1,264308,1675
CP048230.1,264337,54
CP048230.1,264338,773
CP048230.1,264344,670
CP048230.1,264412,201
CP048230.1,264458,463
CP048230.1,264543,213
CP048230.1,264550,392
CP048230.1,264608,1
CP048230.1,265189,7
CP048230.1,265200,477
CP048230.1,265326,731
CP048230.1,265454,200
CP048230.1,265469,14
CP048230.1,265537,2
CP048230.1,265553,153
CP048230.1,265707,397
CP048230.1,266104,4
CP048230.1,266217,1
CP048230.1,266404,48
CP048230.1,267130,59
CP048230.1,268548,435
CP048230.1,268555,758
CP048230.1,268582,59
CP048230.1,268643,734
CP048230.1,268928,501
CP048230.1,269044,1
CP048230.1,269066,254
CP048230.1,269376,415
CP048230.1,269411,154
CP048230.1,269423,717
CP048230.1,269453,16
CP048230.1,269491,489
CP048230.1,269783,1060
CP048230.1,270417,795
CP048230.1,270557,289
CP048230.1,270564,1644
CP048230.1,270574,477
CP048230.1,270606,11
CP048230.1,270638,2
CP048230.1,270644,361
CP048230.1,270645,1370
CP048230.1,270766,180
CP048230.1,270768,121
CP048230.1,270777,40
CP048230.1,270842,267
CP048230.1,270896,64
CP048230.1,270910,2
CP048230.1,270991,7
CP048230.1,270994,75
CP048230.1,271137,406
CP048230.1,271154,446
CP048230.1,271206,48
CP048230.1,271993,1
CP048230.1,272004,1
CP048230.1,272658,278
CP048230.1,272669,1
CP048230.1,273146,325
CP048230.1,273669,315
CP048230.1,273684,534
CP048230.1,273760,2394
CP048230.1,275312,54
CP048230.1,276159,1
CP048230.1,276312,1
CP048230.1,276630,1
CP048230.1,276740,363
CP048230.1,276742,1
CP048230.1,276748,114
CP048230.1,276922,933
CP048230.1,276927,46
CP048230.1,276929,57
CP048230.1,276939,1815
CP048230.1,278847,4
CP048230.1,279133,140
CP048230.1,279140,865
CP048230.1,279150,1518
CP048230.1,279152,953
CP048230.1,279157,2602
CP048230.1,279159,4204
CP048230.1,279295,344
CP048230.1,279298,2
CP048230.1,279337,1732
CP048230.1,280422,1
CP048230.1,281186,2
CP048230.1,281193,77
CP048230.1,282100,3
CP048230.1,282251,375
CP048230.1,282591,123
CP048230.1,284253,1
CP048230.1,285419,166
CP048230.1,285426,234
CP048230.1,285445,222
CP048230.1,285504,68
CP048230.1,288190,106
CP048230.1,288196,170
CP048230.1,288201,532
CP048230.1,289413,189
CP048230.1,289665,299
CP048230.1,291475,547
CP048230.1,291646,867
CP048230.1,291808,1
CP048230.1,291816,206
CP048230.1,291953,409
CP048230.1,291960,142
CP048230.1,292271,1
CP048230.1,292318,230
CP048230.1,292789,271
CP048230.1,292818,292
CP048230.1,292932,596
CP048230.1,292953,1
CP048230.1,292960,6220
CP048230.1,293124,1127
CP048230.1,296275,4
CP048230.1,296404,640
CP048230.1,296647,1036
CP048230.1,296654,2082
CP048230.1,296682,430
CP048230.1,297247,285
CP048230.1,298734,5
CP048230.1,301584,1
CP048230.1,302357,26
CP048230.1,305643,515
CP048230.1,311790,219
CP048230.1,311930,5
CP048230.1,312184,932
CP048230.1,312760,808
CP048230.1,312907,1
CP048230.1,315591,353
CP048230.1,315954,123
CP048230.1,316461,98
CP048230.1,317134,523
CP048230.1,317220,14
CP048230.1,317864,131
CP048230.1,318530,90
CP048230.1,321076,1
CP048230.1,321083,529
CP048230.1,321128,1
CP048230.1,323277,337
CP048230.1,323278,375
CP048230.1,323335,79
CP048230.1,323358,30
CP048230.1,325220,9
CP048230.1,326970,644
CP048230.1,326977,184
CP048230.1,327137,92
CP048230.1,327202,721
CP048230.1,327822,1
CP048230.1,328236,3
CP048230.1,328347,23
CP048230.1,328465,1
CP048230.1,328549,120
CP048230.1,328708,667
CP048230.1,328712,211
CP048230.1,328873,185
CP048230.1,328882,1242
CP048230.1,328915,785
CP048230.1,328951,448
CP048230.1,328968,1
CP048230.1,328975,388
CP048230.1,329063,461
CP048230.1,329074,72
CP048230.1,329095,1110
CP048230.1,329254,1
CP048230.1,329293,104
CP048230.1,329486,535
CP048230.1,330284,167
CP048230.1,331172,399
CP048230.1,331846,8
CP048230.1,332010,91
CP048230.1,332017,82
CP048230.1,332038,2473
CP048230.1,332045,726
CP048230.1,332073,431
CP048230.1,332281,1
CP048230.1,332414,17
CP048230.1,332447,597
CP048230.1,332449,780
CP048230.1,332453,173
CP048230.1,332456,241
CP048230.1,332458,2
CP048230.1,332463,1346
CP048230.1,332464,1266
CP048230.1,332465,964
CP048230.1,332470,1160
CP048230.1,332484,1
CP048230.1,332626,346
CP048230.1,332643,41
CP048230.1,332647,65
CP048230.1,332861,46
CP048230.1,333637,1
CP048230.1,333697,2399
CP048230.1,333857,372
CP048230.1,334126,871
CP048230.1,334133,320
CP048230.1,334364,1
CP048230.1,335331,322
CP048230.1,337802,194
CP048230.1,337964,144
CP048230.1,337968,322
CP048230.1,338406,829
CP048230.1,338585,332
CP048230.1,339948,155
CP048230.1,340118,470
CP048230.1,340282,1
CP048230.1,340293,1
CP048230.1,340355,1
CP048230.1,340443,1530
CP048230.1,340566,143
CP048230.1,340721,32
CP048230.1,340741,1
CP048230.1,340892,659
CP048230.1,341666,8
CP048230.1,341689,167
CP048230.1,341744,490
CP048230.1,341820,27
CP048230.1,341906,1
CP048230.1,341935,678
CP048230.1,341989,14
CP048230.1,342345,912
CP048230.1,342378,298
CP048230.1,342401,8
CP048230.1,342422,1
CP048230.1,342511,686
CP048230.1,342543,340
CP048230.1,342598,684
CP048230.1,342677,249
CP048230.1,342892,1
CP048230.1,342919,1034
CP048230.1,343185,558
CP048230.1,343204,1
CP048230.1,343243,409
CP048230.1,343375,278
CP048230.1,343444,2071
CP048230.1,343451,1132
CP048230.1,343495,453
CP048230.1,346246,204
CP048230.1,346288,666
CP048230.1,346444,502
CP048230.1,346448,1
CP048230.1,346451,4
CP048230.1,346476,55
CP048230.1,346504,60
CP048230.1,348612,259
CP048230.1,348706,71
CP048230.1,348729,281
CP048230.1,348790,206
CP048230.1,351037,20
CP048230.1,351065,924
CP048230.1,351070,384
CP048230.1,351072,1133
CP048230.1,351079,308
CP048230.1,351080,565
CP048230.1,351122,275
CP048230.1,351256,613
CP048230.1,351273,3313
CP048230.1,351280,5020
CP048230.1,351292,389
CP048230.1,351299,159
CP048230.1,351315,1
CP048230.1,351356,10
CP048230.1,351375,480
CP048230.1,351382,395
CP048230.1,351421,150
CP048230.1,351426,547
CP048230.1,351465,872
CP048230.1,351472,12
CP048230.1,351562,18
CP048230.1,351591,733
CP048230.1,351598,687
CP048230.1,351626,18
CP048230.1,351977,12
CP048230.1,351982,179
CP048230.1,352700,431
CP048230.1,352715,33
CP048230.1,353255,1
CP048230.1,353262,180
CP048230.1,353268,178
CP048230.1,353275,652
CP048230.1,355117,324
CP048230.1,355178,371
CP048230.1,355185,894
CP048230.1,355208,111
CP048230.1,355227,123
CP048230.1,355234,42
CP048230.1,355306,479
CP048230.1,355632,178
CP048230.1,357366,26
CP048230.1,357749,233
CP048230.1,357756,356
CP048230.1,358779,30
CP048230.1,361016,1
CP048230.1,361027,1
CP048230.1,361111,26
CP048230.1,361330,208
CP048230.1,361345,318
CP048230.1,361352,368
CP048230.1,361390,230
CP048230.1,361551,54
CP048230.1,361558,360
CP048230.1,361622,146
CP048230.1,361763,251
CP048230.1,362747,1
CP048230.1,363098,30
CP048230.1,367791,409
CP048230.1,368249,1
CP048230.1,368430,452
CP048230.1,368606,151
CP048230.1,370601,265
CP048230.1,370628,169
CP048230.1,372263,6
CP048230.1,372314,66
CP048230.1,372331,652
CP048230.1,372336,6
CP048230.1,372338,757
CP048230.1,372348,400
CP048230.1,372581,19
CP048230.1,372582,63
CP048230.1,372909,675
CP048230.1,372956,1
CP048230.1,372983,127
CP048230.1,372990,539
CP048230.1,373002,113
CP048230.1,373029,3
CP048230.1,373075,133
CP048230.1,373083,903
CP048230.1,373085,151
CP048230.1,373134,1
CP048230.1,373615,13
CP048230.1,374475,313
CP048230.1,374643,6
CP048230.1,374863,156
CP048230.1,375141,114
CP048230.1,375415,1
CP048230.1,376330,281
CP048230.1,376381,785
CP048230.1,376388,97
CP048230.1,376389,164
CP048230.1,376455,519
CP048230.1,376507,1144
CP048230.1,376514,28
CP048230.1,376554,330
CP048230.1,376726,32
CP048230.1,376734,120
CP048230.1,376776,229
CP048230.1,376781,134
CP048230.1,376783,6
CP048230.1,376792,238
CP048230.1,380096,486
CP048230.1,380215,21
CP048230.1,380441,1
CP048230.1,380914,313
CP048230.1,382205,221
CP048230.1,382290,191
CP048230.1,382422,92
CP048230.1,382537,17
CP048230.1,382693,412
CP048230.1,382718,337
CP048230.1,382896,93
CP048230.1,382903,55
CP048230.1,383020,16
CP048230.1,383034,22
CP048230.1,383088,10
CP048230.1,383994,251
CP048230.1,384227,683
CP048230.1,384524,108
CP048230.1,387972,495
CP048230.1,387979,7
CP048230.1,388079,320
CP048230.1,390792,41
CP048230.1,391828,1
CP048230.1,391831,259
CP048230.1,391873,254
CP048230.1,391915,321
CP048230.1,391943,6
CP048230.1,392214,128
CP048230.1,392661,2
CP048230.1,392949,1
CP048230.1,399476,745
CP048230.1,399626,778
CP048230.1,399642,153
CP048230.1,399644,47
CP048230.1,399649,1027
CP048230.1,400243,988
CP048230.1,400535,1
CP048230.1,402412,23
CP048230.1,402487,19
CP048230.1,402698,3
CP048230.1,403678,196
CP048230.1,403725,47
CP048230.1,403732,327
CP048230.1,404157,354
CP048230.1,404764,3
CP048230.1,405519,178
CP048230.1,406142,403
CP048230.1,407378,429
CP048230.1,407521,55
CP048230.1,407567,252
CP048230.1,407586,3
CP048230.1,407593,1165
CP048230.1,407595,165
CP048230.1,407619,2
CP048230.1,408439,1
CP048230.1,411168,1673
CP048230.1,411303,38
CP048230.1,411451,42
CP048230.1,411485,1
CP048230.1,411486,24
CP048230.1,411495,523
CP048230.1,411501,186
CP048230.1,411520,2592
CP048230.1,411552,598
CP048230.1,411577,603
CP048230.1,411585,891
CP048230.1,411612,21
CP048230.1,411615,1171
CP048230.1,411645,1005
CP048230.1,411655,4
CP048230.1,411666,171
CP048230.1,411671,287
CP048230.1,411682,196
CP048230.1,411727,16
CP048230.1,411729,238
CP048230.1,411731,1128
CP048230.1,411734,40
CP048230.1,411771,1
CP048230.1,411786,6
CP048230.1,411793,1
CP048230.1,412214,1004
CP048230.1,412578,503
CP048230.1,414094,1
CP048230.1,414245,747
CP048230.1,418259,4
CP048230.1,418933,1
CP048230.1,419130,139
CP048230.1,419137,145
CP048230.1,422653,771
CP048230.1,422854,41
CP048230.1,422901,669
CP048230.1,422919,23
CP048230.1,423049,554
CP048230.1,423938,239
CP048230.1,424495,433
CP048230.1,424555,1209
CP048230.1,425574,1
CP048230.1,425584,79
CP048230.1,426208,972
CP048230.1,427623,1
CP048230.1,427782,285
CP048230.1,428147,436
CP048230.1,430837,2004
CP048230.1,430844,4701
CP048230.1,430951,22
CP048230.1,430968,404
CP048230.1,431093,868
CP048230.1,431224,66
CP048230.1,431396,141
CP048230.1,431702,1
CP048230.1,431789,3
CP048230.1,431826,490
CP048230.1,431843,1
CP048230.1,431854,377
CP048230.1,431875,500
CP048230.1,431960,1
CP048230.1,431972,1247
CP048230.1,431998,288
CP048230.1,434393,91
CP048230.1,434614,211
CP048230.1,434744,985
CP048230.1,434918,73
CP048230.1,435391,251
CP048230.1,439132,1562
CP048230.1,439434,1
CP048230.1,439505,1011
CP048230.1,439512,284
CP048230.1,439540,2311
CP048230.1,439547,2662
CP048230.1,439602,1
CP048230.1,439606,1
CP048230.1,439621,1
CP048230.1,439622,2230
CP048230.1,439656,166
CP048230.1,439665,1
CP048230.1,439701,968
CP048230.1,439810,29
CP048230.1,439974,2
CP048230.1,439981,681
CP048230.1,440111,3123
CP048230.1,440124,180
CP048230.1,440242,1167
CP048230.1,440564,273
CP048230.1,440798,1
CP048230.1,441208,1018
CP048230.1,441378,785
CP048230.1,442810,154
CP048230.1,443128,159
CP048230.1,443135,3
CP048230.1,443148,60
CP048230.1,443170,17
CP048230.1,443246,1040
CP048230.1,443271,706
CP048230.1,443278,82
CP048230.1,443282,483
CP048230.1,443292,1
CP048230.1,443475,21
CP048230.1,443483,1
CP048230.1,443488,6
CP048230.1,443490,72
CP048230.1,443507,6
CP048230.1,443538,200
CP048230.1,443540,1
CP048230.1,443549,946
CP048230.1,443554,1
CP048230.1,443581,1
CP048230.1,443588,1233
CP048230.1,443609,1
CP048230.1,443629,14
CP048230.1,443668,397
CP048230.1,443670,382
CP048230.1,443673,144
CP048230.1,443675,632
CP048230.1,443677,1
CP048230.1,443680,1116
CP048230.1,443685,46
CP048230.1,443735,1
CP048230.1,443738,674
CP048230.1,443780,631
CP048230.1,443787,2237
CP048230.1,443817,467
CP048230.1,443824,86
CP048230.1,443878,450
CP048230.1,443917,776
CP048230.1,443936,1166
CP048230.1,443943,2436
CP048230.1,443946,107
CP048230.1,443953,632
CP048230.1,443963,47
CP048230.1,444142,475
CP048230.1,444151,838
CP048230.1,444190,65
CP048230.1,444197,1
CP048230.1,444630,1
CP048230.1,445867,550
CP048230.1,446320,847
CP048230.1,446370,19
CP048230.1,446443,269
CP048230.1,447020,1139
CP048230.1,447971,74
CP048230.1,447978,385
CP048230.1,448056,1
CP048230.1,448164,522
CP048230.1,448232,58
CP048230.1,448268,605
CP048230.1,449069,296
CP048230.1,450858,1208
CP048230.1,450909,1
CP048230.1,450960,343
CP048230.1,450964,96
CP048230.1,450971,583
CP048230.1,450978,298
CP048230.1,451008,143
CP048230.1,451027,1
CP048230.1,451089,36
CP048230.1,451346,126
CP048230.1,451493,423
CP048230.1,451658,2
CP048230.1,452254,508
CP048230.1,452316,505
CP048230.1,452862,266
CP048230.1,453989,475
CP048230.1,456337,5
CP048230.1,456436,1
CP048230.1,456575,287
CP048230.1,456672,1
CP048230.1,457001,85
CP048230.1,459827,25
CP048230.1,460617,391
CP048230.1,460666,1
CP048230.1,460769,1276
CP048230.1,460801,640
CP048230.1,460821,20
CP048230.1,460824,586
CP048230.1,460835,492
CP048230.1,463112,357
CP048230.1,463128,318
CP048230.1,463153,406
CP048230.1,463273,262
CP048230.1,463280,378
CP048230.1,463620,1
CP048230.1,463645,278
CP048230.1,463695,1460
CP048230.1,463702,478
CP048230.1,465024,421
CP048230.1,465048,329
CP048230.1,465092,109
CP048230.1,468997,45
CP048230.1,469005,364
CP048230.1,469035,437
CP048230.1,469038,210
CP048230.1,469997,5
CP048230.1,471141,1
CP048230.1,471147,103
CP048230.1,474380,81
CP048230.1,474387,301
CP048230.1,474389,65
CP048230.1,475689,591
CP048230.1,475781,1
CP048230.1,475839,399
CP048230.1,475902,40
CP048230.1,475966,480
CP048230.1,476073,43
CP048230.1,476123,47
CP048230.1,476147,10
CP048230.1,476343,333
CP048230.1,476362,17
CP048230.1,476439,59
CP048230.1,476496,28
CP048230.1,476528,120
CP048230.1,476530,625
CP048230.1,476532,337
CP048230.1,476579,7
CP048230.1,476611,317
CP048230.1,476652,279
CP048230.1,476654,1
CP048230.1,476659,1038
CP048230.1,476661,9
CP048230.1,476689,719
CP048230.1,476722,2
CP048230.1,477043,960
CP048230.1,477413,62
CP048230.1,478994,165
CP048230.1,479001,611
CP048230.1,479009,322
CP048230.1,479016,512
CP048230.1,479018,1853
CP048230.1,479219,54
CP048230.1,481579,1
CP048230.1,481699,62
CP048230.1,481702,1
CP048230.1,481794,1
CP048230.1,481810,528
CP048230.1,481817,599
CP048230.1,481833,481
CP048230.1,481834,578
CP048230.1,481841,1904
CP048230.1,481891,200
CP048230.1,481904,449
CP048230.1,481947,732
CP048230.1,481997,43
CP048230.1,482023,1977
CP048230.1,482046,1
CP048230.1,482101,229
CP048230.1,482102,1115
CP048230.1,482103,36
CP048230.1,482139,1000
CP048230.1,482301,4
CP048230.1,483710,768
CP048230.1,483751,725
CP048230.1,485979,1
CP048230.1,486081,1273
CP048230.1,486946,254
CP048230.1,487089,682
CP048230.1,487741,344
CP048230.1,487913,422
CP048230.1,488010,104
CP048230.1,488147,32
CP048230.1,488292,117
CP048230.1,488299,16
CP048230.1,488473,1
CP048230.1,488593,673
CP048230.1,488869,716
CP048230.1,492714,53
CP048230.1,493885,1
CP048230.1,499299,1
CP048230.1,499580,11
CP048230.1,499880,13
CP048230.1,500180,16
CP048230.1,500199,1
CP048230.1,500480,16
CP048231.1,15788,666
CP048231.1,16974,777
CP048231.1,17013,1
CP048231.1,17112,95
CP048231.1,17163,1
CP048231.1,17377,35
CP048231.1,17384,462
CP048231.1,17492,471
CP048231.1,17512,55
CP048231.1,17669,682
CP048231.1,17908,3
CP048231.1,17938,1
CP048231.1,18148,277
CP048231.1,18366,60
CP048231.1,18416,1
CP048231.1,18457,1
CP048231.1,18516,77
CP048231.1,18679,396
CP048231.1,18690,16
CP048231.1,18692,1
CP048231.1,18720,343
CP048231.1,19231,179
CP048231.1,24636,251
CP048231.1,26125,46
CP048231.1,26385,154
CP048231.1,26982,67
CP048231.1,27906,994
CP048231.1,27910,1223
CP048231.1,27913,44
CP048231.1,27923,2333
CP048231.1,27935,203
CP048231.1,27944,20
CP048231.1,27961,682
CP048231.1,28199,360
CP048231.1,28269,1322
CP048231.1,28274,6
CP048231.1,28276,833
CP048231.1,28319,505
CP048231.1,28361,86
CP048231.1,28374,535
CP048231.1,28456,6
CP048231.1,28929,465
CP048231.1,29086,10
CP048231.1,29088,10
CP048231.1,29242,503
CP048231.1,29293,289
CP048231.1,29573,1
CP048231.1,30721,41
CP048231.1,30830,37
CP048231.1,30925,497
CP048231.1,31140,149
CP048231.1,31171,702
CP048231.1,31546,629
CP048231.1,31674,25
CP048231.1,31837,113
CP048231.1,31921,10
CP048231.1,31928,341
CP048231.1,31936,1
CP048231.1,31950,41
CP048231.1,31988,398
CP048231.1,32057,12
CP048231.1,32290,117
CP048231.1,32325,624
CP048231.1,32357,303
CP048231.1,32365,150
CP048231.1,32372,2834
CP048231.1,32383,2
CP048231.1,32411,623
CP048231.1,32418,100
CP048231.1,32449,33
CP048231.1,32472,176
CP048231.1,32545,1
CP048231.1,32633,2
CP048231.1,32668,680
CP048231.1,32676,1
CP048231.1,32794,38
CP048231.1,32803,1149
CP048231.1,32810,892
CP048231.1,33047,337
CP048231.1,33054,30
CP048231.1,35569,16
CP048231.1,35586,334
CP048231.1,35606,295
CP048231.1,35617,1121
CP048231.1,36491,67
CP048231.1,37203,384
CP048231.1,37210,256
CP048231.1,37225,21
CP048231.1,37233,62
CP048231.1,37421,330
CP048231.1,37731,214
CP048231.1,37754,113
CP048231.1,37762,23
CP048231.1,37894,98
CP048231.1,42950,321
CP048231.1,42968,717
CP048231.1,42975,281
CP048231.1,43017,103
CP048231.1,43054,510
CP048231.1,43058,166
CP048231.1,43064,369
CP048231.1,43156,363
CP048231.1,43163,11
CP048231.1,43289,445
CP048231.1,43349,41
CP048231.1,43374,220
CP048231.1,43379,5
CP048231.1,43383,99
CP048231.1,43410,1
CP048231.1,43425,3
CP048231.1,43589,408
CP048231.1,43637,253
CP048231.1,43652,289
CP048231.1,43855,336
CP048231.1,43858,1
CP048231.1,44277,1
CP048231.1,44384,197
CP048231.1,44521,30
CP048231.1,45608,1
CP048231.1,45893,547
CP048231.1,46698,276
CP048231.1,46792,91
CP048231.1,47309,1
CP048231.1,47502,10
CP048231.1,48665,1
CP048231.1,49067,311
CP048231.1,49074,39
CP048231.1,49196,401
CP048231.1,49293,33
CP048231.1,49300,20
CP048231.1,49310,92
CP048231.1,49317,6
CP048231.1,49410,307
CP048231.1,49556,664
CP048231.1,49746,151
CP048231.1,50671,1
CP048231.1,51361,67
CP048231.1,51368,522
CP048231.1,51515,102
CP048231.1,51593,46
CP048231.1,51605,139
CP048231.1,52016,44
CP048231.1,52077,573
CP048231.1,52090,1336
CP048231.1,52376,371
CP048231.1,52573,43
CP048231.1,53198,157
CP048231.1,53377,1236
CP048231.1,53384,2456
CP048231.1,53405,119
CP048231.1,53412,37
CP048231.1,53532,444
CP048231.1,53854,1
CP048231.1,53891,74
CP048231.1,53893,51
CP048231.1,53943,14
CP048231.1,53990,280
CP048231.1,54004,418
CP048231.1,54037,213
CP048231.1,54656,16
CP048231.1,54789,127
CP048231.1,54830,53
CP048231.1,54838,133
CP048231.1,54925,2
CP048231.1,54938,187
CP048231.1,55009,91
CP048231.1,55013,2
CP048231.1,55017,942
CP048231.1,55024,1
CP048231.1,55089,97
CP048231.1,55091,57
CP048231.1,55111,589
CP048231.1,55118,37
CP048231.1,55131,696
CP048231.1,55138,168
CP048231.1,57910,398
CP048231.1,59452,25
CP048231.1,62780,631
CP048231.1,63111,1
CP048231.1,63155,580
CP048231.1,64847,108
CP048231.1,64933,359
CP048231.1,64942,61
CP048231.1,65040,175
CP048231.1,65048,40
CP048231.1,65112,52
CP048231.1,65116,490
CP048231.1,65188,916
CP048231.1,65399,2
CP048231.1,65484,1320
CP048231.1,65491,2073
CP048231.1,65519,167
CP048231.1,65560,337
CP048231.1,65773,953
CP048231.1,65792,238
CP048231.1,66120,336
CP048231.1,68038,523
CP048231.1,68046,38
CP048231.1,68057,1444
CP048231.1,68059,1
CP048231.1,68063,1
CP048231.1,68070,821
CP048231.1,68127,36
CP048231.1,68128,1839
CP048231.1,68135,4121
CP048231.1,68136,56
CP048231.1,69833,154
CP048231.1,71020,62
CP048231.1,71950,199
CP048231.1,72724,433
CP048231.1,72788,32
CP048231.1,72846,4
CP048231.1,74358,693
CP048231.1,75222,168
CP048231.1,75291,34
CP048231.1,75293,88
CP048231.1,75298,3
CP048231.1,75300,459
CP048231.1,75311,300
CP048231.1,75454,22
CP048231.1,75482,21
CP048231.1,75489,1134
CP048231.1,75496,222
CP048231.1,75503,142
CP048231.1,75511,604
CP048231.1,75596,34
CP048231.1,75811,695
CP048231.1,75840,1531
CP048231.1,75844,20
CP048231.1,75848,389
CP048231.1,75855,537
CP048231.1,75888,13
CP048231.1,75894,99
CP048231.1,75901,1100
CP048231.1,75905,329
CP048231.1,75908,958
CP048231.1,75926,3
CP048231.1,75933,1427
CP048231.1,75939,933
CP048231.1,75977,325
CP048231.1,75981,597
CP048231.1,75984,195
CP048231.1,75988,870
CP048231.1,76005,568
CP048231.1,76022,20
CP048231.1,76198,144
CP048231.1,76879,731
CP048231.1,77381,504
CP048231.1,78015,1
CP048231.1,78082,2
CP048231.1,78091,24
CP048231.1,78232,424
CP048231.1,78254,3
CP048231.1,78255,1
CP048231.1,78262,206
CP048231.1,78297,135
CP048231.1,78306,28
CP048231.1,78473,1649
CP048231.1,78496,1135
CP048231.1,78921,206
CP048231.1,79038,1
CP048231.1,80913,157
CP048231.1,81078,1
CP048231.1,81175,429
CP048231.1,81280,1
CP048231.1,81287,575
CP048231.1,81427,2093
CP048231.1,82802,183
CP048231.1,82978,820
CP048231.1,83195,613
CP048231.1,83641,242
CP048231.1,83648,478
CP048231.1,83723,32
CP048231.1,83733,31
CP048231.1,83775,108
CP048231.1,83809,114
CP048231.1,84090,847
CP048231.1,84286,2455
CP048231.1,84313,967
CP048231.1,84537,1127
CP048231.1,85671,2
CP048231.1,85705,65
CP048231.1,86681,873
CP048231.1,87034,9
CP048231.1,87886,218
CP048231.1,88324,40
CP048231.1,88379,56
CP048231.1,88441,442
CP048231.1,88563,41
CP048231.1,88640,8
CP048231.1,88758,19
CP048231.1,89320,1330
CP048231.1,89518,14
CP048231.1,89520,318
CP048231.1,89902,106
CP048231.1,89917,1
CP048231.1,90140,447
CP048231.1,90170,2429
CP048231.1,90173,96
CP048231.1,90177,1683
CP048231.1,90207,718
CP048231.1,90216,1492
CP048231.1,90291,136
CP048231.1,90298,622
CP048231.1,90331,713
CP048231.1,90370,35
CP048231.1,90381,1
CP048231.1,91064,1
CP048231.1,91355,484
CP048231.1,91446,488
CP048231.1,91452,211
CP048231.1,91810,418
CP048231.1,91937,417
CP048231.1,92011,1029
CP048231.1,92041,966
CP048231.1,92048,1117
CP048231.1,92076,858
CP048231.1,92122,186
CP048231.1,92132,336
CP048231.1,92147,1
CP048231.1,92206,453
CP048231.1,92239,634
CP048231.1,92247,10
CP048231.1,92281,5
CP048231.1,92411,204
CP048231.1,92499,15
CP048231.1,92559,893
CP048231.1,92648,357
CP048231.1,92655,1
CP048231.1,92685,199
CP048231.1,92687,96
CP048231.1,92694,884
CP048231.1,93030,1816
CP048231.1,93032,1067
CP048231.1,93033,5
CP048231.1,93037,108
CP048231.1,93102,575
CP048231.1,93124,1
CP048231.1,93130,1554
CP048231.1,93313,626
CP048231.1,93328,1
CP048231.1,94906,586
CP048231.1,96589,41
CP048231.1,96603,52
CP048231.1,96616,118
CP048231.1,96710,11
CP048231.1,96720,14
CP048231.1,96808,22
CP048231.1,96887,37
CP048231.1,97004,1
CP048231.1,97146,263
CP048231.1,97252,10
CP048231.1,97260,2
CP048231.1,97296,1
CP048231.1,97398,41
CP048231.1,97526,724
CP048231.1,97623,499
CP048231.1,97635,11
CP048231.1,97755,125
CP048231.1,97797,8
CP048231.1,97851,660
CP048231.1,97858,1281
CP048231.1,97866,279
CP048231.1,97873,668
CP048231.1,98091,9
CP048231.1,98104,596
CP048231.1,98122,97
CP048231.1,98183,499
CP048231.1,98190,732
CP048231.1,98367,181
CP048231.1,98431,383
CP048231.1,99878,176
CP048231.1,102007,8
CP048231.1,102047,468
CP048231.1,102175,196
CP048231.1,102210,4454
CP048231.1,102229,169
CP048231.1,102239,2803
CP048231.1,102256,103
CP048231.1,102426,1
CP048231.1,102427,460
CP048231.1,102449,1
CP048231.1,102473,1143
CP048231.1,102634,26
CP048231.1,102689,751
CP048231.1,102696,106
CP048231.1,102739,192
CP048231.1,102789,710
CP048231.1,102905,68
CP048231.1,103056,1
CP048231.1,103948,620
CP048231.1,104143,2832
CP048231.1,104637,101
CP048231.1,104644,31
CP048231.1,105902,1660
CP048231.1,110656,1
CP048231.1,110709,111
CP048231.1,110738,20
CP048231.1,110960,1
CP048231.1,110973,49
CP048231.1,112692,533
CP048231.1,112699,29
CP048231.1,113944,940
CP048231.1,114051,1256
CP048231.1,114435,300
CP048231.1,114444,32
CP048231.1,114500,57
CP048231.1,114515,1
CP048231.1,116690,26
CP048231.1,116788,784
CP048231.1,116815,1513
CP048231.1,116822,603
CP048231.1,116856,13
CP048231.1,116874,110
CP048231.1,117124,730
CP048231.1,117131,1
CP048231.1,117831,499
CP048231.1,118647,502
CP048231.1,121194,55
CP048231.1,123598,373
CP048231.1,125595,294
CP048231.1,125602,515
CP048231.1,129603,45
CP048231.1,131805,2
CP048231.1,132031,1
CP048231.1,132385,488
CP048231.1,132394,273
CP048231.1,132421,73
CP048231.1,132422,131
CP048231.1,135116,287
CP048231.1,135153,410
CP048231.1,135262,511
CP048231.1,135293,477
CP048231.1,135897,1
CP048231.1,136039,260
CP048231.1,137458,43
CP048231.1,137709,33
CP048231.1,137713,699
CP048231.1,138754,1
CP048231.1,139326,115
CP048231.1,139333,345
CP048231.1,139347,310
CP048231.1,139545,110
CP048231.1,140188,474
CP048231.1,140933,10
CP048231.1,140940,282
CP048231.1,141023,1379
CP048231.1,141049,233
CP048231.1,141056,1130
CP048231.1,146393,88
CP048231.1,147734,98
CP048231.1,147889,713
CP048231.1,147923,57
CP048231.1,148046,15
CP048231.1,148192,233
CP048231.1,148361,1027
CP048231.1,148368,1151
CP048231.1,148370,1
CP048231.1,148387,2011
CP048231.1,148394,277
CP048231.1,148677,8
CP048231.1,148692,389
CP048231.1,148777,520
CP048231.1,148784,18
CP048231.1,148828,315
CP048231.1,149487,16
CP048231.1,149831,42
CP048231.1,151091,9
CP048231.1,153087,3
CP048231.1,156059,641
CP048231.1,156071,44
CP048231.1,156089,430
CP048231.1,156128,236
CP048231.1,156406,168
CP048231.1,156701,728
CP048231.1,157354,260
CP048231.1,157610,583
CP048231.1,158963,270
CP048231.1,159129,357
CP048231.1,159146,3
CP048231.1,159150,146
CP048231.1,159153,1063
CP048231.1,159415,47
CP048231.1,159422,153
CP048231.1,161249,758
CP048231.1,162550,33
CP048231.1,163094,541
CP048231.1,163638,478
CP048231.1,163992,99
CP048231.1,164447,840
CP048231.1,165238,312
CP048231.1,167206,60
CP048231.1,167267,219
CP048231.1,167811,416
CP048231.1,167970,103
CP048231.1,169147,322
CP048231.1,169247,1
CP048231.1,170029,1
CP048231.1,173388,274
CP048231.1,173480,928
CP048231.1,173524,693
CP048231.1,173531,41
CP048231.1,173606,234
CP048231.1,173646,17
CP048231.1,173686,13
CP048231.1,173716,7
CP048231.1,173879,436
CP048231.1,174662,228
CP048231.1,177351,524
CP048231.1,177427,362
CP048231.1,178366,177
CP048231.1,178403,783
CP048231.1,178562,207
CP048231.1,178593,742
CP048231.1,179009,142
CP048231.1,181249,48
CP048231.1,182384,1
CP048231.1,183836,2005
CP048231.1,183893,298
CP048231.1,183906,1
CP048231.1,184044,137
CP048231.1,184177,30
CP048231.1,184189,35
CP048231.1,185015,18
CP048231.1,185420,1
CP048231.1,186637,6
CP048231.1,186928,18
CP048231.1,187000,389
CP048231.1,187881,1
CP048231.1,188052,1
CP048231.1,188440,8
CP048231.1,189180,348
CP048231.1,193663,132
CP048231.1,193947,13
CP048231.1,194105,34
CP048231.1,195967,179
CP048231.1,196487,1302
CP048231.1,196493,1
CP048231.1,196718,1
CP048231.1,196747,975
CP048231.1,196751,1143
CP048231.1,196754,167
CP048231.1,196758,6
CP048231.1,197269,1313
CP048231.1,197747,1
CP048231.1,199027,154
CP048231.1,199199,707
CP048231.1,199367,691
CP048231.1,199370,445
CP048231.1,199374,1559
CP048231.1,200144,28
CP048231.1,200151,58
CP048231.1,200153,982
CP048231.1,200155,48
CP048231.1,200180,1017
CP048231.1,200252,189
CP048231.1,200261,10
CP048231.1,200309,11
CP048231.1,200322,4
CP048231.1,200326,1203
CP048231.1,200329,364
CP048231.1,200333,10
CP048231.1,200335,1052
CP048231.1,200661,683
CP048231.1,200670,360
CP048231.1,202884,911
CP048231.1,203100,1
CP048231.1,203438,118
CP048231.1,203445,440
CP048231.1,204562,1
CP048231.1,208951,148
CP048231.1,212969,1
CP048231.1,215232,179
CP048231.1,217507,26
CP048231.1,218105,1
CP048231.1,218136,550
CP048231.1,218140,14
CP048231.1,218167,29
CP048231.1,219237,7
CP048231.1,219470,280
CP048231.1,219498,42
CP048231.1,220418,24
CP048231.1,221468,329
CP048231.1,221496,634
CP048231.1,221690,933
CP048231.1,221723,148
CP048231.1,221807,52
CP048231.1,221814,768
CP048231.1,221895,865
CP048231.1,221992,1
CP048231.1,222070,45
CP048231.1,222077,215
CP048231.1,222082,2
CP048231.1,222086,1
CP048231.1,222089,395
CP048231.1,222112,37
CP048231.1,222164,405
CP048231.1,224869,10
CP048231.1,225025,614
CP048231.1,225580,31
CP048231.1,225587,539
CP048231.1,226036,1399
CP048231.1,226265,353
CP048231.1,226552,688
CP048231.1,226559,5
CP048231.1,226582,370
CP048231.1,226948,4
CP048231.1,227150,244
CP048231.1,228011,303
CP048231.1,230133,1481
CP048231.1,230406,720
CP048231.1,230419,1
CP048231.1,230518,183
CP048231.1,230536,672
CP048231.1,230552,663
CP048231.1,230559,3449
CP048231.1,232180,33
CP048231.1,232200,376
CP048231.1,232252,1
CP048231.1,233128,592
CP048231.1,233730,235
CP048231.1,233732,234
CP048231.1,233734,92
CP048231.1,233737,149
CP048231.1,233739,1135
CP048231.1,233762,289
CP048231.1,233769,244
CP048231.1,233791,332
CP048231.1,233795,272
CP048231.1,233802,45
CP048231.1,233835,241
CP048231.1,233875,3279
CP048231.1,233882,1
CP048231.1,233883,258
CP048231.1,233974,17
CP048231.1,234018,45
CP048231.1,234027,303
CP048231.1,234057,80
CP048231.1,234134,445
CP048231.1,234141,118
CP048231.1,234195,260
CP048231.1,234204,570
CP048231.1,234211,673
CP048231.1,234275,191
CP048231.1,234291,24
CP048231.1,234328,67
CP048231.1,234335,1565
CP048231.1,234382,39
CP048231.1,234497,632
CP048231.1,234500,253
CP048231.1,234528,378
CP048231.1,235488,660
CP048231.1,235907,294
CP048231.1,236369,1
CP048231.1,237741,35
CP048231.1,237781,1467
CP048231.1,237782,54
CP048231.1,237798,1
CP048231.1,237939,1
CP048231.1,238014,359
CP048231.1,238080,381
CP048231.1,238087,3
CP048231.1,238148,1
CP048231.1,238190,1
CP048231.1,238206,11
CP048231.1,238214,27
CP048231.1,238249,234
CP048231.1,238254,1
CP048231.1,238309,646
CP048231.1,238708,2009
CP048231.1,238715,329
CP048231.1,238727,371
CP048231.1,238747,2482
CP048231.1,238754,1313
CP048231.1,238759,1
CP048231.1,238817,466
CP048231.1,238825,206
CP048231.1,238870,789
CP048231.1,238962,1
CP048231.1,240337,16
CP048231.1,240364,306
CP048231.1,240618,312
CP048231.1,243789,396
CP048231.1,246148,614
CP048231.1,246160,1247
CP048231.1,246209,407
CP048231.1,246216,1427
CP048231.1,246381,157
CP048231.1,246534,1035
CP048231.1,246577,728
CP048231.1,246587,54
CP048231.1,246677,57
CP048231.1,246893,13
CP048231.1,246946,85
CP048231.1,247930,2057
CP048231.1,248273,461
CP048231.1,248367,46
CP048231.1,248537,205
CP048231.1,248691,644
CP048231.1,248776,25
CP048231.1,248787,38
CP048231.1,248798,3060
CP048231.1,248805,889
CP048231.1,248873,1
CP048231.1,248918,718
CP048231.1,248920,368
CP048231.1,248927,348
CP048231.1,249791,17
CP048231.1,252776,732
CP048231.1,252943,242
CP048231.1,252950,42
CP048231.1,252983,6362
CP048231.1,252990,5532
CP048231.1,253002,13
CP048231.1,253483,772
CP048231.1,253609,852
CP048231.1,255174,156
CP048231.1,255958,769
CP048231.1,256332,33
CP048231.1,256409,877
CP048231.1,256481,1
CP048231.1,256555,17
CP048231.1,256557,1517
CP048231.1,256562,13
CP048231.1,256582,48
CP048231.1,256679,462
CP048231.1,256718,569
CP048231.1,256725,538
CP048231.1,256728,134
CP048231.1,256741,1143
CP048231.1,256748,677
CP048231.1,256771,579
CP048231.1,256856,224
CP048231.1,256860,1296
CP048231.1,256918,406
CP048231.1,256925,1664
CP048231.1,256937,1
CP048231.1,256986,354
CP048231.1,256993,175
CP048231.1,256997,18
CP048231.1,256999,498
CP048231.1,257028,1
CP048231.1,257062,732
CP048231.1,257063,530
CP048231.1,257216,566
CP048231.1,257220,123
CP048231.1,257239,71
CP048231.1,257304,17
CP048231.1,257418,20
CP048231.1,260153,206
CP048231.1,260546,113
CP048231.1,260549,44
CP048231.1,260611,404
CP048231.1,260618,28
CP048231.1,260674,298
CP048231.1,260705,35
CP048231.1,260735,333
CP048231.1,262729,136
CP048231.1,263699,133
CP048231.1,263818,77
CP048231.1,263944,558
CP048231.1,264016,152
CP048231.1,264100,85
CP048231.1,264231,1132
CP048231.1,264315,32
CP048231.1,264332,273
CP048231.1,264358,223
CP048231.1,264391,7
CP048231.1,264556,852
CP048231.1,264563,135
CP048231.1,264598,526
CP048231.1,264727,297
CP048231.1,264835,1446
CP048231.1,264842,2238
CP048231.1,265351,1
CP048231.1,265937,1981
CP048231.1,266158,203
CP048231.1,266769,58
CP048231.1,266822,85
CP048231.1,267066,395
CP048231.1,267118,283
CP048231.1,267120,8
CP048231.1,267207,214
CP048231.1,267512,5
CP048231.1,267875,10
CP048231.1,268296,14
CP048231.1,268465,477
CP048231.1,269380,156
CP048231.1,269618,18
CP048231.1,270693,460
CP048231.1,271098,800
CP048231.1,271396,246
CP048231.1,271411,139
CP048231.1,271443,114
CP048231.1,271484,71
CP048231.1,273488,224
CP048231.1,273628,393
CP048231.1,273643,277
CP048231.1,273670,371
CP048231.1,275924,246
CP048231.1,276634,2
CP048231.1,276793,94
CP048231.1,276863,290
CP048231.1,276881,13
CP048231.1,277110,14
CP048231.1,277111,240
CP048231.1,277141,4
CP048231.1,277507,2
CP048231.1,277559,1232
CP048231.1,277881,3
CP048231.1,278333,575
CP048231.1,278340,1
CP048231.1,278381,1
CP048231.1,278427,2
CP048231.1,278466,1611
CP048231.1,278468,34
CP048231.1,278475,664
CP048231.1,278645,1050
CP048231.1,278646,1295
CP048231.1,278696,587
CP048231.1,278703,1329
CP048231.1,278744,41
CP048231.1,279138,476
CP048231.1,279172,2
CP048231.1,279250,249
CP048231.1,279288,10
CP048231.1,279303,58
CP048231.1,279309,5
CP048231.1,279359,3216
CP048231.1,279366,77
CP048231.1,279394,5035
CP048231.1,279401,1661
CP048231.1,279420,894
CP048231.1,279426,1502
CP048231.1,279433,59
CP048231.1,279456,1880
CP048231.1,279463,635
CP048231.1,279504,103
CP048231.1,279525,94
CP048231.1,279532,7
CP048231.1,279533,1
CP048231.1,279540,104
CP048231.1,279549,97
CP048231.1,279556,2
CP048231.1,279627,4635
CP048231.1,279632,48
CP048231.1,279634,1762
CP048231.1,279643,638
CP048231.1,279754,502
CP048231.1,279756,15
CP048231.1,279758,2109
CP048231.1,279765,3
CP048231.1,279814,254
CP048231.1,279845,60
CP048231.1,279978,916
CP048231.1,279985,237
CP048231.1,279990,116
CP048231.1,280014,3381
CP048231.1,280016,887
CP048231.1,280021,616
CP048231.1,280025,431
CP048231.1,280030,1440
CP048231.1,280037,4387
CP048231.1,280044,143
CP048231.1,280046,113
CP048231.1,280059,153
CP048231.1,280184,3
CP048231.1,280528,1233
CP048231.1,280913,1136
CP048231.1,281022,22
CP048231.1,281029,282
CP048231.1,281234,1
CP048231.1,281241,21
CP048231.1,281368,226
CP048231.1,281371,263
CP048231.1,281452,70
CP048231.1,281483,2
CP048231.1,281853,1041
CP048231.1,282811,3
CP048231.1,283392,561
CP048231.1,283440,211
CP048231.1,283731,452
CP048231.1,283791,75
CP048231.1,283795,1804
CP048231.1,283802,12
CP048231.1,284106,41
CP048231.1,284123,361
CP048231.1,284130,16
CP048231.1,284149,1
CP048231.1,284229,528
CP048231.1,284237,1402
CP048231.1,284259,712
CP048231.1,284266,1
CP048231.1,284273,57
CP048231.1,284277,592
CP048231.1,284280,921
CP048231.1,284296,132
CP048231.1,284304,2794
CP048231.1,284324,1
CP048231.1,284331,109
CP048231.1,284355,1169
CP048231.1,284362,1
CP048231.1,284417,76
CP048231.1,284556,2936
CP048231.1,284563,184
CP048231.1,284567,231
CP048231.1,284658,499
CP048231.1,284659,674
CP048231.1,284688,162
CP048231.1,284709,1262
CP048231.1,284735,826
CP048231.1,284784,1
CP048231.1,284808,662
CP048231.1,284810,24
CP048231.1,284815,30
CP048231.1,284817,2
CP048231.1,284975,677
CP048231.1,284982,23
CP048231.1,285007,2
CP048231.1,285094,126
CP048231.1,285119,35
CP048231.1,285914,823
CP048231.1,286528,88
CP048231.1,286629,531
CP048231.1,286702,90
CP048231.1,286732,176
CP048231.1,287284,1
CP048231.1,287756,4
CP048231.1,289083,1109
CP048231.1,289198,44
CP048231.1,289266,204
CP048231.1,289312,3
CP048231.1,289349,478
CP048231.1,289356,444
CP048231.1,289374,391
CP048231.1,289408,301
CP048231.1,289442,2117
CP048231.1,289448,22
CP048231.1,289449,392
CP048231.1,289461,3
CP048231.1,289464,48
CP048231.1,289468,350
CP048231.1,289471,530
CP048231.1,289590,14
CP048231.1,289627,45
CP048231.1,289663,849
CP048231.1,289670,6
CP048231.1,289706,1395
CP048231.1,289713,82
CP048231.1,289721,806
CP048231.1,289755,1040
CP048231.1,289760,957
CP048231.1,289778,838
CP048231.1,289792,7
CP048231.1,290066,388
CP048231.1,290072,1
CP048231.1,290081,1
CP048231.1,290111,194
CP048231.1,290209,1
CP048231.1,290257,1439
CP048231.1,290264,1272
CP048231.1,290277,1
CP048231.1,290289,2337
CP048231.1,290296,146
CP048231.1,290303,27
CP048231.1,290307,1
CP048231.1,290404,1245
CP048231.1,290442,32
CP048231.1,290519,422
CP048231.1,290521,12
CP048231.1,290564,386
CP048231.1,290571,1136
CP048231.1,290591,1
CP048231.1,290624,19
CP048231.1,290631,1
CP048231.1,290679,1
CP048231.1,290690,1
CP048231.1,290710,1
CP048231.1,290729,69
CP048231.1,290789,1
CP048231.1,290837,469
CP048231.1,290851,448
CP048231.1,290957,29
CP048231.1,291443,52
CP048231.1,292036,1
CP048231.1,292061,430
CP048231.1,292639,157
CP048231.1,292642,5
CP048231.1,292829,12
CP048231.1,293296,26
CP048231.1,293422,149
CP048231.1,293761,45
CP048231.1,295421,1439
CP048231.1,295457,472
CP048231.1,295767,8
CP048231.1,295799,1
CP048231.1,295843,57
CP048231.1,295955,1880
CP048231.1,295980,577
CP048231.1,295992,5629
CP048231.1,295999,1439
CP048231.1,296015,626
CP048231.1,296022,710
CP048231.1,296038,671
CP048231.1,296040,6602
CP048231.1,296042,494
CP048231.1,296047,832
CP048231.1,296049,946
CP048231.1,296116,31
CP048231.1,296125,108
CP048231.1,296132,2243
CP048231.1,296141,37
CP048231.1,296192,1
CP048231.1,296255,127
CP048231.1,296311,807
CP048231.1,296480,2901
CP048231.1,296509,185
CP048231.1,296697,256
CP048231.1,296745,15
CP048231.1,296756,205
CP048231.1,296775,660
CP048231.1,296800,154
CP048231.1,296801,584
CP048231.1,296807,1374
CP048231.1,296809,38
CP048231.1,296811,65
CP048231.1,296813,226
CP048231.1,296818,1236
CP048231.1,296820,10846
CP048231.1,296841,34
CP048231.1,296886,13
CP048231.1,296927,1
CP048231.1,296988,332
CP048231.1,296995,234
CP048231.1,297021,1
CP048231.1,297033,1
CP048231.1,297091,39
CP048231.1,297206,227
CP048231.1,297254,1
CP048231.1,297267,1
CP048231.1,297351,210
CP048231.1,297416,349
CP048231.1,297423,1042
CP048231.1,297516,3
CP048231.1,297724,1705
CP048231.1,298586,1
CP048231.1,298848,1
CP048231.1,298852,20
CP048231.1,298939,1
CP048231.1,298952,212
CP048231.1,298956,125
CP048231.1,298963,330
CP048231.1,298974,1446
CP048231.1,298994,55
CP048231.1,299001,1
CP048231.1,299085,3
CP048231.1,299092,287
CP048231.1,299098,197
CP048231.1,299111,212
CP048231.1,299215,452
CP048231.1,299281,371
CP048231.1,299665,101
CP048231.1,299671,368
CP048231.1,299681,209
CP048231.1,299735,169
CP048231.1,299783,988
CP048231.1,299790,57
CP048231.1,299820,985
CP048231.1,299838,3
CP048231.1,299842,3053
CP048231.1,299849,1132
CP048231.1,299901,56
CP048231.1,299942,3438
CP048231.1,299949,488
CP048231.1,299953,290
CP048231.1,299955,585
CP048231.1,299960,194
CP048231.1,299962,1323
CP048231.1,299995,137
CP048231.1,300003,585
CP048231.1,300016,483
CP048231.1,300029,3020
CP048231.1,300055,7
CP048231.1,300059,159
CP048231.1,300062,322
CP048231.1,300076,10
CP048231.1,300102,263
CP048231.1,300132,918
CP048231.1,300141,2639
CP048231.1,300199,40
CP048231.1,300224,232
CP048231.1,300247,1325
CP048231.1,300262,373
CP048231.1,300265,1
CP048231.1,300269,387
CP048231.1,300335,321
CP048231.1,300342,327
CP048231.1,300553,118
CP048231.1,300613,86
CP048231.1,302456,530
CP048231.1,302504,4
CP048231.1,302531,851
CP048231.1,302538,311
CP048231.1,302573,788
CP048231.1,302580,588
CP048231.1,302581,15
CP048231.1,302619,123
CP048231.1,302620,37
CP048231.1,302639,1
CP048231.1,302653,249
CP048231.1,302654,416
CP048231.1,302664,29
CP048231.1,302679,1835
CP048231.1,302683,434
CP048231.1,302686,497
CP048231.1,302690,566
CP048231.1,302718,1
CP048231.1,302720,87
CP048231.1,302727,104
CP048231.1,302732,4
CP048231.1,302797,210
CP048231.1,302801,1014
CP048231.1,302820,656
CP048231.1,302904,458
CP048231.1,303092,1
CP048231.1,303093,594
CP048231.1,303094,22
CP048231.1,303132,18
CP048231.1,303173,20
CP048231.1,303177,85
CP048231.1,303180,1058
CP048231.1,303184,721
CP048231.1,303393,2
CP048231.1,303420,206
CP048231.1,303483,603
CP048231.1,303497,535
CP048231.1,303511,129
CP048231.1,303567,122
CP048231.1,303588,203
CP048231.1,303590,6049
CP048231.1,303595,78
CP048231.1,303597,3397
CP048231.1,303663,580
CP048231.1,303665,207
CP048231.1,303670,1
CP048231.1,303678,1
CP048231.1,303696,525
CP048231.1,303750,44
CP048231.1,303773,3
CP048231.1,304217,26
CP048231.1,304955,1
CP048231.1,305207,305
CP048231.1,306772,6
CP048231.1,307830,623
CP048231.1,308006,591
CP048231.1,308159,13
CP048231.1,308167,3
CP048231.1,308211,1
CP048231.1,308317,38
CP048231.1,308350,512
CP048231.1,309415,733
CP048231.1,310625,78
CP048231.1,311337,224
CP048231.1,311414,2
CP048231.1,311441,623
CP048231.1,311471,399
CP048231.1,312047,588
CP048231.1,312067,168
CP048231.1,312379,429
CP048231.1,316692,12
CP048231.1,316798,352
CP048231.1,316861,1
CP048231.1,316891,2305
CP048231.1,316898,994
CP048231.1,316903,237
CP048231.1,316971,21
CP048231.1,317310,40
CP048231.1,317639,233
CP048231.1,317657,25
CP048231.1,318003,27
CP048231.1,318044,393
CP048231.1,321109,467
CP048231.1,321126,112
CP048231.1,321143,102
CP048231.1,321164,474
CP048231.1,321229,553
CP048231.1,323454,61
CP048231.1,324457,717
CP048231.1,324763,1
CP048231.1,324770,296
CP048231.1,324875,550
CP048231.1,324999,183
CP048231.1,326453,270
CP048231.1,327261,8
CP048231.1,328753,22
CP048231.1,329839,6
CP048231.1,330036,769
CP048231.1,332006,651
CP048231.1,332533,108
CP048231.1,332688,635
CP048231.1,332695,464
CP048231.1,332774,30
CP048231.1,332781,133
CP048231.1,335009,1892
CP048231.1,337201,38
CP048231.1,338133,553
CP048231.1,339522,1
CP048231.1,339815,1
CP048231.1,340076,33
CP048231.1,340124,6
CP048231.1,340173,49
CP048231.1,340218,142
CP048231.1,340282,1
CP048231.1,340285,701
CP048231.1,340389,789
CP048231.1,340425,1
CP048231.1,340472,238
CP048231.1,340763,304
CP048231.1,340789,1
CP048231.1,340968,4
CP048231.1,340970,9
CP048231.1,341016,1
CP048231.1,342167,657
CP048231.1,343347,2
CP048231.1,343401,63
CP048231.1,343402,7
CP048231.1,343404,356
CP048231.1,343406,543
CP048231.1,343409,246
CP048231.1,343435,148
CP048231.1,343449,136
CP048231.1,343500,3
CP048231.1,343507,52
CP048231.1,343551,1419
CP048231.1,343558,10
CP048231.1,343633,595
CP048231.1,343642,291
CP048231.1,343665,23
CP048231.1,343741,477
CP048231.1,343807,711
CP048231.1,344103,189
CP048231.1,344508,37
CP048231.1,344853,574
CP048231.1,345442,502
CP048231.1,345564,681
CP048231.1,345894,103
CP048231.1,347291,227
CP048231.1,347327,15
CP048231.1,347362,164
CP048231.1,347464,24
CP048231.1,347491,245
CP048231.1,347493,4
CP048231.1,347520,5
CP048231.1,347583,6
CP048231.1,347588,143
CP048231.1,347595,488
CP048231.1,347628,131
CP048231.1,347635,3
CP048231.1,351217,327
CP048231.1,351554,297
CP048231.1,351689,1
CP048231.1,351691,133
CP048231.1,351740,251
CP048231.1,351776,665
CP048231.1,351819,11
CP048231.1,351882,88
CP048231.1,351933,73
CP048231.1,351960,750
CP048231.1,351967,12
CP048231.1,351971,337
CP048231.1,351977,407
CP048231.1,351978,31
CP048231.1,351993,1048
CP048231.1,352000,867
CP048231.1,352091,14
CP048231.1,352121,217
CP048231.1,352156,270
CP048231.1,352522,1143
CP048231.1,352560,516
CP048231.1,352585,1
CP048231.1,352627,1
CP048231.1,352643,1989
CP048231.1,352648,1236
CP048231.1,352709,1374
CP048231.1,352716,1586
CP048231.1,352721,672
CP048231.1,352742,38
CP048231.1,352823,390
CP048231.1,352846,1064
CP048231.1,353126,1125
CP048231.1,353131,110
CP048231.1,353162,8
CP048231.1,353269,34
CP048231.1,353802,3
CP048231.1,353999,10
CP048231.1,354055,33
CP048231.1,354082,19
CP048231.1,354089,325
CP048231.1,354096,95
CP048231.1,354128,417
CP048231.1,354137,1212
CP048231.1,354138,6
CP048231.1,354145,6
CP048231.1,354146,856
CP048231.1,354158,5
CP048231.1,354159,425
CP048231.1,354192,1387
CP048231.1,354199,221
CP048231.1,354208,5
CP048231.1,354215,107
CP048231.1,354266,79
CP048231.1,354277,237
CP048231.1,354278,1308
CP048231.1,354284,680
CP048231.1,354285,27
CP048231.1,354290,519
CP048231.1,354306,1
CP048231.1,354312,894
CP048231.1,354319,1
CP048231.1,354321,429
CP048231.1,354330,10
CP048231.1,354359,759
CP048231.1,354365,1354
CP048231.1,354366,1
CP048231.1,354371,382
CP048231.1,354372,4414
CP048231.1,354375,14
CP048231.1,354377,2831
CP048231.1,354378,1165
CP048231.1,354384,3256
CP048231.1,354390,130
CP048231.1,354414,435
CP048231.1,354426,126
CP048231.1,354429,268
CP048231.1,354436,251
CP048231.1,354479,4
CP048231.1,354494,1
CP048231.1,354531,2
CP048231.1,354554,1231
CP048231.1,354561,16
CP048231.1,354600,728
CP048231.1,354607,1
CP048231.1,354619,63
CP048231.1,354626,976
CP048231.1,354628,596
CP048231.1,354630,50
CP048231.1,354635,24
CP048231.1,354655,448
CP048231.1,354662,919
CP048231.1,354673,1003
CP048231.1,354688,1043
CP048231.1,354695,484
CP048231.1,354698,58
CP048231.1,354712,162
CP048231.1,354719,79
CP048231.1,354724,9
CP048231.1,354793,1
CP048231.1,354809,15
CP048231.1,354904,2
CP048231.1,354907,51
CP048231.1,354911,62
CP048231.1,354922,247
CP048231.1,354928,79
CP048231.1,354932,230
CP048231.1,354955,28
CP048231.1,355075,226
CP048231.1,355084,403
CP048231.1,355090,245
CP048231.1,355109,5
CP048231.1,355182,1399
CP048231.1,355188,548
CP048231.1,355189,7
CP048231.1,355195,13
CP048231.1,355219,982
CP048231.1,355288,181
CP048231.1,355296,907
CP048231.1,355335,117
CP048231.1,355339,170
CP048231.1,355346,219
CP048231.1,355357,1
CP048231.1,355567,1719
CP048231.1,355579,1
CP048231.1,355581,886
CP048231.1,355593,41
CP048231.1,355600,1638
CP048231.1,355632,930
CP048231.1,355653,1
CP048231.1,355662,352
CP048231.1,355728,994
CP048231.1,355732,31
CP048231.1,355761,1
CP048231.1,355773,1024
CP048231.1,355783,1294
CP048231.1,355801,2
CP048231.1,355808,927
CP048231.1,355816,39
CP048231.1,355831,1
CP048231.1,355842,572
CP048231.1,355879,598
CP048231.1,355886,949
CP048231.1,355946,577
CP048231.1,355974,231
CP048231.1,355976,1
CP048231.1,356015,118
CP048231.1,356036,34
CP048231.1,356048,13
CP048231.1,356137,74
CP048231.1,356144,776
CP048231.1,356266,522
CP048231.1,356267,303
CP048231.1,356274,237
CP048231.1,356290,41
CP048231.1,356297,1
CP048231.1,356310,23
CP048231.1,356311,199
CP048231.1,356368,6
CP048231.1,356400,2
CP048231.1,356422,67
CP048231.1,356451,8
CP048231.1,356742,552
CP048231.1,360394,119
CP048231.1,360998,304
CP048231.1,362771,1
CP048231.1,363135,1139
CP048231.1,363151,222
CP048231.1,363160,1
CP048231.1,363421,24
CP048231.1,363451,1713
CP048231.1,365427,8
CP048231.1,365696,128
CP048231.1,365841,423
CP048231.1,365849,199
CP048231.1,365879,4
CP048231.1,369419,101
CP048231.1,369458,1607
CP048231.1,369489,200
CP048231.1,369509,110
CP048231.1,369686,323
CP048231.1,369693,270
CP048231.1,369707,126
CP048231.1,369789,485
CP048231.1,370217,1
CP048231.1,370248,1433
CP048231.1,370336,2618
CP048231.1,370372,3028
CP048231.1,370388,665
CP048231.1,370391,3499
CP048231.1,370393,1666
CP048231.1,370398,17735
CP048231.1,370400,1119
CP048231.1,370405,1734
CP048231.1,370412,430
CP048231.1,370431,3016
CP048231.1,370456,2493
CP048231.1,370457,1693
CP048231.1,370522,1
CP048231.1,370559,4686
CP048231.1,370586,3116
CP048231.1,370610,3621
CP048231.1,370729,1
CP048231.1,370734,1192
CP048231.1,370736,2236
CP048231.1,370750,4566
CP048231.1,370784,4
CP048231.1,370797,4436
CP048231.1,370810,2688
CP048231.1,370865,7298
CP048231.1,370872,5894
CP048231.1,370874,4
CP048231.1,370881,3547
CP048231.1,370893,2780
CP048231.1,370977,1467
CP048231.1,371031,278
CP048231.1,371035,7058
CP048231.1,371046,1
CP048231.1,371057,3660
CP048231.1,371058,1168
CP048231.1,371068,122
CP048231.1,371083,2354
CP048231.1,371091,3037
CP048231.1,371119,3207
CP048231.1,371126,11170
CP048231.1,371184,1763
CP048231.1,371191,30
CP048231.1,371195,681
CP048231.1,371236,201
CP048231.1,371252,7583
CP048231.1,371318,1390
CP048231.1,371344,4
CP048231.1,371368,5
CP048231.1,371375,6052
CP048231.1,371414,14
CP048231.1,371429,1
CP048231.1,371456,2486
CP048231.1,371496,451
CP048231.1,371710,2942
CP048231.1,371717,2839
CP048231.1,371797,111
CP048231.1,371816,264
CP048231.1,371836,346
CP048231.1,371843,282
CP048231.1,371858,1
CP048231.1,371862,1
CP048231.1,371866,913
CP048231.1,371889,1100
CP048231.1,371953,1
CP048231.1,372045,325
CP048231.1,372076,1
CP048231.1,372080,35
CP048231.1,372081,105
CP048231.1,372087,1
CP048231.1,372137,2508
CP048231.1,372144,4088
CP048231.1,372181,491
CP048231.1,372188,10
CP048231.1,372192,825
CP048231.1,372351,143
CP048231.1,372413,38
CP048231.1,372437,1247
CP048231.1,372444,954
CP048231.1,372499,341
CP048231.1,372506,3772
CP048231.1,372511,913
CP048231.1,372518,1404
CP048231.1,372519,1
CP048231.1,372549,778
CP048231.1,372560,618
CP048231.1,372569,1
CP048231.1,372578,607
CP048231.1,372599,1167
CP048231.1,372614,1
CP048231.1,372678,263
CP048231.1,372764,733
CP048231.1,372799,1367
CP048231.1,372849,111
CP048231.1,373691,223
CP048231.1,373703,350
CP048231.1,373794,1
CP048231.1,375378,42
CP048231.1,375401,395
CP048231.1,375444,1
CP048231.1,375487,477
CP048231.1,375493,99
CP048231.1,375498,36
CP048231.1,375500,5
CP048231.1,375529,8
CP048231.1,375567,94
CP048231.1,376061,1
CP048231.1,376102,13
CP048231.1,378125,14
CP048231.1,378254,214
CP048231.1,379718,480
CP048231.1,379942,709
CP048231.1,380114,158
CP048231.1,380173,708
CP048231.1,380271,462
CP048231.1,380290,1687
CP048231.1,380298,1
CP048231.1,380334,699
CP048231.1,380335,214
CP048231.1,380336,1
CP048231.1,380405,1737
CP048231.1,380468,574
CP048231.1,380560,135
CP048231.1,380599,140
CP048231.1,380646,1
CP048231.1,380660,41
CP048231.1,380666,923
CP048231.1,380706,420
CP048231.1,380790,711
CP048231.1,380792,227
CP048231.1,380799,937
CP048231.1,380836,1386
CP048231.1,380843,992
CP048231.1,380861,1995
CP048231.1,380933,1
CP048231.1,381025,1
CP048231.1,381074,1864
CP048231.1,381079,1394
CP048231.1,381086,2795
CP048231.1,381128,139
CP048231.1,381131,87
CP048231.1,381144,1
CP048231.1,381177,1982
CP048231.1,381184,2117
CP048231.1,381217,87
CP048231.1,381229,3782
CP048231.1,381235,7802
CP048231.1,381236,4468
CP048231.1,381242,11116
CP048231.1,381245,467
CP048231.1,381252,893
CP048231.1,381265,88
CP048231.1,381267,482
CP048231.1,381271,1795
CP048231.1,381278,313
CP048231.1,381285,295
CP048231.1,381289,971
CP048231.1,381292,1
CP048231.1,381296,18
CP048231.1,381314,1
CP048231.1,381318,16
CP048231.1,381320,1
CP048231.1,381350,1
CP048231.1,381357,473
CP048231.1,381368,1511
CP048231.1,381376,67
CP048231.1,381386,362
CP048231.1,381393,23
CP048231.1,381431,868
CP048231.1,381436,389
CP048231.1,381450,423
CP048231.1,381453,187
CP048231.1,381475,1992
CP048231.1,381485,161
CP048231.1,381515,356
CP048231.1,381522,1214
CP048231.1,381542,252
CP048231.1,381549,831
CP048231.1,381610,448
CP048231.1,381618,2
CP048231.1,381691,4
CP048231.1,381698,127
CP048231.1,381699,158
CP048231.1,381700,488
CP048231.1,381706,126
CP048231.1,381707,1
CP048231.1,382171,720
CP048231.1,382224,386
CP048231.1,382231,459
CP048231.1,382232,7
CP048231.1,382239,330
CP048231.1,382246,105
CP048231.1,382248,5
CP048231.1,382249,211
CP048231.1,382251,456
CP048231.1,382253,582
CP048231.1,382258,340
CP048231.1,382260,126
CP048231.1,382265,259
CP048231.1,382276,13
CP048231.1,382289,368
CP048231.1,382290,2232
CP048231.1,382291,694
CP048231.1,382297,1577
CP048231.1,382323,3052
CP048231.1,382330,9537
CP048231.1,382332,578
CP048231.1,382338,3
CP048231.1,382347,1561
CP048231.1,382354,2873
CP048231.1,382369,1499
CP048231.1,382380,283
CP048231.1,382394,271
CP048231.1,382398,990
CP048231.1,382423,1572
CP048231.1,382438,1
CP048231.1,382439,8
CP048231.1,382457,1
CP048231.1,382487,131
CP048231.1,382490,1
CP048231.1,382554,374
CP048231.1,382842,857
CP048231.1,382849,170
CP048231.1,382879,1
CP048231.1,383002,939
CP048231.1,383278,895
CP048231.1,383332,1762
CP048231.1,383356,812
CP048231.1,383441,1437
CP048231.1,383485,1
CP048231.1,383510,280
CP048231.1,383539,3373
CP048231.1,383546,1
CP048231.1,383598,1149
CP048231.1,383673,1897
CP048231.1,383680,344
CP048231.1,383759,2503
CP048231.1,383766,124
CP048231.1,383785,740
CP048231.1,383794,2683
CP048231.1,383801,392
CP048231.1,383908,36
CP048231.1,383925,1
CP048231.1,384045,1120
CP048231.1,384052,1636
CP048231.1,384077,11
CP048231.1,384193,808
CP048231.1,384258,216
CP048231.1,384331,2301
CP048231.1,384334,654
CP048231.1,384338,535
CP048231.1,384393,70
CP048231.1,384468,117
CP048231.1,384663,40
CP048231.1,384819,4
CP048231.1,384839,26
CP048231.1,384886,58
CP048231.1,384946,499
CP048231.1,384963,9
CP048231.1,384980,92
CP048231.1,384987,1
CP048231.1,385258,68
CP048231.1,385446,949
CP048231.1,385845,58
CP048231.1,385881,911
CP048231.1,385907,970
CP048231.1,386070,506
CP048231.1,386223,921
CP048231.1,386554,1710
CP048231.1,387406,33
CP048231.1,387430,318
CP048231.1,388760,1
CP048231.1,388930,79
CP048231.1,388945,46
CP048231.1,388952,1
CP048231.1,388968,111
CP048231.1,389122,247
CP048231.1,389924,117
CP048231.1,389928,218
CP048231.1,390019,205
CP048231.1,391071,549
CP048231.1,391914,43
CP048231.1,392183,7
CP048231.1,392189,109
CP048231.1,392337,9
CP048231.1,392398,1038
CP048231.1,392400,2
CP048231.1,392407,1333
CP048231.1,392414,1
CP048231.1,392807,47
CP048231.1,392814,145
CP048231.1,393065,310
CP048231.1,393433,530
CP048231.1,394857,186
CP048231.1,394920,89
CP048231.1,394952,7
CP048231.1,395016,325
CP048231.1,395047,329
CP048231.1,395054,650
CP048231.1,395088,50
CP048231.1,395089,3
CP048231.1,395299,80
CP048231.1,395306,412
CP048231.1,397728,182
CP048231.1,397741,584
CP048231.1,397796,466
CP048231.1,397839,148
CP048231.1,397841,137
CP048231.1,397930,2
CP048231.1,397931,34
CP048231.1,398664,271
CP048231.1,398847,1
CP048231.1,399614,1
CP048231.1,399704,297
CP048231.1,400535,437
CP048231.1,400590,103
CP048231.1,400623,4
CP048231.1,400665,128
CP048231.1,400816,52
CP048231.1,401580,1
CP048231.1,401632,352
CP048231.1,401710,285
CP048231.1,401899,480
CP048231.1,401906,83
CP048231.1,401919,535
CP048231.1,401943,443
CP048231.1,401950,1164
CP048231.1,401994,587
CP048231.1,402010,31
CP048231.1,402021,2
CP048231.1,402031,31
CP048231.1,402181,659
CP048231.1,402186,481
CP048231.1,402270,10
CP048231.1,402382,1033
CP048231.1,402389,240
CP048231.1,402442,518
CP048231.1,402584,173
CP048231.1,402638,6
CP048231.1,402645,100
CP048231.1,402780,305
CP048231.1,403122,311
CP048231.1,403129,95
CP048231.1,403308,130
CP048231.1,403472,159
CP048231.1,403622,23
CP048231.1,403834,232
CP048231.1,403841,43
CP048231.1,405018,461
CP048231.1,405033,1
CP048231.1,405039,13
CP048231.1,405052,207
CP048231.1,406021,277
CP048231.1,406787,166
CP048231.1,406878,18
CP048231.1,407055,1038
CP048231.1,409909,291
CP048231.1,409971,1
CP048231.1,409978,756
CP048231.1,410010,1
CP048231.1,410035,1
CP048231.1,410087,375
CP048231.1,410127,874
CP048231.1,410163,204
CP048231.1,410182,9
CP048231.1,410200,771
CP048231.1,410237,489
CP048231.1,410287,81
CP048231.1,410299,542
CP048231.1,410301,648
CP048231.1,410305,815
CP048231.1,410308,428
CP048231.1,410361,11
CP048231.1,410391,127
CP048231.1,410395,1
CP048231.1,410396,1047
CP048231.1,410397,1
CP048231.1,410398,1
CP048231.1,410402,218
CP048231.1,410404,16
CP048231.1,410411,501
CP048231.1,410413,5
CP048231.1,410424,888
CP048231.1,410446,60
CP048231.1,410508,83
CP048231.1,410545,567
CP048231.1,410551,378
CP048231.1,410558,2
CP048231.1,410560,503
CP048231.1,410567,414
CP048231.1,410583,911
CP048231.1,410585,1
CP048231.1,410588,2296
CP048231.1,410624,127
CP048231.1,410644,427
CP048231.1,410646,513
CP048231.1,411434,355
CP048231.1,411451,7
CP048231.1,411510,244
CP048231.1,411511,635
CP048231.1,411753,52
CP048231.1,411764,885
CP048231.1,411880,725
CP048231.1,412179,779
CP048231.1,412433,98
CP048231.1,412583,404
CP048231.1,412585,1829
CP048231.1,412592,1
CP048231.1,412616,526
CP048231.1,412658,31
CP048231.1,412697,383
CP048231.1,412728,124
CP048231.1,412882,1270
CP048231.1,412889,725
CP048231.1,413022,96
CP048231.1,413138,1676
CP048231.1,413322,113
CP048231.1,413329,1
CP048231.1,413586,1
CP048231.1,413588,106
CP048231.1,413590,1
CP048231.1,413592,1
CP048231.1,413836,87
CP048231.1,413927,85
CP048231.1,414258,99
CP048231.1,415952,598
CP048231.1,416069,566
CP048231.1,416862,28
CP048231.1,416898,86
CP048231.1,417060,1161
CP048231.1,417246,1
CP048231.1,417269,251
CP048231.1,417442,177
CP048231.1,417646,1269
CP048231.1,417653,4
CP048231.1,417669,390
CP048231.1,417691,17
CP048231.1,417692,18
CP048231.1,417716,663
CP048231.1,417721,2
CP048231.1,417781,132
CP048231.1,417861,1
CP048231.1,417976,113
CP048231.1,418013,8
CP048231.1,418122,7
CP048231.1,418171,210
CP048231.1,418207,501
CP048231.1,418246,172
CP048231.1,418512,1
CP048231.1,418653,275
CP048231.1,418886,53
CP048231.1,419032,265
CP048231.1,419202,55
CP048231.1,419238,207
CP048231.1,419266,547
CP048231.1,419273,358
CP048231.1,419329,78
CP048231.1,419344,4
CP048231.1,419414,970
CP048231.1,419421,33
CP048231.1,419715,886
CP048231.1,420919,1042
CP048231.1,421068,24
CP048231.1,421094,1
CP048231.1,421962,121
CP048231.1,422311,1920
CP048231.1,422625,148
CP048231.1,422641,520
CP048231.1,422727,99
CP048231.1,423040,39
CP048231.1,423257,408
CP048231.1,423275,1
CP048231.1,423569,267
CP048231.1,423755,1741
CP048231.1,424028,261
CP048231.1,424174,172
CP048231.1,424785,163
CP048231.1,424792,600
CP048231.1,424798,622
CP048231.1,424806,59
CP048231.1,424843,1560
CP048231.1,424850,794
CP048231.1,424877,215
CP048231.1,424884,325
CP048231.1,424885,33
CP048231.1,424912,5
CP048231.1,424920,84
CP048231.1,424943,524
CP048231.1,424945,39
CP048231.1,424966,19
CP048231.1,424974,361
CP048231.1,424977,439
CP048231.1,424981,1044
CP048231.1,424982,119
CP048231.1,424984,622
CP048231.1,424989,520
CP048231.1,425032,303
CP048231.1,425039,1158
CP048231.1,425090,175
CP048231.1,425091,105
CP048231.1,425092,4
CP048231.1,425107,410
CP048231.1,425137,496
CP048231.1,425388,60
CP048231.1,425493,1126
CP048231.1,425500,1624
CP048231.1,425769,1
CP048231.1,426147,1
CP048231.1,426213,240
CP048231.1,426528,310
CP048231.1,426542,10
CP048231.1,426544,250
CP048231.1,426553,1
CP048231.1,426605,204
CP048231.1,426646,301
CP048231.1,426649,763
CP048231.1,426666,7
CP048231.1,426674,43
CP048231.1,426795,333
CP048231.1,427580,546
CP048231.1,427873,1069
CP048231.1,428148,126
CP048231.1,428167,291
CP048231.1,428169,31
CP048231.1,428295,1
CP048231.1,428535,1
CP048231.1,428672,211
CP048231.1,428830,1526
CP048231.1,429140,227
CP048231.1,429180,230
CP048231.1,429223,15
CP048231.1,429233,8
CP048231.1,429239,31
CP048231.1,429245,557
CP048231.1,429252,89
CP048231.1,429406,1
CP048231.1,429413,20
CP048231.1,429576,284
CP048231.1,429724,10
CP048231.1,429858,1
CP048231.1,429986,11
CP048231.1,430018,1803
CP048231.1,430035,1
CP048231.1,431494,1
CP048231.1,432730,523
CP048231.1,433390,167
CP048231.1,433517,261
CP048231.1,433612,1
CP048231.1,433681,631
CP048231.1,433710,1341
CP048231.1,433884,2
CP048231.1,434299,116
CP048231.1,434306,96
CP048231.1,434332,271
CP048231.1,434406,3
CP048231.1,436827,237
CP048231.1,436949,30
CP048231.1,436954,1
CP048231.1,436956,507
CP048231.1,437043,76
CP048231.1,437059,128
CP048231.1,437118,1077
CP048231.1,437129,31
CP048231.1,437139,69
CP048231.1,437148,147
CP048231.1,437178,141
CP048231.1,437185,36
CP048231.1,437194,1508
CP048231.1,437201,3282
CP048231.1,437212,509
CP048231.1,437222,4
CP048231.1,437255,176
CP048231.1,437273,43
CP048231.1,437274,451
CP048231.1,437280,634
CP048231.1,437282,21
CP048231.1,437287,1
CP048231.1,437289,27
CP048231.1,437306,60
CP048231.1,437313,60
CP048231.1,437331,100
CP048231.1,437345,779
CP048231.1,437373,368
CP048231.1,437380,269
CP048231.1,437402,3621
CP048231.1,437407,294
CP048231.1,437409,6170
CP048231.1,437438,423
CP048231.1,437445,204
CP048231.1,437680,944
CP048231.1,437777,10
CP048231.1,437779,380
CP048231.1,437781,39
CP048231.1,437784,216
CP048231.1,437871,1
CP048231.1,437910,38
CP048231.1,438071,1
CP048231.1,438196,8
CP048231.1,438800,4
CP048231.1,438980,232
CP048231.1,439262,406
CP048231.1,439480,258
CP048231.1,439610,8
CP048231.1,439971,205
CP048231.1,440122,1
CP048231.1,440129,9
CP048231.1,440438,11
CP048231.1,440444,197
CP048231.1,440786,1
CP048231.1,440793,129
CP048231.1,443261,491
CP048231.1,443315,1
CP048231.1,443326,6
CP048231.1,443332,613
CP048231.1,443342,1
CP048231.1,443355,779
CP048231.1,443459,1
CP048231.1,443466,34
CP048231.1,443486,321
CP048231.1,443491,1219
CP048231.1,443493,616
CP048231.1,443524,15
CP048231.1,443548,222
CP048231.1,443555,21
CP048231.1,443576,398
CP048231.1,443587,1778
CP048231.1,443604,64
CP048231.1,443642,2472
CP048231.1,443649,2725
CP048231.1,443655,393
CP048231.1,443680,1
CP048231.1,443681,1132
CP048231.1,443688,883
CP048231.1,443717,12
CP048231.1,443718,140
CP048231.1,443720,703
CP048231.1,443727,641
CP048231.1,443735,50
CP048231.1,443741,238
CP048231.1,443746,168
CP048231.1,443752,11
CP048231.1,443758,991
CP048231.1,443765,1
CP048231.1,443776,131
CP048231.1,443780,779
CP048231.1,443783,43
CP048231.1,443785,1972
CP048231.1,443788,22
CP048231.1,443792,918
CP048231.1,443794,597
CP048231.1,443807,20
CP048231.1,443822,1237
CP048231.1,443841,848
CP048231.1,443848,13
CP048231.1,443895,283
CP048231.1,443939,732
CP048231.1,443948,7
CP048231.1,444049,503
CP048231.1,444056,66
CP048231.1,444058,1883
CP048231.1,444065,617
CP048231.1,444067,1
CP048231.1,444076,8
CP048231.1,444083,2826
CP048231.1,444144,676
CP048231.1,444145,1
CP048231.1,444151,295
CP048231.1,444165,1780
CP048231.1,444172,55
CP048231.1,444298,1470
CP048231.1,444305,134
CP048231.1,444502,799
CP048231.1,444780,513
CP048231.1,444785,103
CP048231.1,444787,337
CP048231.1,444932,63
CP048231.1,444936,130
CP048231.1,444939,1556
CP048231.1,445120,374
CP048231.1,445141,255
CP048231.1,445332,247
CP048231.1,445339,1
CP048231.1,445341,8
CP048231.1,445511,9
CP048231.1,445656,131
CP048231.1,445708,8
CP048231.1,445951,1
CP048231.1,445963,443
CP048231.1,445975,1732
CP048231.1,446147,1
CP048231.1,446154,475
CP048231.1,446608,33
CP048231.1,446614,71
CP048231.1,446739,397
CP048231.1,446777,74
CP048231.1,446795,29
CP048231.1,446818,190
CP048231.1,446825,19
CP048231.1,446846,2215
CP048231.1,446853,867
CP048231.1,446854,1025
CP048231.1,446855,1194
CP048231.1,446861,4516
CP048231.1,446862,185
CP048231.1,446868,2614
CP048231.1,446870,169
CP048231.1,446875,777
CP048231.1,446879,31
CP048231.1,446881,1
CP048231.1,446921,1
CP048231.1,446927,21
CP048231.1,446929,1118
CP048231.1,446935,6203
CP048231.1,446936,1
CP048231.1,446942,5213
CP048231.1,446944,899
CP048231.1,446947,911
CP048231.1,446949,842
CP048231.1,446951,819
CP048231.1,446991,616
CP048231.1,447014,33
CP048231.1,447035,1723
CP048231.1,447040,913
CP048231.1,447042,1640
CP048231.1,447046,982
CP048231.1,447049,349
CP048231.1,447053,1118
CP048231.1,447054,778
CP048231.1,447057,22
CP048231.1,447089,1
CP048231.1,447100,328
CP048231.1,447114,268
CP048231.1,447121,1619
CP048231.1,447139,90
CP048231.1,447154,1
CP048231.1,447178,341
CP048231.1,447213,810
CP048231.1,447239,125
CP048231.1,447271,989
CP048231.1,447277,1077
CP048231.1,447322,2300
CP048231.1,447323,546
CP048231.1,447383,1451
CP048231.1,447781,1045
CP048231.1,447838,24
CP048231.1,447929,88
CP048231.1,448035,1603
CP048231.1,448113,1
CP048231.1,448131,11
CP048231.1,448133,173
CP048231.1,448261,4763
CP048231.1,448268,8
CP048231.1,448294,1524
CP048231.1,448405,1
CP048231.1,448412,1294
CP048231.1,448414,905
CP048231.1,448433,2
CP048231.1,448434,40
CP048231.1,448435,139
CP048231.1,448440,58
CP048231.1,448441,1676
CP048231.1,448447,914
CP048231.1,448451,3
CP048231.1,448456,1
CP048231.1,448458,494
CP048231.1,448538,521
CP048231.1,448560,560
CP048231.1,449395,144
CP048231.1,449423,565
CP048231.1,449813,1
CP048231.1,449841,1766
CP048231.1,449951,1
CP048231.1,449958,53
CP048231.1,450135,61
CP048231.1,450955,431
CP048231.1,451888,400
CP048231.1,452384,51
CP048231.1,453021,852
CP048231.1,453073,766
CP048231.1,453115,256
CP048231.1,453162,389
CP048231.1,453205,214
CP048231.1,453232,442
CP048231.1,453239,1
CP048231.1,453255,3
CP048231.1,453258,367
CP048231.1,453260,113
CP048231.1,453261,233
CP048231.1,453285,367
CP048231.1,453289,464
CP048231.1,453292,591
CP048231.1,453294,47
CP048231.1,453301,72
CP048231.1,453382,99
CP048231.1,453424,207
CP048231.1,453443,439
CP048231.1,453454,121
CP048231.1,453459,312
CP048231.1,453461,81
CP048231.1,453673,23
CP048231.1,453677,63
CP048231.1,453680,3
CP048231.1,453684,376
CP048231.1,453688,632
CP048231.1,453690,552
CP048231.1,453695,182
CP048231.1,453838,278
CP048231.1,454006,76
CP048231.1,454042,404
CP048231.1,454046,4
CP048231.1,454075,5
CP048231.1,454112,1
CP048231.1,454175,99
CP048231.1,454182,19
CP048231.1,454251,379
CP048231.1,454328,1
CP048231.1,454618,322
CP048231.1,454687,27
CP048231.1,454791,425
CP048231.1,454827,759
CP048231.1,454829,169
CP048231.1,454834,507
CP048231.1,454845,497
CP048231.1,455064,9
CP048231.1,455149,597
CP048231.1,455156,81
CP048231.1,455177,976
CP048231.1,455192,22
CP048231.1,455199,414
CP048231.1,455204,4
CP048231.1,455220,688
CP048231.1,455223,322
CP048231.1,455227,523
CP048231.1,455235,2
CP048231.1,455679,67
CP048231.1,455746,537
CP048231.1,455758,33
CP048231.1,455765,1
CP048231.1,455890,61
CP048231.1,455897,1028
CP048231.1,456093,2
CP048231.1,456176,1
CP048231.1,456183,48
CP048231.1,456259,147
CP048231.1,456376,41
CP048231.1,456378,9
CP048231.1,456385,2918
CP048231.1,456391,18
CP048231.1,456392,49
CP048231.1,456425,924
CP048231.1,456450,1834
CP048231.1,456454,2
CP048231.1,456457,3822
CP048231.1,456458,1376
CP048231.1,456482,328
CP048231.1,456497,898
CP048231.1,456516,2200
CP048231.1,456517,1
CP048231.1,456523,56
CP048231.1,456526,59
CP048231.1,456530,131
CP048231.1,456532,223
CP048231.1,456534,5110
CP048231.1,456536,8374
CP048231.1,456537,61
CP048231.1,456541,284
CP048231.1,456543,2550
CP048231.1,456570,7
CP048231.1,456674,721
CP048231.1,456684,72
CP048231.1,456688,6
CP048231.1,456692,21
CP048231.1,456707,791
CP048231.1,457013,655
CP048231.1,457042,521
CP048231.1,457333,65
CP048231.1,457340,121
CP048231.1,457425,294
CP048231.1,457698,156
CP048231.1,459162,1
CP048231.1,459313,534
CP048231.1,459320,16
CP048231.1,459335,180
CP048231.1,459342,502
CP048231.1,459429,32
CP048231.1,459507,245
CP048231.1,459508,2
CP048231.1,459516,1
CP048231.1,459521,456
CP048231.1,459586,6
CP048231.1,459596,96
CP048231.1,459602,37
CP048231.1,459603,572
CP048231.1,459608,278
CP048231.1,459609,241
CP048231.1,459612,396
CP048231.1,459619,264
CP048231.1,459710,348
CP048231.1,459770,6
CP048231.1,459779,84
CP048231.1,459787,299
CP048231.1,459794,114
CP048231.1,459961,439
CP048231.1,460067,515
CP048231.1,460089,4
CP048231.1,460149,284
CP048231.1,460163,64
CP048231.1,460168,978
CP048231.1,460440,723
CP048231.1,460583,1
CP048231.1,460798,252
CP048231.1,460805,1648
CP048231.1,460882,1734
CP048231.1,460883,66
CP048231.1,460903,1307
CP048231.1,460905,85
CP048231.1,460907,5662
CP048231.1,460914,948
CP048231.1,460920,26
CP048231.1,461026,1
CP048231.1,461033,656
CP048231.1,461276,1
CP048231.1,461407,390
CP048231.1,461476,83
CP048231.1,461483,1
CP048231.1,461496,672
CP048231.1,461500,256
CP048231.1,461501,176
CP048231.1,461529,204
CP048231.1,461536,1
CP048231.1,461543,134
CP048231.1,461605,1
CP048231.1,461660,1060
CP048231.1,461694,1
CP048231.1,461799,221
CP048231.1,461969,1
CP048231.1,461989,1
CP048231.1,462487,59
CP048231.1,462617,1192
CP048231.1,462801,651
CP048231.1,462808,342
CP048231.1,462810,90
CP048231.1,462815,29
CP048231.1,462861,214
CP048231.1,462864,1
CP048231.1,462908,61
CP048231.1,462910,12
CP048231.1,462919,81
CP048231.1,462955,1488
CP048231.1,463190,1296
CP048231.1,463208,836
CP048231.1,463221,563
CP048231.1,463354,57
CP048231.1,463544,1
CP048231.1,463573,24
CP048231.1,464326,118
CP048231.1,464863,978
CP048231.1,464870,738
CP048231.1,464884,25
CP048231.1,464909,33
CP048231.1,464926,386
CP048231.1,464928,4
CP048231.1,464930,461
CP048231.1,464933,134
CP048231.1,465055,1
CP048231.1,465099,106
CP048231.1,465143,834
CP048231.1,465384,637
CP048231.1,465585,19
CP048231.1,465592,982
CP048231.1,465925,23
CP048231.1,465932,1
CP048231.1,465953,169
CP048231.1,465971,425
CP048231.1,465978,48
CP048231.1,466561,12
CP048231.1,466624,18
CP048231.1,469265,488
CP048231.1,469271,1
CP048231.1,470305,64
CP048231.1,470378,406
CP048231.1,470480,150
CP048231.1,470487,665
CP048231.1,470683,7
CP048231.1,470692,296
CP048231.1,470718,15
CP048231.1,470824,379
CP048231.1,470831,307
CP048231.1,470864,452
CP048231.1,470957,186
CP048231.1,471096,15
CP048231.1,471097,88
CP048231.1,471108,1
CP048231.1,471115,421
CP048231.1,471118,27
CP048231.1,471180,217
CP048231.1,471206,13
CP048231.1,471305,162
CP048231.1,471307,7
CP048231.1,471317,302
CP048231.1,471982,28
CP048231.1,472139,101
CP048231.1,472146,152
CP048231.1,472476,500
CP048231.1,472487,248
CP048231.1,472490,2011
CP048231.1,472497,841
CP048231.1,472505,271
CP048231.1,472512,1302
CP048231.1,472548,77
CP048231.1,472555,254
CP048231.1,472557,835
CP048231.1,472589,1
CP048231.1,472596,2
CP048231.1,472602,656
CP048231.1,472609,717
CP048231.1,472611,265
CP048231.1,472619,669
CP048231.1,472634,120
CP048231.1,472684,528
CP048231.1,472703,349
CP048231.1,472723,192
CP048231.1,472775,52
CP048231.1,472834,98
CP048231.1,472931,449
CP048231.1,473062,81
CP048231.1,473186,232
CP048231.1,473194,8
CP048231.1,473478,289
CP048231.1,473484,69
CP048231.1,473491,1671
CP048231.1,473580,151
CP048231.1,473588,595
CP048231.1,473614,507
CP048231.1,473623,582
CP048231.1,473900,37
CP048231.1,473953,1
CP048231.1,473979,1
CP048231.1,474284,557
CP048231.1,474334,20
CP048231.1,474339,45
CP048231.1,474341,680
CP048231.1,474346,896
CP048231.1,474400,374
CP048231.1,474406,6
CP048231.1,474408,129
CP048231.1,474514,66
CP048231.1,474517,16
CP048231.1,474602,40
CP048231.1,474606,760
CP048231.1,474652,122
CP048231.1,474674,536
CP048231.1,474714,303
CP048231.1,474721,32
CP048231.1,474730,9
CP048231.1,474973,405
CP048231.1,475181,25
CP048231.1,475184,98
CP048231.1,475201,348
CP048231.1,475224,77
CP048231.1,475253,256
CP048231.1,475332,33
CP048231.1,475355,209
CP048231.1,475388,49
CP048231.1,475389,392
CP048231.1,475396,4131
CP048231.1,475407,180
CP048231.1,475477,411
CP048231.1,475533,107
CP048231.1,475540,967
CP048231.1,475575,71
CP048231.1,475614,709
CP048231.1,475668,3
CP048231.1,475728,581
CP048231.1,475735,133
CP048231.1,475755,155
CP048231.1,475848,961
CP048231.1,475884,586
CP048231.1,475892,563
CP048231.1,475895,545
CP048231.1,475899,513
CP048231.1,475901,2533
CP048231.1,475908,658
CP048231.1,475912,938
CP048231.1,475919,1691
CP048231.1,475924,407
CP048231.1,475980,16
CP048231.1,475982,115
CP048231.1,476039,434
CP048231.1,476046,3
CP048231.1,476086,378
CP048231.1,476152,1
CP048231.1,476158,657
CP048231.1,476165,5395
CP048231.1,476193,95
CP048231.1,476234,235
CP048231.1,476255,329
CP048231.1,476259,1478
CP048231.1,476266,255
CP048231.1,476293,315
CP048231.1,476298,1
CP048231.1,476300,1314
CP048231.1,476349,1
CP048231.1,476355,8
CP048231.1,476383,413
CP048231.1,476393,5
CP048231.1,476402,34
CP048231.1,476424,733
CP048231.1,476430,817
CP048231.1,476460,23
CP048231.1,476461,1
CP048231.1,476462,211
CP048231.1,476476,1
CP048231.1,476495,5
CP048231.1,476513,3
CP048231.1,476518,41
CP048231.1,476525,462
CP048231.1,476542,503
CP048231.1,476587,69
CP048231.1,476604,346
CP048231.1,476608,470
CP048231.1,476615,1476
CP048231.1,476677,325
CP048231.1,476683,6
CP048231.1,476723,354
CP048231.1,476728,131
CP048231.1,476730,740
CP048231.1,476732,94
CP048231.1,476734,418
CP048231.1,476741,401
CP048231.1,476777,487
CP048231.1,476793,1
CP048231.1,476798,470
CP048231.1,476805,3465
CP048231.1,476845,579
CP048231.1,476857,851
CP048231.1,476871,415
CP048231.1,476880,72
CP048231.1,477144,129
CP048231.1,477345,124
CP048231.1,477580,178
CP048231.1,477587,18
CP048231.1,477783,1772
CP048231.1,477875,967
CP048231.1,477878,715
CP048231.1,477916,10
CP048231.1,478049,1133
CP048231.1,478611,33
CP048231.1,478722,289
CP048231.1,479041,421
CP048231.1,479110,1589
CP048231.1,479117,1047
CP048231.1,479180,216
CP048231.1,479763,145
CP048231.1,479976,181
CP048231.1,480018,130
CP048231.1,480602,639
CP048231.1,480664,124
CP048231.1,481148,2454
CP048231.1,481226,223
CP048231.1,481491,531
CP048231.1,481524,468
CP048231.1,481760,10
CP048231.1,481837,244
CP048231.1,481995,14
CP048231.1,482017,49
CP048231.1,482019,849
CP048231.1,482026,1380
CP048231.1,482121,216
CP048231.1,482130,107
CP048231.1,482132,665
CP048231.1,482139,698
CP048231.1,482167,1
CP048231.1,482181,569
CP048231.1,482196,27
CP048231.1,482200,86
CP048231.1,482210,482
CP048231.1,482220,1502
CP048231.1,482227,794
CP048231.1,482228,192
CP048231.1,482229,2
CP048231.1,482275,64
CP048231.1,482282,853
CP048231.1,482291,416
CP048231.1,482297,1135
CP048231.1,482304,134
CP048231.1,482333,3200
CP048231.1,482340,1
CP048231.1,482355,1
CP048231.1,482468,185
CP048231.1,482559,1
CP048231.1,482582,1008
CP048231.1,482587,789
CP048231.1,482594,31
CP048231.1,482607,208
CP048231.1,482614,418
CP048231.1,482618,1536
CP048231.1,482636,1100
CP048231.1,482667,961
CP048231.1,482669,268
CP048231.1,482674,4460
CP048231.1,482676,590
CP048231.1,482736,477
CP048231.1,482740,730
CP048231.1,482743,1584
CP048231.1,482747,995
CP048231.1,482815,192
CP048231.1,482817,105
CP048231.1,482839,579
CP048231.1,482848,3
CP048231.1,482850,100
CP048231.1,482852,876
CP048231.1,482854,489
CP048231.1,482855,1
CP048231.1,482856,9
CP048231.1,482859,24
CP048231.1,482861,89
CP048231.1,482863,152
CP048231.1,482865,1019
CP048231.1,482867,5
CP048231.1,482873,1249
CP048231.1,482876,477
CP048231.1,482882,75
CP048231.1,482883,1016
CP048231.1,482889,1215
CP048231.1,482953,201
CP048231.1,482966,1092
CP048231.1,482968,229
CP048231.1,482997,246
CP048231.1,483004,1242
CP048231.1,483025,3
CP048231.1,483090,207
CP048231.1,483160,162
CP048231.1,483221,227
CP048231.1,483378,126
CP048231.1,483604,1
CP048231.1,484878,53
CP048231.1,485072,43
CP048231.1,485095,12
CP048231.1,485102,332
CP048231.1,485324,43
CP048231.1,485331,127
CP048231.1,485490,40
CP048231.1,485695,3
CP048231.1,485840,287
CP048231.1,486343,249
CP048231.1,486393,682
CP048231.1,486405,5
CP048231.1,486447,549
CP048231.1,486456,450
CP048231.1,486491,1
CP048231.1,486574,35
CP048231.1,486586,12
CP048231.1,487050,300
CP048231.1,487171,101
CP048231.1,487187,332
CP048231.1,487275,186
CP048231.1,487337,209
CP048231.1,487356,662
CP048231.1,487361,1
CP048231.1,487363,262
CP048231.1,487368,322
CP048231.1,487382,473
CP048231.1,487434,1
CP048231.1,487546,152
CP048231.1,487553,763
CP048231.1,487556,32
CP048231.1,487557,1
CP048231.1,487562,1
CP048231.1,487563,2069
CP048231.1,487569,63
CP048231.1,487571,147
CP048231.1,487578,280
CP048231.1,487595,160
CP048231.1,487596,110
CP048231.1,487598,2576
CP048231.1,487602,353
CP048231.1,487603,1079
CP048231.1,487605,78
CP048231.1,487609,322
CP048231.1,487656,981
CP048231.1,487660,446
CP048231.1,487696,8
CP048231.1,487703,155
CP048231.1,487707,229
CP048231.1,487719,36
CP048231.1,488012,1
CP048231.1,488311,7
CP048231.1,489145,162
CP048231.1,489246,11
CP048231.1,489335,781
CP048231.1,489343,79
CP048231.1,489357,91
CP048231.1,489395,314
CP048231.1,489548,1
CP048231.1,489552,347
CP048231.1,489555,385
CP048231.1,489671,229
CP048231.1,490655,1
CP048231.1,491057,211
CP048231.1,491117,54
CP048231.1,491128,34
CP048231.1,491165,9
CP048231.1,491616,172
CP048231.1,491637,122
CP048231.1,491655,70
CP048231.1,491868,8
CP048231.1,492598,16
CP048231.1,492685,141
CP048231.1,492692,36
CP048231.1,511256,2
CP048231.1,512629,87
CP048231.1,514184,619
CP048232.1,10612,150
CP048232.1,14166,1
CP048232.1,16474,70
CP048232.1,16736,409
CP048232.1,17435,201
CP048232.1,18166,280
CP048232.1,18242,615
CP048232.1,18902,245
CP048232.1,19540,11
CP048232.1,21688,1619
CP048232.1,21695,1
CP048232.1,22821,315
CP048232.1,22987,394
CP048232.1,24754,373
CP048232.1,25923,574
CP048232.1,27313,88
CP048232.1,27344,1
CP048232.1,27367,103
CP048232.1,27410,161
CP048232.1,27560,734
CP048232.1,27567,1
CP048232.1,27578,1
CP048232.1,27585,473
CP048232.1,27591,7
CP048232.1,27707,157
CP048232.1,27726,427
CP048232.1,27733,29
CP048232.1,28135,92
CP048232.1,28279,1018
CP048232.1,28677,232
CP048232.1,30004,467
CP048232.1,30127,697
CP048232.1,30134,1181
CP048232.1,30138,675
CP048232.1,30200,1265
CP048232.1,30259,1
CP048232.1,30267,96
CP048232.1,31480,8
CP048232.1,31636,1
CP048232.1,31687,124
CP048232.1,34362,1
CP048232.1,34522,25
CP048232.1,35909,140
CP048232.1,36549,815
CP048232.1,36563,135
CP048232.1,36568,419
CP048232.1,36646,1
CP048232.1,36650,187
CP048232.1,36653,712
CP048232.1,36741,2
CP048232.1,36834,126
CP048232.1,36841,1
CP048232.1,36849,1
CP048232.1,39315,115
CP048232.1,39316,103
CP048232.1,39369,340
CP048232.1,39384,580
CP048232.1,39390,25
CP048232.1,39391,755
CP048232.1,39583,266
CP048232.1,39590,595
CP048232.1,40062,106
CP048232.1,41178,265
CP048232.1,42092,8
CP048232.1,42575,219
CP048232.1,42642,2030
CP048232.1,42649,1
CP048232.1,42657,7
CP048232.1,42695,31
CP048232.1,42700,52
CP048232.1,42702,246
CP048232.1,42706,14
CP048232.1,42747,120
CP048232.1,42805,2415
CP048232.1,42812,924
CP048232.1,42820,89
CP048232.1,42886,1557
CP048232.1,43094,198
CP048232.1,43280,361
CP048232.1,44057,267
CP048232.1,44935,257
CP048232.1,45120,74
CP048232.1,45123,31
CP048232.1,45127,193
CP048232.1,45199,159
CP048232.1,45838,1
CP048232.1,46467,441
CP048232.1,47346,358
CP048232.1,47398,3
CP048232.1,47652,670
CP048232.1,55236,81
CP048232.1,56153,86
CP048232.1,56183,143
CP048232.1,56262,432
CP048232.1,56423,525
CP048232.1,56428,659
CP048232.1,56430,286
CP048232.1,56462,1
CP048232.1,58175,51
CP048232.1,58243,876
CP048232.1,58649,2
CP048232.1,59081,328
CP048232.1,59088,130
CP048232.1,59105,14
CP048232.1,59273,416
CP048232.1,59275,487
CP048232.1,59279,233
CP048232.1,59282,925
CP048232.1,59286,292
CP048232.1,59321,290
CP048232.1,59328,7
CP048232.1,59382,1
CP048232.1,59595,347
CP048232.1,59661,46
CP048232.1,59668,3142
CP048232.1,59671,512
CP048232.1,59786,3
CP048232.1,59793,2581
CP048232.1,59801,1112
CP048232.1,59808,492
CP048232.1,59826,489
CP048232.1,59849,3
CP048232.1,59864,134
CP048232.1,59874,25
CP048232.1,59881,774
CP048232.1,59898,90
CP048232.1,59909,950
CP048232.1,59917,955
CP048232.1,59929,369
CP048232.1,60009,406
CP048232.1,60019,504
CP048232.1,60026,443
CP048232.1,60301,67
CP048232.1,60306,175
CP048232.1,60552,4
CP048232.1,60575,1
CP048232.1,60723,347
CP048232.1,60913,1309
CP048232.1,61664,1
CP048232.1,61729,339
CP048232.1,65933,15
CP048232.1,66085,103
CP048232.1,66122,72
CP048232.1,66165,716
CP048232.1,66206,270
CP048232.1,66529,52
CP048232.1,66543,41
CP048232.1,66725,849
CP048232.1,67254,16
CP048232.1,67712,122
CP048232.1,68821,25
CP048232.1,68828,22
CP048232.1,69065,969
CP048232.1,71104,1
CP048232.1,71111,57
CP048232.1,71152,370
CP048232.1,71159,102
CP048232.1,71202,147
CP048232.1,71229,162
CP048232.1,71238,32
CP048232.1,71243,204
CP048232.1,71270,153
CP048232.1,71325,2
CP048232.1,71529,3
CP048232.1,71727,614
CP048232.1,71749,228
CP048232.1,72217,2681
CP048232.1,72325,1
CP048232.1,72914,382
CP048232.1,73637,2
CP048232.1,74086,1476
CP048232.1,74477,1109
CP048232.1,74480,204
CP048232.1,74608,1
CP048232.1,74765,347
CP048232.1,75610,1564
CP048232.1,75625,61
CP048232.1,76285,2
CP048232.1,76432,48
CP048232.1,76540,44
CP048232.1,77239,250
CP048232.1,77307,41
CP048232.1,77314,12
CP048232.1,77381,12
CP048232.1,83307,117
CP048232.1,83458,472
CP048232.1,83465,319
CP048232.1,83532,713
CP048232.1,83645,569
CP048232.1,83662,428
CP048232.1,83799,574
CP048232.1,83840,1007
CP048232.1,83939,1
CP048232.1,88523,670
CP048232.1,88553,272
CP048232.1,88659,95
CP048232.1,88699,1
CP048232.1,88807,100
CP048232.1,88876,2
CP048232.1,88986,5
CP048232.1,88993,1
CP048232.1,89072,1061
CP048232.1,89131,100
CP048232.1,89267,3
CP048232.1,89478,405
CP048232.1,89890,314
CP048232.1,91079,1304
CP048232.1,91835,1697
CP048232.1,92480,5
CP048232.1,94567,735
CP048232.1,94673,1145
CP048232.1,95217,427
CP048232.1,95852,6
CP048232.1,96411,1
CP048232.1,100736,497
CP048232.1,102494,4091
CP048232.1,102524,193
CP048232.1,102619,982
CP048232.1,102825,62
CP048232.1,103904,1
CP048232.1,104332,168
CP048232.1,104543,1282
CP048232.1,104553,4
CP048232.1,104577,8
CP048232.1,104662,108
CP048232.1,104737,6
CP048232.1,104892,1033
CP048232.1,104930,155
CP048232.1,104937,70
CP048232.1,104959,189
CP048232.1,104990,3783
CP048232.1,105014,736
CP048232.1,105056,9
CP048232.1,105095,208
CP048232.1,105290,1
CP048232.1,107878,509
CP048232.1,107885,2147
CP048232.1,108195,555
CP048232.1,108204,1
CP048232.1,108476,19
CP048232.1,108742,1
CP048232.1,108772,1
CP048232.1,109312,669
CP048232.1,109340,891
CP048232.1,109801,246
CP048232.1,109989,59
CP048232.1,111577,270
CP048232.1,111687,120
CP048232.1,111694,961
CP048232.1,111699,2
CP048232.1,111725,1063
CP048232.1,111727,856
CP048232.1,111729,57
CP048232.1,111732,142
CP048232.1,111734,894
CP048232.1,111736,435
CP048232.1,111831,551
CP048232.1,114421,1
CP048232.1,114451,1
CP048232.1,115003,342
CP048232.1,115015,1978
CP048232.1,115027,3
CP048232.1,115135,1031
CP048232.1,115224,1
CP048232.1,115318,1992
CP048232.1,115339,16
CP048232.1,115561,1852
CP048232.1,116805,1
CP048232.1,117691,103
CP048232.1,122760,1614
CP048232.1,122766,371
CP048232.1,122768,69
CP048232.1,122782,1
CP048232.1,122864,29
CP048232.1,122887,251
CP048232.1,126009,583
CP048232.1,126125,1
CP048232.1,126158,290
CP048232.1,127307,127
CP048232.1,132366,7
CP048232.1,132535,272
CP048232.1,132984,1
CP048232.1,134279,50
CP048232.1,135253,10
CP048232.1,136924,1
CP048232.1,137058,149
CP048232.1,137254,4499
CP048232.1,137256,185
CP048232.1,137261,6520
CP048232.1,137304,424
CP048232.1,137554,2081
CP048232.1,138612,1
CP048232.1,138781,52
CP048232.1,138793,999
CP048232.1,139578,33
CP048232.1,139792,478
CP048232.1,140172,17
CP048232.1,141442,33
CP048232.1,141727,293
CP048232.1,142874,1
CP048232.1,143009,10
CP048232.1,143011,18
CP048232.1,143024,460
CP048232.1,143037,249
CP048232.1,143078,495
CP048232.1,143085,922
CP048232.1,143130,1
CP048232.1,143159,528
CP048232.1,143934,1
CP048232.1,143957,916
CP048232.1,144286,134
CP048232.1,144341,1081
CP048232.1,144458,1279
CP048232.1,147235,884
CP048232.1,147259,11
CP048232.1,148941,58
CP048232.1,149196,1
CP048232.1,149866,707
CP048232.1,150263,25
CP048232.1,152064,27
CP048232.1,152439,193
CP048232.1,153287,4
CP048232.1,153448,90
CP048232.1,153554,476
CP048232.1,153556,616
CP048232.1,153561,9
CP048232.1,153563,442
CP048232.1,153572,48
CP048232.1,153610,10
CP048232.1,153637,7
CP048232.1,153645,111
CP048232.1,153706,546
CP048232.1,153711,312
CP048232.1,153783,4
CP048232.1,153790,589
CP048232.1,153813,44
CP048232.1,153902,682
CP048232.1,153955,160
CP048232.1,153956,343
CP048232.1,153968,538
CP048232.1,154299,29
CP048232.1,157956,256
CP048232.1,157970,325
CP048232.1,162307,71
CP048232.1,162318,89
CP048232.1,162345,15
CP048232.1,163659,1
CP048232.1,164066,713
CP048232.1,166228,708
CP048232.1,167242,407
CP048232.1,167577,244
CP048232.1,167610,1599
CP048232.1,167612,1
CP048232.1,167805,704
CP048232.1,167854,485
CP048232.1,167859,350
CP048232.1,167861,3636
CP048232.1,167866,9
CP048232.1,167868,2
CP048232.1,167880,1812
CP048232.1,167887,2345
CP048232.1,167912,2498
CP048232.1,167933,1632
CP048232.1,167935,43
CP048232.1,167940,2179
CP048232.1,167943,117
CP048232.1,167994,2136
CP048232.1,168040,1136
CP048232.1,168046,389
CP048232.1,168058,437
CP048232.1,168063,461
CP048232.1,168158,2572
CP048232.1,168165,2
CP048232.1,168178,27
CP048232.1,168184,725
CP048232.1,168186,356
CP048232.1,168222,3388
CP048232.1,168229,1203
CP048232.1,168321,209
CP048232.1,168347,220
CP048232.1,168354,433
CP048232.1,168436,395
CP048232.1,168443,551
CP048232.1,168481,1931
CP048232.1,168599,89
CP048232.1,168641,773
CP048232.1,168712,1400
CP048232.1,168719,363
CP048232.1,168764,2830
CP048232.1,168778,1
CP048232.1,168920,1803
CP048232.1,169001,993
CP048232.1,169033,1
CP048232.1,169064,420
CP048232.1,169334,511
CP048232.1,169711,283
CP048232.1,169737,127
CP048232.1,169824,55
CP048232.1,169882,1
CP048232.1,170027,513
CP048232.1,170029,319
CP048232.1,171170,512
CP048232.1,171922,229
CP048232.1,172778,832
CP048232.1,172949,583
CP048232.1,173164,210
CP048232.1,175651,255
CP048232.1,176235,1
CP048232.1,176249,593
CP048232.1,176347,357
CP048232.1,179894,10
CP048232.1,180123,1179
CP048232.1,180420,11
CP048232.1,180569,104
CP048232.1,180722,883
CP048232.1,180729,199
CP048232.1,180899,1565
CP048232.1,180913,81
CP048232.1,180944,1101
CP048232.1,180977,161
CP048232.1,180981,1147
CP048232.1,180983,238
CP048232.1,180984,957
CP048232.1,180988,1747
CP048232.1,181007,1
CP048232.1,182670,187
CP048232.1,183518,957
CP048232.1,183867,1
CP048232.1,183883,12
CP048232.1,183932,554
CP048232.1,183994,23
CP048232.1,184235,977
CP048232.1,184276,426
CP048232.1,184326,987
CP048232.1,184336,456
CP048232.1,184343,45
CP048232.1,184358,346
CP048232.1,184430,707
CP048232.1,184922,437
CP048232.1,185039,1915
CP048232.1,186513,1017
CP048232.1,186685,1
CP048232.1,186692,1
CP048232.1,186840,16
CP048232.1,186862,598
CP048232.1,186960,81
CP048232.1,186969,187
CP048232.1,186979,19
CP048232.1,187045,608
CP048232.1,187219,228
CP048232.1,187578,43
CP048232.1,188084,28
CP048232.1,188356,1290
CP048232.1,188481,2253
CP048232.1,188699,29
CP048232.1,188704,1
CP048232.1,188809,434
CP048232.1,188814,1
CP048232.1,188981,48
CP048232.1,189324,375
CP048232.1,190175,12
CP048232.1,190188,1
CP048232.1,190221,1
CP048232.1,190228,399
CP048232.1,190232,1572
CP048232.1,190238,545
CP048232.1,190239,1402
CP048232.1,190278,741
CP048232.1,190280,1154
CP048232.1,190285,2133
CP048232.1,190297,1
CP048232.1,190315,295
CP048232.1,190652,405
CP048232.1,190753,3469
CP048232.1,190755,572
CP048232.1,190760,1545
CP048232.1,190762,126
CP048232.1,190778,161
CP048232.1,190787,1
CP048232.1,190794,3628
CP048232.1,190853,9
CP048232.1,190860,355
CP048232.1,191066,1
CP048232.1,191072,23
CP048232.1,191079,15
CP048232.1,191230,12
CP048232.1,191270,384
CP048232.1,191274,41
CP048232.1,191402,1
CP048232.1,191446,45
CP048232.1,191748,1363
CP048232.1,191762,1
CP048232.1,191783,2716
CP048232.1,191790,1
CP048232.1,192232,2
CP048232.1,192289,15
CP048232.1,194363,1
CP048232.1,197823,2
CP048232.1,197841,234
CP048232.1,197986,2
CP048232.1,198161,17
CP048232.1,199507,1
CP048232.1,203896,67
CP048232.1,203967,874
CP048232.1,203994,1
CP048232.1,204024,15
CP048232.1,204948,251
CP048232.1,206308,52
CP048232.1,206623,10
CP048232.1,206626,328
CP048232.1,207393,1
CP048232.1,207580,7
CP048232.1,208015,311
CP048232.1,208126,19
CP048232.1,208156,402
CP048232.1,208809,4
CP048232.1,209892,1020
CP048232.1,210037,207
CP048232.1,211628,6
CP048232.1,211757,211
CP048232.1,214783,633
CP048232.1,215421,32
CP048232.1,215438,371
CP048232.1,215525,257
CP048232.1,215629,1
CP048232.1,215663,49
CP048232.1,215743,289
CP048232.1,215770,601
CP048232.1,217178,591
CP048232.1,217246,2093
CP048232.1,217388,1
CP048232.1,217441,701
CP048232.1,217463,479
CP048232.1,217470,243
CP048232.1,219620,25
CP048232.1,219626,3
CP048232.1,219694,250
CP048232.1,219776,3
CP048232.1,219817,4
CP048232.1,219839,1130
CP048232.1,220100,101
CP048232.1,220736,946
CP048232.1,220847,1
CP048232.1,221151,849
CP048232.1,221681,1
CP048232.1,221833,2
CP048232.1,222636,1
CP048232.1,222708,36
CP048232.1,222756,331
CP048232.1,222784,1
CP048232.1,222813,202
CP048232.1,222818,520
CP048232.1,222820,779
CP048232.1,222839,648
CP048232.1,222846,236
CP048232.1,222861,847
CP048232.1,222863,805
CP048232.1,222868,389
CP048232.1,222870,40
CP048232.1,223190,19
CP048232.1,224179,230
CP048232.1,228393,94
CP048232.1,228486,13
CP048232.1,228487,211
CP048232.1,228598,1167
CP048232.1,228607,527
CP048232.1,230686,1
CP048232.1,231210,386
CP048232.1,231301,41
CP048232.1,231484,199
CP048232.1,231737,13
CP048232.1,231743,489
CP048232.1,231748,12
CP048232.1,231753,4
CP048232.1,231763,850
CP048232.1,231765,1325
CP048232.1,231768,1
CP048232.1,231796,1504
CP048232.1,231817,1
CP048232.1,231820,1
CP048232.1,231841,1172
CP048232.1,231848,4
CP048232.1,231850,341
CP048232.1,231857,443
CP048232.1,231866,517
CP048232.1,231873,2398
CP048232.1,231874,892
CP048232.1,231927,5
CP048232.1,231929,1034
CP048232.1,231954,569
CP048232.1,234244,56
CP048232.1,234293,102
CP048232.1,234399,228
CP048232.1,234401,1001
CP048232.1,234502,140
CP048232.1,234608,520
CP048232.1,234623,1
CP048232.1,234647,230
CP048232.1,234650,924
CP048232.1,234656,34
CP048232.1,234742,28
CP048232.1,234749,103
CP048232.1,234772,484
CP048232.1,234773,1
CP048232.1,234840,9
CP048232.1,234862,1
CP048232.1,234952,5
CP048232.1,234982,1218
CP048232.1,234989,615
CP048232.1,235091,5313
CP048232.1,235098,1564
CP048232.1,235225,21
CP048232.1,235255,1305
CP048232.1,235419,1
CP048232.1,235421,620
CP048232.1,235428,1
CP048232.1,235452,820
CP048232.1,235527,452
CP048232.1,235580,355
CP048232.1,235587,408
CP048232.1,235633,420
CP048232.1,235640,414
CP048232.1,235690,1
CP048232.1,236099,3
CP048232.1,236576,196
CP048232.1,236697,39
CP048232.1,237565,503
CP048232.1,239243,51
CP048232.1,240737,1
CP048232.1,240857,410
CP048232.1,241848,31
CP048232.1,241967,2644
CP048232.1,241974,1113
CP048232.1,242017,2
CP048232.1,242024,1584
CP048232.1,242089,86
CP048232.1,242112,1
CP048232.1,242130,856
CP048232.1,242150,1132
CP048232.1,242162,37
CP048232.1,242163,1
CP048232.1,242173,4
CP048232.1,242180,203
CP048232.1,242205,1
CP048232.1,242258,530
CP048232.1,242541,373
CP048232.1,242584,650
CP048232.1,242587,150
CP048232.1,242589,48
CP048232.1,244015,201
CP048232.1,244960,100
CP048232.1,245093,163
CP048232.1,245183,226
CP048232.1,245342,804
CP048232.1,245415,1243
CP048232.1,245422,779
CP048232.1,245487,418
CP048232.1,245797,489
CP048232.1,245988,427
CP048232.1,246046,113
CP048232.1,246051,556
CP048232.1,246174,15
CP048232.1,246322,733
CP048232.1,246355,101
CP048232.1,246494,455
CP048232.1,246497,41
CP048232.1,246532,100
CP048232.1,246539,67
CP048232.1,246671,2
CP048232.1,246729,40
CP048232.1,246757,385
CP048232.1,246882,243
CP048232.1,247110,527
CP048232.1,247121,8
CP048232.1,247175,87
CP048232.1,247183,99
CP048232.1,247194,126
CP048232.1,247245,5
CP048232.1,247303,823
CP048232.1,247310,1097
CP048232.1,247332,206
CP048232.1,247339,43
CP048232.1,247742,15
CP048232.1,248356,45
CP048232.1,248782,2256
CP048232.1,248838,1043
CP048232.1,248845,1387
CP048232.1,248890,2014
CP048232.1,249033,638
CP048232.1,249137,861
CP048232.1,249144,919
CP048232.1,249156,856
CP048232.1,249163,826
CP048232.1,249239,33
CP048232.1,249273,292
CP048232.1,249277,12
CP048232.1,249278,591
CP048232.1,249290,90
CP048232.1,249294,228
CP048232.1,249421,709
CP048232.1,249468,22
CP048232.1,249475,11
CP048232.1,249728,677
CP048232.1,249855,156
CP048232.1,249861,679
CP048232.1,249863,1477
CP048232.1,249894,956
CP048232.1,250027,2
CP048232.1,250123,1198
CP048232.1,250158,34
CP048232.1,250165,1926
CP048232.1,250167,1245
CP048232.1,250350,1
CP048232.1,250522,721
CP048232.1,253787,165
CP048232.1,254049,406
CP048232.1,254153,2
CP048232.1,258359,422
CP048232.1,258434,721
CP048232.1,258441,32
CP048232.1,260917,86
CP048232.1,260955,392
CP048232.1,260962,25
CP048232.1,260968,2
CP048232.1,263249,1
CP048232.1,263293,409
CP048232.1,263471,2
CP048232.1,263478,1098
CP048232.1,263547,254
CP048232.1,263555,432
CP048232.1,263572,39
CP048232.1,263576,5
CP048232.1,263611,68
CP048232.1,263746,319
CP048232.1,266648,469
CP048232.1,266829,52
CP048232.1,266836,7
CP048232.1,266860,360
CP048232.1,266908,457
CP048232.1,266964,1
CP048232.1,266965,323
CP048232.1,266972,618
CP048232.1,266984,180
CP048232.1,267001,1101
CP048232.1,267007,536
CP048232.1,267058,137
CP048232.1,267681,32
CP048232.1,268961,55
CP048232.1,270497,157
CP048232.1,270554,21
CP048232.1,271492,84
CP048232.1,271853,91
CP048232.1,271994,182
CP048232.1,273366,328
CP048232.1,273567,537
CP048232.1,273597,2747
CP048232.1,273604,2345
CP048232.1,273606,71
CP048232.1,273622,767
CP048232.1,273713,113
CP048232.1,273730,15
CP048232.1,274178,745
CP048232.1,274430,144
CP048232.1,274594,44
CP048232.1,276440,391
CP048232.1,276505,441
CP048232.1,276563,54
CP048232.1,276648,73
CP048232.1,276668,728
CP048232.1,276675,2
CP048232.1,276811,963
CP048232.1,276859,233
CP048232.1,276880,267
CP048232.1,276902,1
CP048232.1,277053,122
CP048232.1,277072,1794
CP048232.1,277075,55
CP048232.1,277079,31
CP048232.1,277343,32
CP048232.1,277429,171
CP048232.1,277505,1
CP048232.1,278754,18
CP048232.1,278806,613
CP048232.1,278999,288
CP048232.1,279575,183
CP048232.1,279587,168
CP048232.1,279659,322
CP048232.1,279666,1
CP048232.1,279794,479
CP048232.1,279812,10
CP048232.1,279947,312
CP048232.1,280352,39
CP048232.1,280730,350
CP048232.1,280738,41
CP048232.1,280972,3
CP048232.1,281535,347
CP048232.1,281554,6
CP048232.1,281932,43
CP048232.1,283837,17
CP048232.1,283844,287
CP048232.1,283876,948
CP048232.1,283883,959
CP048232.1,283917,31
CP048232.1,283926,266
CP048232.1,283959,186
CP048232.1,283999,165
CP048232.1,284035,646
CP048232.1,284060,70
CP048232.1,284064,1
CP048232.1,284172,597
CP048232.1,284179,1
CP048232.1,284181,151
CP048232.1,284200,2041
CP048232.1,284201,509
CP048232.1,284207,16
CP048232.1,284216,2041
CP048232.1,284239,52
CP048232.1,284241,73
CP048232.1,284243,2
CP048232.1,284245,1
CP048232.1,284248,522
CP048232.1,284271,25
CP048232.1,284547,526
CP048232.1,284627,33
CP048232.1,284785,639
CP048232.1,284789,1
CP048232.1,284792,26
CP048232.1,284863,766
CP048232.1,284877,457
CP048232.1,284885,1
CP048232.1,284892,371
CP048232.1,284924,1
CP048232.1,284929,631
CP048232.1,284939,91
CP048232.1,284947,206
CP048232.1,284995,9
CP048232.1,285002,1252
CP048232.1,285013,1138
CP048232.1,285042,1195
CP048232.1,285143,1
CP048232.1,285211,1002
CP048232.1,285228,675
CP048232.1,285303,537
CP048232.1,285314,1475
CP048232.1,285499,206
CP048232.1,285506,292
CP048232.1,285795,94
CP048232.1,286023,829
CP048232.1,286169,21
CP048232.1,286564,310
CP048232.1,286904,140
CP048232.1,287140,65
CP048232.1,287255,20
CP048232.1,289862,86
CP048232.1,290024,103
CP048232.1,290090,760
CP048232.1,290096,1
CP048232.1,290125,130
CP048232.1,290165,197
CP048232.1,290181,373
CP048232.1,290227,400
CP048232.1,290263,180
CP048232.1,290516,275
CP048232.1,290524,1
CP048232.1,290860,1
CP048232.1,291666,917
CP048232.1,291718,34
CP048232.1,292415,608
CP048232.1,292424,213
CP048232.1,292501,1042
CP048232.1,292836,1500
CP048232.1,293325,165
CP048232.1,294862,549
CP048232.1,294869,1
CP048232.1,295028,172
CP048232.1,298429,552
CP048232.1,298436,39
CP048232.1,298560,60
CP048232.1,298562,1
CP048232.1,299627,25
CP048232.1,299844,991
CP048232.1,299866,1
CP048232.1,299869,151
CP048232.1,300006,4
CP048232.1,300058,2
CP048232.1,300259,55
CP048232.1,301110,769
CP048232.1,301348,173
CP048232.1,301355,326
CP048232.1,301368,682
CP048232.1,301377,161
CP048232.1,301382,411
CP048232.1,301432,8
CP048232.1,305402,27
CP048232.1,306396,622
CP048232.1,306844,78
CP048232.1,306851,1
CP048232.1,306881,536
CP048232.1,306884,520
CP048232.1,306888,38
CP048232.1,307111,587
CP048232.1,307191,1
CP048232.1,307401,312
CP048232.1,307419,300
CP048232.1,307425,44
CP048232.1,307439,70
CP048232.1,308487,239
CP048232.1,308837,24
CP048232.1,309148,95
CP048232.1,309796,67
CP048232.1,310133,33
CP048232.1,310340,1
CP048232.1,310558,560
CP048232.1,310971,4
CP048232.1,311354,4
CP048232.1,311734,113
CP048232.1,312784,211
CP048232.1,313644,288
CP048232.1,314091,3
CP048232.1,315093,623
CP048232.1,315734,326
CP048232.1,315741,128
CP048232.1,315912,1
CP048232.1,316106,50
CP048232.1,316407,698
CP048232.1,316428,695
CP048232.1,316540,1
CP048232.1,316587,1
CP048232.1,316594,557
CP048232.1,316767,63
CP048232.1,316774,1330
CP048232.1,316781,1
CP048232.1,316794,253
CP048232.1,316801,2419
CP048232.1,316804,999
CP048232.1,316834,278
CP048232.1,316844,760
CP048232.1,316851,1125
CP048232.1,316854,665
CP048232.1,316861,157
CP048232.1,316892,268
CP048232.1,316973,14
CP048232.1,317013,15
CP048232.1,317030,312
CP048232.1,317249,391
CP048232.1,317415,1047
CP048232.1,317446,24
CP048232.1,317507,1
CP048232.1,317509,1
CP048232.1,317514,520
CP048232.1,317567,13
CP048232.1,317698,3260
CP048232.1,318053,16
CP048232.1,318191,65
CP048232.1,318198,375
CP048232.1,318200,92
CP048232.1,318202,742
CP048232.1,318281,445
CP048232.1,318288,1027
CP048232.1,318311,799
CP048232.1,318322,632
CP048232.1,318330,607
CP048232.1,318405,2523
CP048232.1,318415,2835
CP048232.1,318419,230
CP048232.1,318531,1109
CP048232.1,318549,437
CP048232.1,318594,1
CP048232.1,318666,1
CP048232.1,318698,293
CP048232.1,318755,256
CP048232.1,318762,240
CP048232.1,318801,98
CP048232.1,318808,625
CP048232.1,318815,11
CP048232.1,318862,413
CP048232.1,318883,1251
CP048232.1,319217,88
CP048232.1,319224,339
CP048232.1,319298,1458
CP048232.1,321452,4
CP048232.1,321486,35
CP048232.1,321668,33
CP048232.1,321700,43
CP048232.1,322019,533
CP048232.1,322027,53
CP048232.1,322141,5
CP048232.1,322278,496
CP048232.1,322297,5
CP048232.1,322468,1359
CP048232.1,322495,13
CP048232.1,322534,762
CP048232.1,322535,752
CP048232.1,322774,206
CP048232.1,322982,6
CP048232.1,322984,52
CP048232.1,323044,77
CP048232.1,323097,1
CP048232.1,323117,323
CP048232.1,323329,598
CP048232.1,323618,20
CP048232.1,323747,129
CP048232.1,323748,4
CP048232.1,323756,481
CP048232.1,323781,421
CP048232.1,323994,230
CP048232.1,323996,818
CP048232.1,324094,121
CP048232.1,324119,49
CP048232.1,324136,4
CP048232.1,324143,784
CP048232.1,324156,527
CP048232.1,324163,4
CP048232.1,324349,1
CP048232.1,324352,2
CP048232.1,326100,527
CP048232.1,326113,151
CP048232.1,327306,1
CP048232.1,327312,19
CP048232.1,327810,95
CP048232.1,328210,1
CP048232.1,328656,3
CP048232.1,328738,20
CP048232.1,328826,3
CP048232.1,329153,1249
CP048232.1,329675,660
CP048232.1,329923,337
CP048232.1,329930,430
CP048232.1,329991,1
CP048232.1,330000,1
CP048232.1,330007,973
CP048232.1,330015,39
CP048232.1,330039,769
CP048232.1,330044,1455
CP048232.1,330046,1
CP048232.1,330051,1148
CP048232.1,330053,16
CP048232.1,330083,2290
CP048232.1,330262,4
CP048232.1,330422,743
CP048232.1,330464,6217
CP048232.1,330468,60
CP048232.1,330471,9070
CP048232.1,330662,176
CP048232.1,330966,322
CP048232.1,330984,1194
CP048232.1,331462,328
CP048232.1,332171,8
CP048232.1,332477,262
CP048232.1,332493,1377
CP048232.1,332659,14
CP048232.1,333018,452
CP048232.1,334243,978
CP048232.1,334414,933
CP048232.1,336879,345
CP048232.1,336903,60
CP048232.1,341001,477
CP048232.1,341015,22
CP048232.1,341362,5
CP048232.1,341383,998
CP048232.1,341480,120
CP048232.1,341486,1988
CP048232.1,341488,1073
CP048232.1,341493,2
CP048232.1,341498,754
CP048232.1,341504,1102
CP048232.1,341510,806
CP048232.1,341542,86
CP048232.1,341546,3044
CP048232.1,341550,311
CP048232.1,341551,22
CP048232.1,341553,1
CP048232.1,341561,3
CP048232.1,341563,2044
CP048232.1,341570,2629
CP048232.1,341577,17
CP048232.1,341604,10
CP048232.1,341694,214
CP048232.1,341794,8
CP048232.1,341823,339
CP048232.1,343247,2152
CP048232.1,343302,1169
CP048232.1,343309,3412
CP048232.1,343410,183
CP048232.1,343456,224
CP048232.1,343487,759
CP048232.1,343522,459
CP048232.1,343551,1
CP048232.1,343552,317
CP048232.1,343624,76
CP048232.1,343628,533
CP048232.1,343635,191
CP048232.1,343640,261
CP048232.1,343647,97
CP048232.1,343763,617
CP048232.1,344525,203
CP048232.1,344687,145
CP048232.1,344761,123
CP048232.1,345619,11
CP048232.1,345632,1
CP048232.1,345644,986
CP048232.1,345928,871
CP048232.1,346883,915
CP048232.1,347955,657
CP048232.1,349193,627
CP048232.1,349207,1
CP048232.1,349264,4
CP048232.1,349286,192
CP048232.1,350667,774
CP048232.1,351523,1
CP048232.1,351633,235
CP048232.1,351645,211
CP048232.1,351808,171
CP048232.1,351830,5
CP048232.1,352484,164
CP048232.1,352985,1
CP048232.1,353118,530
CP048232.1,353179,26
CP048232.1,353782,29
CP048232.1,354126,13
CP048232.1,355116,604
CP048232.1,355646,1673
CP048232.1,355648,5916
CP048232.1,355653,4331
CP048232.1,355655,11411
CP048232.1,355754,1
CP048232.1,355958,664
CP048232.1,355961,1133
CP048232.1,355968,4095
CP048232.1,355970,1
CP048232.1,356016,1016
CP048232.1,356023,997
CP048232.1,356024,11295
CP048232.1,356025,1
CP048232.1,356031,36226
CP048232.1,356045,1
CP048232.1,356076,5733
CP048232.1,356083,7260
CP048232.1,356193,2475
CP048232.1,356204,967
CP048232.1,356400,3439
CP048232.1,356495,2233
CP048232.1,356551,812
CP048232.1,356679,580
CP048232.1,356843,5
CP048232.1,356850,2909
CP048232.1,356993,1466
CP048232.1,357000,233
CP048232.1,357076,404
CP048232.1,357175,665
CP048232.1,357228,659
CP048232.1,357296,446
CP048232.1,357470,144
CP048232.1,357661,285
CP048232.1,357674,573
CP048232.1,357776,940
CP048232.1,358013,927
CP048232.1,358071,169
CP048232.1,358138,103
CP048232.1,358185,33
CP048232.1,358367,233
CP048232.1,358372,11
CP048232.1,358374,285
CP048232.1,359973,651
CP048232.1,360300,215
CP048232.1,362231,273
CP048232.1,362378,88
CP048232.1,362379,174
CP048232.1,362385,27
CP048232.1,362420,324
CP048232.1,362509,247
CP048232.1,365419,435
CP048232.1,365423,599
CP048232.1,365447,315
CP048232.1,365472,228
CP048232.1,365474,26
CP048232.1,365479,28
CP048232.1,365576,70
CP048232.1,365767,114
CP048232.1,365776,236
CP048232.1,365925,79
CP048232.1,366051,211
CP048232.1,366058,22
CP048232.1,366177,50
CP048232.1,366480,149
CP048232.1,367587,55
CP048232.1,367988,1060
CP048232.1,367995,56
CP048232.1,368063,24
CP048232.1,368064,114
CP048232.1,368127,722
CP048232.1,368131,1690
CP048232.1,368138,1
CP048232.1,368139,67
CP048232.1,368218,26
CP048232.1,368238,365
CP048232.1,368248,1
CP048232.1,368289,572
CP048232.1,368410,309
CP048232.1,368418,7
CP048232.1,368423,201
CP048232.1,368495,8
CP048232.1,368568,866
CP048232.1,368574,1011
CP048232.1,368575,298
CP048232.1,368581,12
CP048232.1,368632,1239
CP048232.1,368692,10
CP048232.1,368718,7
CP048232.1,368755,101
CP048232.1,368792,1000
CP048232.1,368828,728
CP048232.1,368938,771
CP048232.1,368940,363
CP048232.1,368947,653
CP048232.1,369024,96
CP048232.1,369030,55
CP048232.1,369031,1808
CP048232.1,369037,863
CP048232.1,369051,600
CP048232.1,369056,650
CP048232.1,369058,874
CP048232.1,369236,32
CP048232.1,369273,12
CP048232.1,369302,517
CP048232.1,369397,537
CP048232.1,369418,652
CP048232.1,369445,34
CP048232.1,369607,1
CP048232.1,369669,1
CP048232.1,369678,467
CP048232.1,369684,26
CP048232.1,369685,51
CP048232.1,369763,4711
CP048232.1,369770,486
CP048232.1,369779,1226
CP048232.1,369786,68
CP048232.1,369795,2163
CP048232.1,369837,40
CP048232.1,369839,1
CP048232.1,369880,158
CP048232.1,369887,877
CP048232.1,369907,1323
CP048232.1,369915,145
CP048232.1,369985,1484
CP048232.1,370033,1366
CP048232.1,370053,229
CP048232.1,370060,804
CP048232.1,370082,488
CP048232.1,370091,2120
CP048232.1,370138,602
CP048232.1,370181,16
CP048232.1,370188,425
CP048232.1,370230,1400
CP048232.1,370232,1281
CP048232.1,370291,775
CP048232.1,370343,552
CP048232.1,370368,22
CP048232.1,370831,1
CP048232.1,370947,238
CP048232.1,370977,635
CP048232.1,370984,1599
CP048232.1,371037,20
CP048232.1,371044,719
CP048232.1,371117,81
CP048232.1,371140,82
CP048232.1,371279,20
CP048232.1,371302,16
CP048232.1,371309,533
CP048232.1,371441,267
CP048232.1,371559,68
CP048232.1,371912,90
CP048232.1,372091,317
CP048232.1,372266,470
CP048232.1,372273,14
CP048232.1,372420,2
CP048232.1,372479,223
CP048232.1,372486,13
CP048232.1,372494,365
CP048232.1,372510,50
CP048232.1,372621,343
CP048232.1,372837,573
CP048232.1,373720,117
CP048232.1,374002,20
CP048232.1,374040,121
CP048232.1,374158,1
CP048232.1,374164,27
CP048232.1,374196,436
CP048232.1,374203,903
CP048232.1,374207,212
CP048232.1,374281,303
CP048232.1,374299,313
CP048232.1,374344,672
CP048232.1,374351,1078
CP048232.1,374352,83
CP048232.1,374359,148
CP048232.1,374360,566
CP048232.1,374364,403
CP048232.1,374367,288
CP048232.1,374372,333
CP048232.1,374592,6
CP048232.1,374609,5
CP048232.1,374616,1
CP048232.1,374765,29
CP048232.1,374775,259
CP048232.1,376120,442
CP048232.1,376200,42
CP048232.1,376233,1
CP048232.1,376381,399
CP048232.1,376437,786
CP048232.1,376468,4
CP048232.1,376578,981
CP048232.1,376614,1295
CP048232.1,376621,83
CP048232.1,376691,75
CP048232.1,376698,355
CP048232.1,376714,431
CP048232.1,376720,928
CP048232.1,376727,428
CP048232.1,376768,863
CP048232.1,376775,3607
CP048232.1,376800,1
CP048232.1,376939,1
CP048232.1,376950,1268
CP048232.1,376959,1062
CP048232.1,376966,637
CP048232.1,376968,966
CP048232.1,377837,103
CP048232.1,378802,14
CP048232.1,378871,170
CP048232.1,378957,31
CP048232.1,378972,10
CP048232.1,378988,426
CP048232.1,378995,96
CP048232.1,379023,8
CP048232.1,379096,2
CP048232.1,379510,300
CP048232.1,380257,978
CP048232.1,380364,135
CP048232.1,380928,339
CP048232.1,380935,1
CP048232.1,380942,1
CP048232.1,381264,199
CP048232.1,381265,5
CP048232.1,381290,196
CP048232.1,381453,1253
CP048232.1,381505,1
CP048232.1,381598,104
CP048232.1,381613,2982
CP048232.1,382230,13
CP048232.1,382286,16
CP048232.1,382682,15
CP048232.1,382689,910
CP048232.1,382819,44
CP048232.1,382901,10
CP048232.1,383164,443
CP048232.1,383710,116
CP048232.1,384399,38
CP048232.1,384562,755
CP048232.1,384624,77
CP048232.1,384774,206
CP048232.1,384918,49
CP048232.1,385944,350
CP048232.1,386500,11
CP048232.1,386667,33
CP048232.1,386855,1458
CP048232.1,386870,478
CP048232.1,387000,36
CP048232.1,387007,691
CP048232.1,387341,1
CP048232.1,387667,5
CP048232.1,387814,1
CP048232.1,388302,690
CP048232.1,388505,1152
CP048232.1,388673,5
CP048232.1,389151,6
CP048232.1,389191,10
CP048232.1,389193,1
CP048232.1,389202,1
CP048232.1,389209,206
CP048232.1,389244,527
CP048232.1,389246,460
CP048232.1,389277,13
CP048232.1,389278,259
CP048232.1,389283,1
CP048232.1,389285,8
CP048232.1,389295,80
CP048232.1,389302,535
CP048232.1,389305,44
CP048232.1,389312,1
CP048232.1,389314,1
CP048232.1,389341,4
CP048232.1,389351,465
CP048232.1,389352,141
CP048232.1,389358,146
CP048232.1,389381,884
CP048232.1,389385,5
CP048232.1,389386,300
CP048232.1,389388,237
CP048232.1,389393,133
CP048232.1,389395,705
CP048232.1,389408,889
CP048232.1,389415,712
CP048232.1,389425,296
CP048232.1,389432,512
CP048232.1,389456,52
CP048232.1,389463,53
CP048232.1,389471,4423
CP048232.1,389476,615
CP048232.1,389478,2669
CP048232.1,389490,1047
CP048232.1,389505,2234
CP048232.1,389507,206
CP048232.1,389512,1338
CP048232.1,389514,184
CP048232.1,389519,808
CP048232.1,389524,122
CP048232.1,389526,664
CP048232.1,389537,723
CP048232.1,389543,245
CP048232.1,389600,833
CP048232.1,389607,737
CP048232.1,389626,1492
CP048232.1,389631,757
CP048232.1,389633,147
CP048232.1,389646,13
CP048232.1,389656,722
CP048232.1,389735,297
CP048232.1,389742,1680
CP048232.1,390159,411
CP048232.1,390247,31
CP048232.1,390259,628
CP048232.1,390295,286
CP048232.1,390400,71
CP048232.1,390407,374
CP048232.1,391104,163
CP048232.1,391286,664
CP048232.1,391293,765
CP048232.1,391450,97
CP048232.1,391582,538
CP048232.1,391589,9
CP048232.1,391742,14
CP048232.1,391752,17
CP048232.1,391770,1224
CP048232.1,391813,589
CP048232.1,391818,119
CP048232.1,391825,2275
CP048232.1,391842,62
CP048232.1,391850,1
CP048232.1,392007,1521
CP048232.1,392111,424
CP048232.1,392352,1
CP048232.1,392592,1
CP048232.1,392622,1
CP048232.1,392635,298
CP048232.1,392686,53
CP048232.1,392727,39
CP048232.1,392741,1
CP048232.1,392814,194
CP048232.1,392836,1030
CP048232.1,392843,2813
CP048232.1,392959,626
CP048232.1,392966,32
CP048232.1,392969,818
CP048232.1,392976,1
CP048232.1,393020,194
CP048232.1,393033,210
CP048232.1,393052,824
CP048232.1,393054,4201
CP048232.1,393056,7
CP048232.1,393059,1301
CP048232.1,393061,2511
CP048232.1,393134,639
CP048232.1,393135,1
CP048232.1,393139,594
CP048232.1,393141,4
CP048232.1,393155,3
CP048232.1,393426,1
CP048232.1,393638,142
CP048232.1,393639,52
CP048232.1,393676,56
CP048232.1,393728,12
CP048232.1,393819,6
CP048232.1,393820,8
CP048232.1,393859,111
CP048232.1,393936,671
CP048232.1,393968,1
CP048232.1,393981,92
CP048232.1,394104,31
CP048232.1,394110,126
CP048232.1,394111,178
CP048232.1,394112,123
CP048232.1,394127,86
CP048232.1,394134,33
CP048232.1,394151,3583
CP048232.1,394158,1022
CP048232.1,394171,893
CP048232.1,394193,657
CP048232.1,394200,1486
CP048232.1,394219,8
CP048232.1,394275,8
CP048232.1,394340,673
CP048232.1,394347,1130
CP048232.1,394359,1649
CP048232.1,394366,4
CP048232.1,394370,76
CP048232.1,394386,313
CP048232.1,394401,1
CP048232.1,394402,32
CP048232.1,394403,1216
CP048232.1,394404,1599
CP048232.1,394405,11
CP048232.1,394406,2
CP048232.1,394489,1909
CP048232.1,394545,103
CP048232.1,394999,585
CP048232.1,395025,413
CP048232.1,395277,1015
CP048232.1,395392,549
CP048232.1,395479,967
CP048232.1,395794,307
CP048232.1,396338,898
CP048232.1,396387,10
CP048232.1,396586,334
CP048232.1,396890,683
CP048232.1,396990,182
CP048232.1,397337,5
CP048232.1,397644,292
CP048232.1,397756,214
CP048232.1,397760,39
CP048232.1,397949,687
CP048232.1,398147,89
CP048232.1,398319,316
CP048232.1,399568,374
CP048232.1,399813,72
CP048232.1,399824,54
CP048232.1,399938,74
CP048232.1,401401,467
CP048232.1,401589,179
CP048232.1,401757,158
CP048232.1,401963,456
CP048232.1,402019,388
CP048232.1,402705,268
CP048232.1,402952,365
CP048232.1,402959,1
CP048232.1,402993,753
CP048232.1,403000,24
CP048232.1,403138,579
CP048232.1,403173,851
CP048232.1,403182,522
CP048232.1,403189,76
CP048232.1,403222,13
CP048232.1,404436,283
CP048232.1,404456,342
CP048232.1,404474,646
CP048232.1,405330,2
CP048232.1,405332,436
CP048232.1,405346,126
CP048232.1,405378,1075
CP048232.1,405384,6
CP048232.1,405385,6
CP048232.1,405423,1434
CP048232.1,405424,1017
CP048232.1,405425,558
CP048232.1,405430,3477
CP048232.1,405435,690
CP048232.1,405437,754
CP048232.1,405438,16
CP048232.1,405442,72
CP048232.1,405469,482
CP048232.1,405491,1750
CP048232.1,405492,2
CP048232.1,405493,2674
CP048232.1,405498,9527
CP048232.1,405500,4439
CP048232.1,405508,1077
CP048232.1,405510,21
CP048232.1,405515,7214
CP048232.1,405531,18
CP048232.1,405533,180
CP048232.1,405540,59
CP048232.1,405644,22
CP048232.1,405658,149
CP048232.1,405673,361
CP048232.1,405677,147
CP048232.1,405681,1554
CP048232.1,405683,11008
CP048232.1,405688,1472
CP048232.1,405690,2313
CP048232.1,405703,111
CP048232.1,405710,1760
CP048232.1,405719,765
CP048232.1,405727,474
CP048232.1,405733,6
CP048232.1,405770,1603
CP048232.1,405820,261
CP048232.1,405893,37
CP048232.1,405898,2129
CP048232.1,405904,1
CP048232.1,405905,270
CP048232.1,405945,2670
CP048232.1,405947,2117
CP048232.1,405952,3488
CP048232.1,405968,3854
CP048232.1,405978,330
CP048232.1,405990,2
CP048232.1,406004,55
CP048232.1,406008,53
CP048232.1,406011,1027
CP048232.1,406015,1
CP048232.1,406022,516
CP048232.1,406098,29
CP048232.1,406099,302
CP048232.1,406177,760
CP048232.1,406234,896
CP048232.1,406241,47
CP048232.1,406288,45
CP048232.1,406350,196
CP048232.1,406357,1421
CP048232.1,406389,1
CP048232.1,406537,70
CP048232.1,406562,201
CP048232.1,406587,1310
CP048232.1,406613,1
CP048232.1,406641,451
CP048232.1,406664,4
CP048232.1,406686,1
CP048232.1,406739,34
CP048232.1,406790,260
CP048232.1,406969,187
CP048232.1,406995,254
CP048232.1,407064,638
CP048232.1,407100,932
CP048232.1,407107,1804
CP048232.1,407130,989
CP048232.1,407260,1
CP048232.1,407348,756
CP048232.1,407407,22
CP048232.1,407488,148
CP048232.1,407813,583
CP048232.1,407820,14
CP048232.1,407972,212
CP048232.1,408018,479
CP048232.1,408134,160
CP048232.1,408141,369
CP048232.1,408272,398
CP048232.1,408306,1
CP048232.1,408494,17
CP048232.1,408518,1
CP048232.1,408664,537
CP048232.1,408721,388
CP048232.1,408748,533
CP048232.1,408755,1541
CP048232.1,408833,1
CP048232.1,408864,444
CP048232.1,408972,150
CP048232.1,409010,230
CP048232.1,409024,313
CP048232.1,409116,154
CP048232.1,409160,5
CP048232.1,409193,335
CP048232.1,409223,151
CP048232.1,409301,116
CP048232.1,409339,25
CP048232.1,409523,50
CP048232.1,409530,1
CP048232.1,409578,44
CP048232.1,409637,184
CP048232.1,409651,51
CP048232.1,409654,318
CP048232.1,409658,82
CP048232.1,409676,9
CP048232.1,409690,1098
CP048232.1,409697,61
CP048232.1,409722,455
CP048232.1,409811,87
CP048232.1,409817,1
CP048232.1,409986,3
CP048232.1,410021,2
CP048232.1,410131,52
CP048232.1,410203,45
CP048232.1,410224,1
CP048232.1,410306,1
CP048232.1,410403,184
CP048232.1,410455,2
CP048232.1,410547,107
CP048232.1,410554,262
CP048232.1,410575,17
CP048232.1,410582,42
CP048232.1,410648,1387
CP048232.1,410650,291
CP048232.1,410654,413
CP048232.1,410655,1874
CP048232.1,410789,2539
CP048232.1,410795,2
CP048232.1,410796,167
CP048232.1,410798,41
CP048232.1,410812,341
CP048232.1,410846,391
CP048232.1,410878,1
CP048232.1,410879,338
CP048232.1,410916,60
CP048232.1,410923,542
CP048232.1,410924,139
CP048232.1,410931,384
CP048232.1,411002,32
CP048232.1,411009,201
CP048232.1,411029,53
CP048232.1,411037,65
CP048232.1,411107,477
CP048232.1,411112,1
CP048232.1,411114,135
CP048232.1,411178,177
CP048232.1,411215,205
CP048232.1,411219,35
CP048232.1,411228,133
CP048232.1,411243,74
CP048232.1,411356,680
CP048232.1,411424,1
CP048232.1,411625,352
CP048232.1,412412,15
CP048232.1,412463,964
CP048232.1,412465,934
CP048232.1,412470,1
CP048232.1,412486,1
CP048232.1,412494,236
CP048232.1,412795,4275
CP048232.1,412802,624
CP048232.1,412829,58
CP048232.1,412837,75
CP048232.1,412846,392
CP048232.1,412851,1
CP048232.1,412854,189
CP048232.1,412861,172
CP048232.1,412862,411
CP048232.1,412871,1003
CP048232.1,412879,57
CP048232.1,412881,744
CP048232.1,412932,1
CP048232.1,412991,1804
CP048232.1,412993,1043
CP048232.1,412998,88
CP048232.1,413003,749
CP048232.1,413010,5
CP048232.1,413030,3
CP048232.1,413034,1606
CP048232.1,413035,49
CP048232.1,413040,155
CP048232.1,413044,139
CP048232.1,413046,382
CP048232.1,413053,1090
CP048232.1,413065,3
CP048232.1,413075,1751
CP048232.1,413081,517
CP048232.1,413082,947
CP048232.1,413083,1
CP048232.1,413084,6
CP048232.1,413089,279
CP048232.1,413126,852
CP048232.1,413137,50
CP048232.1,413181,1003
CP048232.1,413324,72
CP048232.1,413523,827
CP048232.1,414116,250
CP048232.1,414284,444
CP048232.1,416685,386
CP048232.1,416696,1
CP048232.1,417576,489
CP048232.1,417580,401
CP048232.1,417584,373
CP048232.1,417588,1636
CP048232.1,417592,7
CP048232.1,417594,2068
CP048232.1,417700,138
CP048232.1,417727,134
CP048232.1,417935,72
CP048232.1,418023,1
CP048232.1,418089,344
CP048232.1,418261,501
CP048232.1,418436,44
CP048232.1,418443,438
CP048232.1,418445,834
CP048232.1,418751,621
CP048232.1,419025,21
CP048232.1,419445,615
CP048232.1,419478,439
CP048232.1,419485,712
CP048232.1,419503,491
CP048232.1,419510,1
CP048232.1,419743,96
CP048232.1,420711,693
CP048232.1,420745,898
CP048232.1,421040,914
CP048232.1,421137,132
CP048232.1,421144,388
CP048232.1,421151,10
CP048232.1,421194,133
CP048232.1,421206,407
CP048232.1,421207,1400
CP048232.1,421213,24
CP048232.1,421221,91
CP048232.1,421228,579
CP048232.1,421239,5069
CP048232.1,421240,5
CP048232.1,421245,1353
CP048232.1,421246,5235
CP048232.1,421250,1
CP048232.1,421252,2378
CP048232.1,421254,1713
CP048232.1,421261,3241
CP048232.1,421308,9
CP048232.1,421313,810
CP048232.1,421318,3981
CP048232.1,421325,628
CP048232.1,421367,765
CP048232.1,421403,4
CP048232.1,421410,1644
CP048232.1,421421,298
CP048232.1,421423,1285
CP048232.1,421428,153
CP048232.1,421467,906
CP048232.1,421474,1059
CP048232.1,421593,1534
CP048232.1,421600,2
CP048232.1,421601,1044
CP048232.1,421608,3
CP048232.1,421616,55
CP048232.1,421626,1876
CP048232.1,421684,1
CP048232.1,421747,856
CP048232.1,421760,259
CP048232.1,421777,1925
CP048232.1,421786,496
CP048232.1,421811,681
CP048232.1,421820,503
CP048232.1,421929,157
CP048232.1,422162,1
CP048232.1,422279,702
CP048232.1,422429,142
CP048232.1,422464,110
CP048232.1,422472,8
CP048232.1,422525,554
CP048232.1,422593,242
CP048232.1,422596,1066
CP048232.1,422598,4
CP048232.1,422605,129
CP048232.1,422607,7
CP048232.1,422629,312
CP048232.1,423510,3
CP048232.1,423650,311
CP048232.1,423836,9
CP048232.1,423852,929
CP048232.1,424207,14
CP048232.1,424493,1
CP048232.1,424671,983
CP048232.1,424953,308
CP048232.1,425128,182
CP048232.1,425342,1
CP048232.1,425375,1008
CP048232.1,425874,9
CP048232.1,425881,41
CP048232.1,425949,877
CP048232.1,425951,968
CP048232.1,425960,371
CP048232.1,425991,1260
CP048232.1,425998,470
CP048232.1,426019,237
CP048232.1,426045,1009
CP048232.1,426081,953
CP048232.1,426083,14
CP048232.1,426106,13
CP048232.1,426144,188
CP048232.1,426163,755
CP048232.1,426166,873
CP048232.1,426182,359
CP048232.1,426184,2
CP048232.1,426190,298
CP048232.1,426210,383
CP048232.1,426233,64
CP048232.1,426248,2687
CP048232.1,426255,2994
CP048232.1,426266,1
CP048232.1,426309,1527
CP048232.1,426316,16
CP048232.1,426333,145
CP048232.1,426341,114
CP048232.1,426384,1
CP048232.1,426391,1
CP048232.1,426446,1144
CP048232.1,426544,440
CP048232.1,426552,412
CP048232.1,426568,15
CP048232.1,426726,550
CP048232.1,426733,11
CP048232.1,426823,1
CP048232.1,427514,19
CP048232.1,427538,17
CP048232.1,427727,1418
CP048232.1,428187,257
CP048232.1,428567,6
CP048232.1,428597,486
CP048232.1,428604,1204
CP048232.1,428615,376
CP048232.1,428733,319
CP048232.1,428787,2
CP048232.1,428800,1
CP048232.1,428917,1
CP048232.1,428954,903
CP048232.1,428955,15
CP048232.1,428981,13
CP048232.1,429824,1
CP048232.1,429958,1053
CP048232.1,430258,1
CP048232.1,430332,549
CP048232.1,430539,271
CP048232.1,430638,260
CP048232.1,430677,666
CP048232.1,430684,2252
CP048232.1,430752,53
CP048232.1,430759,964
CP048232.1,430782,10
CP048232.1,430801,307
CP048232.1,430844,279
CP048232.1,430859,39
CP048232.1,430866,639
CP048232.1,430884,1
CP048232.1,430887,1524
CP048232.1,430914,398
CP048232.1,431008,1
CP048232.1,431453,904
CP048232.1,431476,754
CP048232.1,431611,1579
CP048232.1,431637,953
CP048232.1,431652,307
CP048232.1,431658,1076
CP048232.1,431678,278
CP048232.1,431683,1
CP048232.1,431707,681
CP048232.1,431714,95
CP048232.1,431726,220
CP048232.1,431730,886
CP048232.1,431737,841
CP048232.1,431746,912
CP048232.1,431748,791
CP048232.1,431755,914
CP048232.1,431756,34
CP048232.1,431764,34
CP048232.1,431770,1274
CP048232.1,431777,4277
CP048232.1,431781,1173
CP048232.1,431782,8
CP048232.1,431789,563
CP048232.1,431798,1450
CP048232.1,431800,505
CP048232.1,431805,937
CP048232.1,431828,2544
CP048232.1,431952,307
CP048232.1,431959,165
CP048232.1,431992,730
CP048232.1,432020,3
CP048232.1,432027,407
CP048232.1,432036,36
CP048232.1,432039,433
CP048232.1,432044,835
CP048232.1,432048,898
CP048232.1,432077,37
CP048232.1,432085,774
CP048232.1,432116,383
CP048232.1,432123,616
CP048232.1,432128,912
CP048232.1,432138,771
CP048232.1,432143,35
CP048232.1,432145,5013
CP048232.1,432150,1100
CP048232.1,432163,95
CP048232.1,432165,581
CP048232.1,432168,51
CP048232.1,432170,537
CP048232.1,432172,906
CP048232.1,432193,2457
CP048232.1,432210,94
CP048232.1,432212,44
CP048232.1,432229,16
CP048232.1,432236,2466
CP048232.1,432246,49
CP048232.1,432265,769
CP048232.1,432271,69
CP048232.1,432272,2
CP048232.1,432278,657
CP048232.1,432279,4373
CP048232.1,432283,2087
CP048232.1,432285,9
CP048232.1,432286,36
CP048232.1,432287,702
CP048232.1,432290,6382
CP048232.1,432321,167
CP048232.1,432361,435
CP048232.1,432376,6786
CP048232.1,432383,4640
CP048232.1,432414,1436
CP048232.1,432416,549
CP048232.1,432418,243
CP048232.1,432425,52
CP048232.1,432445,164
CP048232.1,432480,1159
CP048232.1,432487,240
CP048232.1,432508,729
CP048232.1,432515,731
CP048232.1,432531,24
CP048232.1,432534,1
CP048232.1,432544,480
CP048232.1,432593,801
CP048232.1,432600,2265
CP048232.1,432604,432
CP048232.1,432611,3
CP048232.1,432615,27
CP048232.1,432622,461
CP048232.1,432635,572
CP048232.1,432638,1065
CP048232.1,432675,1154
CP048232.1,432678,19
CP048232.1,432682,2148
CP048232.1,432683,216
CP048232.1,432699,3
CP048232.1,432701,1
CP048232.1,432708,2146
CP048232.1,432724,4
CP048232.1,432728,42
CP048232.1,432733,2812
CP048232.1,432740,2396
CP048232.1,432810,765
CP048232.1,432830,282
CP048232.1,432837,1
CP048232.1,432863,854
CP048232.1,432870,1125
CP048232.1,432884,396
CP048232.1,432904,49
CP048232.1,432923,915
CP048232.1,432957,665
CP048232.1,432979,137
CP048232.1,432987,3
CP048232.1,432993,687
CP048232.1,433055,455
CP048232.1,433089,413
CP048232.1,433305,1
CP048232.1,433322,443
CP048232.1,433355,403
CP048232.1,433375,494
CP048232.1,433382,53
CP048232.1,433386,1960
CP048232.1,433389,3
CP048232.1,433392,1338
CP048232.1,433393,819
CP048232.1,433399,330
CP048232.1,433405,227
CP048232.1,433432,345
CP048232.1,433434,996
CP048232.1,433439,1
CP048232.1,433441,717
CP048232.1,433450,8
CP048232.1,433736,543
CP048232.1,433780,77
CP048232.1,433787,575
CP048232.1,433804,52
CP048232.1,433958,864
CP048232.1,433963,3375
CP048232.1,433970,1285
CP048232.1,434010,2389
CP048232.1,434012,1667
CP048232.1,434016,456
CP048232.1,434017,6613
CP048232.1,434019,1811
CP048232.1,434023,76
CP048232.1,434030,50
CP048232.1,434037,2140
CP048232.1,434050,124
CP048232.1,434057,56
CP048232.1,434064,218
CP048232.1,434078,2
CP048232.1,434108,101
CP048232.1,434169,10
CP048232.1,434214,378
CP048232.1,434265,74
CP048232.1,434292,1
CP048232.1,434302,1
CP048232.1,434337,502
CP048232.1,434461,1734
CP048232.1,434463,8500
CP048232.1,434465,2
CP048232.1,434470,1848
CP048232.1,434492,1
CP048232.1,434513,73
CP048232.1,434557,32
CP048232.1,434631,1904
CP048232.1,434649,62
CP048232.1,434661,12
CP048232.1,434668,1
CP048232.1,434698,36
CP048232.1,434706,3060
CP048232.1,434707,3
CP048232.1,434710,1644
CP048232.1,434713,6091
CP048232.1,434825,1
CP048232.1,434838,5046
CP048232.1,434949,27
CP048232.1,434981,2075
CP048232.1,435041,1903
CP048232.1,435162,1234
CP048232.1,435331,1166
CP048232.1,435376,1
CP048232.1,435378,78
CP048232.1,435383,1549
CP048232.1,435452,425
CP048232.1,435455,1
CP048232.1,435459,445
CP048232.1,435472,4
CP048232.1,435563,2
CP048232.1,435584,881
CP048232.1,435591,1434
CP048232.1,435627,48
CP048232.1,435631,1
CP048232.1,435634,213
CP048232.1,435751,1491
CP048232.1,435758,781
CP048232.1,435838,70
CP048232.1,435855,1608
CP048232.1,435862,2349
CP048232.1,435982,827
CP048232.1,435989,1051
CP048232.1,436000,1133
CP048232.1,436556,59
CP048232.1,436676,823
CP048232.1,436700,54
CP048232.1,436707,5
CP048232.1,437178,772
CP048232.1,437211,840
CP048232.1,437217,592
CP048232.1,437309,166
CP048232.1,437413,405
CP048232.1,437420,62
CP048232.1,437496,603
CP048232.1,437498,207
CP048232.1,438402,1
CP048232.1,438893,3
CP048232.1,438917,344
CP048232.1,438941,17
CP048232.1,439057,38
CP048232.1,439068,10
CP048232.1,439106,33
CP048232.1,439132,456
CP048232.1,439139,18
CP048232.1,439213,492
CP048232.1,439215,67
CP048232.1,439248,542
CP048232.1,440292,9
CP048232.1,440299,243
CP048232.1,440307,48
CP048232.1,440334,173
CP048232.1,440362,2040
CP048232.1,440429,245
CP048232.1,440474,114
CP048232.1,440599,12
CP048232.1,440610,96
CP048232.1,440651,24
CP048232.1,440698,294
CP048232.1,440715,152
CP048232.1,440748,1606
CP048232.1,440761,39
CP048232.1,440782,37
CP048232.1,440807,1
CP048232.1,440814,1
CP048232.1,440816,2
CP048232.1,440859,177
CP048232.1,440931,1265
CP048232.1,440934,492
CP048232.1,440988,2
CP048232.1,440995,252
CP048232.1,441013,2
CP048232.1,441101,2
CP048232.1,441193,2458
CP048232.1,441254,1
CP048232.1,441276,1
CP048232.1,441693,4
CP048232.1,442800,1
CP048232.1,443236,485
CP048232.1,443263,1427
CP048232.1,443322,1382
CP048232.1,443324,1691
CP048232.1,443331,1
CP048232.1,443456,143
CP048232.1,443462,424
CP048232.1,443798,2776
CP048232.1,443805,718
CP048232.1,443806,309
CP048232.1,443811,92
CP048232.1,443855,211
CP048232.1,443862,792
CP048232.1,443883,1214
CP048232.1,443896,852
CP048232.1,443903,311
CP048232.1,443943,3
CP048232.1,443960,1
CP048232.1,443966,410
CP048232.1,443981,1
CP048232.1,444084,76
CP048232.1,444096,1752
CP048232.1,444179,531
CP048232.1,444370,16
CP048232.1,444381,1936
CP048232.1,444463,20
CP048232.1,444467,172
CP048232.1,444479,290
CP048232.1,444531,640
CP048232.1,444535,1
CP048232.1,444538,1846
CP048232.1,444573,152
CP048232.1,444589,214
CP048232.1,444596,1
CP048232.1,444643,211
CP048232.1,444650,22
CP048232.1,444653,929
CP048232.1,444664,68
CP048232.1,444750,668
CP048232.1,444766,279
CP048232.1,445251,159
CP048232.1,445333,647
CP048232.1,445522,118
CP048232.1,445646,32
CP048232.1,445656,167
CP048232.1,445830,1241
CP048232.1,446293,604
CP048232.1,446649,39
CP048232.1,447260,357
CP048232.1,447664,12
CP048232.1,447764,1
CP048232.1,448215,1
CP048232.1,448245,1363
CP048232.1,448251,100
CP048232.1,448524,642
CP048232.1,448705,210
CP048232.1,448957,40
CP048232.1,449179,584
CP048232.1,449245,153
CP048232.1,449353,112
CP048232.1,449369,1
CP048232.1,449424,27
CP048232.1,449906,624
CP048232.1,450297,8
CP048232.1,450302,223
CP048232.1,450306,356
CP048232.1,450351,4
CP048232.1,450366,1
CP048232.1,450409,43
CP048232.1,450427,8
CP048232.1,450533,4
CP048232.1,450539,365
CP048232.1,450540,601
CP048232.1,450553,608
CP048232.1,450560,712
CP048232.1,450589,433
CP048232.1,450591,219
CP048232.1,450596,148
CP048232.1,450599,68
CP048232.1,450607,767
CP048232.1,450608,351
CP048232.1,450615,12
CP048232.1,450638,193
CP048232.1,450640,1719
CP048232.1,450649,53
CP048232.1,450654,235
CP048232.1,450656,215
CP048232.1,450667,329
CP048232.1,450673,1594
CP048232.1,450680,1097
CP048232.1,450688,115
CP048232.1,450693,197
CP048232.1,450700,747
CP048232.1,450715,791
CP048232.1,450722,354
CP048232.1,450762,1
CP048232.1,450830,492
CP048232.1,450878,1231
CP048232.1,450931,56
CP048232.1,450955,1
CP048232.1,450984,11
CP048232.1,450991,487
CP048232.1,451029,313
CP048232.1,451043,611
CP048232.1,451112,96
CP048232.1,451151,604
CP048232.1,451156,77
CP048232.1,451163,801
CP048232.1,451198,23
CP048232.1,451208,31
CP048232.1,451210,1044
CP048232.1,451213,42
CP048232.1,451232,92
CP048232.1,451290,5
CP048232.1,451333,347
CP048232.1,451355,128
CP048232.1,451362,1192
CP048232.1,451369,28
CP048232.1,451400,8
CP048232.1,451403,1032
CP048232.1,451426,459
CP048232.1,451477,252
CP048232.1,451510,631
CP048232.1,451524,697
CP048232.1,451539,453
CP048232.1,451546,471
CP048232.1,451649,3
CP048232.1,451656,2152
CP048232.1,451664,1140
CP048232.1,451773,837
CP048232.1,451789,91
CP048232.1,451812,121
CP048232.1,451819,1998
CP048232.1,451836,537
CP048232.1,451843,260
CP048232.1,451993,545
CP048232.1,452318,834
CP048232.1,452329,93
CP048232.1,452649,1
CP048232.1,452687,491
CP048232.1,452716,6
CP048232.1,452802,88
CP048232.1,452827,109
CP048232.1,452836,156
CP048232.1,452875,518
CP048232.1,452882,557
CP048232.1,452921,275
CP048232.1,452931,126
CP048232.1,453952,126
CP048232.1,454093,6
CP048232.1,454200,798
CP048232.1,454234,1024
CP048232.1,454241,150
CP048232.1,454245,124
CP048232.1,454252,47
CP048232.1,454278,112
CP048232.1,454286,73
CP048232.1,454376,496
CP048232.1,454437,75
CP048232.1,454442,1
CP048232.1,454444,270
CP048232.1,454502,145
CP048232.1,454553,1
CP048232.1,457035,54
CP048232.1,459333,617
CP048232.1,459338,1
CP048232.1,459360,3
CP048232.1,459378,5
CP048232.1,459385,938
CP048232.1,459433,197
CP048232.1,459439,1596
CP048232.1,459446,516
CP048232.1,459522,203
CP048232.1,459528,1
CP048232.1,459544,574
CP048232.1,459553,288
CP048232.1,459561,241
CP048232.1,459568,141
CP048232.1,459603,1
CP048232.1,459640,1
CP048232.1,459674,451
CP048232.1,459679,1
CP048232.1,459716,1716
CP048232.1,459722,200
CP048232.1,459723,179
CP048232.1,459724,732
CP048232.1,459731,1456
CP048232.1,459732,120
CP048232.1,459738,57
CP048232.1,459739,4441
CP048232.1,459740,2069
CP048232.1,459745,947
CP048232.1,459747,145
CP048232.1,459748,815
CP048232.1,459755,6
CP048232.1,459756,340
CP048232.1,459763,267
CP048232.1,459870,4
CP048232.1,459874,1140
CP048232.1,460082,1877
CP048232.1,460095,177
CP048232.1,460260,634
CP048232.1,460289,582
CP048232.1,460560,49
CP048232.1,460806,19
CP048232.1,460903,437
CP048232.1,461612,102
CP048232.1,461825,156
CP048232.1,462151,503
CP048232.1,462158,116
CP048232.1,462279,40
CP048232.1,462308,96
CP048232.1,462315,531
CP048232.1,462353,828
CP048232.1,462360,11
CP048232.1,462464,134
CP048232.1,462768,396
CP048232.1,462775,302
CP048232.1,462812,40
CP048232.1,462819,235
CP048232.1,462834,731
CP048232.1,462847,932
CP048232.1,462856,14
CP048232.1,462858,426
CP048232.1,462885,943
CP048232.1,462955,409
CP048232.1,463292,1
CP048232.1,463746,424
CP048232.1,464828,49
CP048232.1,465740,101
CP048232.1,466078,16
CP048232.1,466093,13
CP048232.1,466385,60
CP048232.1,466556,2
CP048232.1,466693,36
CP048232.1,466752,91
CP048232.1,466944,709
CP048232.1,466948,327
CP048232.1,466977,786
CP048232.1,467024,70
CP048232.1,467058,1018
CP048232.1,467065,51
CP048232.1,467066,6
CP048232.1,467067,31
CP048232.1,467073,11
CP048232.1,467083,1632
CP048232.1,467495,371
CP048232.1,467502,314
CP048232.1,467988,40
CP048232.1,468100,1
CP048232.1,468107,510
CP048232.1,468826,279
CP048232.1,469118,1
CP048232.1,469219,204
CP048232.1,469221,90
CP048232.1,469603,60
CP048232.1,469921,57
CP048232.1,470712,345
CP048232.1,471076,845
CP048232.1,471320,370
CP048232.1,471524,351
CP048232.1,471710,785
CP048232.1,471744,11
CP048232.1,471751,260
CP048232.1,471918,13
CP048232.1,471926,64
CP048232.1,471933,2039
CP048232.1,471969,146
CP048232.1,472121,32
CP048232.1,472176,3
CP048232.1,472183,166
CP048232.1,472322,15
CP048232.1,472437,1237
CP048232.1,472444,965
CP048232.1,472454,1667
CP048232.1,472464,150
CP048232.1,472566,591
CP048232.1,472572,266
CP048232.1,472580,745
CP048232.1,472776,242
CP048232.1,472920,88
CP048232.1,473679,1204
CP048232.1,473689,623
CP048232.1,473696,753
CP048232.1,473770,949
CP048232.1,473777,2285
CP048232.1,473893,170
CP048232.1,473907,221
CP048232.1,473914,1307
CP048232.1,474074,16
CP048232.1,474135,1405
CP048232.1,474142,35
CP048232.1,474166,851
CP048232.1,474173,265
CP048232.1,474193,692
CP048232.1,474234,1287
CP048232.1,474253,337
CP048232.1,474257,1417
CP048232.1,474264,119
CP048232.1,474266,1
CP048232.1,474348,845
CP048232.1,474355,2652
CP048232.1,474570,39
CP048232.1,474667,194
CP048232.1,474751,180
CP048232.1,475166,61
CP048232.1,476538,144
CP048232.1,476583,310
CP048232.1,476605,477
CP048232.1,476617,903
CP048232.1,476623,304
CP048232.1,476630,1
CP048232.1,476658,143
CP048232.1,476670,938
CP048232.1,476677,32
CP048232.1,476683,1
CP048232.1,476784,1
CP048232.1,476790,834
CP048232.1,476875,552
CP048232.1,476883,425
CP048232.1,477044,39
CP048232.1,477091,27
CP048232.1,477167,1
CP048232.1,477169,71
CP048232.1,477174,1719
CP048232.1,477176,4702
CP048232.1,477177,750
CP048232.1,477182,1304
CP048232.1,477183,2542
CP048232.1,477213,36
CP048232.1,477430,12
CP048232.1,478530,48
CP048232.1,478719,1
CP048232.1,478753,64
CP048232.1,478819,525
CP048232.1,478871,280
CP048232.1,479095,118
CP048232.1,479295,32
CP048232.1,479312,645
CP048232.1,479422,8
CP048232.1,479477,2490
CP048232.1,479484,1816
CP048232.1,479520,1630
CP048232.1,479527,2
CP048232.1,479529,331
CP048232.1,479544,1483
CP048232.1,479551,578
CP048232.1,479878,19
CP048232.1,480652,3
CP048232.1,480799,285
CP048232.1,481555,600
CP048232.1,481857,1038
CP048232.1,482077,323
CP048232.1,482977,187
CP048232.1,483171,324
CP048232.1,483298,42
CP048232.1,483366,19
CP048232.1,483528,3333
CP048232.1,483530,248
CP048232.1,483534,911
CP048232.1,483535,7
CP048232.1,483546,466
CP048232.1,483553,191
CP048232.1,483564,157
CP048232.1,483569,66
CP048232.1,483580,70
CP048232.1,483904,95
CP048232.1,484073,194
CP048232.1,484232,1
CP048232.1,485062,32
CP048232.1,485106,201
CP048232.1,485254,78
CP048232.1,485293,7406
CP048232.1,485296,576
CP048232.1,485300,1401
CP048232.1,485303,162
CP048232.1,485325,125
CP048232.1,485337,41
CP048232.1,485343,9
CP048232.1,485345,632
CP048232.1,485494,18
CP048232.1,485983,153
CP048232.1,486288,445
CP048232.1,486359,723
CP048232.1,487925,26
CP048232.1,487948,165
CP048232.1,487969,280
CP048232.1,488082,140
CP048232.1,488127,125
CP048232.1,488153,43
CP048232.1,488192,341
CP048232.1,488199,39
CP048232.1,488286,1
CP048232.1,488293,341
CP048232.1,488342,167
CP048232.1,488359,63
CP048232.1,488382,1490
CP048232.1,488425,351
CP048232.1,489369,209
CP048232.1,490329,569
CP048232.1,490493,1297
CP048232.1,490787,22
CP048232.1,490906,57
CP048232.1,493162,636
CP048232.1,493769,1
CP048232.1,495623,3
CP048232.1,495985,829
CP048232.1,496007,8
CP048232.1,496083,761
CP048232.1,496138,36
CP048232.1,496468,1
CP048232.1,497182,690
CP048232.1,497246,1
CP048232.1,497247,68
CP048232.1,497291,112
CP048232.1,497311,24
CP048232.1,497319,200
CP048232.1,497324,989
CP048232.1,497329,93
CP048232.1,497491,845
CP048232.1,498212,786
CP048232.1,499216,1
CP048232.1,500197,1
CP048232.1,500835,360
CP048232.1,500883,1929
CP048232.1,500943,96
CP048232.1,500955,2
CP048232.1,501146,2
CP048232.1,501246,7
CP048232.1,501253,127
CP048232.1,501275,44
CP048232.1,501293,375
CP048232.1,501328,255
CP048232.1,501362,424
CP048232.1,501405,8
CP048232.1,501410,316
CP048232.1,501428,63
CP048232.1,501456,8
CP048232.1,501465,64
CP048232.1,501470,211
CP048232.1,501477,803
CP048232.1,501488,1030
CP048232.1,501729,1727
CP048232.1,501920,555
CP048232.1,501924,26
CP048232.1,502325,10
CP048232.1,502460,349
CP048232.1,502499,32
CP048232.1,502517,315
CP048232.1,502702,97
CP048232.1,503555,630
CP048232.1,503784,142
CP048232.1,504340,1
CP048232.1,504355,375
CP048232.1,504464,8
CP048232.1,504478,212
CP048232.1,504479,1
CP048232.1,504480,1
CP048232.1,504487,1358
CP048232.1,504520,93
CP048232.1,504549,279
CP048232.1,504563,519
CP048232.1,504570,23
CP048232.1,504574,66
CP048232.1,504653,494
CP048232.1,504958,403
CP048232.1,504975,4
CP048232.1,505292,336
CP048232.1,506424,10
CP048232.1,507140,81
CP048232.1,508251,393
CP048232.1,508416,430
CP048232.1,509086,883
CP048232.1,510081,75
CP048232.1,511576,829
CP048232.1,511782,1
CP048232.1,512789,493
CP048232.1,512940,11
CP048232.1,513344,1
CP048232.1,513826,138
CP048232.1,513949,33
CP048232.1,514071,508
CP048232.1,515114,177
CP048232.1,515229,808
CP048232.1,515234,1
CP048232.1,515236,772
CP048232.1,515252,305
CP048232.1,515908,17
CP048232.1,516765,22
CP048232.1,517400,206
CP048232.1,518080,167
CP048232.1,518290,654
CP048232.1,518798,62
CP048232.1,519542,4
CP048232.1,519549,421
CP048232.1,519594,628
CP048232.1,519809,464
CP048232.1,520238,12
CP048232.1,520519,199
CP048232.1,520761,894
CP048232.1,520784,594
CP048232.1,520835,262
CP048232.1,520839,1
CP048232.1,521004,99
CP048232.1,521011,194
CP048232.1,521017,333
CP048232.1,521210,158
CP048232.1,521233,401
CP048232.1,521240,120
CP048232.1,521281,209
CP048232.1,521285,24
CP048232.1,521290,329
CP048232.1,521292,8
CP048232.1,521294,127
CP048232.1,521457,1
CP048232.1,521504,1219
CP048232.1,522506,13
CP048232.1,522703,27
CP048232.1,524445,585
CP048232.1,524525,27
CP048232.1,525037,34
CP048232.1,529118,93
CP048232.1,529127,711
CP048232.1,533066,2
CP048232.1,533297,1
CP048232.1,547914,1
CP048233.1,13060,2267
CP048233.1,13065,85
CP048233.1,14577,100
CP048233.1,14993,54
CP048233.1,15838,14
CP048233.1,15933,233
CP048233.1,15979,486
CP048233.1,16341,270
CP048233.1,16514,390
CP048233.1,16786,45
CP048233.1,17802,47
CP048233.1,18324,513
CP048233.1,18352,170
CP048233.1,18762,620
CP048233.1,18783,293
CP048233.1,19344,36
CP048233.1,19438,18
CP048233.1,19982,56
CP048233.1,20063,402
CP048233.1,21716,317
CP048233.1,22627,1
CP048233.1,23900,15
CP048233.1,24221,34
CP048233.1,24352,1
CP048233.1,24417,2
CP048233.1,24501,1
CP048233.1,24683,1333
CP048233.1,24844,5
CP048233.1,24869,1
CP048233.1,25083,1
CP048233.1,25102,2594
CP048233.1,25508,2
CP048233.1,25532,128
CP048233.1,25612,1
CP048233.1,25651,1
CP048233.1,25696,1
CP048233.1,25703,1
CP048233.1,25832,1
CP048233.1,25838,925
CP048233.1,25898,1
CP048233.1,25958,1
CP048233.1,26168,115
CP048233.1,26178,1
CP048233.1,26236,1144
CP048233.1,26311,3
CP048233.1,26468,645
CP048233.1,26543,4
CP048233.1,26586,2
CP048233.1,26623,4
CP048233.1,26693,36
CP048233.1,26933,1
CP048233.1,27088,1307
CP048233.1,27300,78
CP048233.1,27473,1
CP048233.1,27667,13
CP048233.1,27981,1598
CP048233.1,28012,229
CP048233.1,28041,4
CP048233.1,28072,1
CP048233.1,28126,1
CP048233.1,28176,1
CP048233.1,28238,1
CP048233.1,28288,3
CP048233.1,28315,1
CP048233.1,28391,2
CP048233.1,28444,1
CP048233.1,28576,1
CP048233.1,28593,81
CP048233.1,28621,19
CP048233.1,28626,3
CP048233.1,28695,1
CP048233.1,28697,1
CP048233.1,28726,110
CP048233.1,28777,1
CP048233.1,28783,687
CP048233.1,28786,1
CP048233.1,28808,2
CP048233.1,28860,1
CP048233.1,28871,1
CP048233.1,28909,1
CP048233.1,28914,1
CP048233.1,28916,162
CP048233.1,29053,80
CP048233.1,29060,1
CP048233.1,29181,4
CP048233.1,29222,1
CP048233.1,29263,1
CP048233.1,29340,1
CP048233.1,29483,1
CP048233.1,29507,1
CP048233.1,29573,1529
CP048233.1,29590,2
CP048233.1,29600,8
CP048233.1,29627,963
CP048233.1,29672,71
CP048233.1,29716,1
CP048233.1,29771,1
CP048233.1,29816,1
CP048233.1,29854,1
CP048233.1,29915,2124
CP048233.1,29969,333
CP048233.1,29978,1196
CP048233.1,30013,4
CP048233.1,30022,1
CP048233.1,30029,1
CP048233.1,30231,7
CP048233.1,30352,837
CP048233.1,30361,1
CP048233.1,30368,838
CP048233.1,30400,1354
CP048233.1,30405,5
CP048233.1,30430,2
CP048233.1,30493,2
CP048233.1,30544,2
CP048233.1,30553,1
CP048233.1,30560,85
CP048233.1,30592,783
CP048233.1,30599,1
CP048233.1,30681,301
CP048233.1,30683,10
CP048233.1,30791,1
CP048233.1,30812,840
CP048233.1,30879,61
CP048233.1,30886,1334
CP048233.1,30919,1
CP048233.1,31249,731
CP048233.1,33564,309
CP048233.1,33567,1877
CP048233.1,33585,68
CP048233.1,33675,21
CP048233.1,33682,1469
CP048233.1,33822,659
CP048233.1,42752,85
CP048233.1,42870,1
CP048233.1,44577,540
CP048233.1,44586,14
CP048233.1,44613,39
CP048233.1,44620,64
CP048233.1,44625,526
CP048233.1,44628,1
CP048233.1,44632,585
CP048233.1,45945,4
CP048233.1,47018,296
CP048233.1,47047,4
CP048233.1,47061,140
CP048233.1,49151,1
CP048233.1,54295,469
CP048233.1,54827,339
CP048233.1,55167,354
CP048233.1,55199,688
CP048233.1,55206,1149
CP048233.1,55306,613
CP048233.1,55310,526
CP048233.1,55332,58
CP048233.1,55339,543
CP048233.1,55349,13
CP048233.1,55392,504
CP048233.1,55448,96
CP048233.1,55539,1
CP048233.1,55546,401
CP048233.1,55553,709
CP048233.1,55593,207
CP048233.1,55604,18
CP048233.1,55611,950
CP048233.1,55633,666
CP048233.1,55634,740
CP048233.1,55674,32
CP048233.1,55731,280
CP048233.1,55738,870
CP048233.1,55767,835
CP048233.1,55957,654
CP048233.1,56000,1
CP048233.1,56006,256
CP048233.1,56050,740
CP048233.1,56250,401
CP048233.1,56257,214
CP048233.1,56266,676
CP048233.1,57741,21
CP048233.1,57752,194
CP048233.1,57761,88
CP048233.1,57786,132
CP048233.1,57793,39
CP048233.1,58229,333
CP048233.1,59216,1
CP048233.1,59567,118
CP048233.1,59651,94
CP048233.1,59757,1
CP048233.1,62280,583
CP048233.1,62388,968
CP048233.1,62430,509
CP048233.1,62571,1082
CP048233.1,62597,1
CP048233.1,62617,1
CP048233.1,62645,1157
CP048233.1,62652,48
CP048233.1,62659,3207
CP048233.1,62666,393
CP048233.1,65871,99
CP048233.1,67299,1
CP048233.1,67306,398
CP048233.1,67518,18
CP048233.1,67539,163
CP048233.1,67706,326
CP048233.1,68194,37
CP048233.1,68446,27
CP048233.1,68573,1
CP048233.1,68575,20
CP048233.1,68581,413
CP048233.1,68582,197
CP048233.1,68591,1
CP048233.1,68622,1
CP048233.1,68629,58
CP048233.1,68672,2
CP048233.1,68679,59
CP048233.1,68709,262
CP048233.1,68778,1
CP048233.1,68783,153
CP048233.1,68834,71
CP048233.1,69042,31
CP048233.1,69137,8
CP048233.1,70471,480
CP048233.1,70644,964
CP048233.1,71358,6
CP048233.1,71390,436
CP048233.1,71490,21
CP048233.1,71746,182
CP048233.1,72208,484
CP048233.1,72662,93
CP048233.1,72715,357
CP048233.1,72834,42
CP048233.1,72841,127
CP048233.1,72857,113
CP048233.1,73166,470
CP048233.1,73214,97
CP048233.1,73791,33
CP048233.1,74068,1
CP048233.1,74356,16
CP048233.1,74662,962
CP048233.1,74788,189
CP048233.1,74833,130
CP048233.1,75126,61
CP048233.1,75154,197
CP048233.1,75183,10
CP048233.1,78397,9
CP048233.1,78404,1
CP048233.1,79245,1
CP048233.1,79437,160
CP048233.1,79444,530
CP048233.1,79588,45
CP048233.1,80626,218
CP048233.1,80633,1025
CP048233.1,80673,19
CP048233.1,80674,273
CP048233.1,80741,34
CP048233.1,80775,19
CP048233.1,80782,165
CP048233.1,80811,240
CP048233.1,80905,1
CP048233.1,80906,893
CP048233.1,81070,90
CP048233.1,81092,9
CP048233.1,81122,3
CP048233.1,81140,21
CP048233.1,81208,1848
CP048233.1,81469,35
CP048233.1,81871,28
CP048233.1,81883,1456
CP048233.1,81952,2
CP048233.1,81967,2624
CP048233.1,82073,1
CP048233.1,82075,31
CP048233.1,82107,776
CP048233.1,82345,120
CP048233.1,82426,16
CP048233.1,82493,246
CP048233.1,82554,2
CP048233.1,82670,279
CP048233.1,82807,542
CP048233.1,83863,4
CP048233.1,85051,389
CP048233.1,85095,501
CP048233.1,85097,10
CP048233.1,85104,52
CP048233.1,85417,316
CP048233.1,85555,18
CP048233.1,85585,263
CP048233.1,85596,50
CP048233.1,85603,18
CP048233.1,85624,778
CP048233.1,85715,20
CP048233.1,85741,25
CP048233.1,85972,8
CP048233.1,86068,2
CP048233.1,89206,215
CP048233.1,90826,358
CP048233.1,90963,170
CP048233.1,90970,98
CP048233.1,91019,425
CP048233.1,91026,242
CP048233.1,91032,572
CP048233.1,91053,142
CP048233.1,91453,379
CP048233.1,91606,1
CP048233.1,91613,47
CP048233.1,91746,3
CP048233.1,91778,60
CP048233.1,91873,212
CP048233.1,92335,385
CP048233.1,92342,121
CP048233.1,93006,1068
CP048233.1,93050,1
CP048233.1,93617,200
CP048233.1,93905,104
CP048233.1,95101,244
CP048233.1,95563,588
CP048233.1,95659,736
CP048233.1,95666,1072
CP048233.1,95716,44
CP048233.1,95735,1
CP048233.1,95914,245
CP048233.1,95921,697
CP048233.1,95937,1530
CP048233.1,95944,1895
CP048233.1,95955,305
CP048233.1,96054,746
CP048233.1,96061,2254
CP048233.1,96094,1
CP048233.1,96423,1
CP048233.1,96583,19
CP048233.1,96691,270
CP048233.1,96698,796
CP048233.1,96853,48
CP048233.1,96857,9
CP048233.1,97014,684
CP048233.1,97016,85
CP048233.1,97031,461
CP048233.1,97063,8
CP048233.1,97090,539
CP048233.1,97132,40
CP048233.1,97138,110
CP048233.1,97153,30
CP048233.1,97165,4
CP048233.1,97181,1
CP048233.1,97295,72
CP048233.1,97334,7
CP048233.1,97349,2549
CP048233.1,98182,464
CP048233.1,98208,77
CP048233.1,98315,125
CP048233.1,98501,303
CP048233.1,98554,240
CP048233.1,98597,159
CP048233.1,98754,114
CP048233.1,98774,96
CP048233.1,98784,72
CP048233.1,98791,443
CP048233.1,98887,20
CP048233.1,98982,37
CP048233.1,99214,1
CP048233.1,99221,302
CP048233.1,99232,19
CP048233.1,99316,60
CP048233.1,99829,60
CP048233.1,99893,5
CP048233.1,99984,107
CP048233.1,100573,179
CP048233.1,102438,1248
CP048233.1,103149,17
CP048233.1,103151,8
CP048233.1,103156,280
CP048233.1,103270,1
CP048233.1,103275,67
CP048233.1,103277,1127
CP048233.1,103300,5
CP048233.1,103422,817
CP048233.1,103471,1
CP048233.1,103479,1164
CP048233.1,103493,212
CP048233.1,103538,295
CP048233.1,103561,21
CP048233.1,103586,127
CP048233.1,103592,401
CP048233.1,103595,179
CP048233.1,103705,26
CP048233.1,103733,4
CP048233.1,103740,8
CP048233.1,105854,395
CP048233.1,105861,1006
CP048233.1,105951,348
CP048233.1,105958,1655
CP048233.1,106173,227
CP048233.1,106188,105
CP048233.1,106276,134
CP048233.1,106437,1
CP048233.1,106450,114
CP048233.1,106505,42
CP048233.1,106534,1
CP048233.1,106536,528
CP048233.1,106615,1131
CP048233.1,106622,1628
CP048233.1,106668,2
CP048233.1,106675,1
CP048233.1,106683,408
CP048233.1,106725,291
CP048233.1,106870,1066
CP048233.1,106954,388
CP048233.1,106961,1655
CP048233.1,106963,71
CP048233.1,107012,1
CP048233.1,107054,423
CP048233.1,107077,100
CP048233.1,107177,1615
CP048233.1,107200,74
CP048233.1,107216,44
CP048233.1,107432,445
CP048233.1,107446,516
CP048233.1,107478,3
CP048233.1,107573,14
CP048233.1,107597,184
CP048233.1,115844,298
CP048233.1,115907,13
CP048233.1,115914,238
CP048233.1,115924,304
CP048233.1,115933,552
CP048233.1,121610,1173
CP048233.1,121679,613
CP048233.1,122347,938
CP048233.1,123000,2
CP048233.1,123040,1
CP048233.1,123042,418
CP048233.1,123057,19
CP048233.1,123101,48
CP048233.1,123126,910
CP048233.1,125059,31
CP048233.1,125123,298
CP048233.1,125232,416
CP048233.1,125672,20
CP048233.1,125702,393
CP048233.1,128720,384
CP048233.1,129246,228
CP048233.1,129370,799
CP048233.1,129384,1
CP048233.1,129427,2
CP048233.1,129444,745
CP048233.1,129453,371
CP048233.1,129458,862
CP048233.1,129466,45
CP048233.1,129475,11
CP048233.1,129495,641
CP048233.1,129501,183
CP048233.1,129586,562
CP048233.1,129593,1130
CP048233.1,129624,218
CP048233.1,129631,1442
CP048233.1,129637,106
CP048233.1,129649,159
CP048233.1,129658,480
CP048233.1,129665,6
CP048233.1,129810,480
CP048233.1,129814,1
CP048233.1,129846,44
CP048233.1,129853,398
CP048233.1,130006,533
CP048233.1,130166,1
CP048233.1,130287,23
CP048233.1,130436,40
CP048233.1,131003,61
CP048233.1,135349,892
CP048233.1,135676,1
CP048233.1,136093,43
CP048233.1,136194,152
CP048233.1,136544,4
CP048233.1,136629,24
CP048233.1,136759,1
CP048233.1,136773,2211
CP048233.1,136895,792
CP048233.1,136902,55
CP048233.1,137026,94
CP048233.1,137068,920
CP048233.1,137381,407
CP048233.1,137537,1
CP048233.1,137929,356
CP048233.1,137979,1
CP048233.1,138003,553
CP048233.1,138051,735
CP048233.1,138058,1176
CP048233.1,138261,280
CP048233.1,138477,14
CP048233.1,139351,202
CP048233.1,139354,312
CP048233.1,140086,5
CP048233.1,140135,431
CP048233.1,140169,23
CP048233.1,140255,237
CP048233.1,140414,158
CP048233.1,140422,1
CP048233.1,140464,924
CP048233.1,140567,357
CP048233.1,140620,7
CP048233.1,141008,842
CP048233.1,141263,37
CP048233.1,141695,597
CP048233.1,146906,403
CP048233.1,146923,82
CP048233.1,146930,594
CP048233.1,146987,822
CP048233.1,148666,62
CP048233.1,152048,1
CP048233.1,152562,3
CP048233.1,152565,585
CP048233.1,152567,2
CP048233.1,152687,2525
CP048233.1,152694,1427
CP048233.1,152835,444
CP048233.1,159959,18
CP048233.1,161221,185
CP048233.1,161228,17
CP048233.1,161243,1
CP048233.1,161300,755
CP048233.1,161434,72
CP048233.1,161472,659
CP048233.1,161615,876
CP048233.1,161624,790
CP048233.1,162149,606
CP048233.1,162516,17
CP048233.1,162684,1
CP048233.1,166590,267
CP048233.1,168376,237
CP048233.1,168398,305
CP048233.1,168542,939
CP048233.1,168564,95
CP048233.1,168660,843
CP048233.1,168676,43
CP048233.1,168695,1
CP048233.1,168702,554
CP048233.1,168825,626
CP048233.1,168832,46
CP048233.1,168849,179
CP048233.1,168856,6
CP048233.1,168872,1
CP048233.1,168888,461
CP048233.1,169084,1680
CP048233.1,169176,15
CP048233.1,169296,215
CP048233.1,169304,1
CP048233.1,169306,499
CP048233.1,169326,771
CP048233.1,169772,52
CP048233.1,170161,837
CP048233.1,170207,700
CP048233.1,170718,2
CP048233.1,176618,995
CP048233.1,176937,3
CP048233.1,176942,625
CP048233.1,178788,444
CP048233.1,179594,92
CP048233.1,180127,379
CP048233.1,180686,72
CP048233.1,182755,344
CP048233.1,182770,375
CP048233.1,182810,15
CP048233.1,182825,1367
CP048233.1,182868,21
CP048233.1,182923,1317
CP048233.1,182990,4
CP048233.1,183181,35
CP048233.1,183505,568
CP048233.1,183661,19
CP048233.1,184826,1
CP048233.1,184999,749
CP048233.1,185141,182
CP048233.1,185290,302
CP048233.1,185451,129
CP048233.1,185458,860
CP048233.1,185886,423
CP048233.1,185906,3580
CP048233.1,185907,1104
CP048233.1,185910,1
CP048233.1,185917,49
CP048233.1,185919,1035
CP048233.1,185925,1611
CP048233.1,185940,606
CP048233.1,186162,12
CP048233.1,186169,2344
CP048233.1,186388,27
CP048233.1,186412,1386
CP048233.1,186419,1
CP048233.1,186421,45
CP048233.1,186428,1053
CP048233.1,186525,364
CP048233.1,186528,236
CP048233.1,186611,901
CP048233.1,186706,1
CP048233.1,186724,67
CP048233.1,186731,1
CP048233.1,186735,71
CP048233.1,186767,1
CP048233.1,186840,27
CP048233.1,186980,129
CP048233.1,186982,297
CP048233.1,187259,1
CP048233.1,188239,1
CP048233.1,188479,4
CP048233.1,188636,579
CP048233.1,189195,3390
CP048233.1,189202,515
CP048233.1,189524,142
CP048233.1,189754,1
CP048233.1,189806,3
CP048233.1,189817,504
CP048233.1,189910,2617
CP048233.1,189927,285
CP048233.1,191271,1
CP048233.1,192296,563
CP048233.1,192849,12
CP048233.1,192851,1
CP048233.1,192860,61
CP048233.1,192895,75
CP048233.1,193147,271
CP048233.1,196747,1
CP048233.1,196832,862
CP048233.1,196934,30
CP048233.1,196935,691
CP048233.1,197490,1813
CP048233.1,200075,39
CP048233.1,200810,248
CP048233.1,201107,1628
CP048233.1,205180,560
CP048233.1,205488,34
CP048233.1,208364,389
CP048233.1,208552,868
CP048233.1,209633,1
CP048233.1,209639,678
CP048233.1,209793,644
CP048233.1,209804,92
CP048233.1,209907,2
CP048233.1,209952,382
CP048233.1,210414,214
CP048233.1,210729,658
CP048233.1,211534,363
CP048233.1,212765,2
CP048233.1,213171,84
CP048233.1,213178,7
CP048233.1,213782,148
CP048233.1,215279,1
CP048233.1,215334,1336
CP048233.1,215340,20
CP048233.1,215341,1911
CP048233.1,215363,1
CP048233.1,215375,31
CP048233.1,215464,1162
CP048233.1,215502,1
CP048233.1,215509,1
CP048233.1,215568,620
CP048233.1,221856,51
CP048233.1,223924,9
CP048233.1,223974,79
CP048233.1,224007,6
CP048233.1,224014,6
CP048233.1,226473,1
CP048233.1,226635,813
CP048233.1,226831,60
CP048233.1,227151,162
CP048233.1,228147,1
CP048233.1,228154,50
CP048233.1,233254,436
CP048233.1,233317,3
CP048233.1,233321,197
CP048233.1,234789,551
CP048233.1,238720,48
CP048233.1,239440,530
CP048233.1,239666,185
CP048233.1,240804,99
CP048233.1,241388,1
CP048233.1,241423,5
CP048233.1,242436,1
CP048233.1,243255,8
CP048233.1,243556,61
CP048233.1,243573,519
CP048233.1,243875,65
CP048233.1,243879,670
CP048233.1,243887,2
CP048233.1,243899,730
CP048233.1,243904,199
CP048233.1,243912,794
CP048233.1,243957,978
CP048233.1,243961,6
CP048233.1,243964,113
CP048233.1,243987,133
CP048233.1,244028,618
CP048233.1,244077,1
CP048233.1,244121,45
CP048233.1,244153,287
CP048233.1,245317,438
CP048233.1,245728,204
CP048233.1,245780,100
CP048233.1,248549,2
CP048233.1,248868,1396
CP048233.1,248874,219
CP048233.1,248904,954
CP048233.1,248906,51
CP048233.1,248908,219
CP048233.1,248911,1533
CP048233.1,248913,1
CP048233.1,248915,1395
CP048233.1,248951,270
CP048233.1,249023,438
CP048233.1,249030,776
CP048233.1,249032,855
CP048233.1,249034,322
CP048233.1,249041,859
CP048233.1,249050,1
CP048233.1,249097,12
CP048233.1,249108,3
CP048233.1,249115,1
CP048233.1,249121,1
CP048233.1,249590,124
CP048233.1,249815,612
CP048233.1,249834,1
CP048233.1,249841,489
CP048233.1,249865,403
CP048233.1,250104,65
CP048233.1,250106,563
CP048233.1,250440,1349
CP048233.1,252118,738
CP048233.1,252209,908
CP048233.1,255388,2764
CP048233.1,258080,1
CP048233.1,258674,443
CP048233.1,258724,541
CP048233.1,258726,24
CP048233.1,258731,328
CP048233.1,258967,259
CP048233.1,258969,705
CP048233.1,259129,74
CP048233.1,259225,243
CP048233.1,259230,174
CP048233.1,261145,116
CP048233.1,261172,40
CP048233.1,263647,18
CP048233.1,263794,144
CP048233.1,263801,98
CP048233.1,263880,324
CP048233.1,265003,210
CP048233.1,265650,104
CP048233.1,265744,1018
CP048233.1,265976,232
CP048233.1,265983,281
CP048233.1,266024,289
CP048233.1,266031,145
CP048233.1,269510,1
CP048233.1,274251,26
CP048233.1,274528,631
CP048233.1,276978,593
CP048233.1,277014,669
CP048233.1,277021,345
CP048233.1,277043,81
CP048233.1,277118,60
CP048233.1,277125,137
CP048233.1,277760,99
CP048233.1,277838,94
CP048233.1,278602,476
CP048233.1,282842,218
CP048233.1,284579,490
CP048233.1,287339,70
CP048233.1,287348,432
CP048233.1,287630,156
CP048233.1,291696,52
CP048233.1,292158,588
CP048233.1,292724,477
CP048233.1,292731,347
CP048233.1,293658,259
CP048233.1,295382,141
CP048233.1,295389,620
CP048233.1,295391,6
CP048233.1,295607,1
CP048233.1,296411,498
CP048233.1,298006,3
CP048233.1,298357,221
CP048233.1,298432,278
CP048233.1,298963,162
CP048233.1,300310,546
CP048233.1,301629,360
CP048233.1,301692,778
CP048233.1,301699,182
CP048233.1,301710,159
CP048233.1,301733,967
CP048233.1,301797,1
CP048233.1,301963,1
CP048233.1,302102,49
CP048233.1,302854,190
CP048233.1,303164,547
CP048233.1,305879,14
CP048233.1,306441,7
CP048233.1,306463,1
CP048233.1,306621,276
CP048233.1,306781,67
CP048233.1,306950,127
CP048233.1,307049,8
CP048233.1,307056,549
CP048233.1,307073,1339
CP048233.1,307080,7
CP048233.1,307148,35
CP048233.1,307155,270
CP048233.1,307342,277
CP048233.1,307374,518
CP048233.1,308017,853
CP048233.1,309488,141
CP048233.1,311524,23
CP048233.1,312763,194
CP048233.1,312770,1426
CP048233.1,312977,937
CP048233.1,313040,328
CP048233.1,313082,4
CP048233.1,313247,283
CP048233.1,313513,436
CP048233.1,313693,1
CP048233.1,313890,1
CP048233.1,313899,1946
CP048233.1,314526,481
CP048233.1,315225,87
CP048233.1,317063,1010
CP048233.1,317068,23
CP048233.1,317173,142
CP048233.1,317221,684
CP048233.1,317223,337
CP048233.1,317236,201
CP048233.1,327034,260
CP048233.1,327094,403
CP048233.1,327155,268
CP048233.1,332605,597
CP048233.1,332849,841
CP048233.1,333658,35
CP048233.1,333691,28
CP048233.1,333780,583
CP048233.1,333911,540
CP048233.1,333985,1
CP048233.1,334019,23
CP048233.1,334052,17
CP048233.1,334593,48
CP048233.1,336615,789
CP048233.1,336889,1188
CP048233.1,337439,95
CP048233.1,337560,772
CP048233.1,337876,1
CP048233.1,344213,11
CP048233.1,345218,382
CP048233.1,345249,1051
CP048233.1,345464,285
CP048233.1,346528,21
CP048233.1,347161,613
CP048233.1,347505,271
CP048233.1,347564,1870
CP048233.1,347569,828
CP048233.1,347571,38
CP048233.1,347603,394
CP048233.1,347617,1
CP048233.1,347828,407
CP048233.1,348134,1
CP048233.1,350986,725
CP048233.1,352671,1
CP048233.1,352701,6291
CP048233.1,353535,1
CP048233.1,353540,333
CP048233.1,355483,66
CP048233.1,356306,66
CP048233.1,356376,270
CP048233.1,356383,1
CP048233.1,361433,1444
CP048233.1,361440,56
CP048233.1,361632,403
CP048233.1,361881,34
CP048233.1,361888,512
CP048233.1,361895,1210
CP048233.1,361959,1
CP048233.1,363003,4
CP048233.1,368597,325
CP048233.1,369223,355
CP048233.1,375903,69
CP048233.1,376532,476
CP048233.1,376871,60
CP048233.1,376923,107
CP048233.1,377094,40
CP048233.1,377809,1
CP048233.1,378930,183
CP048233.1,379331,199
CP048233.1,379335,1
CP048233.1,379407,2182
CP048233.1,379541,564
CP048233.1,379736,117
CP048233.1,380806,2
CP048233.1,381584,191
CP048233.1,381782,10
CP048233.1,383716,365
CP048233.1,385266,5
CP048233.1,385332,11
CP048233.1,386126,412
CP048233.1,386258,1
CP048233.1,386945,174
CP048233.1,387504,1511
CP048233.1,387515,1
CP048233.1,387572,2542
CP048233.1,387732,677
CP048233.1,387829,1063
CP048233.1,387857,16
CP048233.1,388184,407
CP048233.1,388204,249
CP048233.1,388211,893
CP048233.1,388245,11
CP048233.1,388420,747
CP048233.1,388454,1
CP048233.1,388490,1
CP048233.1,389118,274
CP048233.1,389125,1
CP048233.1,391356,20
CP048233.1,392804,1
CP048233.1,394112,1
CP048233.1,394314,1
CP048233.1,394790,134
CP048233.1,394858,1
CP048233.1,394972,64
CP048233.1,395054,294
CP048233.1,395089,5
CP048233.1,395098,10
CP048233.1,395174,28
CP048233.1,396048,455
CP048233.1,396067,85
CP048233.1,398130,134
CP048233.1,399662,23
CP048233.1,399728,644
CP048233.1,399729,183
CP048233.1,399769,7
CP048233.1,399857,152
CP048233.1,399862,466
CP048233.1,399864,15
CP048233.1,399937,185
CP048233.1,400128,243
CP048233.1,400171,488
CP048233.1,400178,5
CP048233.1,400249,340
CP048233.1,401006,12
CP048233.1,401323,761
CP048233.1,401457,1
CP048233.1,401474,1
CP048233.1,401486,241
CP048233.1,401493,936
CP048233.1,401553,96
CP048233.1,401628,280
CP048233.1,401635,1
CP048233.1,401637,3
CP048233.1,401644,344
CP048233.1,401818,1163
CP048233.1,401825,299
CP048233.1,401840,1
CP048233.1,402963,1004
CP048233.1,404404,706
CP048233.1,406081,823
CP048233.1,406129,164
CP048233.1,406138,1
CP048233.1,406147,402
CP048233.1,406154,172
CP048233.1,408214,715
CP048233.1,408808,1
CP048233.1,409482,27
CP048233.1,409975,171
CP048233.1,412438,653
CP048233.1,412524,200
CP048233.1,412527,1
CP048233.1,414465,11
CP048233.1,414625,1
CP048233.1,414639,85
CP048233.1,414943,529
CP048233.1,415043,709
CP048233.1,418439,2031
CP048233.1,418567,233
CP048233.1,418590,20
CP048233.1,419813,3
CP048233.1,419884,40
CP048233.1,419914,3
CP048233.1,422692,518
CP048233.1,422947,1
CP048233.1,423031,33
CP048233.1,423057,370
CP048233.1,423084,575
CP048233.1,423142,785
CP048233.1,423168,108
CP048233.1,423184,558
CP048233.1,423191,4
CP048233.1,423192,77
CP048233.1,423199,2118
CP048233.1,423373,1
CP048233.1,423632,405
CP048233.1,423667,303
CP048233.1,423674,1651
CP048233.1,423712,4
CP048233.1,423717,656
CP048233.1,423724,500
CP048233.1,423767,1
CP048233.1,423832,179
CP048233.1,423839,1069
CP048233.1,423870,134
CP048233.1,424417,915
CP048233.1,424454,5
CP048233.1,424591,408
CP048233.1,425383,1
CP048233.1,426368,154
CP048233.1,427560,10
CP048233.1,427843,261
CP048233.1,428217,1
CP048233.1,429341,488
CP048233.1,429350,35
CP048233.1,432261,403
CP048233.1,432501,546
CP048233.1,432533,97
CP048233.1,433648,370
CP048233.1,433655,723
CP048233.1,433788,637
CP048233.1,433895,2236
CP048233.1,433921,866
CP048233.1,434364,890
CP048233.1,434371,824
CP048233.1,435329,1588
CP048233.1,436050,5
CP048233.1,437323,246
CP048233.1,437529,31
CP048233.1,439159,42
CP048233.1,439513,10
CP048233.1,441977,15
CP048233.1,442223,1
CP048233.1,442246,617
CP048233.1,442447,202
CP048233.1,442963,109
CP048233.1,442992,607
CP048233.1,443917,246
CP048233.1,443924,36
CP048233.1,443968,322
CP048233.1,443982,237
CP048233.1,443999,40
CP048233.1,444008,1696
CP048233.1,444015,474
CP048233.1,444144,88
CP048233.1,445853,268
CP048233.1,445990,544
CP048233.1,446013,410
CP048233.1,447408,855
CP048233.1,447434,840
CP048233.1,447572,330
CP048233.1,447574,373
CP048233.1,448682,483
CP048233.1,448689,101
CP048233.1,448782,178
CP048233.1,449318,249
CP048233.1,449601,1560
CP048233.1,449707,22
CP048233.1,449747,309
CP048233.1,449868,290
CP048233.1,450190,119
CP048233.1,450201,50
CP048233.1,450211,9
CP048233.1,450262,769
CP048233.1,450422,452
CP048233.1,450427,873
CP048233.1,450429,85
CP048233.1,450431,1
CP048233.1,451029,48
CP048233.1,451532,159
CP048233.1,454092,583
CP048233.1,454099,29
CP048233.1,454107,1
CP048233.1,454108,687
CP048233.1,454110,637
CP048233.1,454117,115
CP048233.1,454236,305
CP048233.1,454252,466
CP048233.1,454259,60
CP048233.1,454274,388
CP048233.1,454331,1248
CP048233.1,454407,37
CP048233.1,455472,3
CP048233.1,461537,685
CP048233.1,461934,246
CP048233.1,462415,27
CP048233.1,462497,29
CP048233.1,462624,223
CP048233.1,462849,658
CP048233.1,462867,161
CP048233.1,462907,178
CP048233.1,462917,899
CP048233.1,462925,763
CP048233.1,462932,1373
CP048233.1,462995,384
CP048233.1,465313,1
CP048233.1,465664,1748
CP048233.1,465802,1
CP048233.1,467387,11
CP048233.1,467498,1
CP048233.1,467505,84
CP048233.1,469983,14
CP048233.1,470128,74
CP048233.1,470134,53
CP048233.1,470554,1
CP048233.1,470561,558
CP048233.1,470764,215
CP048233.1,470916,16
CP048233.1,470927,477
CP048233.1,470934,71
CP048233.1,471025,1364
CP048233.1,471032,542
CP048233.1,471153,4683
CP048233.1,471209,1
CP048233.1,471213,1743
CP048233.1,471261,1329
CP048233.1,471318,182
CP048233.1,471428,2
CP048233.1,471430,13
CP048233.1,471497,2382
CP048233.1,471524,1
CP048233.1,471584,2185
CP048233.1,471612,1915
CP048233.1,472708,102
CP048233.1,472716,45
CP048233.1,474505,36
CP048233.1,476303,482
CP048233.1,478011,146
CP048233.1,478197,301
CP048233.1,478402,279
CP048233.1,478485,937
CP048233.1,478676,156
CP048233.1,478700,1898
CP048233.1,478707,225
CP048233.1,478729,359
CP048233.1,478767,35
CP048233.1,479190,6
CP048233.1,481812,417
CP048233.1,481867,538
CP048233.1,483226,70
CP048233.1,484237,1851
CP048233.1,484244,850
CP048233.1,484366,1993
CP048233.1,484395,11
CP048233.1,484611,3
CP048233.1,484632,1522
CP048233.1,484639,1273
CP048233.1,484888,151
CP048233.1,485420,3
CP048233.1,488445,465
CP048233.1,488689,32
CP048233.1,490598,123
CP048233.1,490679,26
CP048233.1,490824,563
CP048233.1,490864,409
CP048233.1,491389,308
CP048233.1,491930,281
CP048233.1,492148,9
CP048233.1,492169,691
CP048233.1,492523,1
CP048233.1,492654,255
CP048233.1,492663,62
CP048233.1,492682,451
CP048233.1,492684,217
CP048233.1,492708,12
CP048233.1,492711,9
CP048233.1,492715,165
CP048233.1,492724,641
CP048233.1,492736,16
CP048233.1,493271,543
CP048233.1,493790,311
CP048233.1,494494,524
CP048233.1,494507,44
CP048233.1,494671,370
CP048233.1,494923,1
CP048233.1,494948,1
CP048233.1,495031,438
CP048233.1,495101,156
CP048233.1,495661,70
CP048233.1,495668,10
CP048233.1,495799,301
CP048233.1,495874,60
CP048233.1,495907,73
CP048233.1,495918,1
CP048233.1,496060,604
CP048233.1,496122,144
CP048233.1,496131,127
CP048233.1,496228,938
CP048233.1,496247,1605
CP048233.1,496248,256
CP048233.1,496748,10
CP048233.1,496772,9
CP048233.1,496774,3
CP048233.1,496775,383
CP048233.1,496781,637
CP048233.1,496803,258
CP048233.1,496810,1
CP048233.1,496840,34
CP048233.1,496916,4
CP048233.1,496944,300
CP048233.1,496951,187
CP048233.1,496952,73
CP048233.1,496959,223
CP048233.1,496961,1096
CP048233.1,496990,135
CP048233.1,496991,118
CP048233.1,497030,54
CP048233.1,497032,1
CP048233.1,497039,191
CP048233.1,497245,675
CP048233.1,497316,727
CP048233.1,497346,5
CP048233.1,502066,596
CP048233.1,502440,6885
CP048233.1,502447,1746
CP048233.1,502459,437
CP048233.1,502466,31
CP048233.1,502477,306
CP048233.1,502484,1
CP048233.1,502494,120
CP048233.1,502532,1
CP048233.1,502534,591
CP048233.1,503207,53
CP048233.1,503984,132
CP048233.1,504486,20
CP048233.1,506112,367
CP048233.1,506251,13
CP048233.1,506383,8
CP048233.1,506887,56
CP048233.1,506920,1737
CP048233.1,507379,4
CP048233.1,507459,28
CP048233.1,507477,430
CP048233.1,507506,378
CP048233.1,507509,74
CP048233.1,507549,164
CP048233.1,508537,59
CP048233.1,508891,110
CP048233.1,508913,127
CP048233.1,508920,692
CP048233.1,509020,63
CP048233.1,510018,521
CP048233.1,510203,1
CP048233.1,510513,1
CP048233.1,510535,1
CP048233.1,510782,738
CP048233.1,510875,1
CP048233.1,510917,72
CP048233.1,511032,3
CP048233.1,511194,457
CP048233.1,511201,1781
CP048233.1,511236,4
CP048233.1,511293,519
CP048233.1,511831,1386
CP048233.1,512382,151
CP048233.1,513436,483
CP048233.1,513558,50
CP048233.1,513563,19
CP048233.1,513570,105
CP048233.1,513750,13
CP048233.1,513759,293
CP048233.1,513766,622
CP048233.1,513843,360
CP048233.1,513867,881
CP048233.1,513869,311
CP048233.1,514730,2
CP048233.1,515082,113
CP048233.1,517069,25
CP048233.1,517102,50
CP048233.1,520378,22
CP048233.1,522491,120
CP048233.1,522498,358
CP048233.1,522505,157
CP048233.1,522871,138
CP048233.1,522895,69
CP048233.1,522902,19
CP048233.1,525822,501
CP048233.1,526029,115
CP048233.1,526223,837
CP048233.1,526475,22
CP048233.1,529400,37
CP048233.1,529417,181
CP048233.1,530854,4
CP048233.1,531039,49
CP048233.1,531364,1
CP048233.1,531377,1
CP048233.1,531436,572
CP048233.1,532506,1
CP048233.1,532642,61
CP048233.1,532649,842
CP048233.1,532674,179
CP048233.1,532681,1091
CP048233.1,532683,1
CP048233.1,532743,1941
CP048233.1,532750,839
CP048233.1,532757,11
CP048233.1,532764,390
CP048233.1,532778,514
CP048233.1,532780,2
CP048233.1,532783,2
CP048233.1,532785,530
CP048233.1,532787,190
CP048233.1,532901,74
CP048233.1,533046,862
CP048233.1,533078,335
CP048233.1,533235,1
CP048233.1,533291,913
CP048233.1,533307,216
CP048233.1,533344,304
CP048233.1,533363,3339
CP048233.1,533368,18
CP048233.1,533370,21
CP048233.1,533496,28
CP048233.1,533507,580
CP048233.1,533514,1205
CP048233.1,533936,1
CP048233.1,534053,1192
CP048233.1,534092,87
CP048233.1,534750,475
CP048233.1,534899,1702
CP048233.1,534905,443
CP048233.1,534927,423
CP048233.1,535287,235
CP048233.1,535969,677
CP048233.1,535973,39
CP048233.1,535977,1
CP048233.1,536132,37
CP048233.1,536146,394
CP048233.1,536354,563
CP048233.1,536668,1
CP048233.1,536792,12
CP048233.1,536861,150
CP048233.1,536868,621
CP048233.1,536875,649
CP048233.1,536998,70
CP048233.1,537280,132
CP048233.1,537410,555
CP048233.1,537433,518
CP048233.1,537443,194
CP048233.1,537460,1533
CP048233.1,537467,1327
CP048233.1,537491,2
CP048233.1,537538,147
CP048233.1,537553,20
CP048233.1,537568,547
CP048233.1,537570,2
CP048233.1,537575,236
CP048233.1,537628,1340
CP048233.1,537640,143
CP048233.1,537647,445
CP048233.1,537657,117
CP048233.1,537677,1
CP048233.1,537698,4
CP048233.1,537705,1245
CP048233.1,537743,671
CP048233.1,537778,34
CP048233.1,537811,135
CP048233.1,537818,713
CP048233.1,537835,97
CP048233.1,537846,171
CP048233.1,537897,414
CP048233.1,537904,431
CP048233.1,537949,3
CP048233.1,537975,2
CP048233.1,538044,1
CP048233.1,538129,1163
CP048233.1,538134,1002
CP048233.1,538194,4
CP048233.1,538673,585
CP048233.1,538778,67
CP048233.1,538813,688
CP048233.1,538876,450
CP048233.1,538924,11
CP048233.1,539486,3
CP048233.1,539926,477
CP048233.1,540059,603
CP048233.1,540066,264
CP048233.1,540070,982
CP048233.1,540075,807
CP048233.1,540219,520
CP048233.1,540224,1
CP048233.1,540229,539
CP048233.1,540233,3
CP048233.1,540251,442
CP048233.1,540258,691
CP048233.1,540294,113
CP048233.1,540301,367
CP048233.1,540303,497
CP048233.1,540318,927
CP048233.1,540395,150
CP048233.1,540402,96
CP048233.1,540405,167
CP048233.1,540409,84
CP048233.1,540412,6
CP048233.1,540417,1
CP048233.1,540426,24
CP048233.1,540459,1921
CP048233.1,540466,4003
CP048233.1,540479,514
CP048233.1,540480,180
CP048233.1,540484,25
CP048233.1,540499,2016
CP048233.1,540537,466
CP048233.1,540545,33
CP048233.1,540621,170
CP048233.1,540684,221
CP048233.1,541360,385
CP048233.1,541446,221
CP048233.1,541522,1509
CP048233.1,541529,124
CP048233.1,541531,77
CP048233.1,541536,552
CP048233.1,541563,6
CP048233.1,541750,535
CP048233.1,541837,1490
CP048233.1,541844,1
CP048233.1,541848,38
CP048233.1,541865,1
CP048233.1,541874,330
CP048233.1,542129,23
CP048233.1,542133,1
CP048233.1,542206,47
CP048233.1,542964,763
CP048233.1,542966,830
CP048233.1,542973,101
CP048233.1,542998,2752
CP048233.1,543004,1274
CP048233.1,543005,1051
CP048233.1,543010,749
CP048233.1,543011,19
CP048233.1,543016,1098
CP048233.1,543017,376
CP048233.1,543022,644
CP048233.1,543029,157
CP048233.1,543100,874
CP048233.1,543272,983
CP048233.1,543456,445
CP048233.1,543471,1
CP048233.1,544705,1
CP048233.1,548660,303
CP048233.1,548667,204
CP048233.1,549077,589
CP048233.1,549104,5
CP048233.1,549141,30
CP048233.1,549239,3
CP048233.1,549286,63
CP048233.1,549664,19
CP048233.1,549788,12
CP048233.1,549806,165
CP048233.1,550732,1273
CP048233.1,550859,4
CP048233.1,550934,213
CP048233.1,551267,1417
CP048233.1,551376,1024
CP048233.1,551404,1
CP048233.1,551411,88
CP048233.1,551595,202
CP048233.1,551933,1
CP048233.1,551944,1
CP048233.1,551953,398
CP048233.1,551955,1437
CP048233.1,551962,34
CP048233.1,551996,662
CP048233.1,552005,1
CP048233.1,552008,377
CP048233.1,552060,109
CP048233.1,552067,1476
CP048233.1,552071,1298
CP048233.1,552085,959
CP048233.1,552092,551
CP048233.1,552094,1
CP048233.1,552096,431
CP048233.1,552106,42
CP048233.1,552108,1438
CP048233.1,552111,1
CP048233.1,552112,2295
CP048233.1,552114,326
CP048233.1,552115,610
CP048233.1,552117,9
CP048233.1,552119,4634
CP048233.1,552127,120
CP048233.1,552131,759
CP048233.1,552134,1
CP048233.1,552141,171
CP048233.1,552143,3
CP048233.1,552190,438
CP048233.1,552197,1341
CP048233.1,552253,1018
CP048233.1,552335,63
CP048233.1,552396,342
CP048233.1,553342,321
CP048233.1,553440,1
CP048233.1,553460,23
CP048233.1,553509,562
CP048233.1,553540,357
CP048233.1,553549,610
CP048233.1,553556,755
CP048233.1,554118,41
CP048233.1,555291,245
CP048233.1,555623,94
CP048233.1,557943,123
CP048233.1,558123,230
CP048233.1,558594,2
CP048233.1,558817,13
CP048233.1,558822,199
CP048233.1,558830,1
CP048233.1,558834,24
CP048233.1,558874,12
CP048233.1,558935,896
CP048233.1,558943,2130
CP048233.1,558950,279
CP048233.1,558955,1086
CP048233.1,558962,458
CP048233.1,558980,534
CP048233.1,558982,576
CP048233.1,558984,603
CP048233.1,558987,746
CP048233.1,558989,664
CP048233.1,559023,1100
CP048233.1,559044,1469
CP048233.1,559050,29
CP048233.1,559057,572
CP048233.1,559059,33
CP048233.1,559061,86
CP048233.1,559064,517
CP048233.1,559102,1
CP048233.1,559109,454
CP048233.1,559117,65
CP048233.1,559135,835
CP048233.1,559150,194
CP048233.1,559161,33
CP048233.1,559165,1
CP048233.1,559166,598
CP048233.1,559173,981
CP048233.1,559179,73
CP048233.1,559186,1733
CP048233.1,559200,749
CP048233.1,559202,15
CP048233.1,559216,147
CP048233.1,559218,1
CP048233.1,559221,1725
CP048233.1,559263,102
CP048233.1,559270,1046
CP048233.1,559286,1
CP048233.1,559308,196
CP048233.1,559315,1775
CP048233.1,559324,3872
CP048233.1,559331,7094
CP048233.1,559347,850
CP048233.1,559355,61
CP048233.1,559387,1225
CP048233.1,559415,120
CP048233.1,559418,4844
CP048233.1,559419,1
CP048233.1,559422,18
CP048233.1,559424,249
CP048233.1,559425,8065
CP048233.1,559429,133
CP048233.1,559430,1554
CP048233.1,559431,3646
CP048233.1,559437,2535
CP048233.1,559508,5
CP048233.1,559523,51
CP048233.1,559529,26
CP048233.1,559531,888
CP048233.1,559534,996
CP048233.1,559538,87
CP048233.1,559541,1468
CP048233.1,559545,419
CP048233.1,559554,522
CP048233.1,559577,30
CP048233.1,559590,35
CP048233.1,559621,32
CP048233.1,559623,23
CP048233.1,559645,29
CP048233.1,559747,2
CP048233.1,559791,431
CP048233.1,559847,85
CP048233.1,559929,1
CP048233.1,559980,509
CP048233.1,559983,364
CP048233.1,559996,482
CP048233.1,560030,47
CP048233.1,560037,48
CP048233.1,560044,372
CP048233.1,560055,540
CP048233.1,560069,375
CP048233.1,560073,472
CP048233.1,560080,131
CP048233.1,560137,3348
CP048233.1,560144,375
CP048233.1,560152,176
CP048233.1,560181,1
CP048233.1,560190,37
CP048233.1,560197,9
CP048233.1,560236,662
CP048233.1,560243,58
CP048233.1,560990,1
CP048233.1,561620,5
CP048233.1,561719,103
CP048233.1,561764,109
CP048233.1,563103,597
CP048233.1,563375,2
CP048233.1,563376,3
CP048233.1,563433,155
CP048233.1,563446,1
CP048233.1,563498,359
CP048233.1,563537,7
CP048233.1,564195,84
CP048233.1,564286,49
CP048233.1,564315,507
CP048233.1,564324,949
CP048233.1,564396,717
CP048233.1,564857,177
CP048233.1,564872,305
CP048233.1,565035,2642
CP048233.1,565052,140
CP048233.1,565192,59
CP048233.1,565400,103
CP048233.1,565463,2
CP048233.1,565505,1387
CP048233.1,565512,488
CP048233.1,565603,5
CP048233.1,565664,6
CP048233.1,565783,236
CP048233.1,566245,101
CP048233.1,566399,54
CP048233.1,566412,3
CP048233.1,569108,410
CP048233.1,569115,23
CP048233.1,569155,3
CP048233.1,569161,47
CP048233.1,569495,1
CP048233.1,570201,186
CP048233.1,570470,1
CP048233.1,570528,6
CP048233.1,570611,14
CP048233.1,570647,336
CP048233.1,570652,65
CP048233.1,570812,865
CP048233.1,570937,74
CP048233.1,571436,532
CP048233.1,571537,6
CP048233.1,571703,1
CP048233.1,572195,134
CP048233.1,572250,502
CP048233.1,573099,1
CP048233.1,574058,1425
CP048233.1,574141,1412
CP048233.1,574405,1139
CP048233.1,574561,371
CP048233.1,574563,661
CP048233.1,574568,1
CP048233.1,574598,1034
CP048233.1,574643,294
CP048233.1,574656,187
CP048233.1,574671,621
CP048233.1,574721,771
CP048233.1,574729,959
CP048233.1,574746,154
CP048233.1,574754,1115
CP048233.1,574782,2357
CP048233.1,574794,245
CP048233.1,574827,51
CP048233.1,574834,2702
CP048233.1,574885,22
CP048233.1,574893,568
CP048233.1,574900,194
CP048233.1,574911,1001
CP048233.1,574951,274
CP048233.1,574960,169
CP048233.1,574967,2
CP048233.1,575000,321
CP048233.1,575014,106
CP048233.1,575021,957
CP048233.1,575093,1332
CP048233.1,575330,119
CP048233.1,575336,54
CP048233.1,575361,268
CP048233.1,575416,11
CP048233.1,575423,1310
CP048233.1,575446,458
CP048233.1,575468,101
CP048233.1,575469,583
CP048233.1,575475,3147
CP048233.1,575477,1644
CP048233.1,575479,2045
CP048233.1,575481,291
CP048233.1,575484,112
CP048233.1,575486,1095
CP048233.1,575488,901
CP048233.1,575495,1980
CP048233.1,575568,2047
CP048233.1,575798,425
CP048233.1,576193,353
CP048233.1,576441,917
CP048233.1,576648,735
CP048233.1,576941,342
CP048233.1,576980,658
CP048233.1,577153,942
CP048233.1,577155,5
CP048233.1,577344,9
CP048233.1,579015,63
CP048233.1,579175,16
CP048233.1,579229,84
CP048233.1,579344,8
CP048233.1,579384,1343
CP048233.1,579389,608
CP048233.1,579391,1
CP048233.1,579400,352
CP048233.1,579456,739
CP048233.1,579464,466
CP048233.1,579471,1
CP048233.1,579565,1248
CP048233.1,579606,473
CP048233.1,579613,5
CP048233.1,579637,607
CP048233.1,579787,1
CP048233.1,580043,209
CP048233.1,580089,835
CP048233.1,580228,502
CP048233.1,580551,122
CP048233.1,580797,1088
CP048233.1,580841,18
CP048233.1,580850,559
CP048233.1,580878,132
CP048233.1,580895,308
CP048233.1,580902,46
CP048233.1,580910,471
CP048233.1,580916,425
CP048233.1,580927,1283
CP048233.1,580996,9
CP048233.1,581003,422
CP048233.1,581063,230
CP048233.1,581065,146
CP048233.1,581072,481
CP048233.1,581166,63
CP048233.1,581248,1
CP048233.1,581325,2
CP048233.1,581353,280
CP048233.1,581379,116
CP048233.1,581428,195
CP048233.1,581431,113
CP048233.1,581439,183
CP048233.1,581446,573
CP048233.1,581464,342
CP048233.1,581471,541
CP048233.1,581479,799
CP048233.1,581481,11
CP048233.1,581486,2
CP048233.1,581494,527
CP048233.1,581495,499
CP048233.1,581499,855
CP048233.1,581505,679
CP048233.1,581536,1027
CP048233.1,581543,1082
CP048233.1,581548,2064
CP048233.1,581550,652
CP048233.1,581555,1681
CP048233.1,581557,42
CP048233.1,581579,1
CP048233.1,581586,1
CP048233.1,581597,112
CP048233.1,581621,1
CP048233.1,581661,20
CP048233.1,581668,2641
CP048233.1,581675,2082
CP048233.1,581679,6
CP048233.1,581690,17
CP048233.1,581697,567
CP048233.1,581732,76
CP048233.1,581742,349
CP048233.1,581792,186
CP048233.1,581799,124
CP048233.1,581803,922
CP048233.1,581810,151
CP048233.1,581831,9
CP048233.1,581838,664
CP048233.1,581849,183
CP048233.1,581973,13
CP048233.1,582324,354
CP048233.1,583783,19
CP048233.1,583916,399
CP048233.1,584924,67
CP048233.1,585095,39
CP048233.1,585130,14
CP048233.1,585197,5
CP048233.1,585224,1169
CP048233.1,585231,1233
CP048233.1,585235,2
CP048233.1,587344,6
CP048233.1,587363,181
CP048233.1,587690,167
CP048233.1,587865,121
CP048233.1,588456,536
CP048233.1,588977,221
CP048233.1,589494,245
CP048233.1,589507,4
CP048233.1,589561,4
CP048233.1,589592,353
CP048233.1,591625,1356
CP048233.1,594141,440
CP048233.1,594283,129
CP048233.1,594340,86
CP048233.1,594406,590
CP048233.1,595364,1
CP048233.1,595371,525
CP048233.1,595660,319
CP048233.1,595713,173
CP048233.1,595716,1022
CP048233.1,595797,15
CP048233.1,595808,399
CP048233.1,595826,13
CP048233.1,595837,775
CP048233.1,595844,2573
CP048233.1,595875,105
CP048233.1,595882,644
CP048233.1,595886,26
CP048233.1,595889,454
CP048233.1,595893,5
CP048233.1,595964,334
CP048233.1,595965,217
CP048233.1,595972,1097
CP048233.1,596011,254
CP048233.1,596088,29
CP048233.1,596166,6
CP048233.1,596226,8
CP048233.1,596493,49
CP048233.1,596514,71
CP048233.1,596523,45
CP048233.1,596623,1
CP048233.1,597104,194
CP048233.1,597111,1
CP048233.1,597291,107
CP048233.1,597298,280
CP048233.1,597330,425
CP048233.1,597459,701
CP048233.1,597500,196
CP048233.1,597536,1339
CP048233.1,597625,564
CP048233.1,597709,8
CP048233.1,597788,82
CP048233.1,597792,178
CP048233.1,597797,122
CP048233.1,597799,673
CP048233.1,597927,3
CP048233.1,597956,49
CP048233.1,597958,629
CP048233.1,597963,26
CP048233.1,598118,604
CP048233.1,598305,169
CP048233.1,598339,151
CP048233.1,598368,252
CP048233.1,598375,586
CP048233.1,598521,15
CP048233.1,598535,14
CP048233.1,598690,247
CP048233.1,598692,203
CP048233.1,598693,148
CP048233.1,598700,307
CP048233.1,598702,143
CP048233.1,598730,404
CP048233.1,598749,6
CP048233.1,598753,2
CP048233.1,598756,258
CP048233.1,598958,5
CP048233.1,599003,327
CP048233.1,599035,35
CP048233.1,599037,606
CP048233.1,599041,381
CP048233.1,599042,1
CP048233.1,599199,178
CP048233.1,599317,342
CP048233.1,599392,24
CP048233.1,599444,610
CP048233.1,599475,31
CP048233.1,599497,482
CP048233.1,599524,175
CP048233.1,599567,185
CP048233.1,599574,21
CP048233.1,599628,94
CP048233.1,599720,112
CP048233.1,599733,464
CP048233.1,599740,158
CP048233.1,600078,968
CP048233.1,600209,218
CP048233.1,600332,447
CP048233.1,600595,1
CP048233.1,601225,11
CP048233.1,601397,81
CP048233.1,601551,1
CP048233.1,601569,396
CP048233.1,601900,678
CP048233.1,601928,6
CP048233.1,601953,1800
CP048233.1,601959,1475
CP048233.1,601960,161
CP048233.1,601961,4618
CP048233.1,601966,98
CP048233.1,601968,1715
CP048233.1,603911,940
CP048233.1,604093,33
CP048233.1,604120,194
CP048233.1,604263,177
CP048233.1,604292,430
CP048233.1,604377,176
CP048233.1,604380,769
CP048233.1,604384,132
CP048233.1,604387,116
CP048233.1,604402,792
CP048233.1,604414,259
CP048233.1,604785,1
CP048233.1,604925,1
CP048233.1,605094,531
CP048233.1,606029,28
CP048233.1,606041,919
CP048233.1,606541,844
CP048233.1,606743,1
CP048233.1,606745,48
CP048233.1,606750,1289
CP048233.1,606790,2
CP048233.1,606797,855
CP048233.1,606799,303
CP048233.1,606806,2701
CP048233.1,606812,1
CP048233.1,606942,842
CP048233.1,606949,1419
CP048233.1,606952,1
CP048233.1,607043,1
CP048233.1,607052,18
CP048233.1,607059,397
CP048233.1,607089,445
CP048233.1,607125,336
CP048233.1,607199,100
CP048233.1,607200,297
CP048233.1,607215,276
CP048233.1,607245,1
CP048233.1,607252,301
CP048233.1,607255,51
CP048233.1,607262,67
CP048233.1,607269,38
CP048233.1,607301,1
CP048233.1,607313,468
CP048233.1,607314,57
CP048233.1,607315,28
CP048233.1,607316,564
CP048233.1,607320,527
CP048233.1,607332,1212
CP048233.1,607335,175
CP048233.1,607339,899
CP048233.1,607367,162
CP048233.1,607423,700
CP048233.1,607440,153
CP048233.1,607473,1
CP048233.1,607485,1090
CP048233.1,607487,243
CP048233.1,607491,581
CP048233.1,607497,455
CP048233.1,607499,162
CP048233.1,607519,1822
CP048233.1,607524,921
CP048233.1,607645,183
CP048233.1,607703,163
CP048233.1,607764,119
CP048233.1,607858,156
CP048233.1,608002,303
CP048233.1,608209,1853
CP048233.1,608336,330
CP048233.1,608380,2196
CP048233.1,608456,489
CP048233.1,608576,547
CP048233.1,608640,2048
CP048233.1,608723,1
CP048233.1,608840,2980
CP048233.1,608934,1
CP048233.1,608936,2811
CP048233.1,609056,1
CP048233.1,609098,392
CP048233.1,609116,1172
CP048233.1,609256,4674
CP048233.1,609263,3024
CP048233.1,609556,51
CP048233.1,609563,2686
CP048233.1,609581,1
CP048233.1,609583,1117
CP048233.1,609603,1
CP048233.1,609609,3879
CP048233.1,609639,2
CP048233.1,609641,1307
CP048233.1,609646,2264
CP048233.1,609654,1875
CP048233.1,609655,7243
CP048233.1,609662,878
CP048233.1,609692,2043
CP048233.1,609714,4666
CP048233.1,609721,2016
CP048233.1,609746,343
CP048233.1,609764,1
CP048233.1,609830,3069
CP048233.1,609842,257
CP048233.1,609844,2432
CP048233.1,609851,1
CP048233.1,609894,3418
CP048233.1,609903,1176
CP048233.1,609905,281
CP048233.1,610067,2578
CP048233.1,610119,545
CP048233.1,610161,445
CP048233.1,610716,1
CP048233.1,612102,5
CP048233.1,612124,170
CP048233.1,612382,162
CP048233.1,612385,45
CP048233.1,612542,14
CP048233.1,612678,5
CP048233.1,612832,30
CP048233.1,612848,287
CP048233.1,613030,99
CP048233.1,613216,3
CP048233.1,613314,25
CP048233.1,613436,549
CP048233.1,613440,42
CP048233.1,613469,3
CP048233.1,613496,98
CP048233.1,613503,459
CP048233.1,613626,1089
CP048233.1,613629,17
CP048233.1,613633,1
CP048233.1,613642,10
CP048233.1,613749,21
CP048233.1,613977,39
CP048233.1,614523,118
CP048233.1,614697,617
CP048233.1,614990,391
CP048233.1,615110,607
CP048233.1,615177,24
CP048233.1,615186,125
CP048233.1,615357,204
CP048233.1,615558,529
CP048233.1,615564,3323
CP048233.1,615566,100
CP048233.1,615571,1910
CP048233.1,615573,388
CP048233.1,617599,474
CP048233.1,617602,306
CP048233.1,617637,163
CP048233.1,617639,234
CP048233.1,617655,5
CP048233.1,617741,1
CP048233.1,617748,2
CP048233.1,617760,14
CP048233.1,617856,321
CP048233.1,617954,2
CP048233.1,618022,405
CP048233.1,618669,241
CP048233.1,618676,10
CP048233.1,619481,900
CP048233.1,619488,28
CP048233.1,619540,315
CP048233.1,619655,7
CP048233.1,619659,29
CP048233.1,619666,664
CP048233.1,619690,488
CP048233.1,619856,44
CP048233.1,619863,276
CP048233.1,619869,451
CP048233.1,619895,54
CP048233.1,619907,3
CP048233.1,619951,1285
CP048233.1,620014,1087
CP048233.1,620021,468
CP048233.1,620224,565
CP048233.1,620281,11
CP048233.1,620327,458
CP048233.1,620344,4
CP048233.1,620351,532
CP048233.1,620407,303
CP048233.1,621079,63
CP048233.1,621087,296
CP048233.1,621094,102
CP048233.1,621432,276
CP048233.1,621487,73
CP048233.1,621578,544
CP048233.1,621648,369
CP048233.1,621683,490
CP048233.1,621690,540
CP048233.1,621721,604
CP048233.1,621723,61
CP048233.1,621741,27
CP048233.1,621772,84
CP048233.1,621826,196
CP048233.1,621865,34
CP048233.1,623192,11
CP048233.1,623516,481
CP048233.1,623645,21
CP048233.1,623661,1205
CP048233.1,623681,374
CP048233.1,623713,401
CP048233.1,623720,395
CP048233.1,623731,337
CP048233.1,623749,443
CP048233.1,624886,73
CP048233.1,626122,3
CP048233.1,626461,5
CP048233.1,626828,419
CP048233.1,626987,114
CP048233.1,626989,451
CP048233.1,627040,429
CP048233.1,627402,403
CP048233.1,628180,24
CP048233.1,628362,973
CP048233.1,628513,47
CP048233.1,628615,1278
CP048233.1,628905,811
CP048233.1,628912,78
CP048233.1,628914,815
CP048233.1,628953,10
CP048233.1,629018,1939
CP048233.1,629025,1735
CP048233.1,629055,53
CP048233.1,629071,1
CP048233.1,629116,17
CP048233.1,629244,283
CP048233.1,629264,6
CP048233.1,629326,240
CP048233.1,629366,1578
CP048233.1,629393,168
CP048233.1,629403,1
CP048233.1,629406,1
CP048233.1,629408,4
CP048233.1,629421,11
CP048233.1,629630,21
CP048233.1,629639,310
CP048233.1,629762,1
CP048233.1,629825,8
CP048233.1,629947,232
CP048233.1,630134,237
CP048233.1,630455,1535
CP048233.1,631553,1
CP048233.1,631893,77
CP048233.1,632479,118
CP048233.1,632735,881
CP048233.1,632742,1341
CP048233.1,632744,576
CP048233.1,632760,452
CP048233.1,632963,247
CP048233.1,633069,1088
CP048233.1,633244,45
CP048233.1,633251,26
CP048233.1,633258,563
CP048233.1,633802,34
CP048233.1,633834,7
CP048233.1,633847,435
CP048233.1,633918,1
CP048233.1,633925,601
CP048233.1,633927,49
CP048233.1,633997,764
CP048233.1,634138,1
CP048233.1,634147,202
CP048233.1,634159,1
CP048233.1,634631,4
CP048233.1,635374,16
CP048233.1,635700,1180
CP048233.1,635725,352
CP048233.1,635843,28
CP048233.1,635875,1199
CP048233.1,635927,146
CP048233.1,635988,835
CP048233.1,638354,354
CP048233.1,638377,290
CP048233.1,638472,323
CP048233.1,638505,252
CP048233.1,638525,1773
CP048233.1,638587,434
CP048233.1,638589,870
CP048233.1,638596,129
CP048233.1,638614,25
CP048233.1,638644,1809
CP048233.1,639881,935
CP048233.1,640980,3
CP048233.1,642350,132
CP048233.1,642431,505
CP048233.1,642620,1
CP048233.1,642948,25
CP048233.1,643162,12
CP048233.1,643574,137
CP048233.1,643581,34
CP048233.1,643585,79
CP048233.1,643619,641
CP048233.1,643631,76
CP048233.1,643657,71
CP048233.1,643670,1
CP048233.1,643672,37
CP048233.1,643679,1037
CP048233.1,643886,119
CP048233.1,643890,30
CP048233.1,643915,122
CP048233.1,644042,561
CP048233.1,644049,650
CP048233.1,644160,550
CP048233.1,644719,6
CP048233.1,644841,658
CP048233.1,644864,249
CP048233.1,644886,18134
CP048233.1,644893,5190
CP048233.1,644894,412
CP048233.1,644945,1249
CP048233.1,644999,24
CP048233.1,645006,698
CP048233.1,645007,1
CP048233.1,645016,3
CP048233.1,645032,8151
CP048233.1,645039,3863
CP048233.1,645090,1521
CP048233.1,645096,1270
CP048233.1,645098,577
CP048233.1,645102,1709
CP048233.1,645139,1399
CP048233.1,645141,6283
CP048233.1,645148,7538
CP048233.1,645158,1976
CP048233.1,645186,28
CP048233.1,645270,1492
CP048233.1,645318,1241
CP048233.1,645345,1121
CP048233.1,645393,1231
CP048233.1,645410,1043
CP048233.1,645414,246
CP048233.1,645417,216
CP048233.1,645447,4
CP048233.1,645450,120
CP048233.1,645491,417
CP048233.1,645498,420
CP048233.1,645505,124
CP048233.1,645516,1
CP048233.1,645570,6
CP048233.1,645632,194
CP048233.1,645639,2303
CP048233.1,645765,365
CP048233.1,645787,225
CP048233.1,645818,644
CP048233.1,645832,57
CP048233.1,645836,1032
CP048233.1,645877,1539
CP048233.1,645884,497
CP048233.1,645957,1
CP048233.1,645981,1
CP048233.1,645982,3420
CP048233.1,646026,1290
CP048233.1,646034,1453
CP048233.1,646053,2055
CP048233.1,646072,1051
CP048233.1,646074,148
CP048233.1,646078,46
CP048233.1,646095,1683
CP048233.1,646102,381
CP048233.1,646107,1
CP048233.1,646109,4653
CP048233.1,646123,758
CP048233.1,646130,2898
CP048233.1,646137,9
CP048233.1,646144,3539
CP048233.1,646151,2240
CP048233.1,646156,6
CP048233.1,646158,3658
CP048233.1,646165,447
CP048233.1,646167,1017
CP048233.1,646174,97
CP048233.1,646181,893
CP048233.1,646183,483
CP048233.1,646188,2280
CP048233.1,646195,4181
CP048233.1,646205,1381
CP048233.1,646224,1
CP048233.1,646229,1582
CP048233.1,646233,1
CP048233.1,646236,1
CP048233.1,646242,524
CP048233.1,646247,635
CP048233.1,646249,752
CP048233.1,646250,3435
CP048233.1,646257,529
CP048233.1,646270,3283
CP048233.1,646275,2091
CP048233.1,646277,5814
CP048233.1,646323,2446
CP048233.1,646330,1526
CP048233.1,646345,1969
CP048233.1,646348,1017
CP048233.1,646352,3269
CP048233.1,646353,7
CP048233.1,646366,1772
CP048233.1,646386,608
CP048233.1,646391,5024
CP048233.1,646398,16864
CP048233.1,646418,245
CP048233.1,646435,1130
CP048233.1,646437,430
CP048233.1,646442,1076
CP048233.1,646444,1680
CP048233.1,646465,181
CP048233.1,646837,1092
CP048233.1,646844,759
CP048233.1,647032,3
CP048233.1,647050,2
CP048233.1,647114,709
CP048233.1,647158,256
CP048233.1,647248,258
CP048233.1,647455,1021
CP048233.1,647504,568
CP048233.1,647536,187
CP048233.1,647545,565
CP048233.1,647552,2836
CP048233.1,647596,113
CP048233.1,647603,5
CP048233.1,647615,610
CP048233.1,647643,1
CP048233.1,647671,114
CP048233.1,647678,96
CP048233.1,647679,140
CP048233.1,647811,98
CP048233.1,647818,565
CP048233.1,647865,10
CP048233.1,647866,431
CP048233.1,647878,132
CP048233.1,647888,83
CP048233.1,647890,13
CP048233.1,647898,286
CP048233.1,647908,689
CP048233.1,647953,332
CP048233.1,647960,484
CP048233.1,647977,431
CP048233.1,648074,76
CP048233.1,648085,412
CP048233.1,648092,670
CP048233.1,648124,334
CP048233.1,648126,544
CP048233.1,648128,137
CP048233.1,648130,7
CP048233.1,648131,316
CP048233.1,648132,52
CP048233.1,648133,146
CP048233.1,648134,1
CP048233.1,648138,23
CP048233.1,648143,1
CP048233.1,648144,781
CP048233.1,648146,203
CP048233.1,648151,333
CP048233.1,648153,862
CP048233.1,648165,1
CP048233.1,648255,13
CP048233.1,648412,327
CP048233.1,651259,1
CP048233.1,651273,16
CP048233.1,651388,3305
CP048233.1,651599,1131
CP048233.1,651744,1179
CP048233.1,651754,63
CP048233.1,651791,504
CP048233.1,651807,210
CP048233.1,651819,215
CP048233.1,651904,190
CP048233.1,651911,1
CP048233.1,651923,2748
CP048233.1,651947,3852
CP048233.1,651952,355
CP048233.1,652005,1862
CP048233.1,657906,247
CP048233.1,657924,420
CP048233.1,657928,241
CP048233.1,657989,230
CP048233.1,658013,12
CP048233.1,658026,983
CP048233.1,658033,129
CP048233.1,658045,1049
CP048233.1,658048,1
CP048233.1,658052,1
CP048233.1,658181,90
CP048233.1,658224,10
CP048233.1,658236,94
CP048233.1,658259,477
CP048233.1,658432,120
CP048233.1,658443,1
CP048233.1,658490,259
CP048233.1,659410,711
CP048233.1,659417,799
CP048233.1,660264,130
CP048233.1,660661,286
CP048233.1,661474,35
CP048233.1,663754,498
CP048233.1,663997,682
CP048233.1,664211,141
CP048233.1,664985,11
CP048233.1,665160,186
CP048233.1,665223,194
CP048233.1,665269,35
CP048233.1,665276,1
CP048233.1,665317,58
CP048233.1,665386,2
CP048233.1,665404,537
CP048233.1,665411,635
CP048233.1,665413,10
CP048233.1,665479,68
CP048233.1,665486,1769
CP048233.1,665492,70
CP048233.1,665524,2509
CP048233.1,665531,677
CP048233.1,665550,22
CP048233.1,665579,20
CP048233.1,665593,2
CP048233.1,665644,79
CP048233.1,665649,1
CP048233.1,665749,1
CP048233.1,665947,11
CP048233.1,665980,1018
CP048233.1,666000,58
CP048233.1,666079,3797
CP048233.1,666113,811
CP048233.1,666164,2766
CP048233.1,666340,693
CP048233.1,666460,779
CP048233.1,666491,15
CP048233.1,666558,18
CP048233.1,666627,529
CP048233.1,666672,392
CP048233.1,666676,2228
CP048233.1,666687,1
CP048233.1,666710,1201
CP048233.1,666758,304
CP048233.1,666765,1135
CP048233.1,666943,21
CP048233.1,666950,22
CP048233.1,666961,193
CP048233.1,666962,780
CP048233.1,667013,1
CP048233.1,669004,1007
CP048233.1,669018,9
CP048233.1,669022,1
CP048233.1,669054,219
CP048233.1,669061,372
CP048233.1,669063,185
CP048233.1,669069,1911
CP048233.1,669071,893
CP048233.1,669076,1628
CP048233.1,669077,2218
CP048233.1,669078,128
CP048233.1,669081,954
CP048233.1,669082,1
CP048233.1,669084,1077
CP048233.1,669085,1175
CP048233.1,669088,157
CP048233.1,669089,222
CP048233.1,669094,340
CP048233.1,669102,1725
CP048233.1,669104,7
CP048233.1,669106,2133
CP048233.1,669107,3
CP048233.1,669111,952
CP048233.1,669113,2078
CP048233.1,669120,421
CP048233.1,669124,1366
CP048233.1,669171,250
CP048233.1,669273,460
CP048233.1,669336,307
CP048233.1,669361,2167
CP048233.1,669394,2796
CP048233.1,669412,1124
CP048233.1,669421,136
CP048233.1,669451,815
CP048233.1,669470,2
CP048233.1,669534,2288
CP048233.1,669541,1343
CP048233.1,669564,624
CP048233.1,669575,114
CP048233.1,669641,8
CP048233.1,669691,504
CP048233.1,669697,539
CP048233.1,669698,27
CP048233.1,669841,326
CP048233.1,669848,1459
CP048233.1,669876,1
CP048233.1,669887,668
CP048233.1,669889,308
CP048233.1,669905,6280
CP048233.1,669912,6320
CP048233.1,669936,63
CP048233.1,669940,38
CP048233.1,669997,1
CP048233.1,670023,409
CP048233.1,670061,8
CP048233.1,670063,670
CP048233.1,670070,515
CP048233.1,670091,26
CP048233.1,671340,747
CP048233.1,672027,50
CP048233.1,672438,25
CP048233.1,672614,50
CP048233.1,672621,163
CP048233.1,675414,3
CP048233.1,676212,18
CP048233.1,676691,340
CP048233.1,676703,13
CP048233.1,676876,12
CP048233.1,676937,57
CP048233.1,676938,534
CP048233.1,676944,310
CP048233.1,676953,287
CP048233.1,677041,1
CP048233.1,677046,672
CP048233.1,677080,7
CP048233.1,677089,2
CP048233.1,677097,3
CP048233.1,677104,208
CP048233.1,677209,20
CP048233.1,677355,3
CP048233.1,677433,4
CP048233.1,677473,1024
CP048233.1,677480,1
CP048233.1,677496,205
CP048233.1,677512,1500
CP048233.1,680838,369
CP048233.1,680963,452
CP048233.1,680965,62
CP048233.1,681038,342
CP048233.1,681045,276
CP048233.1,681104,336
CP048233.1,681110,431
CP048233.1,681117,17
CP048233.1,681167,2286
CP048233.1,681174,445
CP048233.1,681200,408
CP048233.1,681208,122
CP048233.1,681226,194
CP048233.1,681238,180
CP048233.1,681245,92
CP048233.1,681285,95
CP048233.1,681347,295
CP048233.1,681367,47
CP048233.1,681808,30
CP048233.1,681850,1
CP048233.1,681899,909
CP048233.1,682048,346
CP048233.1,682149,463
CP048233.1,682177,176
CP048233.1,682191,14
CP048233.1,682193,820
CP048233.1,682200,1893
CP048233.1,682202,393
CP048233.1,682209,159
CP048233.1,682221,50
CP048233.1,682258,618
CP048233.1,682261,278
CP048233.1,682265,61
CP048233.1,682267,852
CP048233.1,682302,201
CP048233.1,682354,2402
CP048233.1,682375,322
CP048233.1,682399,1661
CP048233.1,682406,350
CP048233.1,682408,2
CP048233.1,682444,151
CP048233.1,682546,421
CP048233.1,682553,973
CP048233.1,682592,375
CP048233.1,682630,490
CP048233.1,682708,672
CP048233.1,682716,7
CP048233.1,682725,126
CP048233.1,682726,1468
CP048233.1,682733,307
CP048233.1,682775,66
CP048233.1,682787,203
CP048233.1,682815,1355
CP048233.1,682822,1407
CP048233.1,682836,454
CP048233.1,682843,850
CP048233.1,682849,1
CP048233.1,682863,2119
CP048233.1,682870,1563
CP048233.1,682903,693
CP048233.1,682945,394
CP048233.1,682968,19
CP048233.1,682973,449
CP048233.1,682976,13
CP048233.1,683032,410
CP048233.1,683057,400
CP048233.1,683487,245
CP048233.1,684068,578
CP048233.1,684286,328
CP048233.1,685107,424
CP048233.1,685170,3
CP048233.1,685432,605
CP048233.1,685439,29
CP048233.1,685717,735
CP048233.1,686041,41
CP048233.1,686048,321
CP048233.1,686266,2
CP048233.1,686449,380
CP048233.1,686804,140
CP048233.1,686811,630
CP048233.1,686899,60
CP048233.1,687000,393
CP048233.1,687139,76
CP048233.1,687147,34
CP048233.1,688924,978
CP048233.1,699514,655
CP048233.1,699594,439
CP048233.1,699632,1
CP048233.1,699798,2
CP048233.1,700149,29
CP048233.1,700829,95
CP048234.1,12005,153
CP048234.1,14607,3
CP048234.1,14669,566
CP048234.1,14712,60
CP048234.1,15338,219
CP048234.1,18022,36
CP048234.1,18864,56
CP048234.1,21133,1
CP048234.1,30885,1
CP048234.1,41579,253
CP048234.1,41868,603
CP048234.1,46318,639
CP048234.1,48262,371
CP048234.1,48444,189
CP048234.1,48761,149
CP048234.1,50307,142
CP048234.1,51130,181
CP048234.1,51189,215
CP048234.1,51191,1640
CP048234.1,52028,585
CP048234.1,52032,181
CP048234.1,52505,510
CP048234.1,53216,1
CP048234.1,53223,72
CP048234.1,53570,205
CP048234.1,53735,215
CP048234.1,54032,70
CP048234.1,54782,1
CP048234.1,56008,3
CP048234.1,63541,225
CP048234.1,63726,602
CP048234.1,65064,84
CP048234.1,66631,1
CP048234.1,66801,135
CP048234.1,66832,1291
CP048234.1,66928,83
CP048234.1,66956,218
CP048234.1,67317,259
CP048234.1,67566,359
CP048234.1,67621,59
CP048234.1,67676,1164
CP048234.1,67971,170
CP048234.1,68445,759
CP048234.1,68565,72
CP048234.1,69116,374
CP048234.1,69213,1005
CP048234.1,69240,13
CP048234.1,69263,39
CP048234.1,72808,7
CP048234.1,72822,2
CP048234.1,73045,337
CP048234.1,73048,65
CP048234.1,73055,806
CP048234.1,73061,71
CP048234.1,73089,18
CP048234.1,73292,55
CP048234.1,73964,229
CP048234.1,74148,594
CP048234.1,74224,631
CP048234.1,74276,136
CP048234.1,74283,1887
CP048234.1,74680,484
CP048234.1,74856,638
CP048234.1,78707,1
CP048234.1,78723,1
CP048234.1,79170,435
CP048234.1,79414,52
CP048234.1,80549,1667
CP048234.1,80556,1380
CP048234.1,80768,586
CP048234.1,80925,2478
CP048234.1,80930,132
CP048234.1,81030,1408
CP048234.1,81098,52
CP048234.1,84739,1
CP048234.1,85940,158
CP048234.1,87551,1
CP048234.1,87568,102
CP048234.1,87590,1270
CP048234.1,87592,165
CP048234.1,87629,1336
CP048234.1,87638,1495
CP048234.1,87687,2261
CP048234.1,87689,188
CP048234.1,87726,1
CP048234.1,87774,1403
CP048234.1,91222,1
CP048234.1,91477,1
CP048234.1,91484,89
CP048234.1,91488,58
CP048234.1,91493,696
CP048234.1,91521,260
CP048234.1,91706,2
CP048234.1,92057,44
CP048234.1,92063,36
CP048234.1,92401,1612
CP048234.1,92564,1263
CP048234.1,92593,513
CP048234.1,92600,124
CP048234.1,92646,1
CP048234.1,92662,404
CP048234.1,92783,934
CP048234.1,92934,82
CP048234.1,93032,237
CP048234.1,93180,84
CP048234.1,93221,19
CP048234.1,93254,16
CP048234.1,99055,8
CP048234.1,99228,1
CP048234.1,100040,3
CP048234.1,100064,1
CP048234.1,100091,2
CP048234.1,100098,157
CP048234.1,101208,163
CP048234.1,101215,1532
CP048234.1,101217,738
CP048234.1,101224,289
CP048234.1,101264,4212
CP048234.1,101291,1
CP048234.1,101412,3663
CP048234.1,101596,4
CP048234.1,102272,95
CP048234.1,102345,142
CP048234.1,103022,133
CP048234.1,103258,1620
CP048234.1,110726,674
CP048234.1,110784,1
CP048234.1,114388,1
CP048234.1,114473,305
CP048234.1,116221,11
CP048234.1,116228,9
CP048234.1,116342,835
CP048234.1,116349,99
CP048234.1,116371,355
CP048234.1,116398,2809
CP048234.1,117625,92
CP048234.1,118618,233
CP048234.1,118675,1
CP048234.1,119020,189
CP048234.1,119028,12
CP048234.1,119035,810
CP048234.1,119286,1
CP048234.1,119363,1053
CP048234.1,123197,519
CP048234.1,123205,43
CP048234.1,124614,2242
CP048234.1,124708,1470
CP048234.1,124728,466
CP048234.1,124909,324
CP048234.1,125074,436
CP048234.1,125089,244
CP048234.1,126163,288
CP048234.1,126201,593
CP048234.1,126232,342
CP048234.1,126247,653
CP048234.1,126256,117
CP048234.1,126319,462
CP048234.1,126498,157
CP048234.1,126544,1265
CP048234.1,126549,331
CP048234.1,126551,225
CP048234.1,126563,659
CP048234.1,126583,134
CP048234.1,126584,1278
CP048234.1,126592,1494
CP048234.1,126594,1539
CP048234.1,126605,1961
CP048234.1,126643,3
CP048234.1,126667,810
CP048234.1,126674,24
CP048234.1,126680,507
CP048234.1,126690,1
CP048234.1,126692,877
CP048234.1,126697,929
CP048234.1,126698,221
CP048234.1,126700,1
CP048234.1,126705,102
CP048234.1,126709,286
CP048234.1,126728,30
CP048234.1,126733,1124
CP048234.1,126734,361
CP048234.1,126735,966
CP048234.1,126740,175
CP048234.1,126750,1
CP048234.1,126757,519
CP048234.1,126772,33
CP048234.1,126774,106
CP048234.1,126780,1
CP048234.1,126806,264
CP048234.1,126817,4
CP048234.1,127016,1
CP048234.1,127036,2406
CP048234.1,127342,554
CP048234.1,127362,46
CP048234.1,127475,63
CP048234.1,127493,197
CP048234.1,127502,1
CP048234.1,127534,1
CP048234.1,127538,517
CP048234.1,127566,121
CP048234.1,127698,736
CP048234.1,127913,1807
CP048234.1,129230,3098
CP048234.1,129239,1
CP048234.1,129265,1122
CP048234.1,129566,1626
CP048234.1,129774,1485
CP048234.1,129788,1
CP048234.1,129938,979
CP048234.1,130022,373
CP048234.1,130125,46
CP048234.1,130132,1
CP048234.1,130199,597
CP048234.1,130206,1903
CP048234.1,130245,1189
CP048234.1,130294,57
CP048234.1,130296,780
CP048234.1,130343,850
CP048234.1,130347,437
CP048234.1,130354,2080
CP048234.1,130363,236
CP048234.1,130368,21
CP048234.1,130370,65
CP048234.1,130375,3
CP048234.1,130376,108
CP048234.1,130383,5358
CP048234.1,130398,159
CP048234.1,130402,447
CP048234.1,130409,5962
CP048234.1,130418,135
CP048234.1,130423,286
CP048234.1,130425,26
CP048234.1,130430,202
CP048234.1,130437,908
CP048234.1,130445,2347
CP048234.1,130462,323
CP048234.1,130469,50
CP048234.1,130683,47
CP048234.1,130757,70
CP048234.1,131883,59
CP048234.1,132190,20
CP048234.1,132277,5
CP048234.1,132562,416
CP048234.1,132577,242
CP048234.1,132591,13
CP048234.1,132775,1
CP048234.1,132782,26
CP048234.1,132794,714
CP048234.1,133009,402
CP048234.1,135261,376
CP048234.1,139308,26
CP048234.1,139406,13
CP048234.1,139517,1
CP048234.1,139557,1611
CP048234.1,139558,1090
CP048234.1,139564,961
CP048234.1,139565,526
CP048234.1,139584,648
CP048234.1,139611,41
CP048234.1,139646,43
CP048234.1,139695,1
CP048234.1,139890,278
CP048234.1,139898,1
CP048234.1,139983,1863
CP048234.1,139988,935
CP048234.1,139989,1132
CP048234.1,140012,448
CP048234.1,140054,477
CP048234.1,140091,91
CP048234.1,140092,1906
CP048234.1,140116,56
CP048234.1,140123,151
CP048234.1,140188,772
CP048234.1,140214,207
CP048234.1,140221,726
CP048234.1,140228,36
CP048234.1,140235,1049
CP048234.1,140410,2066
CP048234.1,140413,637
CP048234.1,141451,535
CP048234.1,141515,126
CP048234.1,141843,18
CP048234.1,142673,175
CP048234.1,143147,322
CP048234.1,143326,2
CP048234.1,143332,62
CP048234.1,143339,1
CP048234.1,143376,499
CP048234.1,143379,63
CP048234.1,143382,84
CP048234.1,143404,1
CP048234.1,143443,1
CP048234.1,143456,712
CP048234.1,143474,842
CP048234.1,143476,576
CP048234.1,143481,89
CP048234.1,143483,543
CP048234.1,143492,602
CP048234.1,143498,327
CP048234.1,143499,1269
CP048234.1,143505,765
CP048234.1,143549,839
CP048234.1,143615,175
CP048234.1,143616,1624
CP048234.1,143623,686
CP048234.1,143675,511
CP048234.1,143697,990
CP048234.1,143698,1
CP048234.1,143701,264
CP048234.1,143713,785
CP048234.1,143725,5
CP048234.1,143754,31
CP048234.1,143928,1
CP048234.1,146282,24
CP048234.1,146568,1
CP048234.1,146735,147
CP048234.1,147057,37
CP048234.1,147060,3289
CP048234.1,151585,339
CP048234.1,151605,354
CP048234.1,151937,14
CP048234.1,152141,757
CP048234.1,152160,38
CP048234.1,152167,1254
CP048234.1,152175,25
CP048234.1,152191,529
CP048234.1,152198,292
CP048234.1,152302,1
CP048234.1,153605,1
CP048234.1,153834,166
CP048234.1,154182,70
CP048234.1,154346,151
CP048234.1,154392,597
CP048234.1,154506,98
CP048234.1,154959,1
CP048234.1,155966,668
CP048234.1,156105,102
CP048234.1,156284,84
CP048234.1,157648,229
CP048234.1,158531,1139
CP048234.1,158534,6
CP048234.1,158571,1624
CP048234.1,158721,8153
CP048234.1,158728,896
CP048234.1,158899,2325
CP048234.1,159104,47
CP048234.1,159417,70
CP048234.1,159768,12
CP048234.1,159827,262
CP048234.1,162192,283
CP048234.1,162465,429
CP048234.1,162734,451
CP048234.1,162798,1
CP048234.1,162811,36
CP048234.1,162890,1
CP048234.1,163731,2
CP048234.1,164335,66
CP048234.1,164771,377
CP048234.1,165861,211
CP048234.1,166130,1
CP048234.1,166203,260
CP048234.1,166213,1
CP048234.1,166228,496
CP048234.1,166418,242
CP048234.1,166815,496
CP048234.1,167860,3
CP048234.1,168264,726
CP048234.1,168390,15
CP048234.1,168503,1
CP048234.1,171551,593
CP048234.1,173358,237
CP048234.1,173364,39
CP048234.1,173595,6
CP048234.1,174093,958
CP048234.1,174104,608
CP048234.1,174108,2
CP048234.1,177356,469
CP048234.1,177363,926
CP048234.1,177568,448
CP048234.1,177771,1
CP048234.1,178237,120
CP048234.1,179326,1
CP048234.1,179418,2672
CP048234.1,179687,864
CP048234.1,180327,37
CP048234.1,180760,58
CP048234.1,181236,4
CP048234.1,181362,1
CP048234.1,181369,71
CP048234.1,181398,112
CP048234.1,181451,1037
CP048234.1,181483,468
CP048234.1,184740,917
CP048234.1,185094,58
CP048234.1,185277,165
CP048234.1,185397,532
CP048234.1,188432,30
CP048234.1,189054,76
CP048234.1,189072,71
CP048234.1,189414,617
CP048234.1,189711,1132
CP048234.1,189892,543
CP048234.1,190016,1
CP048234.1,190210,27
CP048234.1,190217,1
CP048234.1,190465,984
CP048234.1,190589,434
CP048234.1,190590,675
CP048234.1,190596,921
CP048234.1,190617,281
CP048234.1,190647,548
CP048234.1,190649,78
CP048234.1,190663,630
CP048234.1,190672,3
CP048234.1,190679,2340
CP048234.1,190722,39
CP048234.1,190724,1
CP048234.1,190745,993
CP048234.1,190800,244
CP048234.1,190810,170
CP048234.1,190817,73
CP048234.1,190899,1
CP048234.1,190900,782
CP048234.1,190902,1363
CP048234.1,190907,1173
CP048234.1,190954,864
CP048234.1,190957,1
CP048234.1,190993,1
CP048234.1,191008,1024
CP048234.1,191136,909
CP048234.1,191138,1
CP048234.1,191172,611
CP048234.1,191221,683
CP048234.1,191486,150
CP048234.1,191493,91
CP048234.1,191540,1
CP048234.1,191553,75
CP048234.1,191595,669
CP048234.1,191624,328
CP048234.1,191686,324
CP048234.1,192087,1342
CP048234.1,192120,100
CP048234.1,192301,1
CP048234.1,192388,16
CP048234.1,192390,560
CP048234.1,192661,1
CP048234.1,192854,14
CP048234.1,193789,517
CP048234.1,194945,210
CP048234.1,195941,1
CP048234.1,196590,525
CP048234.1,197202,2
CP048234.1,198217,224
CP048234.1,198224,800
CP048234.1,198248,101
CP048234.1,198256,1
CP048234.1,198289,1
CP048234.1,198321,214
CP048234.1,198429,319
CP048234.1,198436,1
CP048234.1,198446,592
CP048234.1,198459,6
CP048234.1,198505,12
CP048234.1,198553,24
CP048234.1,198599,781
CP048234.1,198607,10
CP048234.1,198608,1
CP048234.1,198615,2981
CP048234.1,198802,270
CP048234.1,199269,23
CP048234.1,200525,525
CP048234.1,200671,300
CP048234.1,201057,19
CP048234.1,201216,41
CP048234.1,201223,25
CP048234.1,201252,14
CP048234.1,201281,272
CP048234.1,201300,84
CP048234.1,201319,328
CP048234.1,201407,209
CP048234.1,201467,151
CP048234.1,201471,1
CP048234.1,201500,446
CP048234.1,201504,23
CP048234.1,201529,325
CP048234.1,201576,110
CP048234.1,201620,10
CP048234.1,201625,81
CP048234.1,201675,96
CP048234.1,201704,139
CP048234.1,201739,43
CP048234.1,201839,45
CP048234.1,201873,945
CP048234.1,201923,1456
CP048234.1,201962,906
CP048234.1,201966,27
CP048234.1,202048,1
CP048234.1,202626,21
CP048234.1,202653,41
CP048234.1,202752,58
CP048234.1,202912,551
CP048234.1,203183,932
CP048234.1,203335,941
CP048234.1,203394,409
CP048234.1,203750,302
CP048234.1,203881,56
CP048234.1,203920,381
CP048234.1,204016,927
CP048234.1,204020,39
CP048234.1,204068,12
CP048234.1,204516,977
CP048234.1,204826,302
CP048234.1,204986,457
CP048234.1,205822,101
CP048234.1,205859,28
CP048234.1,205984,297
CP048234.1,206104,1371
CP048234.1,206107,53
CP048234.1,206129,332
CP048234.1,206136,148
CP048234.1,206189,188
CP048234.1,206196,18
CP048234.1,206242,3
CP048234.1,206320,339
CP048234.1,206350,19
CP048234.1,206458,55
CP048234.1,206465,109
CP048234.1,206520,538
CP048234.1,206558,465
CP048234.1,206583,89
CP048234.1,206786,638
CP048234.1,207398,798
CP048234.1,207455,10
CP048234.1,208076,1143
CP048234.1,208320,18
CP048234.1,208600,239
CP048234.1,208719,613
CP048234.1,208741,578
CP048234.1,208771,1172
CP048234.1,208795,481
CP048234.1,208805,1225
CP048234.1,208812,1
CP048234.1,208818,184
CP048234.1,208865,12
CP048234.1,208881,76
CP048234.1,209060,302
CP048234.1,209212,2296
CP048234.1,209326,200
CP048234.1,210157,489
CP048234.1,210513,166
CP048234.1,211006,5
CP048234.1,211149,14
CP048234.1,211470,75
CP048234.1,212813,556
CP048234.1,213249,128
CP048234.1,213506,537
CP048234.1,214008,391
CP048234.1,214010,471
CP048234.1,214095,276
CP048234.1,214097,792
CP048234.1,214173,478
CP048234.1,215132,5
CP048234.1,215254,1355
CP048234.1,215261,23
CP048234.1,215414,1050
CP048234.1,215704,14
CP048234.1,215796,108
CP048234.1,215820,567
CP048234.1,215961,139
CP048234.1,216043,35
CP048234.1,216081,254
CP048234.1,216566,9
CP048234.1,216907,3
CP048234.1,217376,119
CP048234.1,217680,54
CP048234.1,217682,613
CP048234.1,217864,133
CP048234.1,217897,26
CP048234.1,217925,250
CP048234.1,217932,212
CP048234.1,217933,91
CP048234.1,217955,2398
CP048234.1,217962,1844
CP048234.1,217970,29
CP048234.1,217975,210
CP048234.1,218000,311
CP048234.1,218032,80
CP048234.1,218035,125
CP048234.1,218039,269
CP048234.1,218091,566
CP048234.1,218095,114
CP048234.1,218097,380
CP048234.1,218098,1
CP048234.1,218102,361
CP048234.1,218103,62
CP048234.1,218104,703
CP048234.1,218172,16
CP048234.1,218183,1618
CP048234.1,218188,152
CP048234.1,218207,251
CP048234.1,218314,9
CP048234.1,219989,54
CP048234.1,220004,744
CP048234.1,220067,10
CP048234.1,220079,760
CP048234.1,220092,1
CP048234.1,220103,1419
CP048234.1,220105,432
CP048234.1,220110,1161
CP048234.1,220112,1818
CP048234.1,220118,191
CP048234.1,220120,81
CP048234.1,220127,350
CP048234.1,220133,1
CP048234.1,220136,94
CP048234.1,220138,224
CP048234.1,220142,60
CP048234.1,220153,198
CP048234.1,220160,655
CP048234.1,220201,179
CP048234.1,220206,294
CP048234.1,220292,7
CP048234.1,220298,921
CP048234.1,220327,217
CP048234.1,220373,1217
CP048234.1,220379,499
CP048234.1,221891,213
CP048234.1,221920,180
CP048234.1,221927,343
CP048234.1,221929,656
CP048234.1,221980,1
CP048234.1,222059,9
CP048234.1,222191,966
CP048234.1,222457,727
CP048234.1,223001,348
CP048234.1,223031,1031
CP048234.1,223048,514
CP048234.1,223055,582
CP048234.1,223072,221
CP048234.1,223222,570
CP048234.1,223705,184
CP048234.1,223728,128
CP048234.1,223764,14
CP048234.1,223771,1388
CP048234.1,224207,163
CP048234.1,224298,100
CP048234.1,224622,61
CP048234.1,225485,691
CP048234.1,225793,1153
CP048234.1,225959,136
CP048234.1,226340,1
CP048234.1,226493,1029
CP048234.1,226495,40
CP048234.1,226588,6
CP048234.1,226622,7
CP048234.1,226681,114
CP048234.1,226832,948
CP048234.1,226839,220
CP048234.1,226840,781
CP048234.1,226902,12
CP048234.1,226934,300
CP048234.1,226953,622
CP048234.1,226960,545
CP048234.1,227005,13
CP048234.1,227175,3396
CP048234.1,227182,705
CP048234.1,227183,1
CP048234.1,227269,1
CP048234.1,227277,260
CP048234.1,227385,192
CP048234.1,227562,200
CP048234.1,228738,441
CP048234.1,228773,729
CP048234.1,229091,566
CP048234.1,229602,190
CP048234.1,229609,357
CP048234.1,230095,53
CP048234.1,230108,57
CP048234.1,230114,16
CP048234.1,230128,212
CP048234.1,231384,61
CP048234.1,232348,1755
CP048234.1,232365,790
CP048234.1,232407,77
CP048234.1,232442,816
CP048234.1,232482,227
CP048234.1,232490,629
CP048234.1,232497,1
CP048234.1,232499,612
CP048234.1,232501,18
CP048234.1,232511,2
CP048234.1,232526,2
CP048234.1,232600,15
CP048234.1,232638,142
CP048234.1,232639,36
CP048234.1,232646,442
CP048234.1,232757,327
CP048234.1,232759,580
CP048234.1,232811,91
CP048234.1,233076,1
CP048234.1,233247,114
CP048234.1,233725,1
CP048234.1,233751,91
CP048234.1,233822,363
CP048234.1,234228,340
CP048234.1,234242,1086
CP048234.1,234249,265
CP048234.1,234887,180
CP048234.1,234945,6
CP048234.1,234952,13
CP048234.1,234954,170
CP048234.1,235112,415
CP048234.1,235144,663
CP048234.1,235277,216
CP048234.1,235309,2747
CP048234.1,235481,385
CP048234.1,235493,76
CP048234.1,235604,36
CP048234.1,235607,2
CP048234.1,235692,3
CP048234.1,235710,1
CP048234.1,235784,1
CP048234.1,235786,826
CP048234.1,235825,361
CP048234.1,235865,416
CP048234.1,235879,828
CP048234.1,235909,868
CP048234.1,235940,351
CP048234.1,235991,78
CP048234.1,236001,155
CP048234.1,236019,106
CP048234.1,236078,1362
CP048234.1,236084,18
CP048234.1,236085,52
CP048234.1,236089,1
CP048234.1,236131,107
CP048234.1,236136,1219
CP048234.1,236137,4
CP048234.1,236141,1023
CP048234.1,236143,218
CP048234.1,236148,111
CP048234.1,236169,353
CP048234.1,236174,1087
CP048234.1,236251,292
CP048234.1,236256,11
CP048234.1,236321,129
CP048234.1,236334,712
CP048234.1,236341,1370
CP048234.1,236365,109
CP048234.1,236379,530
CP048234.1,236410,25
CP048234.1,236544,4
CP048234.1,236596,272
CP048234.1,236909,35
CP048234.1,236915,1
CP048234.1,236916,954
CP048234.1,236986,1031
CP048234.1,236994,186
CP048234.1,237004,1229
CP048234.1,237026,1168
CP048234.1,237049,1350
CP048234.1,237078,29
CP048234.1,237093,260
CP048234.1,237109,1
CP048234.1,237112,1
CP048234.1,237150,26
CP048234.1,237157,509
CP048234.1,237158,1506
CP048234.1,237163,252
CP048234.1,237165,2310
CP048234.1,237209,1
CP048234.1,237263,361
CP048234.1,237295,1325
CP048234.1,237300,5
CP048234.1,237302,253
CP048234.1,237305,1
CP048234.1,237346,404
CP048234.1,237360,418
CP048234.1,237380,1
CP048234.1,237387,422
CP048234.1,237398,1798
CP048234.1,237415,762
CP048234.1,237483,94
CP048234.1,237485,2959
CP048234.1,237529,2
CP048234.1,237560,75
CP048234.1,237686,721
CP048234.1,237692,2
CP048234.1,237710,45
CP048234.1,237855,1
CP048234.1,237879,2
CP048234.1,237898,1
CP048234.1,237954,5
CP048234.1,237956,14
CP048234.1,237963,179
CP048234.1,237980,612
CP048234.1,237999,545
CP048234.1,238006,414
CP048234.1,238042,69
CP048234.1,238054,4
CP048234.1,238056,631
CP048234.1,238102,351
CP048234.1,238109,238
CP048234.1,238122,955
CP048234.1,238127,199
CP048234.1,238129,631
CP048234.1,238131,445
CP048234.1,238134,550
CP048234.1,238159,40
CP048234.1,238168,1
CP048234.1,238175,30
CP048234.1,238183,1234
CP048234.1,238230,10
CP048234.1,238237,54
CP048234.1,238255,1
CP048234.1,238260,967
CP048234.1,238261,712
CP048234.1,238296,1
CP048234.1,238387,270
CP048234.1,238389,111
CP048234.1,238393,15
CP048234.1,238394,1330
CP048234.1,238436,19
CP048234.1,238442,18
CP048234.1,238501,1247
CP048234.1,238506,5
CP048234.1,238508,354
CP048234.1,238516,31
CP048234.1,239381,137
CP048234.1,239388,301
CP048234.1,239390,39
CP048234.1,239409,122
CP048234.1,239416,13
CP048234.1,239476,458
CP048234.1,239483,464
CP048234.1,239505,498
CP048234.1,239506,83
CP048234.1,239508,7
CP048234.1,239513,4
CP048234.1,239583,1
CP048234.1,239831,4
CP048234.1,239896,25
CP048234.1,239947,305
CP048234.1,239964,208
CP048234.1,239971,1
CP048234.1,240181,237
CP048234.1,241264,6
CP048234.1,241271,780
CP048234.1,241431,7
CP048234.1,241433,1
CP048234.1,241582,29
CP048234.1,241596,8
CP048234.1,241745,52
CP048234.1,241752,277
CP048234.1,241837,190
CP048234.1,241843,176
CP048234.1,241844,128
CP048234.1,241912,20
CP048234.1,242740,196
CP048234.1,242771,226
CP048234.1,242778,534
CP048234.1,242793,57
CP048234.1,242904,582
CP048234.1,243078,699
CP048234.1,243082,46
CP048234.1,243093,269
CP048234.1,243100,364
CP048234.1,243121,182
CP048234.1,243168,1164
CP048234.1,243316,5
CP048234.1,243325,297
CP048234.1,243331,34
CP048234.1,243379,411
CP048234.1,243397,287
CP048234.1,243398,1
CP048234.1,243405,19
CP048234.1,244032,407
CP048234.1,244471,1
CP048234.1,244625,1127
CP048234.1,244982,148
CP048234.1,245133,1305
CP048234.1,245140,41
CP048234.1,245212,1
CP048234.1,245234,79
CP048234.1,245241,328
CP048234.1,245309,86
CP048234.1,245395,23
CP048234.1,245800,854
CP048234.1,248234,345
CP048234.1,248259,1
CP048234.1,248262,75
CP048234.1,248266,1265
CP048234.1,248861,464
CP048234.1,249201,81
CP048234.1,249234,154
CP048234.1,249241,6
CP048234.1,249353,222
CP048234.1,249576,346
CP048234.1,249724,79
CP048234.1,250976,318
CP048234.1,251203,289
CP048234.1,251210,639
CP048234.1,251238,10
CP048234.1,251274,38
CP048234.1,251321,18
CP048234.1,251394,343
CP048234.1,251531,268
CP048234.1,251625,2
CP048234.1,251678,2
CP048234.1,251717,2
CP048234.1,251750,339
CP048234.1,251901,130
CP048234.1,251906,4
CP048234.1,252241,191
CP048234.1,252537,68
CP048234.1,253847,183
CP048234.1,253925,221
CP048234.1,254731,52
CP048234.1,254754,584
CP048234.1,254775,1
CP048234.1,254776,1
CP048234.1,254778,130
CP048234.1,254784,39
CP048234.1,254843,213
CP048234.1,254845,155
CP048234.1,254958,78
CP048234.1,255029,428
CP048234.1,255039,500
CP048234.1,255200,901
CP048234.1,255357,1966
CP048234.1,255983,123
CP048234.1,255992,608
CP048234.1,256122,1
CP048234.1,256195,906
CP048234.1,256209,355
CP048234.1,256210,199
CP048234.1,256256,476
CP048234.1,256263,1510
CP048234.1,256264,1473
CP048234.1,256291,1
CP048234.1,256297,397
CP048234.1,256331,52
CP048234.1,256341,6
CP048234.1,256351,2214
CP048234.1,256356,794
CP048234.1,256358,4887
CP048234.1,256364,116
CP048234.1,256366,8
CP048234.1,256373,655
CP048234.1,256390,316
CP048234.1,256397,841
CP048234.1,256404,893
CP048234.1,256408,432
CP048234.1,256409,7
CP048234.1,256415,1250
CP048234.1,256416,4
CP048234.1,256450,198
CP048234.1,256455,93
CP048234.1,256503,395
CP048234.1,256508,23
CP048234.1,256523,211
CP048234.1,256535,960
CP048234.1,256543,1
CP048234.1,256554,1
CP048234.1,256557,465
CP048234.1,256563,1
CP048234.1,256564,1429
CP048234.1,256566,584
CP048234.1,256595,21
CP048234.1,256604,279
CP048234.1,256630,111
CP048234.1,256637,1103
CP048234.1,256641,21
CP048234.1,256648,22
CP048234.1,256682,1
CP048234.1,256695,307
CP048234.1,256738,241
CP048234.1,256743,255
CP048234.1,256848,43
CP048234.1,256864,26
CP048234.1,256876,96
CP048234.1,256877,50
CP048234.1,257192,1
CP048234.1,258110,2
CP048234.1,261251,97
CP048234.1,261310,4
CP048234.1,261502,27
CP048234.1,261680,310
CP048234.1,261974,65
CP048234.1,261990,296
CP048234.1,262005,28
CP048234.1,262089,31
CP048234.1,262122,10
CP048234.1,262167,36
CP048234.1,262202,33
CP048234.1,262209,441
CP048234.1,262213,579
CP048234.1,262220,6
CP048234.1,262235,3058
CP048234.1,262237,559
CP048234.1,262242,1975
CP048234.1,262244,207
CP048234.1,262250,314
CP048234.1,262255,125
CP048234.1,262257,182
CP048234.1,262285,3
CP048234.1,262398,1
CP048234.1,262418,17
CP048234.1,262422,432
CP048234.1,262788,484
CP048234.1,262789,2
CP048234.1,262845,25
CP048234.1,262900,6
CP048234.1,263152,39
CP048234.1,263263,475
CP048234.1,263281,348
CP048234.1,263442,41
CP048234.1,263459,4
CP048234.1,263466,2
CP048234.1,263495,645
CP048234.1,263502,136
CP048234.1,263534,320
CP048234.1,263536,112
CP048234.1,263541,192
CP048234.1,263548,569
CP048234.1,263555,267
CP048234.1,263684,12
CP048234.1,263704,279
CP048234.1,263737,722
CP048234.1,263950,108
CP048234.1,264072,99
CP048234.1,264257,1
CP048234.1,264363,745
CP048234.1,264401,31
CP048234.1,264496,715
CP048234.1,264503,42
CP048234.1,264556,12
CP048234.1,264632,1
CP048234.1,264639,985
CP048234.1,264667,4
CP048234.1,264669,523
CP048234.1,264683,155
CP048234.1,264684,157
CP048234.1,264691,14
CP048234.1,264693,7
CP048234.1,264700,201
CP048234.1,264723,27
CP048234.1,264727,487
CP048234.1,264745,621
CP048234.1,264752,45
CP048234.1,264794,10
CP048234.1,264802,650
CP048234.1,264811,236
CP048234.1,264813,1242
CP048234.1,264818,2
CP048234.1,264820,4
CP048234.1,264836,1
CP048234.1,264864,13
CP048234.1,264874,1
CP048234.1,264882,543
CP048234.1,264897,35
CP048234.1,264900,85
CP048234.1,264903,1100
CP048234.1,264904,651
CP048234.1,264910,213
CP048234.1,264919,575
CP048234.1,264926,374
CP048234.1,265022,1
CP048234.1,265056,217
CP048234.1,265063,34
CP048234.1,265089,72
CP048234.1,265163,133
CP048234.1,265165,52
CP048234.1,265170,217
CP048234.1,265211,336
CP048234.1,265216,1185
CP048234.1,265341,137
CP048234.1,265361,388
CP048234.1,265453,316
CP048234.1,266293,32
CP048234.1,266386,293
CP048234.1,266407,2
CP048234.1,266584,53
CP048234.1,266600,1
CP048234.1,266610,13
CP048234.1,266620,1
CP048234.1,266995,2851
CP048234.1,266997,2
CP048234.1,268642,595
CP048234.1,269144,318
CP048234.1,269213,78
CP048234.1,269305,373
CP048234.1,269323,131
CP048234.1,269513,23
CP048234.1,269689,514
CP048234.1,269742,15
CP048234.1,270566,2477
CP048234.1,270601,387
CP048234.1,270618,605
CP048234.1,270684,356
CP048234.1,272485,437
CP048234.1,272486,948
CP048234.1,272493,7
CP048234.1,272520,687
CP048234.1,272527,307
CP048234.1,272590,36
CP048234.1,272675,342
CP048234.1,272681,201
CP048234.1,272891,373
CP048234.1,272898,614
CP048234.1,273243,970
CP048234.1,273250,625
CP048234.1,273387,996
CP048234.1,273394,9
CP048234.1,273401,157
CP048234.1,273605,32
CP048234.1,273772,254
CP048234.1,273886,1
CP048234.1,273934,325
CP048234.1,274048,286
CP048234.1,274231,87
CP048234.1,274250,30
CP048234.1,274263,153
CP048234.1,274274,14
CP048234.1,275409,8
CP048234.1,275567,300
CP048234.1,275700,141
CP048234.1,275942,342
CP048234.1,277483,22
CP048234.1,278283,393
CP048234.1,278330,194
CP048234.1,278338,29
CP048234.1,278345,1241
CP048234.1,278358,334
CP048234.1,278365,13
CP048234.1,278379,466
CP048234.1,278386,7
CP048234.1,278409,15
CP048234.1,278722,867
CP048234.1,278975,128
CP048234.1,279046,1162
CP048234.1,279507,18
CP048234.1,279516,430
CP048234.1,279524,55
CP048234.1,279614,322
CP048234.1,279802,1
CP048234.1,279906,1446
CP048234.1,279912,14
CP048234.1,280089,1
CP048234.1,280434,3800
CP048234.1,280584,279
CP048234.1,280722,2
CP048234.1,280895,191
CP048234.1,280910,219
CP048234.1,280925,1
CP048234.1,280929,1282
CP048234.1,280936,1728
CP048234.1,281133,39
CP048234.1,281135,111
CP048234.1,281140,1101
CP048234.1,281142,1
CP048234.1,281146,1514
CP048234.1,281149,1545
CP048234.1,281151,913
CP048234.1,281153,1787
CP048234.1,281154,628
CP048234.1,281158,66
CP048234.1,281161,424
CP048234.1,281162,1432
CP048234.1,281165,407
CP048234.1,281166,396
CP048234.1,281169,1796
CP048234.1,281170,247
CP048234.1,281173,38
CP048234.1,281174,2
CP048234.1,281177,134
CP048234.1,281181,24
CP048234.1,281185,526
CP048234.1,281186,799
CP048234.1,281193,1
CP048234.1,281194,33
CP048234.1,281197,1394
CP048234.1,281201,1171
CP048234.1,281205,12
CP048234.1,281515,468
CP048234.1,281634,6
CP048234.1,281661,51
CP048234.1,281859,1812
CP048234.1,281975,4434
CP048234.1,281994,832
CP048234.1,281998,165
CP048234.1,281999,1848
CP048234.1,282000,7
CP048234.1,282002,542
CP048234.1,282007,1193
CP048234.1,282009,1305
CP048234.1,282010,1009
CP048234.1,282774,44
CP048234.1,282797,9
CP048234.1,284355,1480
CP048234.1,285571,1
CP048234.1,285576,14
CP048234.1,285805,693
CP048234.1,285985,113
CP048234.1,286290,37
CP048234.1,287046,591
CP048234.1,287952,619
CP048234.1,287963,1
CP048234.1,288779,1
CP048234.1,289529,1
CP048234.1,289825,393
CP048234.1,290116,36
CP048234.1,290143,243
CP048234.1,290339,3
CP048234.1,291404,469
CP048234.1,291804,3
CP048234.1,292214,583
CP048234.1,292326,9
CP048234.1,293131,19
CP048234.1,293175,1
CP048234.1,293506,35
CP048234.1,293651,518
CP048234.1,293683,1
CP048234.1,293706,432
CP048234.1,293708,285
CP048234.1,293715,1
CP048234.1,293754,106
CP048234.1,293780,1394
CP048234.1,293785,478
CP048234.1,293787,1
CP048234.1,293789,436
CP048234.1,293806,37
CP048234.1,293815,84
CP048234.1,293826,1603
CP048234.1,293833,72
CP048234.1,293846,22
CP048234.1,293875,808
CP048234.1,293882,63
CP048234.1,293967,160
CP048234.1,294007,346
CP048234.1,296859,84
CP048234.1,296926,25
CP048234.1,296933,652
CP048234.1,297018,2
CP048234.1,297262,445
CP048234.1,297274,16
CP048234.1,297325,38
CP048234.1,297426,213
CP048234.1,297516,1
CP048234.1,297639,240
CP048234.1,297725,10
CP048234.1,298113,258
CP048234.1,298114,23
CP048234.1,298129,49
CP048234.1,298740,47
CP048234.1,298759,649
CP048234.1,298940,1
CP048234.1,299222,16
CP048234.1,299227,3
CP048234.1,299986,239
CP048234.1,301622,18
CP048234.1,303240,29
CP048234.1,303504,949
CP048234.1,303722,2
CP048234.1,303736,34
CP048234.1,303739,84
CP048234.1,303995,1
CP048234.1,304032,110
CP048234.1,304378,3
CP048234.1,304522,69
CP048234.1,304530,112
CP048234.1,304537,1345
CP048234.1,304591,79
CP048234.1,304594,124
CP048234.1,304618,106
CP048234.1,304622,570
CP048234.1,304743,81
CP048234.1,305292,1
CP048234.1,305365,268
CP048234.1,305404,1422
CP048234.1,305415,2066
CP048234.1,305515,1358
CP048234.1,305520,433
CP048234.1,305532,37
CP048234.1,305585,48
CP048234.1,305592,3
CP048234.1,305606,24
CP048234.1,305610,1
CP048234.1,305611,22
CP048234.1,305636,972
CP048234.1,305642,728
CP048234.1,305643,468
CP048234.1,305663,133
CP048234.1,305670,356
CP048234.1,305768,914
CP048234.1,305770,300
CP048234.1,305813,1288
CP048234.1,305820,1
CP048234.1,305841,464
CP048234.1,305843,306
CP048234.1,305850,738
CP048234.1,305851,31
CP048234.1,305875,596
CP048234.1,305920,4844
CP048234.1,305927,96
CP048234.1,305932,979
CP048234.1,305939,140
CP048234.1,305958,268
CP048234.1,305988,1126
CP048234.1,305991,327
CP048234.1,305998,953
CP048234.1,306090,641
CP048234.1,306092,62
CP048234.1,306109,2
CP048234.1,306137,111
CP048234.1,306143,6
CP048234.1,306216,616
CP048234.1,306506,533
CP048234.1,309347,48
CP048234.1,309376,160
CP048234.1,309526,1210
CP048234.1,309737,56
CP048234.1,309787,51
CP048234.1,309798,1
CP048234.1,309814,7
CP048234.1,309844,1
CP048234.1,309878,717
CP048234.1,309969,45
CP048234.1,309977,82
CP048234.1,310091,138
CP048234.1,310221,733
CP048234.1,310228,99
CP048234.1,310992,2326
CP048234.1,311031,1556
CP048234.1,311081,615
CP048234.1,311182,2
CP048234.1,311196,115
CP048234.1,311203,259
CP048234.1,311204,7
CP048234.1,311255,272
CP048234.1,311284,212
CP048234.1,311337,4949
CP048234.1,311344,2819
CP048234.1,311351,2
CP048234.1,311372,355
CP048234.1,311379,1510
CP048234.1,311387,673
CP048234.1,311389,364
CP048234.1,311391,275
CP048234.1,311398,2260
CP048234.1,311413,788
CP048234.1,311435,444
CP048234.1,311442,1233
CP048234.1,311459,6
CP048234.1,311502,439
CP048234.1,311504,74
CP048234.1,311511,319
CP048234.1,311545,410
CP048234.1,311553,328
CP048234.1,311555,104
CP048234.1,311561,15
CP048234.1,311598,176
CP048234.1,311612,1166
CP048234.1,311626,708
CP048234.1,311628,71
CP048234.1,311635,2410
CP048234.1,311671,1023
CP048234.1,311672,2
CP048234.1,311690,5
CP048234.1,311700,572
CP048234.1,311707,1281
CP048234.1,311712,418
CP048234.1,311810,1
CP048234.1,311812,3
CP048234.1,311813,2
CP048234.1,311814,66
CP048234.1,311816,7
CP048234.1,311827,3
CP048234.1,311828,1515
CP048234.1,311836,20
CP048234.1,311841,1
CP048234.1,311843,2947
CP048234.1,311859,788
CP048234.1,311866,2245
CP048234.1,311876,1652
CP048234.1,311883,1278
CP048234.1,311890,1
CP048234.1,311892,230
CP048234.1,311893,921
CP048234.1,312007,1
CP048234.1,312040,1172
CP048234.1,312154,1452
CP048234.1,312190,21
CP048234.1,312277,718
CP048234.1,312718,1
CP048234.1,312740,1271
CP048234.1,312912,386
CP048234.1,313618,58
CP048234.1,313740,245
CP048234.1,313772,96
CP048234.1,313782,20
CP048234.1,314958,1
CP048234.1,314986,1
CP048234.1,315318,226
CP048234.1,315330,379
CP048234.1,315360,1
CP048234.1,315361,236
CP048234.1,315368,67
CP048234.1,315421,19
CP048234.1,315442,48
CP048234.1,315486,1072
CP048234.1,315491,1
CP048234.1,315493,1
CP048234.1,315501,1345
CP048234.1,315508,2336
CP048234.1,315532,645
CP048234.1,315539,177
CP048234.1,315582,215
CP048234.1,315583,24
CP048234.1,315589,135
CP048234.1,315599,4
CP048234.1,315603,720
CP048234.1,315604,2011
CP048234.1,315612,417
CP048234.1,315619,1
CP048234.1,315672,2
CP048234.1,315685,30
CP048234.1,315692,987
CP048234.1,315694,35
CP048234.1,315698,258
CP048234.1,315705,1
CP048234.1,315733,119
CP048234.1,315740,2413
CP048234.1,315752,202
CP048234.1,315809,1485
CP048234.1,315816,237
CP048234.1,315821,26
CP048234.1,315900,107
CP048234.1,315914,357
CP048234.1,315916,460
CP048234.1,315944,5
CP048234.1,315951,2
CP048234.1,315965,96
CP048234.1,317553,3
CP048234.1,318180,528
CP048234.1,319693,74
CP048234.1,319700,107
CP048234.1,319707,2
CP048234.1,319713,149
CP048234.1,319770,6
CP048234.1,319866,96
CP048234.1,321775,859
CP048234.1,321782,26
CP048234.1,321784,54
CP048234.1,321787,42
CP048234.1,321791,216
CP048234.1,321794,4
CP048234.1,321878,76
CP048234.1,322082,500
CP048234.1,322110,347
CP048234.1,322116,661
CP048234.1,322289,32
CP048234.1,322301,816
CP048234.1,322308,1902
CP048234.1,322355,248
CP048234.1,322363,467
CP048234.1,322370,305
CP048234.1,322390,103
CP048234.1,322405,26
CP048234.1,322409,842
CP048234.1,322410,589
CP048234.1,322417,584
CP048234.1,322532,34
CP048234.1,322574,637
CP048234.1,322863,1
CP048234.1,323181,1
CP048234.1,323188,467
CP048234.1,323211,1
CP048234.1,323289,1525
CP048234.1,323298,3017
CP048234.1,323305,1233
CP048234.1,323306,794
CP048234.1,323332,517
CP048234.1,323341,1567
CP048234.1,323361,3846
CP048234.1,323366,1013
CP048234.1,323368,548
CP048234.1,323377,1
CP048234.1,323384,2595
CP048234.1,323386,40
CP048234.1,323416,1
CP048234.1,323429,254
CP048234.1,323524,64
CP048234.1,323572,24
CP048234.1,323574,678
CP048234.1,323581,7
CP048234.1,323585,3
CP048234.1,323630,719
CP048234.1,323637,2524
CP048234.1,323642,30
CP048234.1,323652,801
CP048234.1,326347,2
CP048234.1,326527,12
CP048234.1,326536,1343
CP048234.1,327866,573
CP048234.1,327876,34
CP048234.1,328057,108
CP048234.1,328064,127
CP048234.1,328118,1
CP048234.1,328586,85
CP048234.1,329071,1
CP048234.1,329217,986
CP048234.1,330475,44
CP048234.1,331070,279
CP048234.1,332429,73
CP048234.1,333059,12
CP048234.1,333238,430
CP048234.1,333247,207
CP048234.1,333249,724
CP048234.1,333604,439
CP048234.1,334127,36
CP048234.1,334315,123
CP048234.1,334333,303
CP048234.1,334512,89
CP048234.1,334521,1
CP048234.1,334556,516
CP048234.1,334586,1
CP048234.1,334621,84
CP048234.1,334721,675
CP048234.1,334727,19
CP048234.1,334728,305
CP048234.1,334760,129
CP048234.1,334797,40
CP048234.1,334804,85
CP048234.1,334847,1571
CP048234.1,334858,88
CP048234.1,334875,259
CP048234.1,334922,1853
CP048234.1,334929,565
CP048234.1,334966,8
CP048234.1,334968,156
CP048234.1,334990,6
CP048234.1,334993,224
CP048234.1,334994,629
CP048234.1,334995,575
CP048234.1,335014,80
CP048234.1,335018,343
CP048234.1,335019,47
CP048234.1,335020,849
CP048234.1,335090,3
CP048234.1,335097,690
CP048234.1,335173,242
CP048234.1,335445,257
CP048234.1,335452,219
CP048234.1,335669,50
CP048234.1,336021,200
CP048234.1,336526,516
CP048234.1,336761,321
CP048234.1,337061,218
CP048234.1,337446,494
CP048234.1,338637,308
CP048234.1,339063,439
CP048234.1,339574,615
CP048234.1,339576,504
CP048234.1,339605,1
CP048234.1,339606,1700
CP048234.1,339613,2430
CP048234.1,344938,69
CP048234.1,344940,6
CP048234.1,344949,504
CP048234.1,344956,51
CP048234.1,344976,1
CP048234.1,345598,665
CP048234.1,345787,930
CP048234.1,345857,102
CP048234.1,345859,1254
CP048234.1,347598,51
CP048234.1,347962,1044
CP048234.1,349286,289
CP048234.1,349540,29
CP048234.1,349623,142
CP048234.1,351977,347
CP048234.1,352133,473
CP048234.1,352135,449
CP048234.1,352206,1
CP048234.1,352212,357
CP048234.1,352213,107
CP048234.1,352300,913
CP048234.1,352394,528
CP048234.1,352401,25
CP048234.1,352532,160
CP048234.1,352554,195
CP048234.1,352572,261
CP048234.1,355483,162
CP048234.1,355540,102
CP048234.1,356885,507
CP048234.1,357305,337
CP048234.1,357602,74
CP048234.1,358799,406
CP048234.1,359181,138
CP048234.1,360895,1139
CP048234.1,361151,464
CP048234.1,361473,122
CP048234.1,361723,20
CP048234.1,361750,19
CP048234.1,362086,110
CP048234.1,362791,1
CP048234.1,363014,258
CP048234.1,363022,29
CP048234.1,363037,10
CP048234.1,363044,3
CP048234.1,363077,271
CP048234.1,363097,249
CP048234.1,363113,6
CP048234.1,363159,29
CP048234.1,363173,119
CP048234.1,363200,1
CP048234.1,363202,134
CP048234.1,363207,339
CP048234.1,363209,1808
CP048234.1,363212,1
CP048234.1,363319,644
CP048234.1,363326,4433
CP048234.1,363457,86
CP048234.1,363494,1006
CP048234.1,363519,16
CP048234.1,363545,1741
CP048234.1,363591,62
CP048234.1,363596,690
CP048234.1,363637,59
CP048234.1,363646,732
CP048234.1,363784,145
CP048234.1,364404,212
CP048234.1,364479,103
CP048234.1,365150,274
CP048234.1,365152,19
CP048234.1,366017,125
CP048234.1,366045,303
CP048234.1,366238,9
CP048234.1,366276,56
CP048234.1,366462,534
CP048234.1,366798,59
CP048234.1,367147,278
CP048234.1,367210,4
CP048234.1,367231,795
CP048234.1,367240,506
CP048234.1,367244,1
CP048234.1,367247,383
CP048234.1,367297,2
CP048234.1,367354,118
CP048234.1,367366,28
CP048234.1,367578,8
CP048234.1,367717,331
CP048234.1,369363,565
CP048234.1,369406,186
CP048234.1,369441,298
CP048234.1,369471,1
CP048234.1,369556,471
CP048234.1,369632,176
CP048234.1,369783,1152
CP048234.1,369785,54
CP048234.1,369844,272
CP048234.1,369996,1
CP048234.1,370267,87
CP048234.1,370335,9
CP048234.1,370539,4
CP048234.1,371115,36
CP048234.1,371716,335
CP048234.1,372488,56
CP048234.1,372753,1
CP048234.1,372808,665
CP048234.1,372977,549
CP048234.1,373399,1
CP048234.1,373650,113
CP048234.1,374527,146
CP048234.1,374569,290
CP048234.1,374608,314
CP048234.1,374738,1
CP048234.1,374739,66
CP048234.1,374744,1426
CP048234.1,374746,318
CP048234.1,374821,2185
CP048234.1,374836,12
CP048234.1,375132,1
CP048234.1,375175,11
CP048234.1,375387,414
CP048234.1,375663,51
CP048234.1,376084,606
CP048234.1,376267,37
CP048234.1,376624,8
CP048234.1,376675,2
CP048234.1,376858,181
CP048234.1,376861,1
CP048234.1,376863,7
CP048234.1,376865,21
CP048234.1,376914,3
CP048234.1,376921,102
CP048234.1,377734,131
CP048234.1,378300,111
CP048234.1,378468,307
CP048234.1,378616,59
CP048234.1,379099,3
CP048234.1,379291,212
CP048234.1,380039,22
CP048234.1,380386,265
CP048234.1,381967,31
CP048234.1,384054,2
CP048234.1,384155,113
CP048234.1,384222,92
CP048234.1,384230,533
CP048234.1,384237,347
CP048234.1,384272,866
CP048234.1,384279,36
CP048234.1,384283,2430
CP048234.1,384290,64
CP048234.1,384328,32
CP048234.1,384352,1198
CP048234.1,384458,755
CP048234.1,384485,514
CP048234.1,384493,930
CP048234.1,384575,49
CP048234.1,384626,237
CP048234.1,384926,1176
CP048234.1,385052,173
CP048234.1,385264,344
CP048234.1,387600,610
CP048234.1,389449,172
CP048234.1,389760,596
CP048234.1,389964,12
CP048234.1,390121,67
CP048234.1,390128,409
CP048234.1,390136,611
CP048234.1,390433,413
CP048234.1,390579,866
CP048234.1,390586,909
CP048234.1,390622,2460
CP048234.1,390629,1560
CP048234.1,390691,278
CP048234.1,390723,869
CP048234.1,390756,646
CP048234.1,390766,816
CP048234.1,390807,1
CP048234.1,390896,1095
CP048234.1,390903,1764
CP048234.1,390950,1110
CP048234.1,391016,82
CP048234.1,391096,345
CP048234.1,391183,2196
CP048234.1,391215,15
CP048234.1,391445,27
CP048234.1,391450,44
CP048234.1,391461,57
CP048234.1,391530,76
CP048234.1,391671,29
CP048234.1,392054,462
CP048234.1,392061,4
CP048234.1,392221,382
CP048234.1,392272,8
CP048234.1,392331,16
CP048234.1,393598,1191
CP048234.1,394573,356
CP048234.1,394583,178
CP048234.1,394591,426
CP048234.1,395659,271
CP048234.1,395937,469
CP048234.1,396016,50
CP048234.1,396091,51
CP048234.1,396143,198
CP048234.1,396145,476
CP048234.1,396243,213
CP048234.1,396454,2
CP048234.1,396480,458
CP048234.1,396606,133
CP048234.1,396612,5
CP048234.1,396787,2707
CP048234.1,396792,26
CP048234.1,396797,1
CP048234.1,396880,528
CP048234.1,397063,86
CP048234.1,397069,37
CP048234.1,397071,623
CP048234.1,398899,6
CP048234.1,398904,1
CP048234.1,398936,3
CP048234.1,398986,1200
CP048234.1,398993,17
CP048234.1,398996,159
CP048234.1,398999,77
CP048234.1,399000,4
CP048234.1,399013,11
CP048234.1,399840,25
CP048234.1,399847,508
CP048234.1,400004,1550
CP048234.1,400040,4
CP048234.1,400047,286
CP048234.1,401276,329
CP048234.1,403460,65
CP048234.1,405370,459
CP048234.1,406041,55
CP048234.1,406216,437
CP048234.1,406231,124
CP048234.1,406287,125
CP048234.1,406294,158
CP048234.1,406316,1
CP048234.1,406334,1
CP048234.1,406362,69
CP048234.1,406369,1449
CP048234.1,406440,339
CP048234.1,406465,242
CP048234.1,406510,537
CP048234.1,406632,357
CP048234.1,406715,2085
CP048234.1,406722,597
CP048234.1,410134,420
CP048234.1,411883,462
CP048234.1,412545,1606
CP048234.1,412674,748
CP048234.1,412719,1314
CP048234.1,413056,1018
CP048234.1,413077,770
CP048234.1,413084,1339
CP048234.1,413336,1
CP048234.1,413397,23
CP048234.1,413404,2212
CP048234.1,413701,1504
CP048234.1,413913,819
CP048234.1,414226,21
CP048234.1,414250,9
CP048234.1,414445,611
CP048234.1,414479,10
CP048234.1,415052,695
CP048234.1,416075,781
CP048234.1,416486,1
CP048234.1,418724,1
CP048234.1,418900,2
CP048234.1,419283,104
CP048234.1,419290,1
CP048234.1,419930,100
CP048234.1,422207,20
CP048234.1,422211,86
CP048234.1,422214,1018
CP048234.1,422310,444
CP048234.1,423430,1
CP048234.1,424143,5
CP048234.1,424248,2
CP048234.1,424492,784
CP048234.1,424572,1301
CP048234.1,424649,33
CP048234.1,424684,512
CP048234.1,424886,171
CP048234.1,424939,3
CP048234.1,424969,179
CP048234.1,425482,599
CP048234.1,428456,559
CP048234.1,428963,368
CP048234.1,429033,247
CP048234.1,429092,120
CP048234.1,429126,119
CP048234.1,429621,360
CP048234.1,430178,606
CP048234.1,431852,5
CP048234.1,432252,2
CP048234.1,432537,125
CP048234.1,432652,585
CP048234.1,432679,65
CP048234.1,432701,1925
CP048234.1,432736,772
CP048234.1,432781,742
CP048234.1,432982,31
CP048234.1,433198,1
CP048234.1,433412,423
CP048234.1,433419,36
CP048234.1,433963,1186
CP048234.1,435501,17
CP048234.1,436126,1
CP048234.1,436247,89
CP048234.1,436262,64
CP048234.1,436263,846
CP048234.1,436277,214
CP048234.1,438276,286
CP048234.1,438306,13
CP048234.1,438338,8
CP048234.1,438343,1
CP048234.1,438345,1946
CP048234.1,438369,16
CP048234.1,438429,748
CP048234.1,438434,1664
CP048234.1,438438,1
CP048234.1,438463,117
CP048234.1,438497,1111
CP048234.1,438518,83
CP048234.1,438588,350
CP048234.1,438592,1285
CP048234.1,438632,1061
CP048234.1,438813,538
CP048234.1,438962,1494
CP048234.1,439015,1
CP048234.1,439250,500
CP048234.1,439252,98
CP048234.1,439256,1707
CP048234.1,439257,23
CP048234.1,439259,1965
CP048234.1,439263,5783
CP048234.1,439281,1
CP048234.1,439330,1
CP048234.1,439335,1
CP048234.1,439376,757
CP048234.1,439381,2457
CP048234.1,439395,23
CP048234.1,439577,868
CP048234.1,439660,1034
CP048234.1,439662,648
CP048234.1,439664,289
CP048234.1,439670,267
CP048234.1,439671,689
CP048234.1,439673,1
CP048234.1,439681,1441
CP048234.1,439684,622
CP048234.1,439689,1
CP048234.1,439690,117
CP048234.1,439732,273
CP048234.1,439771,733
CP048234.1,439778,2
CP048234.1,439794,1846
CP048234.1,439800,523
CP048234.1,439801,3621
CP048234.1,439809,111
CP048234.1,439870,42
CP048234.1,439889,144
CP048234.1,439923,1760
CP048234.1,439930,409
CP048234.1,440019,1
CP048234.1,440106,4
CP048234.1,440132,1
CP048234.1,440133,1196
CP048234.1,440413,240
CP048234.1,440758,223
CP048234.1,441642,334
CP048234.1,441824,74
CP048234.1,442317,1041
CP048234.1,442828,381
CP048234.1,442859,1
CP048234.1,442908,123
CP048234.1,442960,1176
CP048234.1,442967,638
CP048234.1,442997,1472
CP048234.1,443004,127
CP048234.1,443005,880
CP048234.1,443012,214
CP048234.1,443085,396
CP048234.1,443121,663
CP048234.1,443138,1487
CP048234.1,443145,231
CP048234.1,443182,261
CP048234.1,443186,513
CP048234.1,443193,2
CP048234.1,443203,97
CP048234.1,443205,117
CP048234.1,443243,336
CP048234.1,443250,833
CP048234.1,443252,67
CP048234.1,443258,124
CP048234.1,443260,218
CP048234.1,443262,179
CP048234.1,443267,1007
CP048234.1,443288,359
CP048234.1,443304,1
CP048234.1,443311,146
CP048234.1,443323,1054
CP048234.1,443330,1353
CP048234.1,443332,424
CP048234.1,443341,2275
CP048234.1,443348,952
CP048234.1,443386,3
CP048234.1,443453,980
CP048234.1,445030,462
CP048234.1,445037,66
CP048234.1,445038,241
CP048234.1,445076,3
CP048234.1,445080,309
CP048234.1,445093,281
CP048234.1,445119,662
CP048234.1,445295,913
CP048234.1,445302,5
CP048234.1,445451,95
CP048234.1,445460,95
CP048234.1,445880,361
CP048234.1,445887,591
CP048234.1,445911,4
CP048234.1,445966,188
CP048234.1,445983,533
CP048234.1,446118,752
CP048234.1,446122,443
CP048234.1,446138,271
CP048234.1,446145,646
CP048234.1,446268,1
CP048234.1,446275,186
CP048234.1,446543,1
CP048234.1,446658,41
CP048234.1,446662,58
CP048234.1,446767,77
CP048234.1,447705,687
CP048234.1,447748,860
CP048234.1,447855,1
CP048234.1,447968,126
CP048234.1,447994,133
CP048234.1,448159,646
CP048234.1,448775,65
CP048234.1,448847,124
CP048234.1,448854,332
CP048234.1,449334,310
CP048234.1,449450,88
CP048234.1,449457,322
CP048234.1,449500,48
CP048234.1,449507,1
CP048234.1,449529,1
CP048234.1,449614,217
CP048234.1,449628,77
CP048234.1,450463,982
CP048234.1,451613,43
CP048234.1,451783,660
CP048234.1,451868,773
CP048234.1,451875,381
CP048234.1,452613,3
CP048234.1,454390,27
CP048234.1,454696,113
CP048234.1,455181,56
CP048234.1,456375,127
CP048234.1,456813,14
CP048234.1,457993,2
CP048234.1,458309,836
CP048234.1,458416,116
CP048234.1,458466,1
CP048234.1,458512,8
CP048234.1,458876,3
CP048234.1,459092,282
CP048234.1,459237,1
CP048234.1,459292,21
CP048234.1,459495,44
CP048234.1,459609,4
CP048234.1,459638,127
CP048234.1,459645,356
CP048234.1,464106,148
CP048234.1,464114,22
CP048234.1,464470,7
CP048234.1,465339,297
CP048234.1,466350,518
CP048234.1,466389,1
CP048234.1,466391,2
CP048234.1,466396,215
CP048234.1,466447,715
CP048234.1,466471,1922
CP048234.1,466478,3990
CP048234.1,466480,1
CP048234.1,466492,455
CP048234.1,466514,1029
CP048234.1,466527,335
CP048234.1,466529,13
CP048234.1,466537,345
CP048234.1,466540,773
CP048234.1,466544,435
CP048234.1,466551,7350
CP048234.1,466554,1
CP048234.1,466558,4775
CP048234.1,466572,413
CP048234.1,466591,1121
CP048234.1,466598,2718
CP048234.1,466600,225
CP048234.1,466612,83
CP048234.1,466635,6585
CP048234.1,466637,143
CP048234.1,466642,3178
CP048234.1,466649,1010
CP048234.1,466695,1
CP048234.1,466729,1
CP048234.1,466755,72
CP048234.1,466777,445
CP048234.1,466784,647
CP048234.1,466833,443
CP048234.1,466840,2522
CP048234.1,466866,10
CP048234.1,466873,1127
CP048234.1,466894,959
CP048234.1,466933,812
CP048234.1,467006,59
CP048234.1,467033,448
CP048234.1,467329,798
CP048234.1,467391,81
CP048234.1,467398,46
CP048234.1,467862,38
CP048234.1,467907,54
CP048234.1,467914,704
CP048234.1,467989,6
CP048234.1,467996,1
CP048234.1,468429,16
CP048234.1,468776,1347
CP048234.1,469380,279
CP048234.1,469815,603
CP048234.1,470289,565
CP048234.1,472146,5
CP048234.1,472153,372
CP048234.1,472194,178
CP048234.1,472245,494
CP048234.1,472262,1
CP048234.1,472277,541
CP048234.1,472779,201
CP048234.1,473232,17
CP048234.1,474649,159
CP048234.1,475791,214
CP048234.1,475826,32
CP048234.1,476016,8
CP048234.1,476205,31
CP048234.1,477569,269
CP048234.1,477615,554
CP048234.1,477639,12
CP048234.1,477686,1296
CP048234.1,477693,66
CP048234.1,477765,678
CP048234.1,477889,371
CP048234.1,478980,270
CP048234.1,479314,3
CP048234.1,479490,6
CP048234.1,479497,1105
CP048234.1,479502,428
CP048234.1,479595,366
CP048234.1,479672,418
CP048234.1,480153,690
CP048234.1,480294,165
CP048234.1,480298,553
CP048234.1,480389,8
CP048234.1,480442,827
CP048234.1,480459,345
CP048234.1,480467,83
CP048234.1,480550,748
CP048234.1,480552,993
CP048234.1,480557,120
CP048234.1,480742,52
CP048234.1,480834,1367
CP048234.1,481172,3562
CP048234.1,481173,1
CP048234.1,482897,307
CP048234.1,482933,129
CP048234.1,483084,272
CP048234.1,483155,4
CP048234.1,483322,211
CP048234.1,483658,876
CP048234.1,485062,12
CP048234.1,485546,13
CP048234.1,486022,316
CP048234.1,486063,333
CP048234.1,486351,494
CP048234.1,486381,367
CP048234.1,486500,519
CP048234.1,491476,32
CP048234.1,491813,130
CP048234.1,493977,62
CP048234.1,494147,534
CP048234.1,494947,13
CP048234.1,495065,408
CP048234.1,495224,836
CP048234.1,495251,1
CP048234.1,495515,519
CP048234.1,495632,770
CP048234.1,495869,1
CP048234.1,496001,323
CP048234.1,496143,340
CP048234.1,496197,249
CP048234.1,496277,1030
CP048234.1,496306,1291
CP048234.1,496410,1448
CP048234.1,496436,1
CP048234.1,496488,2924
CP048234.1,496489,1
CP048234.1,496529,2
CP048234.1,496568,491
CP048234.1,496575,1131
CP048234.1,496582,1745
CP048234.1,496676,1485
CP048234.1,496683,221
CP048234.1,496730,1
CP048234.1,496752,275
CP048234.1,496770,2047
CP048234.1,496867,6960
CP048234.1,496874,27
CP048234.1,496901,695
CP048234.1,496905,1238
CP048234.1,496909,1540
CP048234.1,496916,2
CP048234.1,496955,890
CP048234.1,497009,3
CP048234.1,497016,1
CP048234.1,497127,361
CP048234.1,497215,461
CP048234.1,497312,1107
CP048234.1,497373,703
CP048234.1,497413,1006
CP048234.1,497420,869
CP048234.1,497422,3
CP048234.1,497426,57
CP048234.1,497476,251
CP048234.1,497480,16
CP048234.1,497482,414
CP048234.1,497483,1639
CP048234.1,497487,676
CP048234.1,497601,1045
CP048234.1,497628,1310
CP048234.1,497718,174
CP048234.1,497727,1201
CP048234.1,497728,1
CP048234.1,497749,268
CP048234.1,497878,20
CP048234.1,497940,460
CP048234.1,498211,247
CP048234.1,499067,135
CP048234.1,499264,1
CP048234.1,499274,17
CP048234.1,499317,1034
CP048234.1,503867,1285
CP048234.1,503871,23
CP048234.1,503874,14
CP048234.1,503878,516
CP048234.1,503883,20
CP048234.1,504049,22
CP048234.1,504059,1
CP048234.1,504066,758
CP048234.1,504068,145
CP048234.1,504091,285
CP048234.1,504155,202
CP048234.1,504214,4
CP048234.1,504294,294
CP048234.1,504300,175
CP048234.1,504425,574
CP048234.1,504432,756
CP048234.1,504436,309
CP048234.1,504474,303
CP048234.1,504548,144
CP048234.1,504628,861
CP048234.1,504666,42
CP048234.1,504677,3
CP048234.1,504684,162
CP048234.1,504696,36
CP048234.1,504713,113
CP048234.1,504714,809
CP048234.1,505008,42
CP048234.1,505482,448
CP048234.1,505951,17
CP048234.1,507537,409
CP048234.1,507670,797
CP048234.1,507677,20
CP048234.1,507684,429
CP048234.1,507955,521
CP048234.1,507982,3
CP048234.1,508182,259
CP048234.1,508246,352
CP048234.1,508330,103
CP048234.1,508443,179
CP048234.1,508450,46
CP048234.1,508503,281
CP048234.1,508683,417
CP048234.1,508690,353
CP048234.1,508846,190
CP048234.1,508861,149
CP048234.1,508868,333
CP048234.1,508940,634
CP048234.1,508941,1
CP048234.1,509242,377
CP048234.1,512529,1025
CP048234.1,513918,108
CP048234.1,514302,4
CP048234.1,514782,6
CP048234.1,516169,60
CP048234.1,516187,21
CP048234.1,517384,465
CP048234.1,517430,7
CP048234.1,517625,83
CP048234.1,517635,88
CP048234.1,518355,301
CP048234.1,518689,22
CP048234.1,519462,80
CP048234.1,520285,2
CP048234.1,521578,608
CP048234.1,521668,939
CP048234.1,521722,2
CP048234.1,522216,579
CP048234.1,522513,120
CP048234.1,525090,41
CP048234.1,525097,225
CP048234.1,525117,226
CP048234.1,525149,283
CP048234.1,525159,1
CP048234.1,525172,76
CP048234.1,525214,1
CP048234.1,525390,580
CP048234.1,525444,74
CP048234.1,526289,113
CP048234.1,526327,271
CP048234.1,526740,515
CP048234.1,526820,128
CP048234.1,526843,918
CP048234.1,526868,2495
CP048234.1,526934,3716
CP048234.1,526941,351
CP048234.1,526943,65
CP048234.1,526950,521
CP048234.1,526953,1317
CP048234.1,526993,234
CP048234.1,527076,1
CP048234.1,527176,1771
CP048234.1,527183,245
CP048234.1,527301,1
CP048234.1,527685,464
CP048234.1,527759,643
CP048234.1,527838,735
CP048234.1,528582,2
CP048234.1,528611,176
CP048234.1,528757,557
CP048234.1,528791,3244
CP048234.1,528798,382
CP048234.1,528972,840
CP048234.1,529285,757
CP048234.1,529862,14
CP048234.1,530031,972
CP048234.1,530150,1
CP048234.1,530157,22
CP048234.1,530360,542
CP048234.1,530425,4
CP048234.1,530430,39
CP048234.1,530604,1
CP048234.1,530611,119
CP048234.1,531415,2500
CP048234.1,531422,1
CP048234.1,531951,3
CP048234.1,531990,417
CP048234.1,532173,1110
CP048234.1,532201,80
CP048234.1,532214,539
CP048234.1,532221,426
CP048234.1,532235,28
CP048234.1,532339,22
CP048234.1,532380,3
CP048234.1,532455,10
CP048234.1,532500,53
CP048234.1,532810,1
CP048234.1,535711,1
CP048234.1,535749,46
CP048234.1,540155,287
CP048234.1,540199,17
CP048234.1,540236,1
CP048234.1,540250,800
CP048234.1,541562,78
CP048234.1,543139,18
CP048234.1,543178,38
CP048234.1,551086,126
CP048234.1,552177,313
CP048234.1,552563,145
CP048234.1,553836,248
CP048234.1,553928,11
CP048234.1,553996,533
CP048234.1,554099,1
CP048234.1,554132,53
CP048234.1,554181,155
CP048234.1,554188,1549
CP048234.1,554220,10
CP048234.1,554273,638
CP048234.1,554301,259
CP048234.1,562935,127
CP048234.1,563004,357
CP048234.1,563189,8
CP048234.1,563283,604
CP048234.1,563290,1
CP048234.1,563323,547
CP048234.1,563324,401
CP048234.1,563340,371
CP048234.1,563341,303
CP048234.1,563721,507
CP048234.1,565024,696
CP048234.1,565356,121
CP048234.1,565391,69
CP048234.1,565593,206
CP048234.1,565601,124
CP048234.1,565962,1163
CP048234.1,567560,299
CP048234.1,567972,13
CP048234.1,568058,1026
CP048234.1,568120,1
CP048234.1,568737,1
CP048234.1,568741,125
CP048234.1,568831,515
CP048234.1,568866,247
CP048234.1,568893,1
CP048234.1,569017,334
CP048234.1,569131,1933
CP048234.1,569168,521
CP048234.1,569169,85
CP048234.1,569178,264
CP048234.1,569239,1
CP048234.1,569240,636
CP048234.1,569405,689
CP048234.1,569592,324
CP048234.1,569724,557
CP048234.1,569794,1107
CP048234.1,569801,759
CP048234.1,569942,880
CP048234.1,572544,38
CP048234.1,572750,767
CP048234.1,572757,129
CP048234.1,573444,4
CP048234.1,573451,535
CP048234.1,573785,219
CP048234.1,574000,40
CP048234.1,574283,741
CP048234.1,574290,111
CP048234.1,574360,43
CP048234.1,574367,2319
CP048234.1,574422,1
CP048234.1,574508,33
CP048234.1,574535,3
CP048234.1,574553,534
CP048234.1,574560,4
CP048234.1,574696,22
CP048234.1,574699,1
CP048234.1,575688,393
CP048234.1,576964,1121
CP048234.1,576984,938
CP048234.1,577026,295
CP048234.1,577059,567
CP048234.1,577061,1
CP048234.1,577063,116
CP048234.1,577110,521
CP048234.1,577331,133
CP048234.1,577435,38
CP048234.1,577564,1
CP048234.1,577618,54
CP048234.1,577680,183
CP048234.1,577721,372
CP048234.1,577917,927
CP048234.1,578407,1548
CP048234.1,578539,20
CP048234.1,578546,55
CP048234.1,578548,84
CP048234.1,578598,2031
CP048234.1,578623,854
CP048234.1,578674,510
CP048234.1,578706,20
CP048234.1,578739,1
CP048234.1,578755,13
CP048234.1,578815,119
CP048234.1,578828,556
CP048234.1,578836,228
CP048234.1,578989,278
CP048234.1,579003,1
CP048234.1,579018,472
CP048234.1,579199,973
CP048234.1,579426,821
CP048234.1,579433,1
CP048234.1,579440,1
CP048234.1,579927,207
CP048234.1,580203,718
CP048234.1,580226,1066
CP048234.1,580233,1
CP048234.1,580251,271
CP048234.1,580252,65
CP048234.1,580654,402
CP048234.1,580805,1076
CP048234.1,580821,9
CP048234.1,580823,1652
CP048234.1,580828,463
CP048234.1,580830,6
CP048234.1,580831,465
CP048234.1,580838,1238
CP048234.1,580864,456
CP048234.1,580871,2883
CP048234.1,580881,638
CP048234.1,580956,262
CP048234.1,580961,2174
CP048234.1,580968,3281
CP048234.1,581006,1
CP048234.1,581529,1
CP048234.1,581583,1
CP048234.1,581849,772
CP048234.1,583133,2
CP048234.1,585306,10
CP048234.1,585312,154
CP048234.1,585459,240
CP048234.1,585498,189
CP048234.1,585511,497
CP048234.1,585570,966
CP048234.1,585578,3
CP048234.1,585582,877
CP048234.1,585820,248
CP048234.1,585885,522
CP048234.1,585894,711
CP048234.1,585924,498
CP048234.1,589050,599
CP048234.1,589056,630
CP048234.1,589068,628
CP048234.1,591903,3
CP048234.1,593123,142
CP048234.1,594463,78
CP048234.1,594716,1
CP048234.1,594943,579
CP048234.1,595017,279
CP048234.1,595024,1173
CP048234.1,595048,201
CP048234.1,595050,465
CP048234.1,595074,19
CP048234.1,595085,1008
CP048234.1,595112,631
CP048234.1,595172,1
CP048234.1,595437,291
CP048234.1,595766,1132
CP048234.1,595773,1
CP048234.1,595782,1197
CP048234.1,595798,405
CP048234.1,595895,48
CP048234.1,596414,1
CP048234.1,598317,12
CP048234.1,598760,1
CP048234.1,604618,458
CP048234.1,604840,31
CP048234.1,605677,323
CP048234.1,605799,35
CP048234.1,606173,1
CP048234.1,606287,380
CP048234.1,606520,683
CP048234.1,606527,115
CP048234.1,606714,68
CP048234.1,606743,32
CP048234.1,610089,140
CP048234.1,610112,21
CP048234.1,610330,1
CP048234.1,610684,136
CP048234.1,610699,489
CP048234.1,610847,11
CP048234.1,610879,494
CP048234.1,611042,924
CP048234.1,611198,955
CP048234.1,611233,5
CP048234.1,611269,11
CP048234.1,611280,710
CP048234.1,611342,444
CP048234.1,611386,134
CP048234.1,611448,6
CP048234.1,611605,1
CP048234.1,611648,963
CP048234.1,611649,1
CP048234.1,612993,12
CP048234.1,613401,1
CP048234.1,613434,1
CP048234.1,614148,119
CP048234.1,614150,1
CP048234.1,614155,268
CP048234.1,614604,10
CP048234.1,614631,685
CP048234.1,614645,14
CP048234.1,614661,1
CP048234.1,614697,552
CP048234.1,614709,398
CP048234.1,614711,226
CP048234.1,614743,1
CP048234.1,614750,315
CP048234.1,614777,489
CP048234.1,614780,10
CP048234.1,614832,48
CP048234.1,615634,747
CP048234.1,615679,461
CP048234.1,616085,592
CP048234.1,616413,30
CP048234.1,617352,62
CP048234.1,621468,84
CP048234.1,621545,20
CP048234.1,621547,1
CP048234.1,621571,733
CP048234.1,621731,178
CP048234.1,621733,3
CP048234.1,621862,100
CP048234.1,621904,828
CP048234.1,621921,332
CP048234.1,621928,486
CP048234.1,621944,5
CP048234.1,622056,42
CP048234.1,622085,1
CP048234.1,622150,508
CP048234.1,622152,504
CP048234.1,622201,632
CP048234.1,622218,731
CP048234.1,622226,36
CP048234.1,622227,3
CP048234.1,622238,5
CP048234.1,622265,21
CP048234.1,622347,3593
CP048234.1,622354,422
CP048234.1,622381,1395
CP048234.1,622388,1439
CP048234.1,622504,202
CP048234.1,622511,1
CP048234.1,622513,185
CP048234.1,622631,1
CP048234.1,622634,23
CP048234.1,622689,1
CP048234.1,622709,75
CP048234.1,622711,2262
CP048234.1,622713,17
CP048234.1,622777,44
CP048234.1,622784,1039
CP048234.1,622846,827
CP048234.1,622851,67
CP048234.1,622894,265
CP048234.1,622902,4
CP048234.1,622915,14
CP048234.1,622969,162
CP048234.1,623004,278
CP048234.1,623066,556
CP048234.1,623114,1
CP048234.1,623125,16
CP048234.1,623137,16
CP048234.1,623144,959
CP048234.1,625087,382
CP048234.1,625093,87
CP048234.1,625240,701
CP048234.1,625885,10
CP048234.1,625928,17
CP048234.1,626055,154
CP048234.1,626112,408
CP048234.1,626196,269
CP048234.1,626251,586
CP048234.1,626465,4
CP048234.1,626515,1512
CP048234.1,626521,609
CP048234.1,626622,329
CP048234.1,626978,233
CP048234.1,627125,57
CP048234.1,627621,960
CP048234.1,627902,336
CP048234.1,628105,109
CP048234.1,628379,34
CP048234.1,628432,534
CP048234.1,628439,38
CP048234.1,628780,1
CP048234.1,629049,86
CP048234.1,629631,866
CP048234.1,629638,655
CP048234.1,629712,771
CP048234.1,630018,16
CP048234.1,630167,1
CP048234.1,630206,1
CP048234.1,635653,1
CP048234.1,635993,7
CP048234.1,636616,853
CP048234.1,636623,138
CP048234.1,636658,157
CP048234.1,637040,580
CP048234.1,637042,303
CP048234.1,637047,1090
CP048234.1,637049,1073
CP048234.1,637073,16
CP048234.1,637125,126
CP048234.1,639693,174
CP048234.1,639705,1
CP048234.1,639752,111
CP048234.1,639795,530
CP048234.1,639802,1
CP048234.1,639817,54
CP048234.1,639829,12
CP048234.1,639875,4283
CP048234.1,639882,1832
CP048234.1,639886,226
CP048234.1,641795,168
CP048234.1,643606,84
CP048234.1,644700,464
CP048234.1,644707,411
CP048234.1,644784,411
CP048234.1,644867,492
CP048234.1,644871,209
CP048234.1,644872,1864
CP048234.1,644879,18
CP048234.1,644881,344
CP048234.1,644913,483
CP048234.1,644979,13
CP048234.1,644986,33
CP048234.1,646041,161
CP048234.1,646085,1
CP048234.1,646151,367
CP048234.1,646182,25
CP048234.1,646184,238
CP048234.1,646542,578
CP048234.1,646549,35
CP048234.1,647225,291
CP048234.1,647898,42
CP048234.1,648101,145
CP048234.1,648108,455
CP048234.1,648495,5
CP048234.1,649536,1329
CP048234.1,649543,14
CP048234.1,649606,64
CP048234.1,649836,813
CP048234.1,649840,786
CP048234.1,649871,3
CP048234.1,649874,41
CP048234.1,649899,351
CP048234.1,649907,843
CP048234.1,649909,146
CP048234.1,649916,1
CP048234.1,649930,163
CP048234.1,650368,1
CP048234.1,650463,693
CP048234.1,650856,464
CP048234.1,650964,705
CP048234.1,651421,3
CP048234.1,653990,1
CP048234.1,657465,174
CP048234.1,657472,1175
CP048234.1,657548,309
CP048234.1,657550,2
CP048234.1,657751,328
CP048234.1,659278,1123
CP048234.1,659369,553
CP048234.1,659374,1961
CP048234.1,659382,861
CP048234.1,659399,197
CP048234.1,659467,623
CP048234.1,659491,105
CP048234.1,659599,377
CP048234.1,659629,20
CP048234.1,659684,4
CP048234.1,659686,11
CP048234.1,659855,179
CP048234.1,659900,718
CP048234.1,659902,28
CP048234.1,659907,516
CP048234.1,660028,355
CP048234.1,660035,1061
CP048234.1,660050,10
CP048234.1,660054,87
CP048234.1,661559,13
CP048234.1,661586,26
CP048234.1,661590,15
CP048234.1,661599,437
CP048234.1,661665,22
CP048234.1,661670,855
CP048234.1,661672,21
CP048234.1,661681,2
CP048234.1,661683,355
CP048234.1,661688,539
CP048234.1,661708,29
CP048234.1,661710,310
CP048234.1,661717,46
CP048234.1,661808,414
CP048234.1,661872,720
CP048234.1,661877,71
CP048234.1,661879,621
CP048234.1,661890,278
CP048234.1,661908,26
CP048234.1,661912,12
CP048234.1,661919,1
CP048234.1,662043,186
CP048234.1,662050,16
CP048234.1,662139,1
CP048234.1,662145,21
CP048234.1,662165,688
CP048234.1,662213,480
CP048234.1,662220,25
CP048234.1,662290,19
CP048234.1,662316,667
CP048234.1,662319,8
CP048234.1,662323,28
CP048234.1,662331,11
CP048234.1,662428,639
CP048234.1,662430,168
CP048234.1,662434,721
CP048234.1,662645,1
CP048234.1,663675,583
CP048234.1,665353,138
CP048234.1,670239,56
CP048234.1,670296,9
CP048234.1,670300,936
CP048234.1,670322,47
CP048234.1,670335,553
CP048234.1,670342,743
CP048234.1,670356,1
CP048234.1,670363,1
CP048234.1,670367,356
CP048234.1,670374,455
CP048234.1,670411,2268
CP048234.1,670432,87
CP048234.1,670438,176
CP048234.1,670494,431
CP048234.1,670728,133
CP048234.1,675578,72
CP048234.1,676810,464
CP048234.1,676844,1192
CP048234.1,679461,427
CP048234.1,679804,1
CP048234.1,679917,3
CP048234.1,680611,674
CP048234.1,684018,1
CP048234.1,689355,1
CP048235.1,475,5
CP048235.1,2947,802
CP048235.1,11377,1
CP048235.1,26375,72
CP048235.1,27888,4
CP048235.1,28449,319
CP048235.1,30748,334
CP048235.1,30801,144
CP048235.1,31031,621
CP048235.1,31038,948
CP048235.1,31135,99
CP048235.1,31145,955
CP048235.1,31444,7
CP048235.1,31522,9
CP048235.1,31691,1
CP048235.1,31733,5
CP048235.1,31821,479
CP048235.1,31843,243
CP048235.1,32009,1
CP048235.1,32110,163
CP048235.1,32249,2
CP048235.1,32896,257
CP048235.1,33132,445
CP048235.1,33199,80
CP048235.1,33227,39
CP048235.1,34504,238
CP048235.1,35869,33
CP048235.1,37126,106
CP048235.1,38986,1
CP048235.1,39124,326
CP048235.1,39390,4
CP048235.1,39506,80
CP048235.1,39508,240
CP048235.1,39515,1614
CP048235.1,39521,3
CP048235.1,39527,1
CP048235.1,39561,110
CP048235.1,39568,1
CP048235.1,39572,56
CP048235.1,39718,672
CP048235.1,39739,11
CP048235.1,39746,771
CP048235.1,39778,1400
CP048235.1,39779,216
CP048235.1,39786,101
CP048235.1,39817,669
CP048235.1,39988,23
CP048235.1,40111,207
CP048235.1,40275,44
CP048235.1,41031,1
CP048235.1,41038,165
CP048235.1,41198,165
CP048235.1,41213,61
CP048235.1,41395,1
CP048235.1,41402,6
CP048235.1,41549,20
CP048235.1,41846,82
CP048235.1,42575,336
CP048235.1,42595,673
CP048235.1,42632,220
CP048235.1,42682,82
CP048235.1,42701,218
CP048235.1,42921,19
CP048235.1,42932,30
CP048235.1,42944,762
CP048235.1,43024,693
CP048235.1,43180,434
CP048235.1,43195,168
CP048235.1,43236,1
CP048235.1,43257,89
CP048235.1,43298,2
CP048235.1,43305,454
CP048235.1,43409,216
CP048235.1,43413,52
CP048235.1,43420,747
CP048235.1,43433,44
CP048235.1,43439,594
CP048235.1,43464,1
CP048235.1,43494,276
CP048235.1,43515,1
CP048235.1,43527,193
CP048235.1,43536,1419
CP048235.1,43558,193
CP048235.1,43561,68
CP048235.1,43565,63
CP048235.1,43571,71
CP048235.1,44429,12
CP048235.1,45286,321
CP048235.1,45599,496
CP048235.1,45667,13
CP048235.1,46913,29
CP048235.1,47034,23
CP048235.1,47144,501
CP048235.1,47165,164
CP048235.1,47246,4
CP048235.1,47283,303
CP048235.1,47326,558
CP048235.1,47333,57
CP048235.1,47342,8
CP048235.1,47363,53
CP048235.1,47372,47
CP048235.1,47377,29
CP048235.1,47463,135
CP048235.1,47486,171
CP048235.1,47801,1
CP048235.1,49581,2
CP048235.1,51057,7
CP048235.1,51142,153
CP048235.1,51149,391
CP048235.1,52054,1396
CP048235.1,52215,102
CP048235.1,52250,387
CP048235.1,52257,601
CP048235.1,52258,203
CP048235.1,52265,1192
CP048235.1,52283,272
CP048235.1,52460,3
CP048235.1,52462,777
CP048235.1,52469,53
CP048235.1,52546,93
CP048235.1,52595,29
CP048235.1,52602,1
CP048235.1,52619,1
CP048235.1,52672,158
CP048235.1,52679,674
CP048235.1,52706,1
CP048235.1,52722,73
CP048235.1,52731,348
CP048235.1,52784,278
CP048235.1,53667,1009
CP048235.1,53718,667
CP048235.1,53719,111
CP048235.1,53725,58
CP048235.1,53787,200
CP048235.1,54148,137
CP048235.1,54189,14
CP048235.1,54299,354
CP048235.1,54301,39
CP048235.1,54303,10
CP048235.1,54323,423
CP048235.1,54444,413
CP048235.1,54454,28
CP048235.1,54490,17
CP048235.1,54509,4193
CP048235.1,54513,9
CP048235.1,54516,1752
CP048235.1,54547,386
CP048235.1,54605,688
CP048235.1,54655,50
CP048235.1,54697,589
CP048235.1,54702,6
CP048235.1,54755,578
CP048235.1,54793,74
CP048235.1,54794,2
CP048235.1,54796,512
CP048235.1,54818,1244
CP048235.1,54825,628
CP048235.1,54841,96
CP048235.1,54848,247
CP048235.1,54878,336
CP048235.1,54935,79
CP048235.1,54942,13
CP048235.1,54949,122
CP048235.1,54991,108
CP048235.1,55275,68
CP048235.1,55284,85
CP048235.1,55366,428
CP048235.1,55444,4
CP048235.1,55451,223
CP048235.1,55452,19
CP048235.1,55505,2
CP048235.1,55636,379
CP048235.1,55700,54
CP048235.1,55708,391
CP048235.1,56840,2247
CP048235.1,56854,13
CP048235.1,57071,60
CP048235.1,57458,466
CP048235.1,57465,444
CP048235.1,57613,49
CP048235.1,59477,217
CP048235.1,64724,3
CP048235.1,67979,23
CP048235.1,68046,71
CP048235.1,68051,39
CP048235.1,68212,38
CP048235.1,68502,543
CP048235.1,68509,497
CP048235.1,68524,2
CP048235.1,68583,16
CP048235.1,69724,133
CP048235.1,72763,436
CP048235.1,73626,73
CP048235.1,73627,507
CP048235.1,73634,236
CP048235.1,73687,221
CP048235.1,73969,70
CP048235.1,73989,5
CP048235.1,74066,532
CP048235.1,74740,631
CP048235.1,75184,77
CP048235.1,75191,8
CP048235.1,75195,525
CP048235.1,75202,4689
CP048235.1,75211,22
CP048235.1,75409,10
CP048235.1,75747,205
CP048235.1,75765,21
CP048235.1,75990,1122
CP048235.1,75992,9
CP048235.1,75995,229
CP048235.1,75996,396
CP048235.1,75997,480
CP048235.1,75998,35
CP048235.1,75999,91
CP048235.1,76003,6
CP048235.1,76005,683
CP048235.1,76007,3
CP048235.1,76096,2228
CP048235.1,76103,1049
CP048235.1,76157,1
CP048235.1,76158,729
CP048235.1,76169,570
CP048235.1,76171,128
CP048235.1,76176,1
CP048235.1,76178,19
CP048235.1,76283,17
CP048235.1,76400,103
CP048235.1,76405,395
CP048235.1,76497,88
CP048235.1,76557,131
CP048235.1,76784,70
CP048235.1,76821,1
CP048235.1,76882,190
CP048235.1,77030,881
CP048235.1,77088,622
CP048235.1,77282,2
CP048235.1,77328,679
CP048235.1,79167,10
CP048235.1,79491,48
CP048235.1,80379,313
CP048235.1,81081,587
CP048235.1,81612,208
CP048235.1,81619,1047
CP048235.1,81737,31
CP048235.1,81845,769
CP048235.1,81850,618
CP048235.1,81852,284
CP048235.1,81885,580
CP048235.1,81902,280
CP048235.1,81913,292
CP048235.1,81935,72
CP048235.1,81987,1465
CP048235.1,81993,11
CP048235.1,81994,247
CP048235.1,82010,390
CP048235.1,82015,13
CP048235.1,82027,265
CP048235.1,82034,86
CP048235.1,82047,15
CP048235.1,82052,1
CP048235.1,82066,110
CP048235.1,82068,303
CP048235.1,82075,939
CP048235.1,82182,51
CP048235.1,82193,1
CP048235.1,82200,463
CP048235.1,82209,2801
CP048235.1,82216,710
CP048235.1,82251,194
CP048235.1,82308,1858
CP048235.1,82310,9
CP048235.1,82312,3
CP048235.1,82315,767
CP048235.1,82316,966
CP048235.1,82323,1991
CP048235.1,82327,1
CP048235.1,82345,969
CP048235.1,82357,166
CP048235.1,82358,1331
CP048235.1,82368,1
CP048235.1,82409,212
CP048235.1,82438,467
CP048235.1,82881,1
CP048235.1,82995,595
CP048235.1,83059,4
CP048235.1,83060,549
CP048235.1,83080,1791
CP048235.1,83087,409
CP048235.1,83112,306
CP048235.1,83126,1827
CP048235.1,83137,1
CP048235.1,83146,1
CP048235.1,83160,290
CP048235.1,83164,1176
CP048235.1,83225,92
CP048235.1,83286,1
CP048235.1,83290,6
CP048235.1,83292,1173
CP048235.1,83298,1030
CP048235.1,83335,206
CP048235.1,83436,1
CP048235.1,83748,43
CP048235.1,83890,6
CP048235.1,83897,653
CP048235.1,84107,320
CP048235.1,84116,538
CP048235.1,84243,13
CP048235.1,84411,484
CP048235.1,84485,518
CP048235.1,84486,993
CP048235.1,84499,205
CP048235.1,84501,1491
CP048235.1,84638,1
CP048235.1,84645,873
CP048235.1,84809,2056
CP048235.1,84818,385
CP048235.1,84819,1
CP048235.1,84822,9
CP048235.1,84825,892
CP048235.1,84836,1944
CP048235.1,84932,1
CP048235.1,84939,1721
CP048235.1,85265,1
CP048235.1,85389,405
CP048235.1,85423,375
CP048235.1,85557,109
CP048235.1,85610,545
CP048235.1,85957,452
CP048235.1,85962,10
CP048235.1,86986,116
CP048235.1,86988,56
CP048235.1,87134,614
CP048235.1,87152,1
CP048235.1,88025,27
CP048235.1,88209,17
CP048235.1,88247,104
CP048235.1,88252,1014
CP048235.1,93129,530
CP048235.1,93184,314
CP048235.1,93190,1
CP048235.1,93274,285
CP048235.1,93295,1861
CP048235.1,93300,26
CP048235.1,93313,1062
CP048235.1,93337,109
CP048235.1,93369,1
CP048235.1,93375,1
CP048235.1,93402,223
CP048235.1,93404,10
CP048235.1,93407,1136
CP048235.1,93431,183
CP048235.1,93432,590
CP048235.1,93486,198
CP048235.1,93493,1485
CP048235.1,95937,1
CP048235.1,96402,72
CP048235.1,96583,754
CP048235.1,96627,3
CP048235.1,96709,533
CP048235.1,96845,857
CP048235.1,96849,490
CP048235.1,96852,579
CP048235.1,96901,135
CP048235.1,96908,392
CP048235.1,96917,375
CP048235.1,97908,10
CP048235.1,99260,315
CP048235.1,99504,35
CP048235.1,99694,18
CP048235.1,100034,23
CP048235.1,100943,1498
CP048235.1,101299,379
CP048235.1,101645,2518
CP048235.1,102146,5
CP048235.1,102153,2067
CP048235.1,102165,1927
CP048235.1,102225,1
CP048235.1,102348,70
CP048235.1,102547,841
CP048235.1,102633,2
CP048235.1,102689,574
CP048235.1,102691,1737
CP048235.1,102700,955
CP048235.1,102706,1
CP048235.1,102707,693
CP048235.1,102779,1
CP048235.1,102786,1
CP048235.1,102932,197
CP048235.1,103237,264
CP048235.1,104162,1
CP048235.1,105758,403
CP048235.1,107806,90
CP048235.1,108169,48
CP048235.1,108176,10
CP048235.1,108678,76
CP048235.1,108683,568
CP048235.1,108741,14
CP048235.1,108906,56
CP048235.1,109166,536
CP048235.1,109180,1
CP048235.1,109202,6
CP048235.1,109578,471
CP048235.1,109709,53
CP048235.1,110878,301
CP048235.1,110945,204
CP048235.1,111051,611
CP048235.1,111403,124
CP048235.1,111417,1
CP048235.1,112183,370
CP048235.1,112809,1
CP048235.1,115436,15
CP048235.1,115471,8
CP048235.1,115472,587
CP048235.1,115517,6
CP048235.1,115538,600
CP048235.1,116845,294
CP048235.1,116881,444
CP048235.1,116886,175
CP048235.1,116888,117
CP048235.1,116950,44
CP048235.1,119346,12
CP048235.1,119917,121
CP048235.1,120704,96
CP048235.1,120828,2083
CP048235.1,122642,446
CP048235.1,123739,497
CP048235.1,123965,261
CP048235.1,123966,83
CP048235.1,123973,61
CP048235.1,124004,42
CP048235.1,124015,450
CP048235.1,124030,79
CP048235.1,124037,204
CP048235.1,124047,272
CP048235.1,124054,138
CP048235.1,124127,104
CP048235.1,124134,519
CP048235.1,126313,511
CP048235.1,126321,555
CP048235.1,126338,296
CP048235.1,126352,940
CP048235.1,126359,1711
CP048235.1,126370,772
CP048235.1,126388,347
CP048235.1,126533,62
CP048235.1,126535,180
CP048235.1,126537,1
CP048235.1,127999,1
CP048235.1,128401,4
CP048235.1,128626,70
CP048235.1,128833,295
CP048235.1,128858,244
CP048235.1,128931,75
CP048235.1,128938,309
CP048235.1,129006,3
CP048235.1,129057,32
CP048235.1,129063,16
CP048235.1,129079,1121
CP048235.1,129090,666
CP048235.1,130862,80
CP048235.1,130882,94
CP048235.1,134492,459
CP048235.1,134532,3887
CP048235.1,134538,635
CP048235.1,134550,81
CP048235.1,134583,10
CP048235.1,134862,5
CP048235.1,135029,1
CP048235.1,135097,229
CP048235.1,135819,1
CP048235.1,137923,28
CP048235.1,138221,132
CP048235.1,138296,332
CP048235.1,138297,453
CP048235.1,138303,2461
CP048235.1,138363,574
CP048235.1,138370,560
CP048235.1,138383,1
CP048235.1,139579,1
CP048235.1,139779,2
CP048235.1,139786,1468
CP048235.1,140146,87
CP048235.1,140172,424
CP048235.1,140179,1474
CP048235.1,140194,1694
CP048235.1,140232,722
CP048235.1,140245,1
CP048235.1,140252,1
CP048235.1,140295,327
CP048235.1,140302,1
CP048235.1,140340,1
CP048235.1,140480,14
CP048235.1,140973,2
CP048235.1,141795,70
CP048235.1,141862,15
CP048235.1,141925,530
CP048235.1,141938,887
CP048235.1,142183,31
CP048235.1,142382,37
CP048235.1,142600,1
CP048235.1,143061,516
CP048235.1,143198,301
CP048235.1,143417,317
CP048235.1,143567,506
CP048235.1,143693,484
CP048235.1,143843,420
CP048235.1,143850,69
CP048235.1,143877,191
CP048235.1,143910,8
CP048235.1,143914,1077
CP048235.1,144058,568
CP048235.1,144076,58
CP048235.1,144106,459
CP048235.1,144113,205
CP048235.1,144150,253
CP048235.1,144155,1
CP048235.1,144162,525
CP048235.1,144245,1
CP048235.1,144270,211
CP048235.1,144435,58
CP048235.1,144479,717
CP048235.1,144547,24
CP048235.1,144575,15
CP048235.1,144734,3
CP048235.1,144741,1104
CP048235.1,144916,3
CP048235.1,144993,41
CP048235.1,145004,20
CP048235.1,145041,490
CP048235.1,145046,279
CP048235.1,145048,469
CP048235.1,145052,1
CP048235.1,145054,333
CP048235.1,145130,226
CP048235.1,145137,57
CP048235.1,145220,2
CP048235.1,145361,53
CP048235.1,145375,2
CP048235.1,145446,13
CP048235.1,145453,2
CP048235.1,145507,641
CP048235.1,145514,1918
CP048235.1,145586,15
CP048235.1,145858,190
CP048235.1,145865,10
CP048235.1,145958,1878
CP048235.1,146072,858
CP048235.1,146377,12
CP048235.1,146433,1574
CP048235.1,148164,58
CP048235.1,148178,170
CP048235.1,148214,247
CP048235.1,148470,654
CP048235.1,149102,881
CP048235.1,149207,197
CP048235.1,149272,29
CP048235.1,149320,205
CP048235.1,149509,1092
CP048235.1,149604,580
CP048235.1,149924,487
CP048235.1,149931,333
CP048235.1,149939,30
CP048235.1,149981,1172
CP048235.1,150036,1
CP048235.1,150038,271
CP048235.1,150043,1055
CP048235.1,150170,71
CP048235.1,150284,593
CP048235.1,150291,189
CP048235.1,150314,85
CP048235.1,150406,8
CP048235.1,150434,491
CP048235.1,150466,192
CP048235.1,150491,1040
CP048235.1,150498,16
CP048235.1,150528,1
CP048235.1,150541,2491
CP048235.1,150572,156
CP048235.1,150607,197
CP048235.1,150615,52
CP048235.1,150676,25
CP048235.1,150704,102
CP048235.1,150716,501
CP048235.1,150723,603
CP048235.1,150769,18
CP048235.1,150903,42
CP048235.1,151044,366
CP048235.1,152023,736
CP048235.1,152460,29
CP048235.1,152980,404
CP048235.1,153095,360
CP048235.1,153179,22
CP048235.1,153186,169
CP048235.1,153189,245
CP048235.1,153190,13
CP048235.1,153198,470
CP048235.1,153205,23
CP048235.1,153338,445
CP048235.1,153384,3
CP048235.1,153455,13
CP048235.1,153874,17
CP048235.1,156381,193
CP048235.1,156481,8
CP048235.1,156916,84
CP048235.1,157558,52
CP048235.1,158357,1
CP048235.1,160338,791
CP048235.1,160725,1
CP048235.1,161625,20
CP048235.1,161742,202
CP048235.1,161837,299
CP048235.1,161854,455
CP048235.1,161866,719
CP048235.1,161977,78
CP048235.1,161984,1756
CP048235.1,161993,152
CP048235.1,161994,280
CP048235.1,162000,141
CP048235.1,162087,1558
CP048235.1,162094,375
CP048235.1,162187,34
CP048235.1,162235,115
CP048235.1,162242,99
CP048235.1,162259,1476
CP048235.1,162266,802
CP048235.1,162289,113
CP048235.1,162319,347
CP048235.1,162322,414
CP048235.1,162341,191
CP048235.1,162345,66
CP048235.1,162352,1
CP048235.1,162374,104
CP048235.1,162426,1
CP048235.1,162468,877
CP048235.1,162469,2
CP048235.1,162532,1066
CP048235.1,162536,1
CP048235.1,162539,658
CP048235.1,162594,1372
CP048235.1,162602,1
CP048235.1,162786,344
CP048235.1,162837,372
CP048235.1,162910,1
CP048235.1,163060,671
CP048235.1,163093,407
CP048235.1,163167,1061
CP048235.1,163183,51
CP048235.1,163190,870
CP048235.1,163242,758
CP048235.1,163248,512
CP048235.1,163261,810
CP048235.1,163263,13
CP048235.1,163268,194
CP048235.1,163293,817
CP048235.1,163300,901
CP048235.1,163307,488
CP048235.1,163314,233
CP048235.1,163341,2290
CP048235.1,163414,1
CP048235.1,163430,1
CP048235.1,163441,926
CP048235.1,163450,1
CP048235.1,163491,3
CP048235.1,163511,4698
CP048235.1,163518,1547
CP048235.1,163522,4
CP048235.1,163553,159
CP048235.1,163577,721
CP048235.1,163586,608
CP048235.1,163590,410
CP048235.1,163597,4927
CP048235.1,163631,75
CP048235.1,163641,1249
CP048235.1,163653,22
CP048235.1,163698,513
CP048235.1,163700,1611
CP048235.1,163703,634
CP048235.1,163705,1126
CP048235.1,163707,4
CP048235.1,163710,62
CP048235.1,163721,13
CP048235.1,163738,123
CP048235.1,163741,440
CP048235.1,163745,1228
CP048235.1,163767,520
CP048235.1,163790,675
CP048235.1,163813,589
CP048235.1,163819,1032
CP048235.1,163820,451
CP048235.1,163826,531
CP048235.1,163858,547
CP048235.1,163870,289
CP048235.1,163901,6
CP048235.1,163913,1
CP048235.1,163920,146
CP048235.1,163922,68
CP048235.1,163993,102
CP048235.1,163998,436
CP048235.1,164068,429
CP048235.1,164086,40
CP048235.1,164303,1
CP048235.1,164364,761
CP048235.1,164403,1
CP048235.1,164459,39
CP048235.1,164742,6
CP048235.1,164761,982
CP048235.1,164975,103
CP048235.1,165146,174
CP048235.1,165153,190
CP048235.1,165160,96
CP048235.1,165474,239
CP048235.1,166291,757
CP048235.1,166298,1301
CP048235.1,166301,620
CP048235.1,166342,117
CP048235.1,166454,75
CP048235.1,166472,131
CP048235.1,166518,1
CP048235.1,167008,2026
CP048235.1,167020,1243
CP048235.1,167022,483
CP048235.1,167027,1346
CP048235.1,167029,48
CP048235.1,167032,5
CP048235.1,167041,28
CP048235.1,167044,25
CP048235.1,167048,2440
CP048235.1,167049,42
CP048235.1,167051,371
CP048235.1,167065,578
CP048235.1,167104,341
CP048235.1,167111,1460
CP048235.1,167117,432
CP048235.1,167119,4086
CP048235.1,167124,18
CP048235.1,167126,78
CP048235.1,167133,24
CP048235.1,167162,7
CP048235.1,167170,7998
CP048235.1,167176,2
CP048235.1,167177,537
CP048235.1,167183,1998
CP048235.1,167185,434
CP048235.1,167226,420
CP048235.1,167235,99
CP048235.1,167275,496
CP048235.1,167356,337
CP048235.1,167363,368
CP048235.1,167419,173
CP048235.1,167426,447
CP048235.1,167427,674
CP048235.1,167460,828
CP048235.1,167485,24
CP048235.1,167533,37
CP048235.1,167540,1
CP048235.1,167625,435
CP048235.1,169860,97
CP048235.1,169869,523
CP048235.1,170058,57
CP048235.1,170111,563
CP048235.1,170133,711
CP048235.1,170136,353
CP048235.1,170189,40
CP048235.1,170672,58
CP048235.1,173450,110
CP048235.1,173554,725
CP048235.1,174732,1
CP048235.1,178725,12
CP048235.1,178734,12
CP048235.1,178928,330
CP048235.1,179021,730
CP048235.1,179279,641
CP048235.1,179989,980
CP048235.1,179996,202
CP048235.1,180028,740
CP048235.1,180035,520
CP048235.1,180050,369
CP048235.1,180415,31
CP048235.1,180431,83
CP048235.1,180438,537
CP048235.1,180543,127
CP048235.1,180628,344
CP048235.1,180675,11
CP048235.1,180810,1754
CP048235.1,180963,810
CP048235.1,180979,1
CP048235.1,181036,41
CP048235.1,181065,372
CP048235.1,181187,572
CP048235.1,181194,2
CP048235.1,181250,493
CP048235.1,181310,419
CP048235.1,181364,148
CP048235.1,181373,133
CP048235.1,181380,1
CP048235.1,181640,825
CP048235.1,182822,238
CP048235.1,182947,54
CP048235.1,184990,1276
CP048235.1,185190,78
CP048235.1,185669,189
CP048235.1,186056,67
CP048235.1,186130,19
CP048235.1,186137,17
CP048235.1,186178,404
CP048235.1,186198,46
CP048235.1,186234,172
CP048235.1,186350,77
CP048235.1,186378,1330
CP048235.1,186385,638
CP048235.1,186393,409
CP048235.1,186405,126
CP048235.1,186412,5
CP048235.1,186419,76
CP048235.1,186434,611
CP048235.1,186441,561
CP048235.1,186471,436
CP048235.1,186489,54
CP048235.1,186505,100
CP048235.1,186557,36
CP048235.1,186574,92
CP048235.1,186579,162
CP048235.1,186588,923
CP048235.1,186589,92
CP048235.1,186596,40
CP048235.1,186603,51
CP048235.1,186662,4
CP048235.1,186669,112
CP048235.1,186687,41
CP048235.1,186694,773
CP048235.1,186702,148
CP048235.1,186750,51
CP048235.1,186754,763
CP048235.1,186757,392
CP048235.1,186763,109
CP048235.1,186765,388
CP048235.1,186779,94
CP048235.1,186804,27
CP048235.1,187333,1
CP048235.1,187906,1
CP048235.1,188859,21
CP048235.1,189280,451
CP048235.1,189287,4
CP048235.1,189480,114
CP048235.1,189786,121
CP048235.1,190864,767
CP048235.1,191027,48
CP048235.1,191034,277
CP048235.1,191293,2
CP048235.1,191346,20
CP048235.1,191370,1952
CP048235.1,191384,16
CP048235.1,191391,405
CP048235.1,191411,54
CP048235.1,191419,1
CP048235.1,191445,2113
CP048235.1,191449,145
CP048235.1,191452,6123
CP048235.1,191456,175
CP048235.1,191536,29
CP048235.1,191724,208
CP048235.1,193128,105
CP048235.1,193168,1
CP048235.1,193241,77
CP048235.1,193289,120
CP048235.1,193413,1
CP048235.1,193422,3
CP048235.1,193429,265
CP048235.1,193450,72
CP048235.1,193454,167
CP048235.1,193476,1218
CP048235.1,193495,770
CP048235.1,193687,2013
CP048235.1,193732,889
CP048235.1,193751,28
CP048235.1,193790,1865
CP048235.1,193804,253
CP048235.1,193858,1089
CP048235.1,193865,1
CP048235.1,193867,2
CP048235.1,193872,53
CP048235.1,193875,1595
CP048235.1,193882,890
CP048235.1,193972,32
CP048235.1,193987,2392
CP048235.1,194121,581
CP048235.1,194126,2665
CP048235.1,194219,1009
CP048235.1,194308,1
CP048235.1,194473,1
CP048235.1,194528,955
CP048235.1,194668,2
CP048235.1,194873,619
CP048235.1,194902,1
CP048235.1,194949,2
CP048235.1,195086,10
CP048235.1,195088,614
CP048235.1,195123,25
CP048235.1,195130,783
CP048235.1,195146,115
CP048235.1,195287,1622
CP048235.1,195293,89
CP048235.1,195305,1
CP048235.1,195327,228
CP048235.1,195348,1
CP048235.1,195488,4
CP048235.1,195494,1
CP048235.1,195500,4
CP048235.1,197353,109
CP048235.1,198536,35
CP048235.1,199053,541
CP048235.1,199375,26
CP048235.1,199568,4
CP048235.1,199575,421
CP048235.1,199937,75
CP048235.1,200134,606
CP048235.1,200147,477
CP048235.1,200166,538
CP048235.1,200921,137
CP048235.1,200928,656
CP048235.1,201308,1
CP048235.1,202025,1002
CP048235.1,202185,32
CP048235.1,202282,222
CP048235.1,202443,3
CP048235.1,202445,526
CP048235.1,202497,36
CP048235.1,202504,126
CP048235.1,202519,175
CP048235.1,202644,4
CP048235.1,203447,112
CP048235.1,203481,21
CP048235.1,205338,308
CP048235.1,205367,1051
CP048235.1,205427,1431
CP048235.1,205436,265
CP048235.1,205485,1
CP048235.1,205750,779
CP048235.1,206107,1913
CP048235.1,206250,1
CP048235.1,206452,962
CP048235.1,207068,2709
CP048235.1,207075,1030
CP048235.1,207079,324
CP048235.1,207080,1
CP048235.1,207081,634
CP048235.1,207094,849
CP048235.1,207098,2075
CP048235.1,207113,1
CP048235.1,207120,17
CP048235.1,207127,528
CP048235.1,207134,1134
CP048235.1,207141,4251
CP048235.1,207148,458
CP048235.1,207151,79
CP048235.1,207158,514
CP048235.1,207254,1234
CP048235.1,207261,417
CP048235.1,207262,465
CP048235.1,207266,52
CP048235.1,207273,10
CP048235.1,207274,1
CP048235.1,207279,1284
CP048235.1,207285,760
CP048235.1,207320,1806
CP048235.1,207327,1640
CP048235.1,207331,329
CP048235.1,207347,100
CP048235.1,207479,9
CP048235.1,207738,1
CP048235.1,207790,639
CP048235.1,207797,1365
CP048235.1,207895,246
CP048235.1,207934,464
CP048235.1,208000,452
CP048235.1,208004,457
CP048235.1,208006,27
CP048235.1,208008,272
CP048235.1,208012,350
CP048235.1,208015,496
CP048235.1,208019,1105
CP048235.1,208026,519
CP048235.1,208033,185
CP048235.1,208076,16
CP048235.1,208205,1771
CP048235.1,208214,368
CP048235.1,208239,698
CP048235.1,208246,467
CP048235.1,208248,282
CP048235.1,208278,859
CP048235.1,208288,505
CP048235.1,208326,1078
CP048235.1,208333,567
CP048235.1,208366,332
CP048235.1,208399,83
CP048235.1,208429,262
CP048235.1,208465,672
CP048235.1,208469,1
CP048235.1,208605,408
CP048235.1,208637,531
CP048235.1,208760,635
CP048235.1,208807,1234
CP048235.1,209276,1008
CP048235.1,213551,716
CP048235.1,214947,984
CP048235.1,214951,760
CP048235.1,214954,438
CP048235.1,214961,403
CP048235.1,214968,302
CP048235.1,219049,1557
CP048235.1,219056,4
CP048235.1,219060,1
CP048235.1,219065,2196
CP048235.1,219072,1023
CP048235.1,219088,1
CP048235.1,219128,409
CP048235.1,219132,256
CP048235.1,219245,51
CP048235.1,219322,287
CP048235.1,219354,237
CP048235.1,219361,562
CP048235.1,219384,176
CP048235.1,219414,619
CP048235.1,219654,62
CP048235.1,220067,84
CP048235.1,220562,1
CP048235.1,220715,131
CP048235.1,222820,1
CP048235.1,223047,19
CP048235.1,223730,2
CP048235.1,224434,462
CP048235.1,224613,552
CP048235.1,225440,2
CP048235.1,225447,138
CP048235.1,225587,610
CP048235.1,225657,76
CP048235.1,225939,631
CP048235.1,225943,101
CP048235.1,225945,1
CP048235.1,225948,158
CP048235.1,225949,442
CP048235.1,225954,465
CP048235.1,225955,92
CP048235.1,225971,243
CP048235.1,225978,254
CP048235.1,227061,171
CP048235.1,227258,263
CP048235.1,227392,26
CP048235.1,227637,875
CP048235.1,227639,1002
CP048235.1,227646,711
CP048235.1,227664,926
CP048235.1,227669,274
CP048235.1,227683,240
CP048235.1,228054,1424
CP048235.1,228355,21
CP048235.1,228362,446
CP048235.1,229226,6
CP048235.1,230106,114
CP048235.1,230470,169
CP048235.1,230728,298
CP048235.1,230989,316
CP048235.1,230996,106
CP048235.1,231036,98
CP048235.1,231041,13
CP048235.1,231604,2
CP048235.1,231608,34
CP048235.1,231937,478
CP048235.1,231967,96
CP048235.1,232514,8
CP048235.1,232556,442
CP048235.1,232675,2454
CP048235.1,232682,2324
CP048235.1,233212,182
CP048235.1,233344,5
CP048235.1,233347,1541
CP048235.1,233351,21
CP048235.1,233354,3
CP048235.1,233441,390
CP048235.1,233503,162
CP048235.1,233514,89
CP048235.1,233521,380
CP048235.1,233571,13
CP048235.1,233588,288
CP048235.1,233595,1249
CP048235.1,233597,585
CP048235.1,233602,2343
CP048235.1,233609,632
CP048235.1,233750,527
CP048235.1,233752,142
CP048235.1,233919,1323
CP048235.1,233928,433
CP048235.1,233936,385
CP048235.1,233945,283
CP048235.1,233949,32
CP048235.1,234101,553
CP048235.1,234108,354
CP048235.1,234143,34
CP048235.1,234284,80
CP048235.1,234299,1313
CP048235.1,234570,926
CP048235.1,234798,1598
CP048235.1,234820,208
CP048235.1,234945,868
CP048235.1,235329,40
CP048235.1,235425,293
CP048235.1,235432,667
CP048235.1,235445,1099
CP048235.1,235511,493
CP048235.1,235572,50
CP048235.1,235579,120
CP048235.1,235597,22
CP048235.1,235602,474
CP048235.1,235661,53
CP048235.1,235668,630
CP048235.1,235715,663
CP048235.1,235719,246
CP048235.1,235722,2705
CP048235.1,235723,124
CP048235.1,235777,15
CP048235.1,235835,413
CP048235.1,235840,151
CP048235.1,235843,87
CP048235.1,235863,60
CP048235.1,236525,51
CP048235.1,236709,1190
CP048235.1,236716,14
CP048235.1,236842,354
CP048235.1,236895,87
CP048235.1,236898,21
CP048235.1,237114,43
CP048235.1,237404,427
CP048235.1,237505,1
CP048235.1,239410,432
CP048235.1,239414,43
CP048235.1,239423,48
CP048235.1,239427,307
CP048235.1,239428,290
CP048235.1,239429,158
CP048235.1,239436,51
CP048235.1,239443,424
CP048235.1,240454,64
CP048235.1,240653,227
CP048235.1,240664,489
CP048235.1,240671,967
CP048235.1,240691,21
CP048235.1,240811,1
CP048235.1,240848,2
CP048235.1,240855,5
CP048235.1,240886,7
CP048235.1,240888,90
CP048235.1,240893,5
CP048235.1,240936,345
CP048235.1,240960,142
CP048235.1,241149,114
CP048235.1,241209,4
CP048235.1,241298,770
CP048235.1,241322,800
CP048235.1,241354,497
CP048235.1,241361,3012
CP048235.1,241379,446
CP048235.1,241495,180
CP048235.1,241502,1151
CP048235.1,241630,147
CP048235.1,241637,284
CP048235.1,241733,780
CP048235.1,241821,567
CP048235.1,241876,72
CP048235.1,241883,85
CP048235.1,241936,341
CP048235.1,241991,655
CP048235.1,242243,478
CP048235.1,242285,7
CP048235.1,242289,200
CP048235.1,242311,4545
CP048235.1,242318,236
CP048235.1,242436,7
CP048235.1,242467,559
CP048235.1,242648,132
CP048235.1,242970,2
CP048235.1,242988,28
CP048235.1,243055,174
CP048235.1,243132,63
CP048235.1,243134,2
CP048235.1,243182,323
CP048235.1,243189,1751
CP048235.1,243211,274
CP048235.1,243274,332
CP048235.1,243506,987
CP048235.1,243751,154
CP048235.1,243754,1
CP048235.1,243761,133
CP048235.1,244844,103
CP048235.1,244851,1550
CP048235.1,244978,1
CP048235.1,245688,1961
CP048235.1,245977,930
CP048235.1,246079,669
CP048235.1,246264,575
CP048235.1,246286,1
CP048235.1,246293,851
CP048235.1,246442,280
CP048235.1,246474,30
CP048235.1,246476,33
CP048235.1,246501,1
CP048235.1,246580,442
CP048235.1,246587,617
CP048235.1,246627,1
CP048235.1,246634,130
CP048235.1,246639,775
CP048235.1,246646,1514
CP048235.1,246785,20
CP048235.1,246789,6
CP048235.1,246885,294
CP048235.1,246894,72
CP048235.1,246978,317
CP048235.1,247003,9
CP048235.1,247010,610
CP048235.1,247014,345
CP048235.1,247099,747
CP048235.1,247130,397
CP048235.1,247144,2
CP048235.1,247150,36
CP048235.1,247151,1
CP048235.1,247152,7
CP048235.1,247165,268
CP048235.1,247168,5
CP048235.1,247177,173
CP048235.1,247180,3
CP048235.1,247191,133
CP048235.1,247195,1
CP048235.1,247204,2354
CP048235.1,247211,479
CP048235.1,247219,1132
CP048235.1,247221,2366
CP048235.1,247226,231
CP048235.1,247228,496
CP048235.1,247244,888
CP048235.1,247248,1
CP048235.1,247253,1
CP048235.1,247258,401
CP048235.1,247267,1653
CP048235.1,247279,1
CP048235.1,247284,10
CP048235.1,247291,70
CP048235.1,247317,508
CP048235.1,247336,774
CP048235.1,247340,4056
CP048235.1,247343,634
CP048235.1,247347,3659
CP048235.1,247372,337
CP048235.1,247377,30
CP048235.1,247381,364
CP048235.1,247382,1
CP048235.1,247457,553
CP048235.1,247488,429
CP048235.1,247518,2637
CP048235.1,247522,7
CP048235.1,247525,35
CP048235.1,247527,3585
CP048235.1,247534,478
CP048235.1,247546,540
CP048235.1,247553,2944
CP048235.1,247554,299
CP048235.1,247571,571
CP048235.1,247576,403
CP048235.1,247611,11
CP048235.1,247685,460
CP048235.1,247690,38
CP048235.1,247698,133
CP048235.1,247709,487
CP048235.1,247746,376
CP048235.1,247774,11
CP048235.1,247794,191
CP048235.1,247801,531
CP048235.1,247808,1373
CP048235.1,247809,381
CP048235.1,247810,306
CP048235.1,247812,8
CP048235.1,247816,226
CP048235.1,247827,4533
CP048235.1,247831,4191
CP048235.1,247834,1599
CP048235.1,247838,1555
CP048235.1,247844,49
CP048235.1,247894,427
CP048235.1,247896,3870
CP048235.1,247901,1961
CP048235.1,247903,3525
CP048235.1,247910,139
CP048235.1,247917,17
CP048235.1,247967,610
CP048235.1,247974,1247
CP048235.1,247978,320
CP048235.1,247993,59
CP048235.1,248000,7
CP048235.1,248012,10
CP048235.1,248016,11
CP048235.1,248022,233
CP048235.1,248029,99
CP048235.1,248043,1
CP048235.1,248056,699
CP048235.1,248063,23
CP048235.1,248069,7
CP048235.1,248105,1
CP048235.1,248108,326
CP048235.1,248112,4
CP048235.1,248122,13
CP048235.1,248139,7
CP048235.1,248145,197
CP048235.1,248169,160
CP048235.1,248299,116
CP048235.1,248336,4
CP048235.1,248380,330
CP048235.1,248437,83
CP048235.1,248837,2
CP048235.1,248936,930
CP048235.1,248960,997
CP048235.1,249070,541
CP048235.1,249117,659
CP048235.1,249143,1127
CP048235.1,249145,112
CP048235.1,249150,189
CP048235.1,249152,643
CP048235.1,249248,9
CP048235.1,249339,1030
CP048235.1,249488,4
CP048235.1,249811,140
CP048235.1,249954,561
CP048235.1,249961,558
CP048235.1,249965,90
CP048235.1,249998,42
CP048235.1,250165,116
CP048235.1,250262,1166
CP048235.1,250273,1
CP048235.1,250325,443
CP048235.1,250455,248
CP048235.1,250458,321
CP048235.1,250530,465
CP048235.1,250578,609
CP048235.1,250715,124
CP048235.1,250722,3
CP048235.1,250885,1
CP048235.1,251649,165
CP048235.1,252221,398
CP048235.1,252720,887
CP048235.1,252901,221
CP048235.1,253035,2
CP048235.1,253104,137
CP048235.1,253154,284
CP048235.1,253169,472
CP048235.1,253299,440
CP048235.1,253300,840
CP048235.1,253336,119
CP048235.1,253338,677
CP048235.1,253343,490
CP048235.1,253345,54
CP048235.1,253405,240
CP048235.1,253428,87
CP048235.1,253481,42
CP048235.1,253663,1
CP048235.1,253669,129
CP048235.1,254903,32
CP048235.1,254918,129
CP048235.1,257624,55
CP048235.1,257694,3
CP048235.1,257721,664
CP048235.1,257754,104
CP048235.1,258368,198
CP048235.1,258375,447
CP048235.1,258398,1
CP048235.1,258404,2073
CP048235.1,258405,1
CP048235.1,258411,613
CP048235.1,258437,1
CP048235.1,258462,5043
CP048235.1,258469,5072
CP048235.1,258491,147
CP048235.1,258530,1027
CP048235.1,258537,1826
CP048235.1,258548,6
CP048235.1,258564,402
CP048235.1,258619,454
CP048235.1,258626,117
CP048235.1,258642,82
CP048235.1,258652,769
CP048235.1,258658,1284
CP048235.1,258714,100
CP048235.1,258716,375
CP048235.1,258718,416
CP048235.1,258720,1918
CP048235.1,258723,74
CP048235.1,258775,882
CP048235.1,258779,1
CP048235.1,258799,187
CP048235.1,258800,207
CP048235.1,258802,952
CP048235.1,258811,677
CP048235.1,258813,1928
CP048235.1,258820,943
CP048235.1,258832,522
CP048235.1,258839,21
CP048235.1,258845,2
CP048235.1,258847,1998
CP048235.1,258873,17
CP048235.1,258877,1
CP048235.1,258921,7
CP048235.1,258948,1401
CP048235.1,258950,731
CP048235.1,258967,517
CP048235.1,258990,617
CP048235.1,259006,615
CP048235.1,259049,4
CP048235.1,259128,914
CP048235.1,259159,27
CP048235.1,259309,353
CP048235.1,259366,46
CP048235.1,259496,250
CP048235.1,259552,3
CP048235.1,259758,125
CP048235.1,260174,19
CP048235.1,260754,51
CP048235.1,261265,1
CP048235.1,262072,16
CP048235.1,264195,1666
CP048235.1,264615,229
CP048235.1,264623,273
CP048235.1,264701,19
CP048235.1,264767,1
CP048235.1,264824,592
CP048235.1,264831,1559
CP048235.1,264857,519
CP048235.1,264990,461
CP048235.1,265020,1
CP048235.1,265061,192
CP048235.1,265068,362
CP048235.1,265093,233
CP048235.1,265198,720
CP048235.1,265203,8
CP048235.1,265275,260
CP048235.1,265374,113
CP048235.1,265444,563
CP048235.1,266176,7
CP048235.1,266552,63
CP048235.1,266628,63
CP048235.1,266633,165
CP048235.1,266644,172
CP048235.1,268298,1
CP048235.1,268305,268
CP048235.1,268406,389
CP048235.1,269098,70
CP048235.1,269666,1
CP048235.1,269996,188
CP048235.1,270003,707
CP048235.1,270044,25
CP048235.1,270062,585
CP048235.1,270067,366
CP048235.1,270069,362
CP048235.1,270126,693
CP048235.1,270203,327
CP048235.1,270377,7
CP048235.1,270459,144
CP048235.1,270992,248
CP048235.1,271700,3
CP048235.1,271720,43
CP048235.1,272372,108
CP048235.1,272529,345
CP048235.1,272582,199
CP048235.1,273982,502
CP048235.1,275039,19
CP048235.1,275059,237
CP048235.1,275149,432
CP048235.1,275163,30
CP048235.1,275190,126
CP048235.1,275194,376
CP048235.1,275201,2
CP048235.1,275207,150
CP048235.1,275214,184
CP048235.1,275240,57
CP048235.1,275282,1
CP048235.1,275301,152
CP048235.1,275362,239
CP048235.1,275367,44
CP048235.1,275368,44
CP048235.1,275369,534
CP048235.1,275388,166
CP048235.1,275402,49
CP048235.1,275408,757
CP048235.1,275446,370
CP048235.1,275452,1606
CP048235.1,275522,521
CP048235.1,275529,1052
CP048235.1,275531,87
CP048235.1,275563,68
CP048235.1,275565,44
CP048235.1,275573,180
CP048235.1,275580,647
CP048235.1,275585,7
CP048235.1,275648,15
CP048235.1,275653,253
CP048235.1,275655,18
CP048235.1,275684,85
CP048235.1,275806,20
CP048235.1,275832,1
CP048235.1,275838,1872
CP048235.1,275860,450
CP048235.1,275875,672
CP048235.1,275882,161
CP048235.1,275915,2
CP048235.1,275923,144
CP048235.1,275930,4068
CP048235.1,275946,1
CP048235.1,275953,1779
CP048235.1,275964,4146
CP048235.1,275965,27
CP048235.1,275971,382
CP048235.1,275973,1
CP048235.1,275983,1577
CP048235.1,275989,11
CP048235.1,275995,4
CP048235.1,276002,860
CP048235.1,276003,2
CP048235.1,276159,140
CP048235.1,276165,138
CP048235.1,276166,1
CP048235.1,276172,1
CP048235.1,276216,14
CP048235.1,276279,75
CP048235.1,276304,1
CP048235.1,276333,375
CP048235.1,276379,102
CP048235.1,276484,633
CP048235.1,276550,1586
CP048235.1,276591,15
CP048235.1,276606,29
CP048235.1,276662,50
CP048235.1,277432,1
CP048235.1,277872,419
CP048235.1,279025,28
CP048235.1,280517,191
CP048235.1,284740,110
CP048235.1,284748,1530
CP048235.1,285585,254
CP048235.1,285886,735
CP048235.1,285890,63
CP048235.1,285933,172
CP048235.1,286117,692
CP048235.1,286725,240
CP048235.1,286739,200
CP048235.1,287085,88
CP048235.1,288476,1
CP048235.1,288483,36
CP048235.1,288614,272
CP048235.1,288770,121
CP048235.1,289474,144
CP048235.1,289481,664
CP048235.1,289516,86
CP048235.1,289624,7
CP048235.1,289631,586
CP048235.1,289759,445
CP048235.1,289892,20
CP048235.1,290070,1
CP048235.1,290340,14
CP048235.1,290353,2
CP048235.1,290419,1063
CP048235.1,290453,947
CP048235.1,290614,458
CP048235.1,290981,612
CP048235.1,291009,305
CP048235.1,291025,515
CP048235.1,291031,249
CP048235.1,291038,494
CP048235.1,291077,1
CP048235.1,292164,2
CP048235.1,292224,1042
CP048235.1,293645,448
CP048235.1,293711,460
CP048235.1,293743,1
CP048235.1,293764,527
CP048235.1,293880,1272
CP048235.1,293887,1142
CP048235.1,294163,163
CP048235.1,294170,573
CP048235.1,294662,1826
CP048235.1,294854,655
CP048235.1,295022,31
CP048235.1,295048,866
CP048235.1,295062,1453
CP048235.1,295086,121
CP048235.1,297138,1319
CP048235.1,297850,480
CP048235.1,297914,54
CP048235.1,297931,61
CP048235.1,297952,235
CP048235.1,297959,1117
CP048235.1,297978,376
CP048235.1,297982,2
CP048235.1,297992,729
CP048235.1,298008,1
CP048235.1,298048,3
CP048235.1,298082,1
CP048235.1,300241,1
CP048235.1,300285,45
CP048235.1,300297,464
CP048235.1,300304,434
CP048235.1,300306,24
CP048235.1,300316,968
CP048235.1,300323,409
CP048235.1,300333,289
CP048235.1,300339,181
CP048235.1,300341,30
CP048235.1,300343,326
CP048235.1,300346,1128
CP048235.1,300348,226
CP048235.1,300383,2086
CP048235.1,300387,149
CP048235.1,300390,2085
CP048235.1,300392,422
CP048235.1,300414,762
CP048235.1,300420,126
CP048235.1,300421,726
CP048235.1,300427,849
CP048235.1,300614,238
CP048235.1,300760,599
CP048235.1,300955,38
CP048235.1,302043,249
CP048235.1,302342,252
CP048235.1,302548,227
CP048235.1,302567,937
CP048235.1,302577,10
CP048235.1,302650,631
CP048235.1,302768,6
CP048235.1,302816,6
CP048235.1,302829,1
CP048235.1,302831,31
CP048235.1,302851,175
CP048235.1,302855,1075
CP048235.1,302872,430
CP048235.1,302965,790
CP048235.1,302967,142
CP048235.1,302989,8
CP048235.1,303020,237
CP048235.1,303027,1
CP048235.1,303047,240
CP048235.1,303051,1
CP048235.1,303071,92
CP048235.1,303085,1728
CP048235.1,303092,650
CP048235.1,303140,336
CP048235.1,303146,827
CP048235.1,303153,570
CP048235.1,303229,1
CP048235.1,303279,100
CP048235.1,303353,483
CP048235.1,303393,104
CP048235.1,303584,597
CP048235.1,303591,50
CP048235.1,303916,380
CP048235.1,303923,325
CP048235.1,304022,377
CP048235.1,304054,1
CP048235.1,304900,952
CP048235.1,305273,749
CP048235.1,306170,163
CP048235.1,306901,1019
CP048235.1,307433,320
CP048235.1,307517,1
CP048235.1,307518,1486
CP048235.1,307537,4
CP048235.1,307544,1454
CP048235.1,308380,499
CP048235.1,308497,149
CP048235.1,308574,18
CP048235.1,308670,37
CP048235.1,308703,118
CP048235.1,308726,6
CP048235.1,308890,42
CP048235.1,308995,592
CP048235.1,309180,515
CP048235.1,309205,155
CP048235.1,309381,286
CP048235.1,309530,18
CP048235.1,309541,1
CP048235.1,309889,200
CP048235.1,310261,2
CP048235.1,311790,11
CP048235.1,311991,56
CP048235.1,312634,437
CP048235.1,313063,456
CP048235.1,313302,287
CP048235.1,313813,39
CP048235.1,314611,616
CP048235.1,315054,2
CP048235.1,315413,227
CP048235.1,315554,213
CP048235.1,316079,166
CP048235.1,316135,783
CP048235.1,317086,769
CP048235.1,317237,177
CP048235.1,317710,1125
CP048235.1,317750,174
CP048235.1,317776,927
CP048235.1,317783,5084
CP048235.1,317817,894
CP048235.1,317871,3316
CP048235.1,317982,283
CP048235.1,318020,812
CP048235.1,318174,528
CP048235.1,318385,92
CP048235.1,318419,405
CP048235.1,318466,2
CP048235.1,318531,189
CP048235.1,318575,1077
CP048235.1,318582,1446
CP048235.1,318757,898
CP048235.1,319391,777
CP048235.1,319693,1102
CP048235.1,320143,1
CP048235.1,320157,384
CP048235.1,320590,218
CP048235.1,320613,1174
CP048235.1,320654,525
CP048235.1,322318,84
CP048235.1,322720,1
CP048235.1,322778,25
CP048235.1,324907,3592
CP048235.1,325102,1113
CP048235.1,325107,864
CP048235.1,325162,1019
CP048235.1,325424,250
CP048235.1,329370,357
CP048235.1,330941,2
CP048235.1,331314,283
CP048235.1,332053,6
CP048235.1,332402,427
CP048235.1,334973,291
CP048235.1,335035,477
CP048235.1,335130,112
CP048235.1,335318,689
CP048235.1,335457,429
CP048235.1,335613,1
CP048235.1,335775,221
CP048235.1,336277,24
CP048235.1,336726,536
CP048235.1,337041,233
CP048235.1,337882,9
CP048235.1,338764,4
CP048235.1,339131,115
CP048235.1,339426,15
CP048235.1,339670,246
CP048235.1,339703,18
CP048235.1,339751,23
CP048235.1,339758,1381
CP048235.1,339860,2141
CP048235.1,339896,1512
CP048235.1,339958,1162
CP048235.1,340008,47
CP048235.1,340037,1158
CP048235.1,340193,1
CP048235.1,340212,82
CP048235.1,340481,584
CP048235.1,340541,1981
CP048235.1,340561,534
CP048235.1,340566,276
CP048235.1,340612,555
CP048235.1,340619,553
CP048235.1,340638,10
CP048235.1,340644,558
CP048235.1,340678,2
CP048235.1,340681,733
CP048235.1,340706,635
CP048235.1,340728,317
CP048235.1,340733,283
CP048235.1,340740,321
CP048235.1,340744,29
CP048235.1,340895,233
CP048235.1,340904,284
CP048235.1,341696,119
CP048235.1,342026,1
CP048235.1,343025,165
CP048235.1,345802,302
CP048235.1,345871,169
CP048235.1,345939,264
CP048235.1,345953,2
CP048235.1,345955,457
CP048235.1,345958,185
CP048235.1,345960,372
CP048235.1,345977,52
CP048235.1,346001,6769
CP048235.1,346008,2756
CP048235.1,346011,3
CP048235.1,346016,631
CP048235.1,346050,1
CP048235.1,346124,88
CP048235.1,346142,1428
CP048235.1,346147,1
CP048235.1,346199,219
CP048235.1,346200,211
CP048235.1,346212,402
CP048235.1,346214,1
CP048235.1,346305,342
CP048235.1,346312,1379
CP048235.1,346316,1278
CP048235.1,346337,820
CP048235.1,346339,614
CP048235.1,349927,183
CP048235.1,350103,3
CP048235.1,350118,14
CP048235.1,350124,483
CP048235.1,350125,339
CP048235.1,350135,6
CP048235.1,350142,485
CP048235.1,350156,365
CP048235.1,350161,330
CP048235.1,350195,922
CP048235.1,350202,840
CP048235.1,350217,406
CP048235.1,350224,513
CP048235.1,350236,4
CP048235.1,350276,9
CP048235.1,350294,789
CP048235.1,350301,1226
CP048235.1,350359,22
CP048235.1,350400,1
CP048235.1,351107,7
CP048235.1,351116,1333
CP048235.1,353114,301
CP048235.1,353466,210
CP048235.1,353475,432
CP048235.1,353545,31
CP048235.1,354856,1
CP048235.1,354911,19
CP048235.1,354927,449
CP048235.1,354940,63
CP048235.1,355204,64
CP048235.1,356241,377
CP048235.1,356667,73
CP048235.1,357559,198
CP048235.1,357575,1
CP048235.1,358115,34
CP048235.1,358122,151
CP048235.1,358129,1
CP048235.1,358130,1303
CP048235.1,358218,672
CP048235.1,358223,1
CP048235.1,358225,40
CP048235.1,358227,1
CP048235.1,358231,12
CP048235.1,359216,123
CP048235.1,362377,3
CP048235.1,362388,261
CP048235.1,362483,727
CP048235.1,366738,168
CP048235.1,366745,37
CP048235.1,368320,22
CP048235.1,368816,2144
CP048235.1,368935,68
CP048235.1,369117,201
CP048235.1,369135,475
CP048235.1,369160,380
CP048235.1,369231,21
CP048235.1,369268,804
CP048235.1,369275,352
CP048235.1,369553,295
CP048235.1,369604,1
CP048235.1,369647,1676
CP048235.1,369654,3
CP048235.1,370042,1559
CP048235.1,370218,136
CP048235.1,370299,1226
CP048235.1,370349,1
CP048235.1,370382,1
CP048235.1,370442,401
CP048235.1,370545,39
CP048235.1,373350,333
CP048235.1,373850,37
CP048235.1,373857,424
CP048235.1,375894,642
CP048235.1,376414,27
CP048235.1,376633,5
CP048235.1,376637,8
CP048235.1,376663,237
CP048235.1,376709,324
CP048235.1,376720,354
CP048235.1,376727,407
CP048235.1,376739,3
CP048235.1,376746,359
CP048235.1,376822,25
CP048235.1,376847,243
CP048235.1,376855,412
CP048235.1,376857,47
CP048235.1,376862,771
CP048235.1,376885,603
CP048235.1,376921,3
CP048235.1,376926,272
CP048235.1,376929,36
CP048235.1,376933,1
CP048235.1,376941,899
CP048235.1,376962,196
CP048235.1,376974,405
CP048235.1,377000,260
CP048235.1,377028,7
CP048235.1,377158,1
CP048235.1,377159,915
CP048235.1,377167,71
CP048235.1,377242,411
CP048235.1,377249,925
CP048235.1,377256,63
CP048235.1,377272,258
CP048235.1,377279,1521
CP048235.1,377287,132
CP048235.1,377307,35
CP048235.1,377393,2
CP048235.1,378238,893
CP048235.1,378720,1
CP048235.1,378726,1
CP048235.1,378739,424
CP048235.1,378807,124
CP048235.1,378808,678
CP048235.1,378817,178
CP048235.1,379574,1
CP048235.1,380749,497
CP048235.1,383071,279
CP048235.1,385199,507
CP048235.1,385440,526
CP048235.1,386314,288
CP048235.1,386650,1253
CP048235.1,386661,262
CP048235.1,390005,331
CP048235.1,390012,414
CP048235.1,390091,584
CP048235.1,390098,1081
CP048235.1,390115,34
CP048235.1,390189,226
CP048235.1,390211,365
CP048235.1,390253,531
CP048235.1,391210,113
CP048235.1,392506,188
CP048235.1,394531,314
CP048235.1,394889,369
CP048235.1,394896,1034
CP048235.1,394902,455
CP048235.1,396422,91
CP048235.1,396963,8
CP048235.1,400460,31
CP048235.1,400563,1012
CP048235.1,400577,113
CP048235.1,400680,152
CP048235.1,401080,46
CP048235.1,401539,221
CP048235.1,404411,32
CP048235.1,406877,1481
CP048235.1,407599,394
CP048235.1,407715,22
CP048235.1,408072,3
CP048235.1,408240,515
CP048235.1,408584,18
CP048235.1,408591,330
CP048235.1,408734,49
CP048235.1,408825,200
CP048235.1,409108,337
CP048235.1,409509,166
CP048235.1,410149,484
CP048235.1,411465,1
CP048235.1,411505,273
CP048235.1,413239,291
CP048235.1,413685,17
CP048235.1,415125,76
CP048235.1,416203,15
CP048235.1,416501,15
CP048235.1,417740,341
CP048235.1,418086,508
CP048235.1,418087,58
CP048235.1,418339,109
CP048235.1,418424,78
CP048235.1,419065,1
CP048235.1,419679,69
CP048235.1,421790,150
CP048235.1,421928,233
CP048235.1,422477,775
CP048235.1,422888,1
CP048235.1,423508,324
CP048235.1,423774,4
CP048235.1,423927,3
CP048235.1,423953,2
CP048235.1,424424,463
CP048235.1,424494,866
CP048235.1,424501,30
CP048235.1,424692,22
CP048235.1,424841,98
CP048235.1,424918,1124
CP048235.1,425024,57
CP048235.1,425056,1
CP048235.1,425362,379
CP048235.1,425670,227
CP048235.1,426660,101
CP048235.1,426685,38
CP048235.1,426688,462
CP048235.1,426743,47
CP048235.1,426750,1094
CP048235.1,426755,301
CP048235.1,426774,262
CP048235.1,426804,421
CP048235.1,426815,394
CP048235.1,426821,42
CP048235.1,426828,64
CP048235.1,426835,373
CP048235.1,427247,94
CP048235.1,427254,1
CP048235.1,427263,20
CP048235.1,427546,90
CP048235.1,427613,59
CP048235.1,427741,441
CP048235.1,427752,1166
CP048235.1,427764,448
CP048235.1,427809,43
CP048235.1,427811,2
CP048235.1,427827,2
CP048235.1,427832,85
CP048235.1,427835,130
CP048235.1,427897,237
CP048235.1,428114,19
CP048235.1,429062,84
CP048235.1,429800,5
CP048235.1,429807,41
CP048235.1,429923,1039
CP048235.1,429999,76
CP048235.1,430061,803
CP048235.1,430457,1
CP048235.1,430490,1
CP048235.1,430663,762
CP048235.1,430732,1
CP048235.1,430735,1583
CP048235.1,430799,481
CP048235.1,430921,680
CP048235.1,430954,314
CP048235.1,430958,76
CP048235.1,430961,68
CP048235.1,430963,161
CP048235.1,430970,259
CP048235.1,430984,1
CP048235.1,431056,164
CP048235.1,431161,47
CP048235.1,431262,88
CP048235.1,431303,22
CP048235.1,431379,1
CP048235.1,431438,334
CP048235.1,431441,77
CP048235.1,431476,25
CP048235.1,431551,36
CP048235.1,431780,8
CP048235.1,431787,150
CP048235.1,431916,391
CP048235.1,431962,21
CP048235.1,431971,578
CP048235.1,432040,222
CP048235.1,432047,634
CP048235.1,432070,85
CP048235.1,432197,88
CP048235.1,432388,363
CP048235.1,432582,2
CP048235.1,432610,943
CP048235.1,432779,327
CP048235.1,432871,853
CP048235.1,432878,1
CP048235.1,432921,50
CP048235.1,432977,912
CP048235.1,433055,59
CP048235.1,433072,207
CP048235.1,433098,778
CP048235.1,433138,329
CP048235.1,433192,113
CP048235.1,433306,290
CP048235.1,433313,684
CP048235.1,433346,1
CP048235.1,433356,96
CP048235.1,433437,1844
CP048235.1,433444,6485
CP048235.1,433445,654
CP048235.1,433463,6
CP048235.1,433498,338
CP048235.1,433638,286
CP048235.1,433645,1181
CP048235.1,433688,4
CP048235.1,434560,646
CP048235.1,434909,1
CP048235.1,435477,12
CP048235.1,435495,21
CP048235.1,435521,24
CP048235.1,435528,222
CP048235.1,435579,397
CP048235.1,435599,150
CP048235.1,435672,1
CP048235.1,435679,1
CP048235.1,435784,90
CP048235.1,436611,8
CP048235.1,436630,1
CP048235.1,436646,8
CP048235.1,436686,13
CP048235.1,436693,522
CP048235.1,436736,440
CP048235.1,436915,232
CP048235.1,436922,412
CP048235.1,437087,86
CP048235.1,437859,1454
CP048235.1,438465,1
CP048235.1,438472,406
CP048235.1,438474,149
CP048235.1,438553,162
CP048235.1,438861,1
CP048235.1,438875,280
CP048235.1,438882,2
CP048235.1,438895,197
CP048235.1,438902,1199
CP048235.1,438925,645
CP048235.1,438927,11
CP048235.1,438932,136
CP048235.1,438934,18
CP048235.1,438952,966
CP048235.1,438959,2349
CP048235.1,438975,162
CP048235.1,439055,2486
CP048235.1,439057,463
CP048235.1,445148,490
CP048235.1,445527,1
CP048235.1,448536,198
CP048235.1,449563,424
CP048235.1,450745,487
CP048235.1,450879,15
CP048235.1,450886,78
CP048235.1,451020,473
CP048235.1,451083,46
CP048235.1,451090,240
CP048235.1,451146,518
CP048235.1,451241,1813
CP048235.1,451248,730
CP048235.1,452113,490
CP048235.1,455474,145
CP048235.1,455528,71
CP048235.1,456544,256
CP048235.1,458963,63
CP048235.1,458967,1
CP048235.1,459205,203
CP048235.1,459752,52
CP048235.1,462404,788
CP048235.1,462411,809
CP048235.1,462431,1
CP048235.1,462500,717
CP048235.1,462519,202
CP048235.1,462526,829
CP048235.1,462532,253
CP048235.1,462621,196
CP048235.1,462794,58
CP048235.1,462863,378
CP048235.1,462944,1
CP048235.1,462951,62
CP048235.1,463102,2
CP048235.1,463144,3
CP048235.1,463153,460
CP048235.1,463883,142
CP048235.1,463910,17
CP048235.1,464066,1
CP048235.1,464142,606
CP048235.1,464207,3
CP048235.1,464220,89
CP048235.1,465303,467
CP048235.1,465434,208
CP048235.1,466186,574
CP048235.1,466676,40
CP048235.1,467174,1
CP048235.1,468660,1
CP048235.1,468907,666
CP048235.1,468914,176
CP048235.1,468933,45
CP048235.1,469027,211
CP048235.1,469463,313
CP048235.1,469528,906
CP048235.1,469535,35
CP048235.1,469555,3
CP048235.1,469572,10
CP048235.1,469625,158
CP048235.1,469699,453
CP048235.1,469937,770
CP048235.1,470326,906
CP048235.1,470392,168
CP048235.1,470399,6
CP048235.1,470449,238
CP048235.1,470452,775
CP048235.1,470488,9
CP048235.1,470527,59
CP048235.1,470528,120
CP048235.1,470634,136
CP048235.1,470949,12
CP048235.1,470974,45
CP048235.1,471033,1074
CP048235.1,471128,123
CP048235.1,471135,94
CP048235.1,471199,149
CP048235.1,471369,427
CP048235.1,471951,72
CP048235.1,471966,43
CP048235.1,472057,442
CP048235.1,472104,99
CP048235.1,472119,72
CP048235.1,472126,379
CP048235.1,472175,365
CP048235.1,472182,1255
CP048235.1,472299,431
CP048235.1,472306,2
CP048235.1,472392,127
CP048235.1,472476,6
CP048235.1,472514,446
CP048235.1,472530,52
CP048235.1,472657,1
CP048235.1,472663,122
CP048235.1,472767,47
CP048235.1,472983,45
CP048235.1,473002,965
CP048235.1,473070,1
CP048235.1,473077,521
CP048235.1,473086,523
CP048235.1,473089,446
CP048235.1,473138,519
CP048235.1,473141,446
CP048235.1,473147,1228
CP048235.1,473154,28
CP048235.1,473201,12
CP048235.1,473208,16
CP048235.1,473312,801
CP048235.1,473323,56
CP048235.1,473393,807
CP048235.1,473432,222
CP048235.1,473439,632
CP048235.1,473494,259
CP048235.1,473497,402
CP048235.1,473541,168
CP048235.1,473671,156
CP048235.1,475927,301
CP048235.1,477063,349
CP048235.1,477426,1
CP048235.1,481490,1
CP048235.1,483990,70
CP048235.1,484384,178
CP048235.1,484458,470
CP048235.1,484602,36
CP048235.1,484775,62
CP048235.1,484884,1024
CP048235.1,484891,1378
CP048235.1,486246,1
CP048235.1,486251,241
CP048235.1,486254,1
CP048235.1,486376,30
CP048235.1,486383,429
CP048235.1,486389,2115
CP048235.1,486395,1
CP048235.1,486416,512
CP048235.1,486559,121
CP048235.1,486563,255
CP048235.1,486565,1
CP048235.1,486701,842
CP048235.1,486717,798
CP048235.1,486724,591
CP048235.1,486806,2
CP048235.1,486886,256
CP048235.1,486915,216
CP048235.1,487002,43
CP048235.1,487151,172
CP048235.1,487739,51
CP048235.1,488643,1167
CP048235.1,488654,243
CP048235.1,488712,255
CP048235.1,488730,1
CP048235.1,489026,6
CP048235.1,489121,1
CP048235.1,489253,927
CP048235.1,489261,1226
CP048235.1,489268,139
CP048235.1,489273,38
CP048235.1,489282,569
CP048235.1,489328,4
CP048235.1,489352,51
CP048235.1,489398,5
CP048235.1,489679,732
CP048235.1,491745,120
CP048235.1,491772,61
CP048235.1,492165,40
CP048235.1,492219,12
CP048235.1,492281,41
CP048235.1,492383,153
CP048235.1,492397,393
CP048235.1,492444,389
CP048235.1,492446,68
CP048235.1,492447,3
CP048235.1,492451,29
CP048235.1,492489,692
CP048235.1,492496,444
CP048235.1,492543,422
CP048235.1,492998,25
CP048235.1,493102,291
CP048235.1,494643,28
CP048235.1,495693,16
CP048235.1,496191,1074
CP048235.1,496739,774
CP048235.1,496895,222
CP048235.1,499750,134
CP048235.1,500353,4
CP048235.1,500897,350
CP048235.1,501022,906
CP048235.1,501316,97
CP048235.1,501323,415
CP048235.1,501353,759
CP048235.1,501360,3
CP048235.1,501469,25
CP048235.1,501596,1
CP048235.1,501641,534
CP048235.1,501645,107
CP048235.1,501648,420
CP048235.1,501727,36
CP048235.1,501752,3
CP048235.1,501870,1962
CP048235.1,501877,822
CP048235.1,501923,293
CP048235.1,501930,1
CP048235.1,501939,3094
CP048235.1,501942,110
CP048235.1,501946,3558
CP048235.1,501956,1119
CP048235.1,501957,1025
CP048235.1,501964,1926
CP048235.1,501968,1
CP048235.1,501997,109
CP048235.1,502014,126
CP048235.1,502050,545
CP048235.1,502065,1238
CP048235.1,502072,85
CP048235.1,502236,398
CP048235.1,502530,170
CP048235.1,504220,368
CP048235.1,504689,2028
CP048235.1,505251,363
CP048235.1,505254,66
CP048235.1,505367,581
CP048235.1,508753,363
CP048235.1,508795,775
CP048235.1,508842,1
CP048235.1,509019,518
CP048235.1,509038,4039
CP048235.1,509041,13
CP048235.1,509045,26
CP048235.1,509248,30
CP048235.1,509345,377
CP048235.1,509357,78
CP048235.1,509420,16
CP048235.1,509531,108
CP048235.1,509533,1293
CP048235.1,509584,4
CP048235.1,509702,8
CP048235.1,510889,15
CP048235.1,510907,1580
CP048235.1,512411,205
CP048235.1,513501,52
CP048235.1,515203,103
CP048235.1,515535,146
CP048235.1,515710,409
CP048235.1,516082,245
CP048235.1,516381,691
CP048235.1,516388,1
CP048235.1,516839,271
CP048235.1,516857,1
CP048235.1,516963,119
CP048235.1,517022,265
CP048235.1,517189,9
CP048235.1,517211,391
CP048235.1,517325,1426
CP048235.1,517332,393
CP048235.1,517346,1124
CP048235.1,517672,49
CP048235.1,517789,171
CP048235.1,517996,28
CP048235.1,518215,75
CP048235.1,521670,134
CP048235.1,521672,1
CP048235.1,521674,1
CP048235.1,526641,457
CP048235.1,526648,103
CP048235.1,527643,13
CP048235.1,527827,30
CP048235.1,527876,258
CP048235.1,530033,95
CP048235.1,530431,612
CP048235.1,530440,54
CP048235.1,530447,638
CP048235.1,530604,1
CP048235.1,531823,514
CP048235.1,532240,6
CP048235.1,532242,28
CP048235.1,532269,79
CP048235.1,532273,2
CP048235.1,532288,654
CP048235.1,532342,441
CP048235.1,532455,8
CP048235.1,533035,115
CP048235.1,533167,1
CP048235.1,533667,119
CP048235.1,533701,777
CP048235.1,533726,172
CP048235.1,533823,105
CP048235.1,533841,1
CP048235.1,533956,1
CP048235.1,534202,23
CP048235.1,535348,48
CP048235.1,535839,1
CP048235.1,536096,492
CP048235.1,536177,2230
CP048235.1,536420,700
CP048235.1,536594,314
CP048235.1,537028,433
CP048235.1,537127,537
CP048235.1,537134,283
CP048235.1,537179,295
CP048235.1,537660,501
CP048235.1,537704,1
CP048235.1,537783,1
CP048235.1,537794,729
CP048235.1,538087,11
CP048235.1,539283,6
CP048235.1,539415,529
CP048235.1,539427,28
CP048235.1,539595,8
CP048235.1,546429,473
CP048235.1,547308,79
CP048235.1,547400,267
CP048235.1,547407,77
CP048235.1,547999,156
CP048235.1,549459,472
CP048235.1,549464,719
CP048235.1,549466,3476
CP048235.1,549468,9
CP048235.1,549484,947
CP048235.1,549654,14
CP048235.1,549725,418
CP048235.1,549917,405
CP048235.1,549939,1
CP048235.1,549991,20
CP048235.1,550312,101
CP048235.1,550319,2
CP048235.1,550329,1
CP048235.1,551106,11
CP048235.1,551167,165
CP048235.1,551258,1
CP048235.1,551265,216
CP048235.1,551281,799
CP048235.1,551367,826
CP048235.1,551373,28
CP048235.1,551413,222
CP048235.1,551435,45
CP048235.1,551478,11
CP048235.1,551495,51
CP048235.1,551499,109
CP048235.1,551549,8
CP048235.1,551568,2728
CP048235.1,551575,196
CP048235.1,551601,660
CP048235.1,551625,25
CP048235.1,551647,90
CP048235.1,551697,773
CP048235.1,551708,1
CP048235.1,551718,701
CP048235.1,551746,256
CP048235.1,551837,7
CP048235.1,551846,127
CP048235.1,552040,323
CP048235.1,555251,383
CP048235.1,555434,196
CP048235.1,555441,837
CP048235.1,555493,67
CP048235.1,555516,607
CP048235.1,555536,29
CP048235.1,555552,10
CP048235.1,555575,987
CP048235.1,555609,634
CP048235.1,555823,2314
CP048235.1,555926,1
CP048235.1,555928,50
CP048235.1,555933,335
CP048235.1,558489,69
CP048235.1,558965,244
CP048235.1,562238,537
CP048235.1,562304,417
CP048235.1,562354,225
CP048235.1,562581,1
CP048235.1,564550,454
CP048235.1,564799,62
CP048235.1,564930,48
CP048235.1,564963,19
CP048235.1,564994,348
CP048235.1,566306,65
CP048235.1,566313,706
CP048235.1,566321,81
CP048235.1,566346,1
CP048235.1,568261,11
CP048235.1,569926,177
CP048235.1,570218,32
CP048235.1,570752,1
CP048235.1,570796,140
CP048235.1,576418,97
CP048235.1,576595,33
CP048235.1,576599,765
CP048235.1,576602,192
CP048235.1,576606,207
CP048235.1,577237,467
CP048235.1,577255,277
CP048235.1,577482,2
CP048235.1,577584,105
CP048235.1,580008,170
CP048235.1,584239,46
CP048235.1,584431,250
CP048235.1,584477,2260
CP048235.1,584484,160
CP048235.1,584505,156
CP048235.1,584540,1
CP048235.1,584544,426
CP048235.1,587378,269
CP048235.1,587527,265
CP048235.1,587536,257
CP048235.1,588370,3
CP048235.1,590468,1
CP048235.1,590561,1
CP048235.1,591659,77
CP048235.1,591925,551
CP048235.1,591992,723
CP048235.1,592179,31
CP048235.1,592197,53
CP048235.1,592209,749
CP048235.1,592217,188
CP048235.1,599093,849
CP048235.1,599303,204
CP048235.1,599305,91
CP048235.1,600494,456
CP048235.1,600652,2
CP048235.1,600788,55
CP048235.1,600827,19
CP048235.1,600840,1114
CP048235.1,601262,601
CP048235.1,602447,6
CP048235.1,602449,162
CP048235.1,602451,1099
CP048235.1,602452,1
CP048235.1,602453,44
CP048235.1,602454,1064
CP048235.1,602455,105
CP048235.1,602457,503
CP048235.1,602459,583
CP048235.1,602461,1924
CP048235.1,602463,7
CP048235.1,602465,714
CP048235.1,602590,342
CP048235.1,602610,13
CP048235.1,602618,981
CP048235.1,602758,6
CP048235.1,602906,308
CP048235.1,602908,129
CP048235.1,605045,316
CP048235.1,607491,332
CP048235.1,607557,19
CP048235.1,608947,500
CP048235.1,608956,1707
CP048235.1,609295,61
CP048235.1,609344,490
CP048235.1,609391,605
CP048235.1,609467,1175
CP048235.1,609469,1
CP048235.1,609560,80
CP048235.1,609763,1
CP048235.1,609847,928
CP048235.1,609907,52
CP048235.1,610016,869
CP048235.1,610586,337
CP048235.1,611253,740
CP048235.1,611260,20
CP048235.1,612464,506
CP048235.1,612485,1
CP048235.1,612535,46
CP048235.1,615282,1
CP048235.1,615360,6
CP048235.1,615366,603
CP048235.1,615404,513
CP048235.1,615411,1375
CP048235.1,615414,1
CP048235.1,615419,1071
CP048235.1,615426,563
CP048235.1,615430,64
CP048235.1,615437,82
CP048235.1,615532,71
CP048235.1,615533,987
CP048235.1,615540,618
CP048235.1,615598,1
CP048235.1,615657,627
CP048235.1,615677,1756
CP048235.1,615684,892
CP048235.1,616886,45
CP048235.1,616902,724
CP048235.1,616907,1
CP048235.1,616935,1
CP048235.1,617563,509
CP048235.1,618954,194
CP048235.1,618956,23
CP048235.1,619771,202
CP048235.1,619825,291
CP048235.1,619858,286
CP048235.1,621952,150
CP048235.1,622008,368
CP048235.1,622018,53
CP048235.1,622045,102
CP048235.1,622196,209
CP048235.1,622245,220
CP048235.1,622295,116
CP048235.1,622333,1
CP048235.1,622366,206
CP048235.1,622401,310
CP048235.1,622488,86
CP048235.1,622504,1
CP048235.1,622549,477
CP048235.1,622556,790
CP048235.1,622583,30
CP048235.1,622584,30
CP048235.1,622598,1245
CP048235.1,622599,655
CP048235.1,622605,30
CP048235.1,622632,8
CP048235.1,622639,1501
CP048235.1,622656,77
CP048235.1,622724,1389
CP048235.1,622731,181
CP048235.1,622773,29
CP048235.1,622824,79
CP048235.1,622910,16
CP048235.1,623086,5
CP048235.1,623394,1
CP048235.1,623406,1
CP048235.1,624472,1
CP048235.1,624487,776
CP048235.1,624507,7
CP048235.1,624785,8
CP048235.1,624789,122
CP048235.1,624966,69
CP048235.1,625252,11
CP048235.1,625267,207
CP048235.1,625318,1
CP048235.1,625436,5
CP048235.1,626309,1
CP048235.1,627139,3
CP048235.1,627514,5
CP048235.1,627527,178
CP048235.1,630546,243
CP048235.1,631054,168
CP048235.1,631066,329
CP048235.1,633194,243
CP048235.1,633201,809
CP048235.1,633391,224
CP048235.1,634654,5
CP048235.1,635453,234
CP048235.1,635460,223
CP048235.1,635777,1
CP048235.1,635802,241
CP048235.1,635831,595
CP048235.1,636063,7
CP048235.1,636479,196
CP048235.1,639015,180
CP048235.1,639022,354
CP048235.1,639061,2
CP048235.1,639087,467
CP048235.1,639140,8
CP048235.1,639197,476
CP048235.1,639224,675
CP048235.1,639237,4050
CP048235.1,639244,711
CP048235.1,639375,2285
CP048235.1,639382,1187
CP048235.1,639546,343
CP048235.1,639586,77
CP048235.1,639627,596
CP048235.1,645551,566
CP048235.1,645552,757
CP048235.1,645559,42
CP048235.1,645616,46
CP048235.1,647175,1240
CP048235.1,647211,891
CP048235.1,647215,74
CP048235.1,647217,339
CP048235.1,647291,579
CP048235.1,647343,526
CP048235.1,647370,23
CP048235.1,647426,1
CP048235.1,647500,306
CP048235.1,647811,1
CP048235.1,647958,201
CP048235.1,647969,88
CP048235.1,647973,66
CP048235.1,648065,147
CP048235.1,648077,722
CP048235.1,648130,1239
CP048235.1,648227,425
CP048235.1,648244,1
CP048235.1,648255,1835
CP048235.1,648340,374
CP048235.1,648492,45
CP048235.1,648584,165
CP048235.1,651096,14
CP048235.1,652515,35
CP048235.1,655411,111
CP048235.1,656774,598
CP048235.1,661102,1
CP048235.1,663398,126
CP048235.1,663405,798
CP048235.1,663549,392
CP048235.1,663553,954
CP048235.1,664081,2
CP048235.1,664823,448
CP048235.1,667602,637
CP048235.1,669302,124
CP048235.1,669467,447
CP048235.1,669485,922
CP048235.1,669634,2580
CP048235.1,669641,464
CP048235.1,669654,834
CP048235.1,669722,1
CP048235.1,669975,36
CP048235.1,672511,95
CP048235.1,674209,210
CP048235.1,675520,25
CP048235.1,675584,1007
CP048235.1,675865,394
CP048235.1,675910,14
CP048235.1,676152,370
CP048235.1,679269,881
CP048235.1,679641,296
CP048235.1,679830,515
CP048235.1,681973,1
CP048235.1,681976,293
CP048235.1,681980,1381
CP048235.1,682075,1
CP048235.1,682082,416
CP048235.1,682469,144
CP048235.1,682499,40
CP048235.1,682503,1004
CP048235.1,686128,56
CP048235.1,686130,26
CP048235.1,687607,357
CP048235.1,689221,357
CP048235.1,689611,104
CP048235.1,689653,780
CP048235.1,689694,545
CP048235.1,689768,138
CP048235.1,689830,825
CP048235.1,690459,127
CP048235.1,691156,194
CP048235.1,691163,71
CP048235.1,691548,303
CP048235.1,692103,332
CP048235.1,692886,24
CP048235.1,693025,98
CP048235.1,693125,674
CP048235.1,693149,1203
CP048235.1,693168,103
CP048235.1,693187,39
CP048235.1,693206,168
CP048235.1,693263,13
CP048235.1,693298,1700
CP048235.1,693305,97
CP048235.1,693342,722
CP048235.1,693454,746
CP048235.1,693481,541
CP048235.1,693519,693
CP048235.1,693532,570
CP048235.1,693668,522
CP048235.1,693753,1436
CP048235.1,693760,823
CP048235.1,693807,9
CP048235.1,693814,401
CP048235.1,694062,1
CP048235.1,694074,1192
CP048235.1,694097,350
CP048235.1,694259,75
CP048235.1,694325,467
CP048235.1,696754,376
CP048235.1,696769,1
CP048235.1,696938,129
CP048235.1,698503,1
CP048235.1,700907,32
CP048235.1,701329,70
CP048235.1,701568,1
CP048235.1,701578,667
CP048235.1,701585,1
CP048235.1,701882,339
CP048235.1,702115,1724
CP048235.1,702282,348
CP048235.1,702438,1463
CP048235.1,702490,1
CP048235.1,702535,12
CP048235.1,702585,1886
CP048235.1,702592,100
CP048235.1,702600,1287
CP048235.1,702659,1330
CP048235.1,702693,1659
CP048235.1,702787,1499
CP048235.1,702808,2588
CP048235.1,702828,5
CP048235.1,702834,1126
CP048235.1,702885,206
CP048235.1,702901,1
CP048235.1,702903,6
CP048235.1,702910,1594
CP048235.1,702937,54
CP048235.1,702966,788
CP048235.1,702973,1810
CP048235.1,702996,73
CP048235.1,703111,263
CP048235.1,703116,2214
CP048235.1,703118,1
CP048235.1,703180,214
CP048235.1,703195,1
CP048235.1,703197,113
CP048235.1,703204,1050
CP048235.1,703441,561
CP048235.1,703470,1851
CP048235.1,703567,10
CP048235.1,703569,1
CP048235.1,703616,455
CP048235.1,703754,15
CP048235.1,703756,1
CP048235.1,703762,624
CP048235.1,703849,897
CP048235.1,704972,436
CP048235.1,705126,6
CP048235.1,705986,1
CP048235.1,707733,45
CP048235.1,708162,553
CP048235.1,709447,1
CP048235.1,709548,2
CP048235.1,709550,943
CP048235.1,709557,124
CP048235.1,709559,108
CP048235.1,709805,4
CP048235.1,709825,10
CP048235.1,709837,1
CP048235.1,710169,1471
CP048235.1,712743,242
CP048235.1,712750,536
CP048235.1,712798,149
CP048235.1,712813,375
CP048235.1,712932,34
CP048235.1,716314,90
CP048235.1,717277,325
CP048235.1,717685,439
CP048235.1,718278,13
CP048235.1,718530,176
CP048235.1,718572,26
CP048235.1,718579,96
CP048235.1,719334,310
CP048235.1,722118,10
CP048235.1,722122,5
CP048235.1,722123,1
CP048235.1,722125,1
CP048235.1,722128,210
CP048235.1,729020,5
CP048235.1,729220,13
CP048235.1,729243,10
CP048235.1,729246,294
CP048235.1,731832,9
CP048235.1,732014,102
CP048235.1,732143,25
CP048235.1,732150,495
CP048235.1,733450,6
CP048235.1,733473,23
CP048235.1,733479,34
CP048235.1,733524,20
CP048235.1,733543,74
CP048235.1,733658,509
CP048235.1,733800,1202
CP048235.1,733813,249
CP048235.1,733840,1485
CP048235.1,733847,758
CP048235.1,736208,273
CP048235.1,739253,234
CP048235.1,739325,361
CP048235.1,739525,1
CP048235.1,740077,1
CP048235.1,740401,5
CP048235.1,741626,277
CP048235.1,741911,157
CP048235.1,745444,174
CP048235.1,745472,327
CP048235.1,745494,38
CP048235.1,745501,617
CP048235.1,745523,642
CP048235.1,745535,238
CP048235.1,746003,527
CP048235.1,746008,12
CP048235.1,746010,258
CP048235.1,746017,8
CP048235.1,746034,503
CP048235.1,746046,1
CP048235.1,746190,344
CP048235.1,747137,2
CP048235.1,747310,338
CP048235.1,747316,17
CP048235.1,747318,188
CP048235.1,747320,624
CP048235.1,747325,1
CP048235.1,747352,122
CP048235.1,747354,398
CP048235.1,747361,112
CP048235.1,747376,2
CP048235.1,747383,375
CP048235.1,747414,30
CP048235.1,747525,631
CP048235.1,747565,3
CP048235.1,747582,1
CP048235.1,747583,553
CP048235.1,747959,25
CP048235.1,749065,10
CP048235.1,749934,1
CP048235.1,750338,141
CP048235.1,750627,185
CP048235.1,750646,47
CP048235.1,750734,13
CP048235.1,750742,3046
CP048235.1,750926,781
CP048235.1,751009,738
CP048235.1,751024,110
CP048235.1,751026,1
CP048235.1,751423,491
CP048235.1,751474,64
CP048235.1,751481,1685
CP048235.1,751538,48
CP048235.1,751542,111
CP048235.1,751635,1
CP048235.1,751743,844
CP048235.1,751750,1420
CP048235.1,751963,122
CP048235.1,751969,102
CP048235.1,751970,1
CP048235.1,751976,676
CP048235.1,751989,1367
CP048235.1,752051,579
CP048235.1,752905,319
CP048235.1,753981,760
CP048235.1,754090,2
CP048235.1,754394,1851
CP048235.1,754401,710
CP048235.1,754426,2332
CP048235.1,754433,139
CP048235.1,754517,696
CP048235.1,754535,100
CP048235.1,754543,318
CP048235.1,754550,871
CP048235.1,754551,990
CP048235.1,754558,1
CP048235.1,754585,774
CP048235.1,754606,248
CP048235.1,754710,1062
CP048235.1,754729,518
CP048235.1,754821,2
CP048235.1,754828,1316
CP048235.1,754855,695
CP048235.1,754863,205
CP048235.1,754874,252
CP048235.1,754881,384
CP048235.1,754938,2331
CP048235.1,754945,2400
CP048235.1,754961,524
CP048235.1,754982,1
CP048235.1,755050,67
CP048235.1,755105,626
CP048235.1,755151,27
CP048235.1,755165,17
CP048235.1,755321,809
CP048235.1,755333,1
CP048235.1,755459,1158
CP048235.1,755466,221
CP048235.1,758333,33
CP048235.1,758461,220
CP048235.1,758614,2
CP048235.1,758621,3
CP048235.1,758710,137
CP048235.1,758843,379
CP048235.1,758845,163
CP048235.1,759688,262
CP048235.1,759731,2
CP048235.1,759918,1
CP048235.1,760556,528
CP048235.1,760572,1
CP048235.1,761356,31
CP048235.1,762136,3
CP048235.1,762220,297
CP048235.1,762397,12
CP048235.1,762467,646
CP048235.1,762490,233
CP048235.1,762491,12
CP048235.1,762498,99
CP048235.1,762505,894
CP048235.1,762523,463
CP048235.1,762561,487
CP048235.1,766664,165
CP048235.1,766827,81
CP048235.1,767550,194
CP048235.1,768429,835
CP048235.1,774484,381
CP048235.1,774550,52
CP048235.1,774558,7
CP048235.1,774588,1
CP048235.1,774593,479
CP048235.1,774647,310
CP048235.1,774693,15
CP048235.1,774772,54
CP048235.1,775399,917
CP048235.1,775656,1
CP048235.1,777336,87
CP048235.1,777377,7
CP048235.1,777421,158
CP048235.1,784239,770
CP048235.1,784324,640
CP048235.1,786500,47
CP048235.1,786952,24
CP048235.1,786959,117
CP048235.1,786963,601
CP048235.1,786970,389
CP048235.1,787192,443
CP048235.1,787785,32
CP048235.1,790070,173
CP048235.1,790194,372
CP048235.1,791252,63
CP048235.1,794774,28
CP048235.1,795625,301
CP048235.1,795673,420
CP048235.1,796160,548
CP048235.1,796688,270
CP048235.1,797092,546
CP048235.1,799571,60
CP048235.1,799579,1
CP048235.1,799639,78
CP048235.1,799742,2205
CP048235.1,799771,63
CP048235.1,799860,711
CP048235.1,799936,1146
CP048235.1,799943,1520
CP048235.1,799948,1
CP048235.1,799969,3171
CP048235.1,802479,18
CP048235.1,802670,1
CP048235.1,803892,399
CP048235.1,803959,154
CP048235.1,803961,20
CP048235.1,804003,186
CP048235.1,804021,24
CP048235.1,804148,3769
CP048235.1,804195,526
CP048235.1,804200,38
CP048235.1,804599,1
CP048235.1,804832,2
CP048235.1,804988,177
CP048235.1,805182,1
CP048235.1,805310,246
CP048235.1,806039,494
CP048235.1,806312,163
CP048235.1,806360,1
CP048235.1,806367,1
CP048235.1,806400,468
CP048235.1,806444,488
CP048235.1,806496,292
CP048235.1,806610,4
CP048235.1,806612,125
CP048235.1,806617,235
CP048235.1,806619,115
CP048235.1,806627,186
CP048235.1,806732,3
CP048235.1,810914,1
CP048235.1,813195,931
CP048235.1,813353,3
CP048235.1,813477,3173
CP048235.1,813484,637
CP048235.1,813493,1
CP048235.1,813517,765
CP048235.1,813613,1
CP048235.1,813628,13
CP048235.1,813773,10
CP048235.1,814042,3486
CP048235.1,814429,989
CP048235.1,815801,1
CP048235.1,815810,487
CP048235.1,816053,1120
CP048235.1,816271,495
CP048235.1,816821,1
CP048235.1,816909,34
CP048235.1,816944,498
CP048235.1,816981,1088
CP048235.1,817012,91
CP048235.1,817113,78
CP048235.1,817499,12
CP048235.1,817573,9
CP048235.1,822792,444
CP048235.1,822794,20
CP048235.1,822873,325
CP048235.1,822993,118
CP048235.1,823431,1
CP048235.1,824596,1358
CP048235.1,824614,1820
CP048235.1,824712,1822
CP048235.1,824758,1574
CP048235.1,824929,942
CP048235.1,824936,767
CP048235.1,824998,358
CP048235.1,825171,218
CP048235.1,826260,7
CP048235.1,826404,1
CP048235.1,826945,4
CP048235.1,827692,320
CP048235.1,828950,4
CP048235.1,831508,327
CP048235.1,832180,242
CP048235.1,832336,107
CP048235.1,832369,2
CP048235.1,833164,1
CP048235.1,833349,184
CP048235.1,833354,1105
CP048235.1,833361,2843
CP048235.1,835296,214
CP048235.1,835336,87
CP048235.1,835363,1266
CP048235.1,835911,429
CP048235.1,837347,771
CP048235.1,837629,289
CP048235.1,837864,1
CP048235.1,837960,126
CP048235.1,838314,1
CP048235.1,838460,27
CP048235.1,839024,2
CP048235.1,839026,5
CP048235.1,839365,651
CP048235.1,839397,775
CP048235.1,839483,349
CP048235.1,839700,37
CP048235.1,839805,690
CP048235.1,839831,18
CP048235.1,842405,46
CP048235.1,842410,1089
CP048235.1,843618,355
CP048235.1,843620,1411
CP048235.1,843627,639
CP048235.1,843688,50
CP048235.1,843691,677
CP048235.1,843698,190
CP048235.1,843739,505
CP048235.1,843743,938
CP048235.1,843745,795
CP048235.1,843752,534
CP048235.1,843753,1299
CP048235.1,843835,1
CP048235.1,846430,27
CP048235.1,847061,129
CP048235.1,847211,7
CP048235.1,852399,17
CP048235.1,852558,2
CP048235.1,853243,436
CP048235.1,853601,1
CP048235.1,853944,131
CP048235.1,854606,149
CP048235.1,855725,632
CP048235.1,855809,185
CP048235.1,855820,21
CP048235.1,856110,287
CP048235.1,856123,42
CP048235.1,856367,257
CP048235.1,857231,592
CP048235.1,857366,12
CP048235.1,857373,246
CP048235.1,857416,45
CP048235.1,860340,26
CP048235.1,861234,103
CP048235.1,861571,25
CP048235.1,864175,135
CP048235.1,864276,80
CP048235.1,864277,17
CP048235.1,864336,123
CP048235.1,864340,67
CP048235.1,864369,236
CP048235.1,864523,1981
CP048235.1,864565,852
CP048235.1,864807,500
CP048235.1,864809,34
CP048235.1,864816,34
CP048235.1,864849,1
CP048235.1,864888,24
CP048235.1,864914,2
CP048235.1,864919,76
CP048235.1,864928,684
CP048235.1,864935,1
CP048235.1,864967,3
CP048235.1,865901,220
CP048235.1,866254,432
CP048235.1,866395,21
CP048235.1,866460,385
CP048235.1,869484,192
CP048235.1,871936,250
CP048235.1,872038,386
CP048235.1,872205,114
CP048235.1,874420,5
CP048235.1,874896,256
CP048235.1,878798,2
CP048235.1,878872,617
CP048235.1,881291,730
CP048235.1,881392,1084
CP048235.1,881442,233
CP048235.1,881527,1
CP048235.1,881573,476
CP048235.1,881629,340
CP048235.1,881639,740
CP048235.1,881700,680
CP048235.1,881763,1982
CP048235.1,881770,319
CP048235.1,881784,81
CP048235.1,881875,26
CP048235.1,881882,64
CP048235.1,881936,36
CP048235.1,881967,54
CP048235.1,881991,1
CP048235.1,881998,670
CP048235.1,882052,46
CP048235.1,882246,1
CP048235.1,882293,82
CP048235.1,882298,1
CP048235.1,882510,771
CP048235.1,883561,9
CP048235.1,883694,106
CP048235.1,883829,268
CP048235.1,885968,55
CP048235.1,885975,130
CP048235.1,886014,10
CP048235.1,886017,1
CP048235.1,886024,414
CP048235.1,886050,45
CP048235.1,886078,1
CP048235.1,886085,406
CP048235.1,886099,1
CP048235.1,886118,8
CP048235.1,886125,750
CP048235.1,886140,675
CP048235.1,886147,2424
CP048235.1,886209,841
CP048235.1,886216,370
CP048235.1,886387,292
CP048235.1,886679,101
CP048235.1,886809,1
CP048235.1,887382,507
CP048235.1,887527,625
CP048235.1,887675,380
CP048235.1,887678,877
CP048235.1,887726,162
CP048235.1,887734,574
CP048235.1,887741,4067
CP048235.1,887854,525
CP048235.1,887887,267
CP048235.1,887939,168
CP048235.1,887946,589
CP048235.1,887952,1
CP048235.1,887974,296
CP048235.1,888017,73
CP048235.1,888115,434
CP048235.1,888660,219
CP048235.1,890950,1
CP048235.1,891227,439
CP048235.1,891597,592
CP048235.1,891749,34
CP048235.1,892005,385
CP048235.1,892303,296
CP048235.1,893225,415
CP048235.1,893284,119
CP048235.1,893576,213
CP048235.1,893578,1
CP048235.1,893583,12
CP048235.1,893619,11
CP048235.1,893626,10
CP048235.1,893881,257
CP048235.1,894924,488
CP048235.1,896368,13
CP048235.1,896434,188
CP048235.1,896702,195
CP048235.1,899607,109
CP048235.1,899648,7
CP048235.1,902258,30
CP048235.1,902261,1
CP048235.1,902271,11
CP048235.1,902303,158
CP048235.1,902310,12
CP048235.1,902325,749
CP048235.1,902332,1002
CP048235.1,902388,17
CP048235.1,902394,401
CP048235.1,902401,1
CP048235.1,902789,125
CP048235.1,903216,1
CP048235.1,903393,313
CP048235.1,905673,82
CP048235.1,905746,1404
CP048235.1,905761,82
CP048235.1,905788,8
CP048235.1,905795,293
CP048235.1,905900,184
CP048235.1,905940,482
CP048235.1,906015,75
CP048235.1,906253,274
CP048235.1,906260,68
CP048235.1,906326,13
CP048235.1,906352,1
CP048235.1,906365,36
CP048235.1,906465,25
CP048235.1,906467,4
CP048235.1,906782,504
CP048235.1,906835,1250
CP048235.1,906883,1
CP048235.1,907372,235
CP048235.1,907374,266
CP048235.1,907484,33
CP048235.1,907601,128
CP048235.1,907652,661
CP048235.1,907654,10
CP048235.1,907700,671
CP048235.1,907704,89
CP048235.1,907711,50
CP048235.1,907924,815
CP048235.1,907955,273
CP048235.1,907962,23
CP048235.1,907970,544
CP048235.1,908047,139
CP048235.1,908060,36
CP048235.1,908156,7
CP048235.1,908195,31
CP048235.1,911801,7
CP048235.1,911895,217
CP048235.1,911902,3
CP048235.1,912134,1561
CP048235.1,912424,1356
CP048235.1,912425,236
CP048235.1,912449,1
CP048235.1,912471,50
CP048235.1,912478,1791
CP048235.1,912511,1012
CP048235.1,912654,1
CP048235.1,912675,3290
CP048235.1,912676,59
CP048235.1,912699,1
CP048235.1,912847,53
CP048235.1,913394,212
CP048235.1,914657,370
CP048235.1,917373,2
CP048235.1,917747,1871
CP048235.1,917754,2
CP048235.1,917782,130
CP048235.1,917940,604
CP048235.1,918089,94
CP048235.1,918221,823
CP048235.1,918223,770
CP048235.1,918227,994
CP048235.1,918228,1038
CP048235.1,918234,291
CP048235.1,918372,499
CP048235.1,918641,75
CP048235.1,918666,22
CP048235.1,919264,110
CP048235.1,919987,152
CP048235.1,920788,24
CP048235.1,920804,93
CP048235.1,920827,4
CP048235.1,920917,110
CP048235.1,920946,17
CP048235.1,920977,313
CP048235.1,921042,20
CP048235.1,921049,746
CP048235.1,921057,228
CP048235.1,921077,36
CP048235.1,921463,19
CP048235.1,922711,5
CP048235.1,923555,16
CP048235.1,924520,2
CP048235.1,925599,53
CP048235.1,925695,9
CP048235.1,925710,502
CP048235.1,926195,3
CP048235.1,928030,231
CP048235.1,928122,65
CP048235.1,928561,4
CP048235.1,928571,264
CP048235.1,928618,1652
CP048235.1,928625,1086
CP048235.1,929331,3
CP048235.1,929423,378
CP048235.1,929487,391
CP048235.1,929515,1
CP048235.1,929641,3
CP048235.1,939422,114
CP048236.1,2172,121
CP048236.1,2778,369
CP048236.1,3766,1354
CP048236.1,26746,684
CP048236.1,27204,33
CP048236.1,27671,16
CP048236.1,28356,46
CP048236.1,32500,11
CP048236.1,32680,94
CP048236.1,33476,1
CP048236.1,33594,337
CP048236.1,33787,248
CP048236.1,33854,172
CP048236.1,34138,111
CP048236.1,34555,67
CP048236.1,34929,393
CP048236.1,34937,473
CP048236.1,34941,49
CP048236.1,34961,260
CP048236.1,34978,353
CP048236.1,34993,1
CP048236.1,35008,151
CP048236.1,35061,85
CP048236.1,36564,4
CP048236.1,36708,326
CP048236.1,36734,104
CP048236.1,36743,360
CP048236.1,36769,10
CP048236.1,36770,215
CP048236.1,36778,929
CP048236.1,36833,114
CP048236.1,36934,334
CP048236.1,36941,44
CP048236.1,36948,11
CP048236.1,36955,1
CP048236.1,36960,177
CP048236.1,37248,648
CP048236.1,37249,2258
CP048236.1,37256,483
CP048236.1,38088,1
CP048236.1,38231,1118
CP048236.1,38237,1
CP048236.1,38243,780
CP048236.1,38317,696
CP048236.1,38327,14
CP048236.1,38388,1569
CP048236.1,38395,1318
CP048236.1,38402,41
CP048236.1,38410,972
CP048236.1,38419,1078
CP048236.1,38441,10
CP048236.1,38447,1
CP048236.1,38491,521
CP048236.1,38529,168
CP048236.1,38550,1
CP048236.1,38554,701
CP048236.1,38659,1
CP048236.1,38721,2304
CP048236.1,38728,87
CP048236.1,38860,2241
CP048236.1,38867,473
CP048236.1,38899,709
CP048236.1,38915,207
CP048236.1,38975,526
CP048236.1,38993,35
CP048236.1,39000,285
CP048236.1,39022,336
CP048236.1,39027,1
CP048236.1,39030,85
CP048236.1,39037,339
CP048236.1,39038,868
CP048236.1,39063,283
CP048236.1,39166,1
CP048236.1,39210,49
CP048236.1,39291,2
CP048236.1,39293,778
CP048236.1,39298,2098
CP048236.1,39332,158
CP048236.1,39342,123
CP048236.1,39349,881
CP048236.1,39352,410
CP048236.1,39368,1
CP048236.1,39377,630
CP048236.1,39384,652
CP048236.1,39454,350
CP048236.1,39592,993
CP048236.1,39646,1
CP048236.1,40297,1027
CP048236.1,40758,13
CP048236.1,42270,538
CP048236.1,44786,216
CP048236.1,45399,174
CP048236.1,45401,233
CP048236.1,45408,51
CP048236.1,45522,122
CP048236.1,45526,270
CP048236.1,45529,1493
CP048236.1,45690,1634
CP048236.1,45709,1
CP048236.1,45716,7472
CP048236.1,45723,28
CP048236.1,45737,2
CP048236.1,45764,691
CP048236.1,45771,292
CP048236.1,45778,93
CP048236.1,45783,1
CP048236.1,45813,2
CP048236.1,45828,103
CP048236.1,45837,566
CP048236.1,45847,454
CP048236.1,45854,958
CP048236.1,45878,961
CP048236.1,45879,2230
CP048236.1,45883,167
CP048236.1,45886,2453
CP048236.1,45890,222
CP048236.1,45920,1
CP048236.1,45927,133
CP048236.1,45943,4619
CP048236.1,45950,10704
CP048236.1,45992,1373
CP048236.1,46159,192
CP048236.1,46200,1492
CP048236.1,46282,26
CP048236.1,46334,1
CP048236.1,46348,391
CP048236.1,46359,17
CP048236.1,46371,316
CP048236.1,46378,1621
CP048236.1,46405,45
CP048236.1,46408,742
CP048236.1,46410,1161
CP048236.1,46415,1187
CP048236.1,46418,2684
CP048236.1,46446,1459
CP048236.1,46449,12
CP048236.1,46455,106
CP048236.1,46473,125
CP048236.1,46498,88
CP048236.1,46569,380
CP048236.1,46571,358
CP048236.1,46594,216
CP048236.1,47379,1
CP048236.1,47774,990
CP048236.1,47834,880
CP048236.1,47931,3049
CP048236.1,48094,100
CP048236.1,48169,177
CP048236.1,48417,65
CP048236.1,48468,36
CP048236.1,48565,17
CP048236.1,48840,983
CP048236.1,49216,1269
CP048236.1,49395,529
CP048236.1,49489,390
CP048236.1,49646,1
CP048236.1,49692,73
CP048236.1,49702,176
CP048236.1,49820,22
CP048236.1,49871,1039
CP048236.1,49874,26
CP048236.1,49878,1
CP048236.1,49879,4
CP048236.1,49881,67
CP048236.1,49946,180
CP048236.1,49947,2
CP048236.1,49957,763
CP048236.1,49964,233
CP048236.1,49966,583
CP048236.1,49967,568
CP048236.1,50017,255
CP048236.1,50029,429
CP048236.1,50032,1
CP048236.1,50036,635
CP048236.1,50074,1
CP048236.1,50161,112
CP048236.1,50167,970
CP048236.1,50357,538
CP048236.1,50470,355
CP048236.1,50511,208
CP048236.1,50526,541
CP048236.1,50533,4162
CP048236.1,50548,195
CP048236.1,50555,243
CP048236.1,50592,4
CP048236.1,50632,2002
CP048236.1,50634,789
CP048236.1,50739,1833
CP048236.1,50763,3096
CP048236.1,50790,2
CP048236.1,50791,1049
CP048236.1,50796,898
CP048236.1,50810,184
CP048236.1,50862,2761
CP048236.1,50869,253
CP048236.1,50891,6
CP048236.1,50987,558
CP048236.1,50994,425
CP048236.1,51001,341
CP048236.1,51003,4522
CP048236.1,51010,69
CP048236.1,51072,24
CP048236.1,51076,749
CP048236.1,51088,633
CP048236.1,51090,497
CP048236.1,51095,1278
CP048236.1,51097,1
CP048236.1,51106,2
CP048236.1,51115,833
CP048236.1,51176,5
CP048236.1,51180,3
CP048236.1,51189,781
CP048236.1,51190,5
CP048236.1,51191,2758
CP048236.1,51198,134
CP048236.1,51200,1
CP048236.1,51202,94
CP048236.1,51207,247
CP048236.1,51209,1
CP048236.1,51214,537
CP048236.1,51253,1
CP048236.1,51259,862
CP048236.1,51402,1963
CP048236.1,51409,486
CP048236.1,51429,17
CP048236.1,51468,1429
CP048236.1,51492,5
CP048236.1,51499,167
CP048236.1,51543,40
CP048236.1,51544,5
CP048236.1,51545,4
CP048236.1,51569,389
CP048236.1,51594,324
CP048236.1,51616,574
CP048236.1,51645,608
CP048236.1,51693,1
CP048236.1,51750,544
CP048236.1,51761,1381
CP048236.1,51770,1474
CP048236.1,51779,155
CP048236.1,51785,268
CP048236.1,51797,1
CP048236.1,51839,13
CP048236.1,51846,152
CP048236.1,51848,3239
CP048236.1,51849,26
CP048236.1,51852,1847
CP048236.1,51853,739
CP048236.1,51855,5521
CP048236.1,51859,4769
CP048236.1,51862,534
CP048236.1,51869,16
CP048236.1,51940,1095
CP048236.1,51954,189
CP048236.1,51956,2
CP048236.1,52017,29
CP048236.1,52023,1
CP048236.1,52029,85
CP048236.1,52030,217
CP048236.1,52044,171
CP048236.1,52080,434
CP048236.1,52085,1
CP048236.1,52087,725
CP048236.1,52089,202
CP048236.1,52128,203
CP048236.1,52140,1
CP048236.1,52184,504
CP048236.1,52185,102
CP048236.1,52206,482
CP048236.1,52218,712
CP048236.1,52267,48
CP048236.1,52285,43
CP048236.1,52292,81
CP048236.1,52308,388
CP048236.1,52313,8
CP048236.1,52316,562
CP048236.1,52330,105
CP048236.1,52337,2332
CP048236.1,52344,1819
CP048236.1,52388,1371
CP048236.1,52546,468
CP048236.1,52633,369
CP048236.1,52782,113
CP048236.1,52864,1671
CP048236.1,52871,9
CP048236.1,52924,111
CP048236.1,52989,1
CP048236.1,53002,88
CP048236.1,53063,216
CP048236.1,53070,112
CP048236.1,53089,76
CP048236.1,53096,435
CP048236.1,53098,590
CP048236.1,53101,310
CP048236.1,53122,32
CP048236.1,53124,24
CP048236.1,53131,207
CP048236.1,53224,537
CP048236.1,53238,341
CP048236.1,53288,286
CP048236.1,53457,2
CP048236.1,53872,586
CP048236.1,54234,1
CP048236.1,54478,1
CP048236.1,54939,394
CP048236.1,55164,581
CP048236.1,55268,1
CP048236.1,55279,120
CP048236.1,55285,166
CP048236.1,55396,15
CP048236.1,57547,1
CP048236.1,57565,174
CP048236.1,57626,67
CP048236.1,57783,855
CP048236.1,57790,683
CP048236.1,57809,532
CP048236.1,57820,52
CP048236.1,57836,696
CP048236.1,57843,529
CP048236.1,58034,338
CP048236.1,60784,17
CP048236.1,60794,1373
CP048236.1,61311,439
CP048236.1,61318,6
CP048236.1,61319,914
CP048236.1,61327,1
CP048236.1,64378,1
CP048236.1,64563,8
CP048236.1,64600,748
CP048236.1,64730,440
CP048236.1,64849,719
CP048236.1,64963,102
CP048236.1,66976,2
CP048236.1,67057,18
CP048236.1,67356,159
CP048236.1,67397,1
CP048236.1,67402,69
CP048236.1,67550,180
CP048236.1,67557,99
CP048236.1,67674,28
CP048236.1,67705,380
CP048236.1,68062,108
CP048236.1,68069,6
CP048236.1,68072,25
CP048236.1,68087,537
CP048236.1,68088,200
CP048236.1,68089,543
CP048236.1,68094,696
CP048236.1,68096,1202
CP048236.1,68781,1
CP048236.1,68890,8
CP048236.1,69328,2
CP048236.1,70141,5
CP048236.1,70195,524
CP048236.1,70206,472
CP048236.1,70546,144
CP048236.1,71075,9
CP048236.1,71155,471
CP048236.1,71207,344
CP048236.1,71787,257
CP048236.1,72048,1
CP048236.1,73021,291
CP048236.1,73369,945
CP048236.1,73845,515
CP048236.1,74144,605
CP048236.1,74598,1
CP048236.1,74672,14
CP048236.1,74962,11
CP048236.1,74997,866
CP048236.1,75004,17
CP048236.1,75136,649
CP048236.1,75186,1704
CP048236.1,75224,115
CP048236.1,75228,781
CP048236.1,75235,638
CP048236.1,75256,431
CP048236.1,75263,741
CP048236.1,75278,448
CP048236.1,79311,672
CP048236.1,79459,776
CP048236.1,79570,176
CP048236.1,79596,21
CP048236.1,79604,95
CP048236.1,79638,1
CP048236.1,79647,219
CP048236.1,79707,579
CP048236.1,79714,351
CP048236.1,79719,55
CP048236.1,79721,72
CP048236.1,79725,2625
CP048236.1,79726,906
CP048236.1,79728,787
CP048236.1,79732,7649
CP048236.1,79747,1
CP048236.1,79751,84
CP048236.1,79851,19
CP048236.1,79873,2135
CP048236.1,79921,6
CP048236.1,79925,330
CP048236.1,79926,929
CP048236.1,79928,1480
CP048236.1,79959,33
CP048236.1,79976,3
CP048236.1,79997,880
CP048236.1,79999,696
CP048236.1,80003,2
CP048236.1,80004,242
CP048236.1,80005,131
CP048236.1,80006,3388
CP048236.1,80008,68
CP048236.1,80010,279
CP048236.1,80021,702
CP048236.1,80025,177
CP048236.1,80039,1947
CP048236.1,80043,9
CP048236.1,80046,1507
CP048236.1,80056,181
CP048236.1,80071,1314
CP048236.1,80072,408
CP048236.1,80079,2653
CP048236.1,80084,575
CP048236.1,80089,313
CP048236.1,80099,33
CP048236.1,80103,22
CP048236.1,80104,181
CP048236.1,80110,784
CP048236.1,80117,1114
CP048236.1,80124,4323
CP048236.1,80134,1
CP048236.1,80210,52
CP048236.1,80213,667
CP048236.1,80287,1550
CP048236.1,80294,1604
CP048236.1,80380,196
CP048236.1,80393,7
CP048236.1,80406,95
CP048236.1,80600,1873
CP048236.1,80626,7
CP048236.1,80752,4
CP048236.1,80759,1
CP048236.1,80914,72
CP048236.1,80930,200
CP048236.1,80933,859
CP048236.1,80982,752
CP048236.1,81064,120
CP048236.1,81094,586
CP048236.1,81147,215
CP048236.1,81149,343
CP048236.1,81154,885
CP048236.1,81156,1387
CP048236.1,81503,258
CP048236.1,81572,11
CP048236.1,81587,193
CP048236.1,81677,164
CP048236.1,81693,26
CP048236.1,81708,79
CP048236.1,82918,8
CP048236.1,83030,538
CP048236.1,83216,320
CP048236.1,83221,761
CP048236.1,83225,432
CP048236.1,83265,340
CP048236.1,83395,1116
CP048236.1,83402,427
CP048236.1,83424,576
CP048236.1,83501,4
CP048236.1,83508,16
CP048236.1,83521,38
CP048236.1,83546,348
CP048236.1,83553,611
CP048236.1,83632,2
CP048236.1,83634,206
CP048236.1,83635,1
CP048236.1,83637,113
CP048236.1,83639,242
CP048236.1,83641,5
CP048236.1,83642,1761
CP048236.1,83644,111
CP048236.1,83651,639
CP048236.1,83672,7
CP048236.1,83690,393
CP048236.1,83694,86
CP048236.1,83697,494
CP048236.1,83698,22
CP048236.1,83700,145
CP048236.1,83726,169
CP048236.1,83736,649
CP048236.1,83773,129
CP048236.1,83880,1431
CP048236.1,84523,1
CP048236.1,84575,155
CP048236.1,84673,1144
CP048236.1,84885,273
CP048236.1,85047,26
CP048236.1,85107,295
CP048236.1,85243,356
CP048236.1,85248,299
CP048236.1,85250,558
CP048236.1,85394,154
CP048236.1,85442,31
CP048236.1,85449,421
CP048236.1,85578,1011
CP048236.1,85589,163
CP048236.1,85618,209
CP048236.1,85636,815
CP048236.1,85643,98
CP048236.1,85932,764
CP048236.1,85949,130
CP048236.1,85956,148
CP048236.1,86070,651
CP048236.1,86082,33
CP048236.1,86224,120
CP048236.1,86261,333
CP048236.1,86324,282
CP048236.1,86369,1
CP048236.1,86604,137
CP048236.1,86662,674
CP048236.1,86712,630
CP048236.1,87716,1
CP048236.1,87718,799
CP048236.1,87860,416
CP048236.1,87910,315
CP048236.1,87917,30
CP048236.1,87931,973
CP048236.1,87938,895
CP048236.1,87978,441
CP048236.1,87979,318
CP048236.1,88005,221
CP048236.1,90236,55
CP048236.1,90379,102
CP048236.1,91223,10
CP048236.1,91398,79
CP048236.1,91444,28
CP048236.1,91451,427
CP048236.1,91518,20
CP048236.1,91522,264
CP048236.1,91531,566
CP048236.1,91540,10
CP048236.1,91547,68
CP048236.1,91808,8
CP048236.1,91994,228
CP048236.1,92614,515
CP048236.1,92770,424
CP048236.1,92950,459
CP048236.1,93111,273
CP048236.1,94632,570
CP048236.1,94667,624
CP048236.1,94930,1
CP048236.1,94951,60
CP048236.1,94953,229
CP048236.1,94955,122
CP048236.1,94980,23
CP048236.1,94982,746
CP048236.1,95015,13
CP048236.1,95113,287
CP048236.1,95125,781
CP048236.1,95170,15
CP048236.1,95193,22
CP048236.1,95229,27
CP048236.1,95233,1151
CP048236.1,95234,41
CP048236.1,95241,134
CP048236.1,95242,36
CP048236.1,95417,189
CP048236.1,95424,54
CP048236.1,95500,368
CP048236.1,95527,835
CP048236.1,95530,14
CP048236.1,95597,1
CP048236.1,95598,1
CP048236.1,95605,682
CP048236.1,95633,145
CP048236.1,95636,69
CP048236.1,95661,5
CP048236.1,95864,389
CP048236.1,95871,226
CP048236.1,95930,295
CP048236.1,95933,453
CP048236.1,96093,10
CP048236.1,96235,1381
CP048236.1,96249,1005
CP048236.1,96316,503
CP048236.1,96392,81
CP048236.1,96397,102
CP048236.1,96422,1
CP048236.1,96441,1161
CP048236.1,96448,1770
CP048236.1,96631,294
CP048236.1,96767,1
CP048236.1,96962,34
CP048236.1,96973,389
CP048236.1,97166,8
CP048236.1,97214,375
CP048236.1,97914,36
CP048236.1,97952,105
CP048236.1,97959,83
CP048236.1,98037,15
CP048236.1,98054,414
CP048236.1,98061,427
CP048236.1,98085,519
CP048236.1,98092,17
CP048236.1,98115,548
CP048236.1,98118,1
CP048236.1,98132,1
CP048236.1,98462,83
CP048236.1,98521,321
CP048236.1,98560,1
CP048236.1,98614,324
CP048236.1,98733,319
CP048236.1,98808,184
CP048236.1,98814,293
CP048236.1,98818,269
CP048236.1,98901,2
CP048236.1,99288,596
CP048236.1,99905,545
CP048236.1,99923,71
CP048236.1,100159,1
CP048236.1,101199,1
CP048236.1,101212,23
CP048236.1,101283,5
CP048236.1,101342,341
CP048236.1,101436,3
CP048236.1,105224,846
CP048236.1,105232,197
CP048236.1,105237,663
CP048236.1,105246,473
CP048236.1,105253,1654
CP048236.1,105260,18
CP048236.1,105268,76
CP048236.1,105342,1
CP048236.1,105494,1449
CP048236.1,105496,819
CP048236.1,105503,32
CP048236.1,105515,1187
CP048236.1,105544,1
CP048236.1,105652,625
CP048236.1,105656,192
CP048236.1,105663,656
CP048236.1,108233,1888
CP048236.1,108862,1
CP048236.1,108925,553
CP048236.1,110621,49
CP048236.1,110704,52
CP048236.1,110784,160
CP048236.1,110790,33
CP048236.1,110811,142
CP048236.1,110969,47
CP048236.1,111122,2243
CP048236.1,111129,1
CP048236.1,111133,561
CP048236.1,111155,223
CP048236.1,111162,205
CP048236.1,111260,7
CP048236.1,111486,1
CP048236.1,111499,36
CP048236.1,111558,62
CP048236.1,111600,795
CP048236.1,111607,16
CP048236.1,111647,15
CP048236.1,111651,781
CP048236.1,111757,1374
CP048236.1,111759,25
CP048236.1,111764,539
CP048236.1,111809,415
CP048236.1,111811,1
CP048236.1,111813,40
CP048236.1,111816,4037
CP048236.1,111850,1
CP048236.1,111853,280
CP048236.1,111862,19
CP048236.1,111867,225
CP048236.1,111870,1
CP048236.1,111874,1
CP048236.1,111886,1360
CP048236.1,111893,3102
CP048236.1,111897,889
CP048236.1,111913,1124
CP048236.1,111914,1678
CP048236.1,111921,125
CP048236.1,111957,77
CP048236.1,111963,43
CP048236.1,111971,139
CP048236.1,112027,373
CP048236.1,112034,1698
CP048236.1,112041,245
CP048236.1,112061,111
CP048236.1,112068,30
CP048236.1,112081,344
CP048236.1,112088,419
CP048236.1,112104,185
CP048236.1,112115,105
CP048236.1,112122,330
CP048236.1,112149,8
CP048236.1,112153,444
CP048236.1,112155,6037
CP048236.1,112162,5148
CP048236.1,112167,264
CP048236.1,112215,1
CP048236.1,112221,28
CP048236.1,112269,16
CP048236.1,112283,1
CP048236.1,112285,2067
CP048236.1,112320,202
CP048236.1,112367,25
CP048236.1,112386,1
CP048236.1,112392,2
CP048236.1,112404,768
CP048236.1,112416,185
CP048236.1,112423,337
CP048236.1,112424,345
CP048236.1,112431,35
CP048236.1,112432,35
CP048236.1,112446,1
CP048236.1,112602,289
CP048236.1,112604,559
CP048236.1,112607,507
CP048236.1,112609,1175
CP048236.1,112670,1
CP048236.1,112687,1
CP048236.1,112691,183
CP048236.1,112745,436
CP048236.1,112752,370
CP048236.1,112753,82
CP048236.1,112760,59
CP048236.1,112764,498
CP048236.1,112944,2
CP048236.1,113016,1
CP048236.1,113051,43
CP048236.1,113299,1
CP048236.1,113362,203
CP048236.1,113377,59
CP048236.1,113405,170
CP048236.1,113425,373
CP048236.1,113467,4
CP048236.1,114241,363
CP048236.1,114351,388
CP048236.1,115082,1
CP048236.1,115179,907
CP048236.1,115797,79
CP048236.1,116738,16
CP048236.1,117423,2
CP048236.1,119597,636
CP048236.1,119622,80
CP048236.1,120429,178
CP048236.1,120639,67
CP048236.1,120987,381
CP048236.1,121294,383
CP048236.1,121506,29
CP048236.1,121521,665
CP048236.1,121645,1
CP048236.1,121646,1244
CP048236.1,121977,124
CP048236.1,122027,1622
CP048236.1,122029,795
CP048236.1,122034,360
CP048236.1,122046,436
CP048236.1,122226,65
CP048236.1,122264,120
CP048236.1,122571,114
CP048236.1,122590,1874
CP048236.1,123480,1
CP048236.1,123743,193
CP048236.1,123847,20
CP048236.1,123881,62
CP048236.1,123898,48
CP048236.1,123910,336
CP048236.1,123958,366
CP048236.1,123960,1864
CP048236.1,124067,333
CP048236.1,124074,561
CP048236.1,124091,1
CP048236.1,124175,535
CP048236.1,124299,7
CP048236.1,124389,1215
CP048236.1,124396,2744
CP048236.1,124578,47
CP048236.1,124813,1
CP048236.1,124817,391
CP048236.1,124996,866
CP048236.1,125401,46
CP048236.1,125885,1017
CP048236.1,126004,1
CP048236.1,126024,610
CP048236.1,126106,45
CP048236.1,126113,332
CP048236.1,126217,28
CP048236.1,126946,22
CP048236.1,127042,578
CP048236.1,127057,2
CP048236.1,127064,250
CP048236.1,127073,299
CP048236.1,127189,1
CP048236.1,127224,575
CP048236.1,127283,1065
CP048236.1,127290,355
CP048236.1,127294,129
CP048236.1,127301,601
CP048236.1,127302,1958
CP048236.1,127309,985
CP048236.1,127338,53
CP048236.1,127378,14
CP048236.1,127384,363
CP048236.1,127407,508
CP048236.1,127414,119
CP048236.1,127424,468
CP048236.1,127431,742
CP048236.1,127448,303
CP048236.1,127467,135
CP048236.1,127564,2
CP048236.1,127567,198
CP048236.1,127574,2
CP048236.1,127585,104
CP048236.1,127593,29
CP048236.1,127601,676
CP048236.1,127688,453
CP048236.1,127709,1
CP048236.1,127716,116
CP048236.1,127792,28
CP048236.1,127823,379
CP048236.1,127852,2
CP048236.1,127858,350
CP048236.1,127859,272
CP048236.1,127932,468
CP048236.1,128108,1
CP048236.1,128112,330
CP048236.1,128147,107
CP048236.1,128605,1686
CP048236.1,131656,500
CP048236.1,131819,35
CP048236.1,131826,4
CP048236.1,131921,27
CP048236.1,131928,28
CP048236.1,132003,193
CP048236.1,132202,949
CP048236.1,132209,59
CP048236.1,132326,5
CP048236.1,132420,1
CP048236.1,132724,1
CP048236.1,132750,1
CP048236.1,132757,289
CP048236.1,132900,2092
CP048236.1,132907,1056
CP048236.1,132917,120
CP048236.1,132925,5
CP048236.1,132932,2
CP048236.1,133251,13
CP048236.1,133310,52
CP048236.1,133390,608
CP048236.1,133504,168
CP048236.1,133582,36
CP048236.1,133750,705
CP048236.1,133806,112
CP048236.1,134229,29
CP048236.1,134247,54
CP048236.1,134319,652
CP048236.1,134440,582
CP048236.1,134799,336
CP048236.1,135298,23
CP048236.1,135336,1
CP048236.1,135404,62
CP048236.1,135496,1
CP048236.1,135509,1
CP048236.1,135560,53
CP048236.1,136051,63
CP048236.1,138140,8
CP048236.1,138147,318
CP048236.1,138181,1071
CP048236.1,138284,173
CP048236.1,138315,1
CP048236.1,138739,742
CP048236.1,138746,20
CP048236.1,138754,699
CP048236.1,138765,428
CP048236.1,138853,60
CP048236.1,138897,171
CP048236.1,139002,53
CP048236.1,139009,906
CP048236.1,139055,58
CP048236.1,139056,431
CP048236.1,139061,127
CP048236.1,139069,633
CP048236.1,139106,10
CP048236.1,139114,1
CP048236.1,139191,1138
CP048236.1,139198,342
CP048236.1,139217,275
CP048236.1,139290,34
CP048236.1,139291,614
CP048236.1,139297,178
CP048236.1,139298,407
CP048236.1,139305,1
CP048236.1,139317,71
CP048236.1,139358,3
CP048236.1,139407,337
CP048236.1,139517,425
CP048236.1,139536,25
CP048236.1,139545,212
CP048236.1,139673,364
CP048236.1,141589,632
CP048236.1,141591,593
CP048236.1,141708,272
CP048236.1,141715,182
CP048236.1,141832,711
CP048236.1,141868,1
CP048236.1,141997,77
CP048236.1,142230,1
CP048236.1,143961,1
CP048236.1,144009,59
CP048236.1,144011,344
CP048236.1,144023,1335
CP048236.1,144027,271
CP048236.1,145134,156
CP048236.1,145411,551
CP048236.1,145816,678
CP048236.1,146113,129
CP048236.1,146120,52
CP048236.1,146139,524
CP048236.1,146241,24
CP048236.1,146271,682
CP048236.1,146371,56
CP048236.1,146408,68
CP048236.1,146415,6
CP048236.1,146445,136
CP048236.1,146461,86
CP048236.1,146464,1
CP048236.1,146528,1
CP048236.1,146606,768
CP048236.1,146624,167
CP048236.1,146658,626
CP048236.1,146665,325
CP048236.1,146672,503
CP048236.1,146687,536
CP048236.1,146697,119
CP048236.1,146749,216
CP048236.1,146757,339
CP048236.1,146764,254
CP048236.1,146773,12
CP048236.1,146775,4
CP048236.1,146782,2
CP048236.1,146835,449
CP048236.1,152621,168
CP048236.1,153816,1
CP048236.1,154430,27
CP048236.1,154675,356
CP048236.1,154983,579
CP048236.1,154993,254
CP048236.1,155588,1
CP048236.1,155592,200
CP048236.1,155596,1
CP048236.1,155642,15
CP048236.1,155688,16
CP048236.1,155779,84
CP048236.1,155887,751
CP048236.1,156270,1
CP048236.1,157021,2
CP048236.1,157922,280
CP048236.1,157989,321
CP048236.1,158062,5
CP048236.1,158066,512
CP048236.1,158250,208
CP048236.1,158653,1191
CP048236.1,158746,979
CP048236.1,158797,65
CP048236.1,158906,21
CP048236.1,158950,31
CP048236.1,159094,313
CP048236.1,159096,125
CP048236.1,159098,33
CP048236.1,159126,23
CP048236.1,159245,159
CP048236.1,159252,106
CP048236.1,159290,10
CP048236.1,159383,16
CP048236.1,159632,9
CP048236.1,159713,286
CP048236.1,159801,1
CP048236.1,159815,756
CP048236.1,159821,114
CP048236.1,159822,180
CP048236.1,160251,2
CP048236.1,161113,81
CP048236.1,162458,99
CP048236.1,163979,242
CP048236.1,164002,585
CP048236.1,164017,693
CP048236.1,164082,15
CP048236.1,164338,7
CP048236.1,164491,6
CP048236.1,164598,655
CP048236.1,164636,79
CP048236.1,164655,242
CP048236.1,164660,204
CP048236.1,164667,1061
CP048236.1,164673,230
CP048236.1,164692,317
CP048236.1,164746,22
CP048236.1,164766,490
CP048236.1,164787,950
CP048236.1,164790,21
CP048236.1,164794,14
CP048236.1,165770,1
CP048236.1,165777,574
CP048236.1,165778,1
CP048236.1,165785,2824
CP048236.1,165786,2548
CP048236.1,165794,64
CP048236.1,165801,274
CP048236.1,165802,1435
CP048236.1,165809,104
CP048236.1,165810,432
CP048236.1,165817,253
CP048236.1,165826,45
CP048236.1,165835,1
CP048236.1,166217,278
CP048236.1,166234,181
CP048236.1,166246,1
CP048236.1,166305,1
CP048236.1,166414,225
CP048236.1,166444,620
CP048236.1,166449,1
CP048236.1,166451,2
CP048236.1,169545,110
CP048236.1,169593,76
CP048236.1,171413,1198
CP048236.1,171420,1
CP048236.1,171783,165
CP048236.1,171862,770
CP048236.1,172955,1
CP048236.1,173290,200
CP048236.1,173316,361
CP048236.1,173390,137
CP048236.1,173397,28
CP048236.1,173399,50
CP048236.1,176281,238
CP048236.1,176286,725
CP048236.1,177064,2
CP048236.1,177088,413
CP048236.1,177095,224
CP048236.1,177134,842
CP048236.1,177136,1032
CP048236.1,177141,2372
CP048236.1,177170,118
CP048236.1,177185,1410
CP048236.1,177191,1
CP048236.1,177197,1
CP048236.1,177312,359
CP048236.1,177421,29
CP048236.1,177428,142
CP048236.1,177527,13
CP048236.1,177575,52
CP048236.1,178896,11
CP048236.1,178907,159
CP048236.1,178911,1
CP048236.1,178932,1
CP048236.1,178966,562
CP048236.1,181789,465
CP048236.1,181796,207
CP048236.1,185993,61
CP048236.1,186263,182
CP048236.1,186439,280
CP048236.1,188834,12
CP048236.1,189439,243
CP048236.1,189571,426
CP048236.1,190614,704
CP048236.1,190742,23
CP048236.1,190759,119
CP048236.1,190763,1
CP048236.1,190766,1536
CP048236.1,190784,1
CP048236.1,190804,100
CP048236.1,190807,4249
CP048236.1,190811,43
CP048236.1,190813,1047
CP048236.1,191079,674
CP048236.1,191099,2065
CP048236.1,191170,1125
CP048236.1,191191,1076
CP048236.1,191215,228
CP048236.1,191222,13
CP048236.1,191223,7588
CP048236.1,191224,1156
CP048236.1,191230,1059
CP048236.1,191236,5
CP048236.1,191243,2
CP048236.1,191249,751
CP048236.1,191252,525
CP048236.1,191254,2162
CP048236.1,191261,752
CP048236.1,191279,3303
CP048236.1,191286,1078
CP048236.1,191293,514
CP048236.1,191420,281
CP048236.1,191563,892
CP048236.1,191570,61
CP048236.1,191718,125
CP048236.1,191773,158
CP048236.1,192480,1
CP048236.1,192485,230
CP048236.1,192828,1193
CP048236.1,193235,1
CP048236.1,193237,368
CP048236.1,193242,319
CP048236.1,193244,118
CP048236.1,193276,631
CP048236.1,193368,121
CP048236.1,193375,193
CP048236.1,193535,1
CP048236.1,193684,1
CP048236.1,194646,1
CP048236.1,196043,304
CP048236.1,196187,726
CP048236.1,196480,1147
CP048236.1,196489,268
CP048236.1,197955,1
CP048236.1,197977,632
CP048236.1,197984,283
CP048236.1,197997,695
CP048236.1,198004,5054
CP048236.1,198007,1
CP048236.1,201958,103
CP048236.1,201961,140
CP048236.1,202159,384
CP048236.1,202474,2046
CP048236.1,202867,17
CP048236.1,202955,937
CP048236.1,203003,230
CP048236.1,203007,1093
CP048236.1,203010,343
CP048236.1,203014,37
CP048236.1,203120,25
CP048236.1,203140,741
CP048236.1,203155,1148
CP048236.1,203162,741
CP048236.1,203173,980
CP048236.1,203179,705
CP048236.1,203186,27
CP048236.1,203193,15
CP048236.1,203227,1412
CP048236.1,203229,5
CP048236.1,203230,866
CP048236.1,203234,265
CP048236.1,203239,222
CP048236.1,203241,101
CP048236.1,203246,455
CP048236.1,203251,163
CP048236.1,203258,1464
CP048236.1,203277,1387
CP048236.1,203287,2
CP048236.1,203294,338
CP048236.1,203297,3725
CP048236.1,203304,377
CP048236.1,203310,10
CP048236.1,203320,1
CP048236.1,204724,763
CP048236.1,204963,93
CP048236.1,205008,655
CP048236.1,205012,260
CP048236.1,205019,279
CP048236.1,205083,1049
CP048236.1,205244,1
CP048236.1,205251,466
CP048236.1,205338,1965
CP048236.1,205376,5
CP048236.1,205514,6
CP048236.1,205867,1710
CP048236.1,205962,575
CP048236.1,206131,975
CP048236.1,206133,157
CP048236.1,206323,505
CP048236.1,206545,1
CP048236.1,206788,118
CP048236.1,206816,1
CP048236.1,206943,1
CP048236.1,206967,141
CP048236.1,207754,1
CP048236.1,208122,1181
CP048236.1,208377,3
CP048236.1,208379,24
CP048236.1,208386,1
CP048236.1,209367,349
CP048236.1,212868,194
CP048236.1,213062,2
CP048236.1,213345,61
CP048236.1,213365,1
CP048236.1,214030,322
CP048236.1,214343,290
CP048236.1,214736,13
CP048236.1,214740,586
CP048236.1,214747,5
CP048236.1,218716,6
CP048236.1,219678,2
CP048236.1,221058,5
CP048236.1,221068,667
CP048236.1,221574,35
CP048236.1,221581,135
CP048236.1,221603,27
CP048236.1,221645,2
CP048236.1,221689,130
CP048236.1,222834,1
CP048236.1,227168,1
CP048236.1,227398,692
CP048236.1,227623,13
CP048236.1,227891,18
CP048236.1,228628,122
CP048236.1,228652,21
CP048236.1,228826,183
CP048236.1,229019,1
CP048236.1,230447,2
CP048236.1,231579,12
CP048236.1,231589,148
CP048236.1,231640,475
CP048236.1,231686,73
CP048236.1,231750,310
CP048236.1,231769,6
CP048236.1,231987,2
CP048236.1,232060,1
CP048236.1,232291,168
CP048236.1,232298,15
CP048236.1,232474,279
CP048236.1,232491,780
CP048236.1,232494,352
CP048236.1,232572,496
CP048236.1,232591,51
CP048236.1,232653,102
CP048236.1,236623,603
CP048236.1,236740,49
CP048236.1,236741,178
CP048236.1,236748,10
CP048236.1,237111,473
CP048236.1,237118,208
CP048236.1,237190,483
CP048236.1,237206,183
CP048236.1,237250,736
CP048236.1,237326,2130
CP048236.1,237333,1
CP048236.1,237402,1
CP048236.1,237490,1830
CP048236.1,237491,593
CP048236.1,237498,179
CP048236.1,237504,27
CP048236.1,237531,587
CP048236.1,237538,1561
CP048236.1,237551,2
CP048236.1,237558,127
CP048236.1,237568,10
CP048236.1,237993,1
CP048236.1,238012,1
CP048236.1,238075,757
CP048236.1,238219,1
CP048236.1,238447,2
CP048236.1,238452,326
CP048236.1,238459,1049
CP048236.1,238973,1
CP048236.1,239779,15
CP048236.1,241120,275
CP048236.1,241184,86
CP048236.1,241191,25
CP048236.1,241193,1
CP048236.1,241350,331
CP048236.1,241365,196
CP048236.1,243617,755
CP048236.1,243666,96
CP048236.1,243702,1
CP048236.1,243708,596
CP048236.1,251546,177
CP048236.1,251582,139
CP048236.1,252392,309
CP048236.1,252676,162
CP048236.1,255571,8
CP048236.1,255617,52
CP048236.1,255738,1
CP048236.1,256446,3
CP048236.1,258175,400
CP048236.1,258190,700
CP048236.1,258475,94
CP048236.1,258644,277
CP048236.1,258674,899
CP048236.1,258792,1
CP048236.1,258799,136
CP048236.1,259126,444
CP048236.1,259132,227
CP048236.1,259320,114
CP048236.1,259954,724
CP048236.1,260014,956
CP048236.1,261093,901
CP048236.1,261100,5
CP048236.1,262475,729
CP048236.1,263283,315
CP048236.1,263368,315
CP048236.1,263369,242
CP048236.1,263391,1
CP048236.1,263398,281
CP048236.1,263481,303
CP048236.1,263488,497
CP048236.1,263797,158
CP048236.1,263827,36
CP048236.1,263833,3
CP048236.1,266693,411
CP048236.1,266978,1
CP048236.1,267266,38
CP048236.1,267421,339
CP048236.1,267486,160
CP048236.1,267500,1126
CP048236.1,267510,2
CP048236.1,267579,221
CP048236.1,267717,8
CP048236.1,267951,1
CP048236.1,268064,4
CP048236.1,268071,1087
CP048236.1,268112,101
CP048236.1,268180,717
CP048236.1,268245,42
CP048236.1,268263,7
CP048236.1,268264,16
CP048236.1,268267,1352
CP048236.1,268271,410
CP048236.1,268399,485
CP048236.1,268429,31
CP048236.1,268561,900
CP048236.1,268610,1
CP048236.1,268644,486
CP048236.1,268648,504
CP048236.1,268682,1
CP048236.1,268694,1282
CP048236.1,268701,3123
CP048236.1,268703,1
CP048236.1,268704,105
CP048236.1,268706,1615
CP048236.1,270204,442
CP048236.1,270285,21
CP048236.1,270591,13
CP048236.1,270592,233
CP048236.1,270598,478
CP048236.1,270599,125
CP048236.1,270656,11
CP048236.1,270737,261
CP048236.1,270760,12
CP048236.1,270762,951
CP048236.1,270769,353
CP048236.1,270782,4
CP048236.1,270789,2084
CP048236.1,270823,538
CP048236.1,270857,658
CP048236.1,270860,15
CP048236.1,270864,177
CP048236.1,270917,2076
CP048236.1,270924,600
CP048236.1,270938,1
CP048236.1,271004,202
CP048236.1,271046,67
CP048236.1,271048,979
CP048236.1,271052,2220
CP048236.1,271059,684
CP048236.1,271090,33
CP048236.1,271316,217
CP048236.1,271367,16
CP048236.1,271467,495
CP048236.1,271615,34
CP048236.1,271617,1651
CP048236.1,271915,536
CP048236.1,272146,182
CP048236.1,272180,30
CP048236.1,272187,355
CP048236.1,272591,273
CP048236.1,272598,192
CP048236.1,272610,1
CP048236.1,272678,145
CP048236.1,272714,636
CP048236.1,272764,68
CP048236.1,272863,1
CP048236.1,273356,169
CP048236.1,273728,3
CP048236.1,273739,846
CP048236.1,274661,54
CP048236.1,274966,992
CP048236.1,278686,131
CP048236.1,278770,32
CP048236.1,278829,173
CP048236.1,279958,364
CP048236.1,280171,1
CP048236.1,280305,212
CP048236.1,282149,1
CP048236.1,282424,202
CP048236.1,282590,407
CP048236.1,282627,640
CP048236.1,282651,41
CP048236.1,282731,1103
CP048236.1,282733,10
CP048236.1,282740,1
CP048236.1,282771,1243
CP048236.1,282779,30
CP048236.1,282869,2325
CP048236.1,282887,667
CP048236.1,282933,187
CP048236.1,283195,5
CP048236.1,283245,229
CP048236.1,283248,41
CP048236.1,283252,398
CP048236.1,283420,10
CP048236.1,283438,654
CP048236.1,284501,43
CP048236.1,284521,1
CP048236.1,284537,1
CP048236.1,285109,443
CP048236.1,285116,348
CP048236.1,285128,33
CP048236.1,286651,1546
CP048236.1,286682,137
CP048236.1,286688,393
CP048236.1,286728,587
CP048236.1,286741,162
CP048236.1,286748,250
CP048236.1,286781,299
CP048236.1,288718,123
CP048236.1,288729,1
CP048236.1,288768,1005
CP048236.1,288794,143
CP048236.1,288798,264
CP048236.1,288845,965
CP048236.1,288856,527
CP048236.1,288967,111
CP048236.1,289001,2
CP048236.1,289072,785
CP048236.1,289073,1
CP048236.1,289080,3913
CP048236.1,289166,7
CP048236.1,289181,71
CP048236.1,289240,1
CP048236.1,289247,792
CP048236.1,289280,1186
CP048236.1,289346,58
CP048236.1,289353,9
CP048236.1,289399,146
CP048236.1,289488,1
CP048236.1,289496,30
CP048236.1,289504,471
CP048236.1,289933,1267
CP048236.1,289937,1
CP048236.1,289953,1333
CP048236.1,289960,2843
CP048236.1,290046,58
CP048236.1,290050,99
CP048236.1,290193,2431
CP048236.1,291261,311
CP048236.1,292112,1
CP048236.1,292151,117
CP048236.1,292155,148
CP048236.1,292351,613
CP048236.1,292369,15
CP048236.1,292414,2110
CP048236.1,292421,343
CP048236.1,292423,57
CP048236.1,292428,1483
CP048236.1,292435,1413
CP048236.1,292766,8
CP048236.1,292957,24
CP048236.1,294746,263
CP048236.1,295206,21
CP048236.1,295698,5
CP048236.1,295898,284
CP048236.1,296078,65
CP048236.1,296085,279
CP048236.1,296209,564
CP048236.1,296280,15
CP048236.1,296281,349
CP048236.1,296288,1710
CP048236.1,296289,4
CP048236.1,296341,92
CP048236.1,296343,635
CP048236.1,296346,2
CP048236.1,296350,351
CP048236.1,296371,525
CP048236.1,296425,449
CP048236.1,296429,8
CP048236.1,296450,79
CP048236.1,296468,78
CP048236.1,296506,130
CP048236.1,296521,187
CP048236.1,296528,187
CP048236.1,300774,96
CP048236.1,300781,81
CP048236.1,302731,127
CP048236.1,302738,1
CP048236.1,303037,711
CP048236.1,304610,1
CP048236.1,304837,321
CP048236.1,305499,1026
CP048236.1,306571,20
CP048236.1,310287,593
CP048236.1,311551,848
CP048236.1,312485,449
CP048236.1,313876,2
CP048236.1,313877,312
CP048236.1,314008,236
CP048236.1,314020,1
CP048236.1,314027,87
CP048236.1,314078,1864
CP048236.1,314085,645
CP048236.1,314476,721
CP048236.1,314483,822
CP048236.1,314538,932
CP048236.1,314544,273
CP048236.1,314564,16
CP048236.1,314566,419
CP048236.1,314573,1
CP048236.1,314580,3
CP048236.1,314614,198
CP048236.1,314629,210
CP048236.1,314636,80
CP048236.1,314654,905
CP048236.1,314661,78
CP048236.1,314695,60
CP048236.1,314706,878
CP048236.1,314711,194
CP048236.1,314757,49
CP048236.1,314947,462
CP048236.1,314959,134
CP048236.1,315052,170
CP048236.1,315139,299
CP048236.1,315168,17
CP048236.1,315175,553
CP048236.1,315468,352
CP048236.1,315820,5
CP048236.1,315880,649
CP048236.1,320304,239
CP048236.1,320352,257
CP048236.1,320638,2
CP048236.1,325933,168
CP048236.1,326331,185
CP048236.1,326811,294
CP048236.1,328778,1666
CP048236.1,328785,2137
CP048236.1,328825,2030
CP048236.1,328832,1529
CP048236.1,328837,1
CP048236.1,328914,702
CP048236.1,329290,162
CP048236.1,331245,295
CP048236.1,331345,484
CP048236.1,331416,367
CP048236.1,331689,1
CP048236.1,331865,3
CP048236.1,331969,211
CP048236.1,332014,92
CP048236.1,332393,1
CP048236.1,332452,366
CP048236.1,332476,607
CP048236.1,332483,771
CP048236.1,332728,94
CP048236.1,332742,48
CP048236.1,332890,393
CP048236.1,333229,7
CP048236.1,333257,448
CP048236.1,333355,195
CP048236.1,333635,82
CP048236.1,335024,630
CP048236.1,335065,529
CP048236.1,335377,784
CP048236.1,335495,1612
CP048236.1,335602,94
CP048236.1,335930,26
CP048236.1,338422,1
CP048236.1,339763,490
CP048236.1,342124,20
CP048236.1,348081,212
CP048236.1,350076,273
CP048236.1,350877,2124
CP048236.1,351383,3
CP048236.1,352031,1
CP048236.1,352062,1262
CP048236.1,352188,1
CP048236.1,352242,204
CP048236.1,352524,1
CP048236.1,352778,1
CP048236.1,356186,7
CP048236.1,356286,38
CP048236.1,360578,290
CP048236.1,360959,8
CP048236.1,363695,768
CP048236.1,363717,404
CP048236.1,363748,402
CP048236.1,363750,999
CP048236.1,363755,428
CP048236.1,363757,1556
CP048236.1,363776,296
CP048236.1,363783,181
CP048236.1,363945,219
CP048236.1,364376,705
CP048236.1,364757,4
CP048236.1,364789,487
CP048236.1,365121,210
CP048236.1,365128,466
CP048236.1,365172,48
CP048236.1,365215,106
CP048236.1,365402,639
CP048236.1,365430,38
CP048236.1,365522,863
CP048236.1,365616,5
CP048236.1,365623,126
CP048236.1,365639,130
CP048236.1,365641,599
CP048236.1,365714,335
CP048236.1,366033,1
CP048236.1,366509,645
CP048236.1,366600,2186
CP048236.1,366674,51
CP048236.1,366697,4
CP048236.1,366761,84
CP048236.1,368748,222
CP048236.1,368752,9
CP048236.1,369419,704
CP048236.1,369940,411
CP048236.1,370243,279
CP048236.1,370250,299
CP048236.1,370266,209
CP048236.1,370286,125
CP048236.1,370351,372
CP048236.1,370358,10
CP048236.1,370370,336
CP048236.1,372734,815
CP048236.1,373536,850
CP048236.1,375156,6
CP048236.1,375166,176
CP048236.1,375200,43
CP048236.1,375243,1
CP048236.1,375352,118
CP048236.1,378023,87
CP048236.1,378026,13
CP048236.1,378403,1
CP048236.1,378560,326
CP048236.1,381808,32
CP048236.1,381877,139
CP048236.1,382088,4928
CP048236.1,382095,3234
CP048236.1,382096,32
CP048236.1,382396,1989
CP048236.1,382781,1382
CP048236.1,383451,373
CP048236.1,383539,9
CP048236.1,383546,234
CP048236.1,383548,450
CP048236.1,384631,228
CP048236.1,384666,1
CP048236.1,384669,553
CP048236.1,384674,1
CP048236.1,385897,28
CP048236.1,385919,2
CP048236.1,385999,5
CP048236.1,386041,96
CP048236.1,386074,1010
CP048236.1,386075,1
CP048236.1,386094,537
CP048236.1,386414,995
CP048236.1,387345,347
CP048236.1,390639,1131
CP048236.1,390866,203
CP048236.1,390976,281
CP048236.1,390983,655
CP048236.1,390984,1
CP048236.1,391048,1
CP048236.1,391158,565
CP048236.1,391165,24
CP048236.1,391191,100
CP048236.1,391201,1212
CP048236.1,391203,83
CP048236.1,391206,883
CP048236.1,391208,336
CP048236.1,391210,1
CP048236.1,391232,1
CP048236.1,391262,298
CP048236.1,391266,168
CP048236.1,392194,60
CP048236.1,392355,729
CP048236.1,392443,504
CP048236.1,392790,374
CP048236.1,392802,195
CP048236.1,392835,1
CP048236.1,392849,100
CP048236.1,392856,34
CP048236.1,392860,2114
CP048236.1,392957,1
CP048236.1,393233,32
CP048236.1,394349,1094
CP048236.1,394454,874
CP048236.1,395233,61
CP048236.1,395532,344
CP048236.1,395543,36
CP048236.1,395694,1
CP048236.1,395817,76
CP048236.1,396384,29
CP048236.1,396435,216
CP048236.1,396517,221
CP048236.1,396518,819
CP048236.1,396617,25
CP048236.1,396633,520
CP048236.1,396728,93
CP048236.1,398408,364
CP048236.1,398951,1031
CP048236.1,399346,1
CP048236.1,399347,1
CP048236.1,399348,1
CP048236.1,399350,288
CP048236.1,399354,242
CP048236.1,399357,1199
CP048236.1,399402,12
CP048236.1,399407,87
CP048236.1,399412,254
CP048236.1,399414,2264
CP048236.1,399421,84
CP048236.1,399428,393
CP048236.1,399435,1103
CP048236.1,399451,267
CP048236.1,399459,831
CP048236.1,399466,124
CP048236.1,399539,167
CP048236.1,399546,249
CP048236.1,399569,5
CP048236.1,399573,3788
CP048236.1,399575,1330
CP048236.1,399580,2423
CP048236.1,399582,1018
CP048236.1,399869,656
CP048236.1,399971,623
CP048236.1,399972,1178
CP048236.1,403539,342
CP048236.1,403853,428
CP048236.1,403872,674
CP048236.1,404673,185
CP048236.1,406326,536
CP048236.1,406405,11
CP048236.1,407843,920
CP048236.1,409743,363
CP048236.1,409959,42
CP048236.1,410247,60
CP048236.1,410617,243
CP048236.1,411064,66
CP048236.1,412243,1
CP048236.1,412703,107
CP048236.1,413331,151
CP048236.1,413409,73
CP048236.1,413971,392
CP048236.1,414049,226
CP048236.1,415137,76
CP048236.1,415685,244
CP048236.1,416925,143
CP048236.1,417386,119
CP048236.1,417599,374
CP048236.1,417725,340
CP048236.1,418184,3
CP048236.1,419916,44
CP048236.1,419958,59
CP048236.1,420044,1
CP048236.1,423050,197
CP048236.1,423052,373
CP048236.1,423073,136
CP048236.1,423259,418
CP048236.1,423278,27
CP048236.1,423438,383
CP048236.1,426320,639
CP048236.1,426431,41
CP048236.1,426549,10
CP048236.1,426637,410
CP048236.1,426697,175
CP048236.1,426831,1
CP048236.1,426833,84
CP048236.1,426988,31
CP048236.1,427154,156
CP048236.1,427163,1
CP048236.1,427178,20
CP048236.1,427506,250
CP048236.1,427972,277
CP048236.1,428026,156
CP048236.1,428323,1485
CP048236.1,428346,102
CP048236.1,430928,67
CP048236.1,433005,80
CP048236.1,434745,71
CP048236.1,434752,15
CP048236.1,434760,746
CP048236.1,434763,154
CP048236.1,434828,960
CP048236.1,434867,338
CP048236.1,434878,574
CP048236.1,434899,472
CP048236.1,435091,2
CP048236.1,435224,32
CP048236.1,435241,770
CP048236.1,435258,1556
CP048236.1,435282,22
CP048236.1,435356,1
CP048236.1,435390,21
CP048236.1,435396,23
CP048236.1,435448,271
CP048236.1,441197,55
CP048236.1,441330,78
CP048236.1,441622,71
CP048236.1,443763,367
CP048236.1,443835,323
CP048236.1,444016,105
CP048236.1,444216,221
CP048236.1,444289,698
CP048236.1,444541,92
CP048236.1,444607,10
CP048236.1,444811,9
CP048236.1,444822,259
CP048236.1,444875,37
CP048236.1,444942,281
CP048236.1,444976,163
CP048236.1,445009,1
CP048236.1,445056,377
CP048236.1,445263,189
CP048236.1,445336,289
CP048236.1,446597,212
CP048236.1,446896,208
CP048236.1,446969,1
CP048236.1,448802,49
CP048236.1,448850,92
CP048236.1,448970,286
CP048236.1,448971,548
CP048236.1,448973,35
CP048236.1,448978,695
CP048236.1,449037,962
CP048236.1,449139,140
CP048236.1,449215,26
CP048236.1,449269,226
CP048236.1,449292,292
CP048236.1,449388,394
CP048236.1,449622,314
CP048236.1,452730,507
CP048236.1,453611,1
CP048236.1,453705,16
CP048236.1,455206,552
CP048236.1,456698,1
CP048236.1,457403,19
CP048236.1,458896,210
CP048236.1,459602,2
CP048236.1,459914,11
CP048236.1,460092,262
CP048236.1,460396,1
CP048236.1,460403,229
CP048236.1,460530,404
CP048236.1,460584,1
CP048236.1,460734,335
CP048236.1,460761,262
CP048236.1,460910,78
CP048236.1,463024,233
CP048236.1,463306,281
CP048236.1,464143,378
CP048236.1,464465,9
CP048236.1,467479,1624
CP048236.1,467523,1226
CP048236.1,467582,4
CP048236.1,470715,289
CP048236.1,470905,584
CP048236.1,470912,148
CP048236.1,473404,318
CP048236.1,474549,10
CP048236.1,474991,140
CP048236.1,475506,123
CP048236.1,475670,7
CP048236.1,475716,14
CP048236.1,475734,46
CP048236.1,475738,15
CP048236.1,475925,13
CP048236.1,476034,18
CP048236.1,477030,160
CP048236.1,477214,721
CP048236.1,477221,880
CP048236.1,477520,60
CP048236.1,477656,596
CP048236.1,477867,3
CP048236.1,478144,1276
CP048236.1,478650,1374
CP048236.1,478662,92
CP048236.1,478668,334
CP048236.1,478705,12
CP048236.1,478725,7
CP048236.1,478739,1
CP048236.1,478748,1
CP048236.1,478751,618
CP048236.1,478753,2
CP048236.1,478755,18
CP048236.1,478757,1
CP048236.1,478763,2
CP048236.1,478765,406
CP048236.1,478767,47
CP048236.1,478769,3
CP048236.1,478773,614
CP048236.1,478774,1
CP048236.1,478775,810
CP048236.1,478778,2
CP048236.1,478780,3
CP048236.1,478787,769
CP048236.1,478794,1
CP048236.1,478796,1318
CP048236.1,478802,1124
CP048236.1,478803,2625
CP048236.1,478809,1800
CP048236.1,478811,1
CP048236.1,478961,54
CP048236.1,478988,6
CP048236.1,478995,858
CP048236.1,479061,1
CP048236.1,479062,283
CP048236.1,479090,3076
CP048236.1,479099,1
CP048236.1,479118,20
CP048236.1,479151,137
CP048236.1,479210,1391
CP048236.1,479261,559
CP048236.1,479268,1371
CP048236.1,479777,1325
CP048236.1,480468,64
CP048236.1,481121,3
CP048236.1,481728,249
CP048236.1,484090,509
CP048236.1,484162,58
CP048236.1,488895,398
CP048236.1,488902,47
CP048236.1,489334,460
CP048236.1,492767,57
CP048236.1,492774,663
CP048236.1,492793,4
CP048236.1,492800,1
CP048236.1,494784,398
CP048236.1,494880,169
CP048236.1,495367,544
CP048236.1,495374,101
CP048236.1,495869,12
CP048236.1,495976,493
CP048236.1,496008,96
CP048236.1,496035,155
CP048236.1,499966,3
CP048236.1,499973,787
CP048236.1,504743,19
CP048236.1,504812,7
CP048236.1,504914,503
CP048236.1,505119,90
CP048236.1,505998,30
CP048236.1,506372,519
CP048236.1,508041,1
CP048236.1,508077,1467
CP048236.1,509446,442
CP048236.1,509529,26
CP048236.1,510829,491
CP048236.1,514030,216
CP048236.1,514135,100
CP048236.1,514483,1725
CP048236.1,514790,7
CP048236.1,514994,89
CP048236.1,515095,106
CP048236.1,515352,539
CP048236.1,515359,247
CP048236.1,515738,2
CP048236.1,516339,401
CP048236.1,516567,49
CP048236.1,516574,30
CP048236.1,516589,156
CP048236.1,516672,158
CP048236.1,516674,147
CP048236.1,516681,47
CP048236.1,516703,1491
CP048236.1,517953,1
CP048236.1,518070,306
CP048236.1,518077,2582
CP048236.1,518373,367
CP048236.1,518889,136
CP048236.1,518893,10
CP048236.1,518908,812
CP048236.1,518915,304
CP048236.1,518955,1085
CP048236.1,518962,355
CP048236.1,518978,271
CP048236.1,518995,53
CP048236.1,518997,8
CP048236.1,519063,23
CP048236.1,519064,53
CP048236.1,519071,619
CP048236.1,519073,265
CP048236.1,519080,393
CP048236.1,519088,6
CP048236.1,519090,1
CP048236.1,519104,121
CP048236.1,519118,660
CP048236.1,519121,563
CP048236.1,519132,503
CP048236.1,519170,1
CP048236.1,519190,499
CP048236.1,519217,301
CP048236.1,519685,496
CP048236.1,519757,1164
CP048236.1,519805,202
CP048236.1,519829,33
CP048236.1,519943,324
CP048236.1,519967,108
CP048236.1,520531,9
CP048236.1,520540,298
CP048236.1,520700,1
CP048236.1,520725,296
CP048236.1,520765,1149
CP048236.1,520772,6
CP048236.1,520784,2
CP048236.1,520883,117
CP048236.1,521005,28
CP048236.1,521293,1
CP048236.1,524210,1
CP048236.1,524394,70
CP048236.1,524427,294
CP048236.1,525081,9
CP048236.1,525097,53
CP048236.1,525114,4
CP048236.1,527299,285
CP048236.1,527385,2
CP048236.1,527392,1301
CP048236.1,527534,9
CP048236.1,529727,494
CP048236.1,530636,59
CP048236.1,530728,1239
CP048236.1,530959,42
CP048236.1,531208,366
CP048236.1,531335,2
CP048236.1,531344,601
CP048236.1,531422,952
CP048236.1,531426,854
CP048236.1,533857,1
CP048236.1,533927,1121
CP048236.1,533934,2136
CP048236.1,535396,6
CP048236.1,538005,1
CP048236.1,538414,5
CP048236.1,538539,16
CP048236.1,538568,151
CP048236.1,538698,932
CP048236.1,538756,492
CP048236.1,538780,7
CP048236.1,538787,468
CP048236.1,538791,25
CP048236.1,538812,9
CP048236.1,538844,1
CP048236.1,538846,389
CP048236.1,538853,33
CP048236.1,539557,221
CP048236.1,539601,733
CP048236.1,539625,323
CP048236.1,541558,71
CP048236.1,543874,1
CP048236.1,544067,331
CP048236.1,544094,444
CP048236.1,544135,316
CP048236.1,544150,95
CP048236.1,544153,1
CP048236.1,544157,1028
CP048236.1,544195,1103
CP048236.1,544198,651
CP048236.1,544260,809
CP048236.1,544267,264
CP048236.1,544448,930
CP048236.1,544611,2
CP048236.1,544859,1
CP048236.1,545645,231
CP048236.1,546731,296
CP048236.1,547496,158
CP048236.1,547613,411
CP048236.1,547620,3
CP048236.1,549931,1
CP048236.1,549946,26
CP048236.1,550018,16
CP048236.1,550037,865
CP048236.1,550061,1018
CP048236.1,550097,82
CP048236.1,550119,2483
CP048236.1,550126,435
CP048236.1,550134,854
CP048236.1,550147,58
CP048236.1,550252,6
CP048236.1,550278,1678
CP048236.1,550285,1871
CP048236.1,550446,691
CP048236.1,550494,648
CP048236.1,550690,248
CP048236.1,550758,295
CP048236.1,550778,1
CP048236.1,550955,442
CP048236.1,551090,1126
CP048236.1,551097,50
CP048236.1,551147,37
CP048236.1,551183,527
CP048236.1,551190,114
CP048236.1,551191,84
CP048236.1,553771,867
CP048236.1,553863,1467
CP048236.1,553889,1259
CP048236.1,553896,232
CP048236.1,554200,2
CP048236.1,554710,438
CP048236.1,555376,791
CP048236.1,555611,894
CP048236.1,555788,213
CP048236.1,556013,134
CP048236.1,559288,481
CP048236.1,559414,1
CP048236.1,560372,454
CP048236.1,560824,8
CP048236.1,560925,201
CP048236.1,560956,705
CP048236.1,560977,902
CP048236.1,563327,299
CP048236.1,563368,876
CP048236.1,563371,1369
CP048236.1,563378,168
CP048236.1,563542,962
CP048236.1,564121,1
CP048236.1,564142,11
CP048236.1,564567,46
CP048236.1,564574,7
CP048236.1,565435,22
CP048236.1,565470,1
CP048236.1,565501,419
CP048236.1,565504,1235
CP048236.1,565696,58
CP048236.1,565764,680
CP048236.1,566290,48
CP048236.1,566836,9
CP048236.1,566947,321
CP048236.1,567048,12
CP048236.1,570172,484
CP048236.1,570407,479
CP048236.1,570483,150
CP048236.1,570490,714
CP048236.1,570506,72
CP048236.1,570513,298
CP048236.1,570514,3166
CP048236.1,570516,2
CP048236.1,570523,348
CP048236.1,570534,267
CP048236.1,570556,1214
CP048236.1,570563,1162
CP048236.1,570564,282
CP048236.1,570571,132
CP048236.1,570594,745
CP048236.1,570608,1955
CP048236.1,570615,1209
CP048236.1,570660,864
CP048236.1,570711,5
CP048236.1,570718,9
CP048236.1,570897,365
CP048236.1,570940,511
CP048236.1,570991,228
CP048236.1,571247,167
CP048236.1,572185,10
CP048236.1,573407,256
CP048236.1,574066,76
CP048236.1,574067,9
CP048236.1,574187,448
CP048236.1,574271,5
CP048236.1,574441,137
CP048236.1,574639,258
CP048236.1,574646,4
CP048236.1,574653,3
CP048236.1,574771,67
CP048236.1,574793,279
CP048236.1,574808,1
CP048236.1,574850,184
CP048236.1,574868,58
CP048236.1,574977,78
CP048236.1,575463,234
CP048236.1,575502,137
CP048236.1,577336,344
CP048236.1,577521,4
CP048236.1,578963,9
CP048236.1,580010,67
CP048236.1,580078,52
CP048236.1,580360,466
CP048236.1,580384,233
CP048236.1,580398,281
CP048236.1,580505,1
CP048236.1,580513,166
CP048236.1,580650,48
CP048236.1,580755,55
CP048236.1,580762,18
CP048236.1,580928,170
CP048236.1,581137,1141
CP048236.1,581177,1709
CP048236.1,581184,121
CP048236.1,581470,3
CP048236.1,581538,563
CP048236.1,583573,93
CP048236.1,583592,1
CP048236.1,583622,4
CP048236.1,584329,1
CP048236.1,584429,229
CP048236.1,584436,306
CP048236.1,584465,841
CP048236.1,584570,45
CP048236.1,584580,159
CP048236.1,584659,411
CP048236.1,584666,56
CP048236.1,584695,1
CP048236.1,584702,15
CP048236.1,584768,1182
CP048236.1,584770,1548
CP048236.1,584777,2669
CP048236.1,584900,476
CP048236.1,585057,960
CP048236.1,586777,32
CP048236.1,588899,62
CP048236.1,589131,1
CP048236.1,590390,442
CP048236.1,590746,2
CP048236.1,590790,1
CP048236.1,590806,1458
CP048236.1,592712,95
CP048236.1,592717,272
CP048236.1,592772,474
CP048236.1,592803,278
CP048236.1,592838,418
CP048236.1,592845,19
CP048236.1,592870,1
CP048236.1,592895,1
CP048236.1,592939,6
CP048236.1,593198,50
CP048236.1,593205,180
CP048236.1,594146,501
CP048236.1,594289,69
CP048236.1,594329,1331
CP048236.1,594449,56
CP048236.1,595773,64
CP048236.1,596833,2515
CP048236.1,596845,2649
CP048236.1,597224,161
CP048236.1,598207,39
CP048236.1,598212,139
CP048236.1,598270,10
CP048236.1,598448,353
CP048236.1,598947,1
CP048236.1,600512,751
CP048236.1,600723,22
CP048236.1,600728,88
CP048236.1,600772,590
CP048236.1,600874,1178
CP048236.1,602229,595
CP048236.1,602965,29
CP048236.1,603009,350
CP048236.1,603186,1
CP048236.1,603357,838
CP048236.1,603776,492
CP048236.1,605303,175
CP048236.1,605533,262
CP048236.1,607439,2
CP048236.1,607553,407
CP048236.1,607649,14
CP048236.1,607658,2
CP048236.1,607660,1262
CP048236.1,607667,883
CP048236.1,607875,1
CP048236.1,608000,79
CP048236.1,608009,431
CP048236.1,608087,415
CP048236.1,608277,365
CP048236.1,608424,264
CP048236.1,608431,1
CP048236.1,608485,1
CP048236.1,608534,4
CP048236.1,608617,374
CP048236.1,608644,3
CP048236.1,608660,8
CP048236.1,608667,428
CP048236.1,611183,526
CP048236.1,611485,135
CP048236.1,611487,211
CP048236.1,611528,8
CP048236.1,614850,60
CP048236.1,617740,109
CP048236.1,618313,453
CP048236.1,625106,543
CP048236.1,625406,325
CP048236.1,625593,44
CP048236.1,625648,1159
CP048236.1,625679,446
CP048236.1,625905,710
CP048236.1,626365,101
CP048236.1,626489,835
CP048236.1,626715,1042
CP048236.1,626722,186
CP048236.1,626856,515
CP048236.1,627156,11
CP048236.1,627275,104
CP048236.1,630497,803
CP048236.1,631240,46
CP048236.1,631650,9
CP048236.1,633163,361
CP048236.1,633192,1280
CP048236.1,633200,116
CP048236.1,633207,93
CP048236.1,633214,3
CP048236.1,633221,565
CP048236.1,633236,414
CP048236.1,633250,142
CP048236.1,633257,1875
CP048236.1,633503,25
CP048236.1,633723,1
CP048236.1,635108,358
CP048236.1,635434,1
CP048236.1,636962,4
CP048236.1,637347,14
CP048236.1,637379,71
CP048236.1,637726,639
CP048236.1,637828,412
CP048236.1,637933,1325
CP048236.1,637941,658
CP048236.1,638000,691
CP048236.1,638029,419
CP048236.1,638069,1166
CP048236.1,638101,751
CP048236.1,638150,362
CP048236.1,638279,269
CP048236.1,638286,947
CP048236.1,638326,580
CP048236.1,638353,15
CP048236.1,638360,202
CP048236.1,638389,3
CP048236.1,638514,48
CP048236.1,640641,98
CP048236.1,640648,720
CP048236.1,641075,1
CP048236.1,641230,496
CP048236.1,641337,1047
CP048236.1,641562,446
CP048236.1,641569,744
CP048236.1,641623,188
CP048236.1,641630,973
CP048236.1,641631,1
CP048236.1,641638,188
CP048236.1,641642,5
CP048236.1,641715,423
CP048236.1,641734,66
CP048236.1,641776,445
CP048236.1,641854,715
CP048236.1,641969,5
CP048236.1,642032,376
CP048236.1,642051,92
CP048236.1,642100,6
CP048236.1,642111,7
CP048236.1,642123,1025
CP048236.1,642130,192
CP048236.1,642131,264
CP048236.1,642138,354
CP048236.1,642139,633
CP048236.1,642182,1
CP048236.1,642215,12
CP048236.1,642219,128
CP048236.1,642230,722
CP048236.1,642316,1
CP048236.1,642329,185
CP048236.1,642428,1
CP048236.1,642430,533
CP048236.1,642522,32
CP048236.1,642991,76
CP048236.1,643484,901
CP048236.1,644489,28
CP048236.1,644897,1330
CP048236.1,647467,631
CP048236.1,647486,62
CP048236.1,647497,283
CP048236.1,647502,1
CP048236.1,647509,184
CP048236.1,647625,15
CP048236.1,649320,684
CP048236.1,651321,395
CP048236.1,651441,8
CP048236.1,651456,453
CP048236.1,654099,3
CP048236.1,654125,1
CP048236.1,659969,53
CP048236.1,662450,1
CP048236.1,662533,455
CP048236.1,662538,451
CP048236.1,662617,4
CP048236.1,662633,432
CP048236.1,662637,4
CP048236.1,662642,100
CP048236.1,662644,485
CP048236.1,662648,1148
CP048236.1,662653,475
CP048236.1,662660,242
CP048236.1,662733,2270
CP048236.1,662735,490
CP048236.1,662737,31
CP048236.1,662740,682
CP048236.1,662766,1
CP048236.1,662767,379
CP048236.1,662847,31
CP048236.1,662892,1
CP048236.1,662972,36
CP048236.1,663122,24
CP048236.1,664481,788
CP048236.1,664631,65
CP048236.1,665330,59
CP048236.1,665768,101
CP048236.1,667063,224
CP048236.1,667223,1
CP048236.1,667792,165
CP048236.1,670659,154
CP048236.1,670679,350
CP048236.1,670702,164
CP048236.1,670736,704
CP048236.1,670743,545
CP048236.1,670778,551
CP048236.1,670780,64
CP048236.1,670804,810
CP048236.1,676923,458
CP048236.1,677135,521
CP048236.1,677137,41
CP048236.1,677167,100
CP048236.1,677199,711
CP048236.1,677217,8
CP048236.1,677306,2
CP048236.1,677406,27
CP048236.1,677487,25
CP048236.1,678151,162
CP048236.1,680242,20
CP048236.1,682491,6
CP048236.1,685381,1123
CP048236.1,685687,69
CP048236.1,686064,1009
CP048236.1,686143,1
CP048236.1,688171,171
CP048236.1,690915,1
CP048236.1,691076,326
CP048236.1,694345,577
CP048236.1,694363,138
CP048236.1,697599,17
CP048236.1,697606,2
CP048236.1,698047,392
CP048236.1,698049,1225
CP048236.1,698054,204
CP048236.1,698056,146
CP048236.1,699386,1
CP048236.1,701295,32
CP048236.1,701335,31
CP048236.1,702593,1
CP048236.1,702857,168
CP048236.1,702926,228
CP048236.1,702954,239
CP048236.1,702996,8
CP048236.1,703183,361
CP048236.1,703269,285
CP048236.1,703273,19
CP048236.1,703380,1
CP048236.1,703433,16
CP048236.1,703491,2775
CP048236.1,703808,279
CP048236.1,703895,1
CP048236.1,703907,168
CP048236.1,703929,902
CP048236.1,703944,1
CP048236.1,703985,1
CP048236.1,704010,705
CP048236.1,704018,1539
CP048236.1,704088,2174
CP048236.1,704107,1
CP048236.1,704110,1
CP048236.1,704123,562
CP048236.1,704130,1221
CP048236.1,704182,548
CP048236.1,704189,1556
CP048236.1,704222,3632
CP048236.1,704258,2
CP048236.1,704267,1
CP048236.1,704269,445
CP048236.1,704276,1
CP048236.1,704278,3997
CP048236.1,704285,2955
CP048236.1,704289,1269
CP048236.1,704296,85
CP048236.1,704382,2055
CP048236.1,704394,748
CP048236.1,704410,654
CP048236.1,704411,1064
CP048236.1,704416,2
CP048236.1,704435,4845
CP048236.1,704438,70
CP048236.1,704442,343
CP048236.1,704498,446
CP048236.1,704525,586
CP048236.1,704584,939
CP048236.1,704585,37
CP048236.1,704591,1585
CP048236.1,704592,26
CP048236.1,704596,406
CP048236.1,704675,1918
CP048236.1,704728,841
CP048236.1,704843,532
CP048236.1,704845,63
CP048236.1,704857,666
CP048236.1,704864,496
CP048236.1,704871,27
CP048236.1,704917,1
CP048236.1,704971,2
CP048236.1,704976,1042
CP048236.1,705035,2276
CP048236.1,705062,22
CP048236.1,705569,555
CP048236.1,706307,947
CP048236.1,706481,7
CP048236.1,706610,69
CP048236.1,707050,337
CP048236.1,707366,1005
CP048236.1,707702,1
CP048236.1,707710,1
CP048236.1,707721,2
CP048236.1,713925,38
CP048236.1,715088,114
CP048236.1,716629,1252
CP048236.1,716753,36
CP048236.1,716773,186
CP048236.1,716816,150
CP048236.1,716842,59
CP048236.1,716863,183
CP048236.1,716887,327
CP048236.1,716925,1554
CP048236.1,716966,400
CP048236.1,716972,27
CP048236.1,716988,297
CP048236.1,716996,17
CP048236.1,717009,20
CP048236.1,717018,509
CP048236.1,717046,285
CP048236.1,717055,62
CP048236.1,717164,365
CP048236.1,717420,447
CP048236.1,717436,2841
CP048236.1,717443,417
CP048236.1,719837,496
CP048236.1,721096,690
CP048236.1,721436,13
CP048236.1,721443,195
CP048236.1,723875,247
CP048236.1,724016,1529
CP048236.1,724310,327
CP048236.1,724889,1119
CP048236.1,724992,79
CP048236.1,725135,224
CP048236.1,727376,2
CP048236.1,728223,68
CP048236.1,728607,139
CP048236.1,728660,1
CP048236.1,729690,33
CP048236.1,729756,290
CP048236.1,729758,202
CP048236.1,734154,25
CP048236.1,734161,298
CP048236.1,735835,282
CP048236.1,735867,22
CP048236.1,735874,1
CP048236.1,735886,897
CP048236.1,735893,277
CP048236.1,736015,1
CP048236.1,736044,332
CP048236.1,736053,1
CP048236.1,737783,1075
CP048236.1,738077,171
CP048236.1,738103,398
CP048236.1,738159,99
CP048236.1,738640,8
CP048236.1,738681,331
CP048236.1,738724,1667
CP048236.1,738732,370
CP048236.1,738881,235
CP048236.1,738930,129
CP048236.1,738937,1212
CP048236.1,738939,137
CP048236.1,738965,768
CP048236.1,739024,410
CP048236.1,739030,492
CP048236.1,739043,864
CP048236.1,739187,55
CP048236.1,739191,254
CP048236.1,739193,89
CP048236.1,740055,276
CP048236.1,740697,84
CP048236.1,740704,262
CP048236.1,741046,22
CP048236.1,741139,333
CP048236.1,741143,3
CP048236.1,741150,861
CP048236.1,741189,1238
CP048236.1,741289,432
CP048236.1,741377,871
CP048236.1,741411,237
CP048236.1,741928,2462
CP048236.1,741979,828
CP048236.1,742223,1
CP048236.1,744333,61
CP048236.1,744342,133
CP048236.1,744349,634
CP048236.1,744400,157
CP048236.1,744579,25
CP048236.1,745465,630
CP048236.1,745692,39
CP048236.1,748415,546
CP048236.1,748710,784
CP048236.1,751769,75
CP048236.1,751831,17
CP048236.1,751946,391
CP048236.1,755488,210
CP048236.1,755495,22
CP048236.1,757530,1
CP048236.1,762588,899
CP048236.1,764115,1589
CP048236.1,764802,259
CP048236.1,765463,430
CP048236.1,768516,15
CP048236.1,769321,660
CP048236.1,769428,529
CP048236.1,769510,371
CP048236.1,769661,767
CP048236.1,771540,395
CP048236.1,771744,1114
CP048236.1,771778,52
CP048236.1,771979,16
CP048236.1,772069,239
CP048236.1,772076,1
CP048236.1,774507,1
CP048236.1,774544,159
CP048236.1,774566,208
CP048236.1,774617,4
CP048236.1,774630,681
CP048236.1,774710,1078
CP048236.1,774988,212
CP048236.1,775462,11
CP048236.1,775493,775
CP048236.1,775581,1
CP048236.1,775736,5
CP048236.1,775865,515
CP048236.1,776017,1
CP048236.1,776036,513
CP048236.1,776339,861
CP048236.1,776442,1
CP048236.1,776445,2300
CP048236.1,776520,556
CP048236.1,776543,52
CP048236.1,778748,427
CP048236.1,779929,580
CP048236.1,782677,2
CP048236.1,782683,3
CP048236.1,784385,98
CP048236.1,788100,168
CP048236.1,788316,173
CP048236.1,789406,459
CP048236.1,789448,506
CP048236.1,789455,2762
CP048236.1,789520,814
CP048236.1,789571,10
CP048236.1,789582,1
CP048236.1,790675,219
CP048236.1,790682,305
CP048236.1,790752,1
CP048236.1,790759,494
CP048236.1,790827,465
CP048236.1,791096,106
CP048236.1,791778,1
CP048236.1,791816,54
CP048236.1,791970,1053
CP048236.1,791996,1294
CP048236.1,792213,6116
CP048236.1,792395,1
CP048236.1,793410,8
CP048236.1,793831,564
CP048236.1,793865,35
CP048236.1,793869,1714
CP048236.1,793876,1
CP048236.1,795466,1
CP048236.1,797483,163
CP048236.1,807514,39
CP048236.1,807535,165
CP048236.1,807625,421
CP048236.1,808085,22
CP048236.1,808164,941
CP048236.1,810533,146
CP048236.1,810665,4
CP048236.1,810667,40
CP048236.1,810669,40
CP048236.1,810671,13
CP048236.1,812979,54
CP048236.1,813217,239
CP048236.1,813226,355
CP048236.1,813284,880
CP048236.1,815908,877
CP048236.1,816010,1
CP048236.1,816204,3
CP048236.1,817609,1260
CP048236.1,817710,26
CP048236.1,817758,385
CP048236.1,817805,490
CP048236.1,819245,715
CP048236.1,819248,189
CP048236.1,819821,123
CP048236.1,819834,249
CP048236.1,819847,86
CP048236.1,819863,271
CP048236.1,820060,1396
CP048236.1,820062,1
CP048236.1,820246,406
CP048236.1,820285,238
CP048236.1,820420,695
CP048236.1,820427,608
CP048236.1,820469,2661
CP048236.1,820476,512
CP048236.1,820717,2
CP048236.1,820830,1
CP048236.1,820836,22
CP048236.1,820864,122
CP048236.1,820912,1
CP048236.1,821121,107
CP048236.1,821263,151
CP048236.1,821374,104
CP048236.1,825455,152
CP048236.1,826120,10
CP048236.1,826694,2
CP048236.1,827273,26
CP048236.1,827471,1
CP048236.1,827643,1242
CP048236.1,827683,24
CP048236.1,827703,793
CP048236.1,827714,39
CP048236.1,827896,867
CP048236.1,827926,424
CP048236.1,828100,6
CP048236.1,830278,526
CP048236.1,830353,1
CP048236.1,830520,120
CP048236.1,830531,747
CP048236.1,832568,6
CP048236.1,832572,306
CP048236.1,832602,92
CP048236.1,832665,807
CP048236.1,832680,494
CP048236.1,832740,200
CP048236.1,833373,9
CP048236.1,834828,5
CP048236.1,835294,436
CP048236.1,835914,301
CP048236.1,835919,560
CP048236.1,835968,10
CP048236.1,836887,1
CP048236.1,837244,525
CP048236.1,837251,130
CP048236.1,837278,16
CP048236.1,837321,190
CP048236.1,838193,646
CP048236.1,838226,214
CP048236.1,838440,25
CP048236.1,838619,927
CP048236.1,840536,2712
CP048236.1,840543,711
CP048236.1,840663,72
CP048236.1,841199,394
CP048236.1,841234,395
CP048236.1,841257,301
CP048236.1,841263,811
CP048236.1,841264,462
CP048236.1,841270,668
CP048236.1,841274,1197
CP048236.1,841282,1145
CP048236.1,841288,414
CP048236.1,841292,127
CP048236.1,841297,1170
CP048236.1,841299,803
CP048236.1,841327,461
CP048236.1,841339,995
CP048236.1,841346,4191
CP048236.1,841360,525
CP048236.1,841370,63
CP048236.1,841401,877
CP048236.1,841465,427
CP048236.1,841472,27
CP048236.1,841474,94
CP048236.1,841489,1258
CP048236.1,841518,612
CP048236.1,841525,1283
CP048236.1,841540,327
CP048236.1,841547,44
CP048236.1,841601,148
CP048236.1,841615,43
CP048236.1,841652,6
CP048236.1,841797,146
CP048236.1,841804,10
CP048236.1,842148,461
CP048236.1,842282,1
CP048236.1,842788,504
CP048236.1,843455,678
CP048236.1,847578,770
CP048236.1,848546,165
CP048236.1,848643,772
CP048236.1,851794,62
CP048236.1,851854,201
CP048236.1,851861,876
CP048236.1,851899,588
CP048236.1,852011,178
CP048236.1,852020,528
CP048236.1,860597,2
CP048236.1,861309,399
CP048236.1,862572,94
CP048236.1,862716,758
CP048236.1,862808,281
CP048236.1,862854,4
CP048236.1,862882,273
CP048236.1,862884,19
CP048236.1,863374,34
CP048236.1,863795,9
CP048236.1,863890,3
CP048236.1,863936,323
CP048236.1,864756,107
CP048236.1,864925,89
CP048236.1,866451,330
CP048236.1,866789,5
CP048236.1,867257,396
CP048236.1,867997,16
CP048236.1,868004,85
CP048236.1,868049,49
CP048236.1,868715,12
CP048236.1,869014,89
CP048236.1,871800,1766
CP048236.1,872410,1415
CP048236.1,872414,45
CP048236.1,872417,431
CP048236.1,872452,14
CP048236.1,872454,1
CP048236.1,872543,205
CP048236.1,872552,290
CP048236.1,872571,498
CP048236.1,872639,1472
CP048236.1,872667,212
CP048236.1,872728,1074
CP048236.1,872812,199
CP048236.1,872819,13
CP048236.1,872825,377
CP048236.1,872862,46
CP048236.1,872867,670
CP048236.1,872869,333
CP048236.1,872897,256
CP048236.1,873100,200
CP048236.1,873107,366
CP048236.1,873111,278
CP048236.1,873113,493
CP048236.1,873186,2
CP048236.1,873346,403
CP048236.1,873368,246
CP048236.1,873405,369
CP048236.1,873478,589
CP048236.1,873736,1
CP048236.1,873833,939
CP048236.1,874487,517
CP048236.1,876290,6
CP048236.1,876292,4
CP048236.1,876720,104
CP048236.1,877006,1
CP048236.1,877013,543
CP048236.1,877273,171
CP048236.1,877328,896
CP048236.1,877335,23
CP048236.1,877341,573
CP048236.1,877466,780
CP048236.1,877471,2
CP048236.1,877500,423
CP048236.1,877575,10
CP048236.1,877724,135
CP048236.1,878587,99
CP048236.1,878614,8
CP048236.1,878621,521
CP048236.1,878627,111
CP048236.1,879149,87
CP048236.1,879696,114
CP048236.1,879874,14
CP048236.1,879913,33
CP048236.1,880032,611
CP048236.1,880128,607
CP048236.1,880129,1
CP048236.1,881710,164
CP048236.1,883050,1
CP048236.1,883981,59
CP048236.1,884441,1
CP048236.1,884490,24
CP048236.1,884611,457
CP048236.1,884624,210
CP048236.1,884631,69
CP048236.1,884692,295
CP048236.1,884702,40
CP048236.1,884777,439
CP048236.1,884809,782
CP048236.1,884816,1086
CP048236.1,884840,1
CP048236.1,884873,1
CP048236.1,886658,473
CP048236.1,886793,954
CP048236.1,886809,569
CP048236.1,886908,1
CP048236.1,887094,113
CP048236.1,887948,141
CP048236.1,888073,380
CP048236.1,888341,69
CP048236.1,891308,186
CP048236.1,891315,2
CP048236.1,893587,292
CP048236.1,895350,131
CP048236.1,895673,643
CP048236.1,896621,808
CP048236.1,896789,53
CP048236.1,896934,154
CP048236.1,897049,313
CP048236.1,897181,440
CP048236.1,897189,1034
CP048236.1,897359,832
CP048236.1,897552,327
CP048236.1,897657,28
CP048236.1,897668,721
CP048236.1,897690,18
CP048236.1,897697,50
CP048236.1,897890,121
CP048236.1,897929,108
CP048236.1,898002,2
CP048236.1,898217,766
CP048236.1,898235,459
CP048236.1,898263,139
CP048236.1,898472,3
CP048236.1,898538,4
CP048236.1,898545,24
CP048236.1,899306,402
CP048236.1,900716,775
CP048236.1,902029,80
CP048236.1,903363,1
CP048236.1,904649,1551
CP048236.1,907291,6
CP048236.1,908340,1
CP048236.1,908395,1
CP048236.1,908397,118
CP048236.1,908413,17
CP048236.1,908445,322
CP048236.1,908455,14
CP048236.1,908573,185
CP048236.1,910668,291
CP048236.1,910708,45
CP048236.1,910745,369
CP048236.1,910994,196
CP048236.1,911001,117
CP048236.1,911088,666
CP048236.1,911116,187
CP048236.1,911125,609
CP048236.1,911289,1214
CP048236.1,911296,55
CP048236.1,911316,62
CP048236.1,911426,37
CP048236.1,911441,251
CP048236.1,911442,1
CP048236.1,911690,783
CP048236.1,912438,108
CP048236.1,912696,530
CP048236.1,912795,1
CP048236.1,913202,40
CP048236.1,913332,324
CP048236.1,913485,96
CP048236.1,913512,461
CP048236.1,913595,388
CP048236.1,913646,36
CP048236.1,913734,46
CP048236.1,913737,125
CP048236.1,913759,97
CP048236.1,913772,7
CP048236.1,914507,11
CP048236.1,914514,215
CP048236.1,920001,557
CP048236.1,920129,4
CP048236.1,920663,18
CP048236.1,921723,1
CP048236.1,921818,117
CP048236.1,922109,158
CP048236.1,922333,629
CP048236.1,922352,587
CP048236.1,922359,422
CP048236.1,922374,110
CP048236.1,922396,107
CP048236.1,922411,1734
CP048236.1,922413,1749
CP048236.1,922418,134
CP048236.1,922420,611
CP048236.1,922509,44
CP048236.1,922604,1432
CP048236.1,922611,4
CP048236.1,922714,213
CP048236.1,923026,97
CP048236.1,923220,89
CP048236.1,923316,1021
CP048236.1,923974,114
CP048236.1,923976,521
CP048236.1,924023,2
CP048236.1,924561,1
CP048236.1,924568,1
CP048236.1,924607,56
CP048236.1,925343,293
CP048236.1,928102,645
CP048236.1,928149,245
CP048236.1,928342,1
CP048236.1,928390,772
CP048236.1,928436,758
CP048236.1,928506,15
CP048236.1,928513,789
CP048236.1,928872,22
CP048236.1,929352,1
CP048236.1,930307,1
CP048236.1,930413,12
CP048236.1,930420,1895
CP048236.1,930436,63
CP048236.1,930450,1
CP048236.1,930499,82
CP048236.1,930617,260
CP048236.1,930630,81
CP048236.1,930634,5
CP048236.1,930660,1
CP048236.1,931659,460
CP048236.1,931667,1
CP048236.1,931674,435
CP048236.1,931695,15
CP048236.1,931706,4
CP048236.1,931710,65
CP048236.1,931753,777
CP048236.1,931818,8
CP048236.1,931918,63
CP048236.1,931949,317
CP048236.1,931963,6
CP048236.1,931979,38
CP048236.1,931984,1
CP048236.1,931985,453
CP048236.1,932003,1
CP048236.1,932231,11
CP048236.1,932303,573
CP048236.1,932305,232
CP048236.1,932310,432
CP048236.1,932539,77
CP048236.1,932602,557
CP048236.1,932655,65
CP048236.1,932776,492
CP048236.1,932777,2254
CP048236.1,932784,400
CP048236.1,932786,6
CP048236.1,932863,86
CP048236.1,932872,80
CP048236.1,932873,5401
CP048236.1,932880,559
CP048236.1,932881,4
CP048236.1,932932,1740
CP048236.1,932939,100
CP048236.1,932988,139
CP048236.1,932993,1689
CP048236.1,933003,1138
CP048236.1,933059,467
CP048236.1,933066,791
CP048236.1,933077,430
CP048236.1,933147,500
CP048236.1,933223,578
CP048236.1,933276,56
CP048236.1,935343,18
CP048236.1,936705,375
CP048236.1,936706,98
CP048236.1,936724,9
CP048236.1,936736,142
CP048236.1,936782,33
CP048236.1,936794,506
CP048236.1,936902,125
CP048236.1,936930,505
CP048236.1,938681,312
CP048236.1,941530,1
CP048236.1,941709,720
CP048236.1,941721,549
CP048236.1,941870,1084
CP048236.1,941953,121
CP048236.1,942622,7
CP048236.1,945274,55
CP048236.1,947246,12
CP048236.1,947727,32
CP048236.1,947918,570
CP048236.1,948215,495
CP048236.1,948222,390
CP048236.1,948247,432
CP048236.1,948290,267
CP048236.1,948294,39
CP048236.1,949203,359
CP048236.1,949648,110
CP048236.1,949833,10
CP048236.1,950003,413
CP048236.1,950051,1371
CP048236.1,950107,198
CP048236.1,950114,383
CP048236.1,950135,673
CP048236.1,950170,19
CP048236.1,950239,1042
CP048236.1,950292,164
CP048236.1,950369,365
CP048236.1,953956,261
CP048236.1,955806,59
CP048236.1,956634,641
CP048236.1,957216,162
CP048236.1,957373,75
CP048236.1,957830,4
CP048236.1,961283,1
CP048236.1,962541,846
CP048236.1,962630,1
CP048236.1,962637,413
CP048236.1,963796,2
CP048236.1,963800,19
CP048236.1,963807,144
CP048236.1,963882,682
CP048236.1,963958,1912
CP048236.1,963965,122
CP048236.1,963996,1
CP048236.1,964015,288
CP048236.1,964374,1115
CP048236.1,964452,18
CP048236.1,965538,2
CP048236.1,965626,23
CP048236.1,965721,533
CP048236.1,966530,1
CP048236.1,967950,8
CP048236.1,969493,476
CP048236.1,969514,123
CP048236.1,972129,367
CP048236.1,975044,772
CP048236.1,975051,20
CP048236.1,976764,114
CP048236.1,977490,1
CP048236.1,979666,237
CP048236.1,982868,50
CP048236.1,982881,369
CP048236.1,982888,220
CP048236.1,983200,4
CP048236.1,983209,2
CP048236.1,983345,376
CP048236.1,983347,1313
CP048236.1,983352,308
CP048236.1,983354,830
CP048236.1,983359,43
CP048236.1,983378,841
CP048236.1,983381,14
CP048236.1,983385,1421
CP048236.1,983577,198
CP048236.1,983773,5
CP048236.1,983780,660
CP048236.1,983836,6
CP048236.1,983866,1
CP048236.1,983886,22
CP048236.1,985881,552
CP048236.1,986064,87
CP048236.1,986289,31
CP048236.1,986296,56
CP048236.1,986385,70
CP048236.1,986389,350
CP048236.1,986492,131
CP048236.1,986603,50
CP048236.1,987666,39
CP048236.1,987811,133
CP048236.1,987848,23
CP048236.1,988099,1
CP048236.1,988103,146
CP048236.1,988110,202
CP048236.1,989662,663
CP048236.1,989707,96
CP048236.1,989754,454
CP048236.1,989761,1
CP048236.1,989774,1222
CP048236.1,989863,438
CP048236.1,990074,8
CP048236.1,990081,1920
CP048236.1,991222,2
CP048236.1,991938,791
CP048236.1,992823,52
CP048236.1,992882,7
CP048236.1,993816,22
CP048236.1,994254,467
CP048236.1,1003212,1
CP048236.1,1006394,1
CP048236.1,1008815,413
CP048236.1,1008874,1
CP048237.1,21832,375
CP048237.1,22167,523
CP048237.1,22174,114
CP048237.1,22292,49
CP048237.1,22343,136
CP048237.1,22357,812
CP048237.1,22366,145
CP048237.1,22456,624
CP048237.1,22460,66
CP048237.1,22468,268
CP048237.1,22480,1
CP048237.1,22538,615
CP048237.1,22785,248
CP048237.1,28085,85
CP048237.1,28122,128
CP048237.1,28151,72
CP048237.1,28316,1
CP048237.1,28324,373
CP048237.1,28413,1
CP048237.1,28483,22
CP048237.1,28521,1
CP048237.1,29762,39
CP048237.1,30419,1
CP048237.1,30424,120
CP048237.1,31306,70
CP048237.1,33849,52
CP048237.1,38440,530
CP048237.1,38769,1456
CP048237.1,38776,1
CP048237.1,38800,718
CP048237.1,38807,469
CP048237.1,38865,29
CP048237.1,38872,651
CP048237.1,39005,23
CP048237.1,39021,1116
CP048237.1,39026,1
CP048237.1,39028,104
CP048237.1,39038,1646
CP048237.1,39107,1148
CP048237.1,39114,1688
CP048237.1,39139,2
CP048237.1,39146,69
CP048237.1,39225,13
CP048237.1,39238,6
CP048237.1,39337,158
CP048237.1,39351,493
CP048237.1,39401,84
CP048237.1,39444,225
CP048237.1,39467,633
CP048237.1,39474,9
CP048237.1,39658,732
CP048237.1,39660,733
CP048237.1,39661,358
CP048237.1,39665,1
CP048237.1,39669,451
CP048237.1,39678,16
CP048237.1,39857,624
CP048237.1,39937,126
CP048237.1,39948,65
CP048237.1,40383,694
CP048237.1,41120,5
CP048237.1,41139,339
CP048237.1,41167,43
CP048237.1,43400,357
CP048237.1,43504,58
CP048237.1,45397,148
CP048237.1,45413,82
CP048237.1,45520,64
CP048237.1,46636,101
CP048237.1,46826,313
CP048237.1,46833,543
CP048237.1,46948,97
CP048237.1,46954,204
CP048237.1,46961,1006
CP048237.1,47413,12
CP048237.1,47494,108
CP048237.1,47685,373
CP048237.1,47717,52
CP048237.1,48259,201
CP048237.1,48748,14
CP048237.1,49144,235
CP048237.1,49157,62
CP048237.1,49208,4
CP048237.1,49440,1727
CP048237.1,49442,201
CP048237.1,49447,729
CP048237.1,49449,55
CP048237.1,49491,4
CP048237.1,49580,75
CP048237.1,49587,235
CP048237.1,49715,65
CP048237.1,49785,1005
CP048237.1,49868,445
CP048237.1,49921,515
CP048237.1,50077,393
CP048237.1,50875,366
CP048237.1,51395,168
CP048237.1,53500,1
CP048237.1,53542,1
CP048237.1,53935,201
CP048237.1,57615,569
CP048237.1,58441,1
CP048237.1,58489,2
CP048237.1,58491,1
CP048237.1,58511,545
CP048237.1,58598,101
CP048237.1,58610,1
CP048237.1,58686,584
CP048237.1,58880,51
CP048237.1,58887,309
CP048237.1,59175,1
CP048237.1,60168,245
CP048237.1,60956,2
CP048237.1,61555,271
CP048237.1,62801,957
CP048237.1,65230,246
CP048237.1,71092,266
CP048237.1,71160,3
CP048237.1,71206,1
CP048237.1,71323,809
CP048237.1,71481,39
CP048237.1,73505,1630
CP048237.1,73525,1
CP048237.1,73998,686
CP048237.1,74009,18
CP048237.1,74016,368
CP048237.1,74041,19
CP048237.1,74070,2110
CP048237.1,74159,1
CP048237.1,74162,259
CP048237.1,74574,1
CP048237.1,74785,939
CP048237.1,74932,2
CP048237.1,74968,7
CP048237.1,75212,1
CP048237.1,75216,886
CP048237.1,75225,649
CP048237.1,75257,142
CP048237.1,75276,459
CP048237.1,75353,195
CP048237.1,76339,1225
CP048237.1,76443,1612
CP048237.1,76482,5
CP048237.1,76493,189
CP048237.1,76532,2348
CP048237.1,76558,138
CP048237.1,76631,187
CP048237.1,76875,392
CP048237.1,76882,800
CP048237.1,77012,470
CP048237.1,77190,1412
CP048237.1,77196,1
CP048237.1,77237,1
CP048237.1,77246,916
CP048237.1,77258,9
CP048237.1,77265,3
CP048237.1,77277,3248
CP048237.1,77291,6
CP048237.1,77334,225
CP048237.1,77375,44
CP048237.1,77413,168
CP048237.1,77420,7211
CP048237.1,77470,1231
CP048237.1,77477,9
CP048237.1,77524,1
CP048237.1,77544,2
CP048237.1,77635,729
CP048237.1,77735,656
CP048237.1,77770,529
CP048237.1,77777,1222
CP048237.1,77842,1978
CP048237.1,77849,3229
CP048237.1,77962,1
CP048237.1,77981,73
CP048237.1,78059,138
CP048237.1,78098,561
CP048237.1,80274,1
CP048237.1,80426,17
CP048237.1,80544,327
CP048237.1,80565,10
CP048237.1,80884,51
CP048237.1,82489,1
CP048237.1,83679,17
CP048237.1,83907,408
CP048237.1,84259,1
CP048237.1,85202,1754
CP048237.1,85217,61
CP048237.1,85219,1943
CP048237.1,85461,57
CP048237.1,85567,18
CP048237.1,85605,1
CP048237.1,85631,1492
CP048237.1,85654,191
CP048237.1,85661,1569
CP048237.1,85700,49
CP048237.1,85721,127
CP048237.1,85722,1
CP048237.1,85728,1847
CP048237.1,85729,155
CP048237.1,85867,117
CP048237.1,88982,34
CP048237.1,90203,31
CP048237.1,90211,282
CP048237.1,90218,3559
CP048237.1,90231,305
CP048237.1,90238,293
CP048237.1,90258,24
CP048237.1,97270,9
CP048237.1,99080,1454
CP048237.1,99110,1
CP048237.1,99127,6
CP048237.1,99174,8
CP048237.1,99224,127
CP048237.1,102143,12
CP048237.1,102172,24
CP048237.1,105174,396
CP048237.1,106336,722
CP048237.1,106533,542
CP048237.1,106617,2
CP048237.1,106764,103
CP048237.1,106864,358
CP048237.1,106901,28
CP048237.1,107061,690
CP048237.1,108474,2
CP048237.1,109717,303
CP048237.1,109730,2
CP048237.1,109897,5
CP048237.1,109909,161
CP048237.1,109958,18
CP048237.1,110106,380
CP048237.1,110134,550
CP048237.1,111484,48
CP048237.1,111531,89
CP048237.1,114588,244
CP048237.1,114657,78
CP048237.1,114790,364
CP048237.1,115478,312
CP048237.1,115517,504
CP048237.1,116507,66
CP048237.1,116514,957
CP048237.1,116530,62
CP048237.1,116537,563
CP048237.1,116562,192
CP048237.1,116563,1487
CP048237.1,116570,152
CP048237.1,116958,156
CP048237.1,119427,249
CP048237.1,119859,405
CP048237.1,121371,64
CP048237.1,123850,31
CP048237.1,126522,56
CP048237.1,126894,11
CP048237.1,127115,158
CP048237.1,127122,1189
CP048237.1,129755,15
CP048237.1,134076,337
CP048237.1,134097,264
CP048237.1,134484,549
CP048237.1,134803,153
CP048237.1,135035,16
CP048237.1,136542,104
CP048237.1,136692,1
CP048237.1,138835,23
CP048237.1,138842,5
CP048237.1,138896,1089
CP048237.1,139259,9
CP048237.1,139304,78
CP048237.1,139316,532
CP048237.1,139323,732
CP048237.1,139353,520
CP048237.1,139357,1400
CP048237.1,139630,82
CP048237.1,139647,6
CP048237.1,139873,423
CP048237.1,140813,755
CP048237.1,141084,52
CP048237.1,141123,477
CP048237.1,141327,17
CP048237.1,141490,941
CP048237.1,141502,583
CP048237.1,141504,45
CP048237.1,141549,1
CP048237.1,141670,403
CP048237.1,141677,705
CP048237.1,141728,257
CP048237.1,141771,1523
CP048237.1,141786,136
CP048237.1,143467,1
CP048237.1,144634,177
CP048237.1,144664,1
CP048237.1,144692,198
CP048237.1,144729,88
CP048237.1,144736,5
CP048237.1,144770,1
CP048237.1,144861,727
CP048237.1,144864,52
CP048237.1,144868,327
CP048237.1,144877,155
CP048237.1,144891,7
CP048237.1,144898,198
CP048237.1,144936,364
CP048237.1,153090,3
CP048237.1,153108,522
CP048237.1,153241,1
CP048237.1,154227,118
CP048237.1,154343,67
CP048237.1,155936,127
CP048237.1,157947,9
CP048237.1,161741,1
CP048237.1,163326,532
CP048237.1,163608,86
CP048237.1,163648,124
CP048237.1,163651,53
CP048237.1,163666,171
CP048237.1,163674,119
CP048237.1,163962,28
CP048237.1,165541,117
CP048237.1,168999,228
CP048237.1,169292,1889
CP048237.1,169485,314
CP048237.1,170803,608
CP048237.1,171057,519
CP048237.1,171227,486
CP048237.1,171472,136
CP048237.1,171506,1
CP048237.1,171531,28
CP048237.1,171538,569
CP048237.1,171708,280
CP048237.1,171754,263
CP048237.1,171791,1016
CP048237.1,171807,324
CP048237.1,171813,20
CP048237.1,171863,832
CP048237.1,172002,141
CP048237.1,172352,466
CP048237.1,172958,65
CP048237.1,173293,397
CP048237.1,174057,1
CP048237.1,174090,1
CP048237.1,174255,399
CP048237.1,175331,1436
CP048237.1,180174,1
CP048237.1,180182,33
CP048237.1,180237,611
CP048237.1,180284,460
CP048237.1,180372,101
CP048237.1,182869,8
CP048237.1,182959,2392
CP048237.1,183850,23
CP048237.1,185421,368
CP048237.1,185428,166
CP048237.1,185523,1070
CP048237.1,186880,102
CP048237.1,187157,1915
CP048237.1,187943,359
CP048237.1,187945,5
CP048237.1,187950,128
CP048237.1,187958,1
CP048237.1,187960,313
CP048237.1,188610,16
CP048237.1,189088,517
CP048237.1,190280,63
CP048237.1,190361,68
CP048237.1,191129,171
CP048237.1,191306,128
CP048237.1,191788,72
CP048237.1,192532,6
CP048237.1,192850,1
CP048237.1,193789,1
CP048237.1,193796,150
CP048237.1,193812,8
CP048237.1,197459,253
CP048237.1,197535,133
CP048237.1,197546,188
CP048237.1,197717,10
CP048237.1,197949,41
CP048237.1,198037,6
CP048237.1,198046,2635
CP048237.1,198053,1732
CP048237.1,198054,3
CP048237.1,198061,182
CP048237.1,198152,208
CP048237.1,198206,308
CP048237.1,198230,325
CP048237.1,198269,533
CP048237.1,200972,2
CP048237.1,200979,55
CP048237.1,201010,477
CP048237.1,202488,3
CP048237.1,203613,17
CP048237.1,204066,48
CP048237.1,205283,1
CP048237.1,205405,85
CP048237.1,205419,470
CP048237.1,206037,663
CP048237.1,206080,3
CP048237.1,206289,425
CP048237.1,206342,378
CP048237.1,206347,9
CP048237.1,206349,33
CP048237.1,209651,193
CP048237.1,212972,2
CP048237.1,213033,19
CP048237.1,213085,957
CP048237.1,213138,563
CP048237.1,216054,258
CP048237.1,216156,1
CP048237.1,216265,628
CP048237.1,216403,206
CP048237.1,216441,287
CP048237.1,216448,2298
CP048237.1,216550,113
CP048237.1,216576,488
CP048237.1,216863,758
CP048237.1,217016,1
CP048237.1,217047,24
CP048237.1,217164,13
CP048237.1,218684,9
CP048237.1,219090,103
CP048237.1,219958,2
CP048237.1,219965,52
CP048237.1,220929,245
CP048237.1,221401,126
CP048237.1,221593,2429
CP048237.1,221720,1
CP048237.1,221721,1540
CP048237.1,221912,310
CP048237.1,222016,81
CP048237.1,222186,894
CP048237.1,222468,1
CP048237.1,222475,4
CP048237.1,222535,318
CP048237.1,222540,227
CP048237.1,222559,1181
CP048237.1,222625,309
CP048237.1,222760,1157
CP048237.1,222850,401
CP048237.1,223480,613
CP048237.1,224115,159
CP048237.1,227524,4
CP048237.1,227531,10
CP048237.1,227555,405
CP048237.1,227559,593
CP048237.1,227562,88
CP048237.1,229121,171
CP048237.1,229895,1
CP048237.1,231355,722
CP048237.1,232033,7
CP048237.1,232044,306
CP048237.1,237222,12
CP048237.1,237414,316
CP048237.1,237469,17
CP048237.1,237471,1
CP048237.1,237476,7
CP048237.1,237600,17
CP048237.1,237798,838
CP048237.1,237800,238
CP048237.1,237861,15
CP048237.1,237914,67
CP048237.1,237921,821
CP048237.1,239664,197
CP048237.1,239756,158
CP048237.1,239859,146
CP048237.1,239884,642
CP048237.1,239888,627
CP048237.1,239895,10
CP048237.1,239906,34
CP048237.1,239972,102
CP048237.1,240100,36
CP048237.1,240131,260
CP048237.1,240432,320
CP048237.1,241188,1
CP048237.1,241192,581
CP048237.1,241195,603
CP048237.1,241201,1
CP048237.1,241228,881
CP048237.1,241258,159
CP048237.1,241265,445
CP048237.1,241298,30
CP048237.1,241309,1
CP048237.1,241321,589
CP048237.1,241333,234
CP048237.1,241591,462
CP048237.1,241631,474
CP048237.1,241634,34
CP048237.1,241732,56
CP048237.1,241874,3
CP048237.1,242407,3
CP048237.1,242552,1
CP048237.1,243366,336
CP048237.1,243472,706
CP048237.1,243551,734
CP048237.1,243558,1481
CP048237.1,243574,224
CP048237.1,243581,43
CP048237.1,243584,89
CP048237.1,243632,22
CP048237.1,243679,4
CP048237.1,243683,22
CP048237.1,243690,528
CP048237.1,245612,58
CP048237.1,245619,483
CP048237.1,245829,29
CP048237.1,245849,607
CP048237.1,245921,145
CP048237.1,246026,2
CP048237.1,246104,1085
CP048237.1,246105,32
CP048237.1,246173,677
CP048237.1,246346,2
CP048237.1,246396,103
CP048237.1,246401,2
CP048237.1,246448,11
CP048237.1,246525,302
CP048237.1,246630,235
CP048237.1,248526,1
CP048237.1,254737,2
CP048237.1,255015,1
CP048237.1,255462,149
CP048237.1,256827,21
CP048237.1,257115,75
CP048237.1,257122,822
CP048237.1,257346,300
CP048237.1,257435,14
CP048237.1,257442,1117
CP048237.1,257463,642
CP048237.1,257470,220
CP048237.1,257489,192
CP048237.1,257520,808
CP048237.1,257527,4322
CP048237.1,257532,1265
CP048237.1,257560,13
CP048237.1,257567,52
CP048237.1,257796,304
CP048237.1,257843,91
CP048237.1,257851,3434
CP048237.1,257860,135
CP048237.1,257959,25
CP048237.1,258034,1
CP048237.1,258728,21
CP048237.1,258736,95
CP048237.1,258904,86
CP048237.1,258933,62
CP048237.1,259097,4
CP048237.1,260896,142
CP048237.1,260950,276
CP048237.1,261059,491
CP048237.1,261202,71
CP048237.1,261254,2199
CP048237.1,261389,79
CP048237.1,261396,20
CP048237.1,271645,594
CP048237.1,273298,576
CP048237.1,274123,369
CP048237.1,275083,844
CP048237.1,276714,29
CP048237.1,278236,1
CP048237.1,279859,476
CP048237.1,279866,696
CP048237.1,280382,262
CP048237.1,282596,759
CP048237.1,283002,4
CP048237.1,284511,169
CP048237.1,286690,636
CP048237.1,286946,883
CP048237.1,286953,471
CP048237.1,287165,239
CP048237.1,287235,130
CP048237.1,287268,372
CP048237.1,287351,400
CP048237.1,287358,357
CP048237.1,287359,1
CP048237.1,287385,1452
CP048237.1,287447,17
CP048237.1,287495,930
CP048237.1,287636,10
CP048237.1,287656,584
CP048237.1,288014,117
CP048237.1,289970,43
CP048237.1,289974,1
CP048237.1,290546,2
CP048237.1,290552,504
CP048237.1,290553,14
CP048237.1,290840,205
CP048237.1,292715,11
CP048237.1,292760,5
CP048237.1,304968,83
CP048237.1,306723,5
CP048237.1,307344,250
CP048237.1,307795,205
CP048237.1,308081,237
CP048237.1,308495,475
CP048237.1,309018,103
CP048237.1,309078,787
CP048237.1,314008,1
CP048237.1,314069,40
CP048237.1,314198,558
CP048237.1,319536,12
CP048237.1,319790,1052
CP048237.1,319797,1410
CP048237.1,321398,3
CP048237.1,321972,24
CP048237.1,322733,180
CP048237.1,322762,154
CP048237.1,322764,4
CP048237.1,322821,3
CP048237.1,326573,477
CP048237.1,326582,264
CP048237.1,326772,152
CP048237.1,326914,7
CP048237.1,327025,1
CP048237.1,328293,1
CP048237.1,328657,491
CP048237.1,329040,115
CP048237.1,329346,1
CP048237.1,329429,1058
CP048237.1,329436,121
CP048237.1,329452,155
CP048237.1,329457,12
CP048237.1,329459,551
CP048237.1,329487,222
CP048237.1,329491,67
CP048237.1,329584,228
CP048237.1,329845,2
CP048237.1,329986,480
CP048237.1,329994,5
CP048237.1,330109,184
CP048237.1,333512,372
CP048237.1,333686,469
CP048237.1,333749,291
CP048237.1,333787,54
CP048237.1,333794,27
CP048237.1,333814,282
CP048237.1,333847,313
CP048237.1,333868,93
CP048237.1,333948,1092
CP048237.1,333954,796
CP048237.1,333982,4
CP048237.1,334007,1
CP048237.1,337038,23
CP048237.1,337991,48
CP048237.1,339524,454
CP048237.1,341336,91
CP048237.1,341338,90
CP048237.1,341412,5
CP048237.1,341424,1
CP048237.1,341431,21
CP048237.1,341446,2297
CP048237.1,341473,380
CP048237.1,341482,1
CP048237.1,341497,2
CP048237.1,341571,232
CP048237.1,341823,90
CP048237.1,342680,217
CP048237.1,342687,208
CP048237.1,343322,581
CP048237.1,343669,31
CP048237.1,343980,11
CP048237.1,344422,40
CP048237.1,344442,1
CP048237.1,344449,43
CP048237.1,344475,1000
CP048237.1,346666,689
CP048237.1,346692,1021
CP048237.1,346701,1
CP048237.1,346723,866
CP048237.1,346731,27
CP048237.1,346750,535
CP048237.1,346779,358
CP048237.1,346827,15
CP048237.1,347058,56
CP048237.1,347065,623
CP048237.1,347127,698
CP048237.1,347147,52
CP048237.1,347252,299
CP048237.1,348278,208
CP048237.1,349387,127
CP048237.1,351566,51
CP048237.1,351715,267
CP048237.1,352782,53
CP048237.1,353270,542
CP048237.1,353312,1605
CP048237.1,353314,160
CP048237.1,353383,544
CP048237.1,353390,216
CP048237.1,353409,1034
CP048237.1,353416,1048
CP048237.1,353434,172
CP048237.1,353479,2
CP048237.1,354030,1
CP048237.1,355993,1
CP048237.1,356199,1329
CP048237.1,356266,177
CP048237.1,356269,191
CP048237.1,356284,7
CP048237.1,356349,1
CP048237.1,358330,17
CP048237.1,359399,264
CP048237.1,359733,859
CP048237.1,361305,360
CP048237.1,361396,20
CP048237.1,361720,252
CP048237.1,362436,61
CP048237.1,362526,28
CP048237.1,362814,754
CP048237.1,362923,23
CP048237.1,362980,907
CP048237.1,362987,268
CP048237.1,363141,150
CP048237.1,363191,1101
CP048237.1,363198,1
CP048237.1,363472,12
CP048237.1,364053,21
CP048237.1,365488,1103
CP048237.1,367104,625
CP048237.1,367120,1
CP048237.1,367232,485
CP048237.1,367297,132
CP048237.1,367326,849
CP048237.1,368741,288
CP048237.1,370700,718
CP048237.1,370754,329
CP048237.1,370825,227
CP048237.1,372076,21
CP048237.1,372480,275
CP048237.1,373640,842
CP048237.1,374994,204
CP048237.1,375264,292
CP048237.1,376706,288
CP048237.1,376750,527
CP048237.1,378033,470
CP048237.1,380686,98
CP048237.1,380690,1
CP048237.1,381953,430
CP048237.1,382025,827
CP048237.1,382192,284
CP048237.1,382246,1523
CP048237.1,382286,732
CP048237.1,382356,1
CP048237.1,382386,170
CP048237.1,382414,16
CP048237.1,382466,29
CP048237.1,382546,513
CP048237.1,382792,5
CP048237.1,383929,43
CP048237.1,384010,633
CP048237.1,385193,93
CP048237.1,385195,182
CP048237.1,385245,716
CP048237.1,385309,1587
CP048237.1,385316,166
CP048237.1,385382,255
CP048237.1,385384,731
CP048237.1,385389,4
CP048237.1,385402,252
CP048237.1,385474,172
CP048237.1,385611,461
CP048237.1,386029,926
CP048237.1,386038,624
CP048237.1,386113,536
CP048237.1,386200,125
CP048237.1,386205,284
CP048237.1,386245,136
CP048237.1,386293,619
CP048237.1,386364,675
CP048237.1,386403,152
CP048237.1,386933,33
CP048237.1,386967,819
CP048237.1,387101,364
CP048237.1,387122,16
CP048237.1,387280,8
CP048237.1,387646,541
CP048237.1,392716,72
CP048237.1,393328,120
CP048237.1,393350,897
CP048237.1,393896,138
CP048237.1,393925,518
CP048237.1,393956,641
CP048237.1,393963,2343
CP048237.1,393965,1
CP048237.1,394067,1
CP048237.1,394074,454
CP048237.1,394339,161
CP048237.1,394631,86
CP048237.1,394697,132
CP048237.1,394699,3
CP048237.1,394704,131
CP048237.1,394925,105
CP048237.1,394960,610
CP048237.1,394969,2
CP048237.1,395048,22
CP048237.1,395071,14
CP048237.1,395106,1
CP048237.1,395113,185
CP048237.1,395127,1468
CP048237.1,395143,161
CP048237.1,395968,76
CP048237.1,395975,69
CP048237.1,396077,1
CP048237.1,398384,1
CP048237.1,398493,5
CP048237.1,398646,162
CP048237.1,398676,1065
CP048237.1,398683,909
CP048237.1,398705,438
CP048237.1,398709,810
CP048237.1,398712,888
CP048237.1,398786,1993
CP048237.1,398793,171
CP048237.1,398826,893
CP048237.1,398850,29
CP048237.1,398857,534
CP048237.1,398881,13
CP048237.1,398889,516
CP048237.1,398926,35
CP048237.1,398933,466
CP048237.1,399072,1373
CP048237.1,399188,1802
CP048237.1,399195,3058
CP048237.1,399331,3251
CP048237.1,399545,572
CP048237.1,399609,2
CP048237.1,399665,1
CP048237.1,399668,154
CP048237.1,399672,54
CP048237.1,400001,122
CP048237.1,401253,3
CP048237.1,401789,34
CP048237.1,402638,776
CP048237.1,403609,4
CP048237.1,403720,53
CP048237.1,404334,76
CP048237.1,404475,1612
CP048237.1,404503,1241
CP048237.1,404566,32
CP048237.1,404588,147
CP048237.1,404595,929
CP048237.1,404700,279
CP048237.1,404725,632
CP048237.1,404727,1243
CP048237.1,404809,217
CP048237.1,404831,668
CP048237.1,404836,494
CP048237.1,404856,1039
CP048237.1,405007,109
CP048237.1,405008,311
CP048237.1,405137,129
CP048237.1,405193,119
CP048237.1,405249,653
CP048237.1,405297,1
CP048237.1,407307,609
CP048237.1,407373,192
CP048237.1,408028,41
CP048237.1,408172,365
CP048237.1,408179,300
CP048237.1,408219,7
CP048237.1,408226,12
CP048237.1,408236,451
CP048237.1,408252,1
CP048237.1,408263,3
CP048237.1,408269,577
CP048237.1,408325,1171
CP048237.1,408448,331
CP048237.1,408633,1
CP048237.1,408734,528
CP048237.1,408741,131
CP048237.1,408813,294
CP048237.1,408820,486
CP048237.1,408842,22
CP048237.1,408849,272
CP048237.1,408875,3
CP048237.1,408882,723
CP048237.1,408918,372
CP048237.1,409100,188
CP048237.1,409206,459
CP048237.1,409217,52
CP048237.1,409252,566
CP048237.1,409260,311
CP048237.1,409352,1
CP048237.1,410807,158
CP048237.1,413607,127
CP048237.1,413910,1
CP048237.1,414202,14
CP048237.1,415040,272
CP048237.1,415071,133
CP048237.1,415134,44
CP048237.1,415377,817
CP048237.1,415522,77
CP048237.1,422823,89
CP048237.1,422924,8
CP048237.1,422931,69
CP048237.1,423095,771
CP048237.1,423144,116
CP048237.1,423858,122
CP048237.1,423865,1543
CP048237.1,423877,58
CP048237.1,425050,294
CP048237.1,426396,43
CP048237.1,427321,18
CP048237.1,427533,118
CP048237.1,427587,131
CP048237.1,427791,21
CP048237.1,428008,59
CP048237.1,428147,615
CP048237.1,429323,2002
CP048237.1,429330,49
CP048237.1,429466,5
CP048237.1,429925,948
CP048237.1,430013,99
CP048237.1,430055,10
CP048237.1,430289,769
CP048237.1,430472,175
CP048237.1,431053,1
CP048237.1,434623,217
CP048237.1,434625,205
CP048237.1,434630,17
CP048237.1,434632,413
CP048237.1,434641,306
CP048237.1,434949,240
CP048237.1,434956,905
CP048237.1,435266,411
CP048237.1,435591,251
CP048237.1,437396,5
CP048237.1,437398,531
CP048237.1,437409,5
CP048237.1,439737,964
CP048237.1,439837,60
CP048237.1,441523,1
CP048237.1,442376,1
CP048237.1,444192,66
CP048237.1,444194,1
CP048237.1,444252,226
CP048237.1,444384,371
CP048237.1,444391,48
CP048237.1,444439,1
CP048237.1,444743,715
CP048237.1,446587,7
CP048237.1,446616,439
CP048237.1,446781,267
CP048237.1,446847,1
CP048237.1,446856,37
CP048237.1,446931,28
CP048237.1,447039,973
CP048237.1,447146,11
CP048237.1,447716,10
CP048237.1,448744,123
CP048237.1,448749,123
CP048237.1,448770,2
CP048237.1,449403,450
CP048237.1,449538,1
CP048237.1,450873,505
CP048237.1,451188,3
CP048237.1,452584,30
CP048237.1,458267,143
CP048237.1,459610,28
CP048237.1,459648,833
CP048237.1,459916,2861
CP048237.1,459942,277
CP048237.1,460045,1374
CP048237.1,460072,141
CP048237.1,460079,1030
CP048237.1,460426,82
CP048237.1,460470,325
CP048237.1,460472,54
CP048237.1,460474,110
CP048237.1,460475,1
CP048237.1,460476,881
CP048237.1,460483,1
CP048237.1,460496,186
CP048237.1,460498,1576
CP048237.1,460510,1101
CP048237.1,460524,116
CP048237.1,460531,116
CP048237.1,460584,1395
CP048237.1,460588,152
CP048237.1,460591,792
CP048237.1,460600,1037
CP048237.1,460659,1813
CP048237.1,460666,132
CP048237.1,460707,1083
CP048237.1,460829,1
CP048237.1,460839,2860
CP048237.1,460904,35
CP048237.1,460919,174
CP048237.1,461050,9
CP048237.1,461082,3
CP048237.1,461145,1
CP048237.1,461170,35
CP048237.1,461270,11
CP048237.1,461362,17
CP048237.1,461414,24
CP048237.1,462450,1
CP048237.1,463049,19
CP048237.1,463087,127
CP048237.1,463158,425
CP048237.1,464376,114
CP048237.1,464383,56
CP048237.1,464759,1
CP048237.1,464862,325
CP048237.1,465284,1
CP048237.1,468758,1
CP048237.1,469343,88
CP048237.1,470327,2
CP048237.1,470336,60
CP048237.1,472541,27
CP048237.1,474900,101
CP048237.1,474907,127
CP048237.1,474938,1
CP048237.1,474961,14
CP048237.1,475860,13
CP048237.1,478073,59
CP048237.1,478248,2
CP048237.1,478519,95
CP048237.1,479332,43
CP048237.1,480154,168
CP048237.1,482798,124
CP048237.1,482977,2
CP048237.1,483057,11
CP048237.1,483187,24
CP048237.1,483679,230
CP048237.1,483851,829
CP048237.1,483921,662
CP048237.1,483964,1
CP048237.1,483973,107
CP048237.1,483991,217
CP048237.1,483993,14
CP048237.1,484219,46
CP048237.1,485104,96
CP048237.1,486629,130
CP048237.1,486971,1
CP048237.1,487022,178
CP048237.1,488047,24
CP048237.1,488791,987
CP048237.1,488804,983
CP048237.1,488822,26
CP048237.1,488991,179
CP048237.1,488998,308
CP048237.1,489017,504
CP048237.1,489123,602
CP048237.1,489132,60
CP048237.1,489227,693
CP048237.1,489300,2
CP048237.1,489320,555
CP048237.1,489348,178
CP048237.1,489353,1458
CP048237.1,489474,368
CP048237.1,489481,41
CP048237.1,489485,739
CP048237.1,489558,1
CP048237.1,489775,112
CP048237.1,491899,52
CP048237.1,492213,1
CP048237.1,492819,143
CP048237.1,492863,327
CP048237.1,492878,43
CP048237.1,492959,699
CP048237.1,493064,108
CP048237.1,493073,379
CP048237.1,493148,685
CP048237.1,493300,1
CP048237.1,493333,307
CP048237.1,493350,440
CP048237.1,493390,6
CP048237.1,493391,812
CP048237.1,493447,681
CP048237.1,493561,102
CP048237.1,493644,276
CP048237.1,494629,1022
CP048237.1,494781,8
CP048237.1,494920,794
CP048237.1,495248,259
CP048237.1,495275,60
CP048237.1,495304,14
CP048237.1,495816,45
CP048237.1,496190,169
CP048237.1,497096,4
CP048237.1,497481,179
CP048237.1,497508,21
CP048237.1,497536,285
CP048237.1,501478,1
CP048237.1,510738,1
CP048237.1,511318,397
CP048237.1,511434,319
CP048237.1,511655,15
CP048237.1,511828,390
CP048237.1,512599,37
CP048237.1,512859,1
CP048237.1,513607,191
CP048237.1,513742,50
CP048237.1,513790,607
CP048237.1,513866,771
CP048237.1,513934,16
CP048237.1,514025,544
CP048237.1,514047,712
CP048237.1,514277,44
CP048237.1,514279,528
CP048237.1,514284,99
CP048237.1,514378,159
CP048237.1,514464,82
CP048237.1,514550,50
CP048237.1,514559,235
CP048237.1,514566,409
CP048237.1,514713,10
CP048237.1,514980,196
CP048237.1,514989,277
CP048237.1,515299,1
CP048237.1,515327,654
CP048237.1,515343,138
CP048237.1,515406,10
CP048237.1,515571,14
CP048237.1,515833,105
CP048237.1,516109,6
CP048237.1,516282,2
CP048237.1,516532,239
CP048237.1,516580,337
CP048237.1,516638,501
CP048237.1,516648,202
CP048237.1,516655,974
CP048237.1,516751,489
CP048237.1,518875,1
CP048237.1,518942,350
CP048237.1,519008,38
CP048237.1,519977,501
CP048237.1,519999,139
CP048237.1,520156,3
CP048237.1,521836,1082
CP048237.1,521890,1
CP048237.1,521908,435
CP048237.1,521921,363
CP048237.1,522598,403
CP048237.1,523202,102
CP048237.1,524153,57
CP048237.1,524550,591
CP048237.1,527202,102
CP048237.1,528633,428
CP048237.1,531080,487
CP048237.1,531087,68
CP048237.1,533286,100
CP048237.1,533306,1
CP048237.1,533422,1
CP048237.1,533508,3
CP048237.1,533633,9
CP048237.1,533807,552
CP048237.1,537721,305
CP048237.1,537911,412
CP048237.1,538255,172
CP048237.1,538521,889
CP048237.1,538886,388
CP048237.1,538975,5
CP048237.1,541815,3
CP048237.1,541859,156
CP048237.1,542028,7
CP048237.1,542052,181
CP048237.1,542054,2
CP048237.1,542061,1
CP048237.1,542068,875
CP048237.1,542082,1069
CP048237.1,542104,1
CP048237.1,542113,629
CP048237.1,542130,930
CP048237.1,542135,418
CP048237.1,542142,39
CP048237.1,542192,465
CP048237.1,542204,915
CP048237.1,542363,1
CP048237.1,542374,14
CP048237.1,542455,2
CP048237.1,542468,25
CP048237.1,542540,36
CP048237.1,542545,1
CP048237.1,542547,37
CP048237.1,542552,2494
CP048237.1,542560,729
CP048237.1,542562,4400
CP048237.1,542567,607
CP048237.1,542685,4
CP048237.1,542756,175
CP048237.1,542771,869
CP048237.1,542777,170
CP048237.1,542784,2567
CP048237.1,542829,424
CP048237.1,542870,186
CP048237.1,542909,285
CP048237.1,542926,80
CP048237.1,542927,27
CP048237.1,542967,264
CP048237.1,542974,1
CP048237.1,545188,67
CP048237.1,545195,7
CP048237.1,545744,7
CP048237.1,546779,1
CP048237.1,547186,715
CP048237.1,547371,824
CP048237.1,547415,1093
CP048237.1,547529,711
CP048237.1,547535,1355
CP048237.1,547605,435
CP048237.1,547765,422
CP048237.1,547807,2
CP048237.1,547831,67
CP048237.1,550363,200
CP048237.1,550448,2
CP048237.1,550512,104
CP048237.1,550605,154
CP048237.1,550622,350
CP048237.1,550667,281
CP048237.1,551379,244
CP048237.1,551397,176
CP048237.1,551558,656
CP048237.1,551581,10
CP048237.1,551594,30
CP048237.1,551656,4
CP048237.1,551694,743
CP048237.1,551699,1
CP048237.1,551741,1
CP048237.1,551768,30
CP048237.1,551776,1
CP048237.1,551849,133
CP048237.1,552234,73
CP048237.1,552391,55
CP048237.1,552533,224
CP048237.1,552608,252
CP048237.1,552615,135
CP048237.1,552677,307
CP048237.1,552724,235
CP048237.1,552879,1059
CP048237.1,560125,8
CP048237.1,560190,128
CP048237.1,568962,207
CP048237.1,569309,219
CP048237.1,570564,446
CP048237.1,570638,175
CP048237.1,570672,847
CP048237.1,570740,44
CP048237.1,570745,808
CP048237.1,570772,1035
CP048237.1,570794,541
CP048237.1,570808,490
CP048237.1,570812,78
CP048237.1,571004,261
CP048237.1,571011,1
CP048237.1,571174,506
CP048237.1,571213,35
CP048237.1,571291,66
CP048237.1,571369,167
CP048237.1,571409,1951
CP048237.1,571419,1383
CP048237.1,571426,36
CP048237.1,571501,664
CP048237.1,571503,102
CP048237.1,571508,1
CP048237.1,571528,18
CP048237.1,571549,146
CP048237.1,571551,87
CP048237.1,572956,75
CP048237.1,573583,985
CP048237.1,574758,121
CP048237.1,574774,269
CP048237.1,574853,382
CP048237.1,575316,1
CP048237.1,576963,309
CP048237.1,577255,335
CP048237.1,577257,17
CP048237.1,577456,249
CP048237.1,577506,183
CP048237.1,578984,540
CP048237.1,579728,354
CP048237.1,580599,163
CP048237.1,581571,15
CP048237.1,581766,217
CP048237.1,581773,9
CP048237.1,583017,10
CP048237.1,583021,4
CP048237.1,585680,190
CP048237.1,586294,606
CP048237.1,587613,113
CP048237.1,588608,223
CP048237.1,589509,114
CP048237.1,589662,1
CP048237.1,589724,1
CP048237.1,590128,192
CP048237.1,593335,1
CP048237.1,597413,380
CP048237.1,597584,775
CP048237.1,598461,1
CP048237.1,600152,49
CP048237.1,600972,1
CP048237.1,601542,220
CP048237.1,601944,148
CP048237.1,602013,74
CP048237.1,602027,27
CP048237.1,602190,951
CP048237.1,602205,771
CP048237.1,602212,58
CP048237.1,602229,256
CP048237.1,602339,1
CP048237.1,602807,102
CP048237.1,604245,29
CP048237.1,604542,180
CP048237.1,604652,324
CP048237.1,605118,772
CP048237.1,605125,689
CP048237.1,606500,268
CP048237.1,606509,535
CP048237.1,606569,174
CP048237.1,606647,36
CP048237.1,606659,108
CP048237.1,606667,289
CP048237.1,606675,11
CP048237.1,606682,256
CP048237.1,607470,131
CP048237.1,607609,1
CP048237.1,607616,30
CP048237.1,607644,112
CP048237.1,607701,587
CP048237.1,607709,37
CP048237.1,607748,83
CP048237.1,607853,111
CP048237.1,607855,125
CP048237.1,607883,545
CP048237.1,607917,18
CP048237.1,607942,410
CP048237.1,608013,98
CP048237.1,608352,13
CP048237.1,610825,994
CP048237.1,610837,7
CP048237.1,610932,963
CP048237.1,610956,297
CP048237.1,610960,710
CP048237.1,610963,1152
CP048237.1,611031,2
CP048237.1,611047,900
CP048237.1,611051,454
CP048237.1,611058,668
CP048237.1,611059,717
CP048237.1,611066,14
CP048237.1,611074,1175
CP048237.1,611097,110
CP048237.1,611110,67
CP048237.1,611114,1823
CP048237.1,611117,250
CP048237.1,611121,686
CP048237.1,611132,1
CP048237.1,611145,338
CP048237.1,611213,17
CP048237.1,611224,77
CP048237.1,611545,643
CP048237.1,611620,10
CP048237.1,611645,1226
CP048237.1,611674,325
CP048237.1,611994,1844
CP048237.1,611998,701
CP048237.1,612001,317
CP048237.1,613944,13
CP048237.1,613948,73
CP048237.1,614162,10
CP048237.1,614544,131
CP048237.1,617441,1
CP048237.1,617912,70
CP048237.1,618009,293
CP048237.1,618167,532
CP048237.1,618183,349
CP048237.1,618256,165
CP048237.1,618261,4
CP048237.1,618265,3
CP048237.1,618289,1
CP048237.1,618464,652
CP048237.1,619770,583
CP048237.1,619838,680
CP048237.1,619845,172
CP048237.1,619903,440
CP048237.1,619924,119
CP048237.1,619931,175
CP048237.1,619943,421
CP048237.1,619978,1
CP048237.1,620549,491
CP048237.1,622884,276
CP048237.1,623373,1563
CP048237.1,623404,107
CP048237.1,624183,515
CP048237.1,624192,308
CP048237.1,624199,548
CP048237.1,624389,233
CP048237.1,624504,196
CP048237.1,624549,2
CP048237.1,624599,37
CP048237.1,624670,1
CP048237.1,624785,186
CP048237.1,624792,5287
CP048237.1,624794,70
CP048237.1,624795,1293
CP048237.1,624801,1
CP048237.1,626874,1
CP048237.1,627129,1396
CP048237.1,629131,349
CP048237.1,629138,117
CP048237.1,629865,17
CP048237.1,630475,3039
CP048237.1,630482,8
CP048237.1,630501,153
CP048237.1,630535,573
CP048237.1,630565,109
CP048237.1,630569,484
CP048237.1,630589,1
CP048237.1,630638,766
CP048237.1,630645,908
CP048237.1,635521,72
CP048237.1,635756,192
CP048237.1,635834,6
CP048237.1,638498,15
CP048237.1,638866,1
CP048237.1,639865,906
CP048237.1,639872,1981
CP048237.1,639878,1757
CP048237.1,640554,46
CP048237.1,640575,269
CP048237.1,643308,645
CP048237.1,643312,17
CP048237.1,643319,345
CP048237.1,643524,1002
CP048237.1,645036,87
CP048237.1,645131,32
CP048237.1,645207,449
CP048237.1,645360,218
CP048237.1,645374,6
CP048237.1,645623,34
CP048237.1,647609,169
CP048237.1,648654,270
CP048237.1,648728,74
CP048237.1,648735,720
CP048237.1,648775,4
CP048237.1,648776,23
CP048237.1,648839,4
CP048237.1,648991,107
CP048237.1,649110,338
CP048237.1,649151,1371
CP048237.1,649158,1440
CP048237.1,649193,586
CP048237.1,649200,238
CP048237.1,649225,1110
CP048237.1,649232,147
CP048237.1,649236,560
CP048237.1,649256,1043
CP048237.1,649302,52
CP048237.1,649313,769
CP048237.1,649360,60
CP048237.1,649389,332
CP048237.1,649390,605
CP048237.1,649396,4
CP048237.1,649398,544
CP048237.1,649403,107
CP048237.1,649492,141
CP048237.1,649496,548
CP048237.1,649499,561
CP048237.1,649628,224
CP048237.1,649645,71
CP048237.1,649745,415
CP048237.1,649833,102
CP048237.1,650675,403
CP048237.1,651377,4
CP048237.1,651601,571
CP048237.1,652479,4
CP048237.1,652727,608
CP048237.1,652844,293
CP048237.1,652851,958
CP048237.1,652863,15
CP048237.1,652871,518
CP048237.1,653299,323
CP048237.1,653306,3
CP048237.1,653373,23
CP048237.1,653733,72
CP048237.1,653750,435
CP048237.1,653754,192
CP048237.1,653855,1
CP048237.1,653870,84
CP048237.1,654374,141
CP048237.1,655252,231
CP048237.1,658034,593
CP048237.1,658040,65
CP048237.1,658041,1
CP048237.1,658219,1
CP048237.1,659208,29
CP048237.1,659258,1
CP048237.1,659260,233
CP048237.1,659265,695
CP048237.1,659267,921
CP048237.1,659330,82
CP048237.1,659339,76
CP048237.1,659903,57
CP048237.1,660116,1117
CP048237.1,661535,230
CP048237.1,661750,532
CP048237.1,668425,196
CP048237.1,668538,7
CP048237.1,668565,150
CP048237.1,668572,29
CP048237.1,668588,911
CP048237.1,668629,8
CP048237.1,668630,1
CP048237.1,668632,73
CP048237.1,668649,649
CP048237.1,668810,13
CP048237.1,668818,1122
CP048237.1,668825,10
CP048237.1,668861,315
CP048237.1,668879,37
CP048237.1,668905,328
CP048237.1,668978,10
CP048237.1,669092,450
CP048237.1,669191,21
CP048237.1,670402,27
CP048237.1,673660,300
CP048237.1,673662,7
CP048237.1,673741,11
CP048237.1,674134,1
CP048237.1,674240,3
CP048237.1,674317,412
CP048237.1,674422,2
CP048237.1,674428,1111
CP048237.1,674435,131
CP048237.1,674440,150
CP048237.1,674460,1
CP048237.1,674469,688
CP048237.1,674471,1209
CP048237.1,674519,94
CP048237.1,674925,1269
CP048237.1,674938,998
CP048237.1,675856,479
CP048237.1,676345,136
CP048237.1,676352,1328
CP048237.1,676367,1
CP048237.1,676379,347
CP048237.1,676410,2375
CP048237.1,678992,1
CP048237.1,678994,15
CP048237.1,679419,355
CP048237.1,679563,1
CP048237.1,680686,230
CP048237.1,680738,3
CP048237.1,680773,1969
CP048237.1,680780,42
CP048237.1,680782,229
CP048237.1,680832,215
CP048237.1,680839,117
CP048237.1,680943,8
CP048237.1,680972,4
CP048237.1,680975,716
CP048237.1,681020,851
CP048237.1,681022,1158
CP048237.1,681029,1679
CP048237.1,681031,468
CP048237.1,681038,1027
CP048237.1,684016,441
CP048237.1,685539,78
CP048237.1,686961,19
CP048237.1,691692,1
CP048237.1,692125,73
CP048237.1,692807,3
CP048237.1,693243,288
CP048237.1,693244,1363
CP048237.1,693247,424
CP048237.1,693625,3
CP048237.1,694343,143
CP048237.1,694494,443
CP048237.1,695044,184
CP048237.1,695163,766
CP048237.1,695170,1388
CP048237.1,695216,144
CP048237.1,695419,180
CP048237.1,695792,83
CP048237.1,697310,81
CP048237.1,697632,1
CP048237.1,697761,1091
CP048237.1,697768,300
CP048237.1,697797,38
CP048237.1,697859,57
CP048237.1,698511,464
CP048237.1,703096,15
CP048237.1,704113,115
CP048237.1,704118,511
CP048237.1,704126,532
CP048237.1,704141,96
CP048237.1,704238,325
CP048237.1,704259,620
CP048237.1,704263,297
CP048237.1,704268,352
CP048237.1,704291,64
CP048237.1,704298,672
CP048237.1,704962,1
CP048237.1,705256,761
CP048237.1,705290,500
CP048237.1,705985,65
CP048237.1,705992,353
CP048237.1,706721,202
CP048237.1,707672,141
CP048237.1,707742,20
CP048237.1,707774,219
CP048237.1,707780,59
CP048237.1,710306,1
CP048237.1,711867,3
CP048237.1,711905,529
CP048237.1,711912,7
CP048237.1,711928,1
CP048237.1,711937,624
CP048237.1,711954,1025
CP048237.1,711959,297
CP048237.1,711966,6
CP048237.1,712049,1225
CP048237.1,712189,3740
CP048237.1,712194,1030
CP048237.1,712196,30
CP048237.1,712198,1
CP048237.1,712199,12
CP048237.1,712278,1730
CP048237.1,712677,33
CP048237.1,714183,592
CP048237.1,714189,293
CP048237.1,715630,1
CP048237.1,716186,119
CP048237.1,716207,94
CP048237.1,718610,7
CP048237.1,720730,470
CP048237.1,726992,19
CP048237.1,727141,437
CP048237.1,731511,7
CP048237.1,731859,345
CP048237.1,731926,1
CP048237.1,732272,1
CP048237.1,732332,752
CP048237.1,732900,315
CP048237.1,733085,415
CP048237.1,733142,69
CP048237.1,733187,139
CP048237.1,733189,366
CP048237.1,733219,41
CP048237.1,733220,25
CP048237.1,733221,2
CP048237.1,733415,119
CP048237.1,733590,171
CP048237.1,733697,189
CP048237.1,733742,16
CP048237.1,733747,255
CP048237.1,733754,952
CP048237.1,733810,198
CP048237.1,733822,12
CP048237.1,733829,124
CP048237.1,733837,874
CP048237.1,733844,1344
CP048237.1,733992,355
CP048237.1,733999,87
CP048237.1,734121,90
CP048237.1,734246,57
CP048237.1,734462,584
CP048237.1,736887,43
CP048237.1,736956,72
CP048237.1,736990,750
CP048237.1,737003,305
CP048237.1,737004,702
CP048237.1,737011,101
CP048237.1,737017,49
CP048237.1,737028,243
CP048237.1,737093,650
CP048237.1,737100,684
CP048237.1,737134,1184
CP048237.1,737166,1108
CP048237.1,737173,29
CP048237.1,737204,260
CP048237.1,737239,203
CP048237.1,737246,2339
CP048237.1,737277,35
CP048237.1,737291,46
CP048237.1,737309,163
CP048237.1,737336,7
CP048237.1,737431,463
CP048237.1,737457,85
CP048237.1,737754,112
CP048237.1,737991,657
CP048237.1,738324,1
CP048237.1,738330,98
CP048237.1,738343,142
CP048237.1,738349,394
CP048237.1,738351,5
CP048237.1,738354,5
CP048237.1,738358,568
CP048237.1,738384,881
CP048237.1,738386,85
CP048237.1,738391,359
CP048237.1,738516,2
CP048237.1,738523,1399
CP048237.1,738602,720
CP048237.1,738622,17
CP048237.1,738633,106
CP048237.1,738646,761
CP048237.1,738650,490
CP048237.1,738997,177
CP048237.1,739001,367
CP048237.1,739008,1
CP048237.1,739044,551
CP048237.1,739103,1118
CP048237.1,739188,807
CP048237.1,739195,14
CP048237.1,739211,240
CP048237.1,739230,813
CP048237.1,739234,378
CP048237.1,739573,558
CP048237.1,740340,1
CP048237.1,740842,534
CP048237.1,740910,37
CP048237.1,741338,72
CP048237.1,741381,1
CP048237.1,745604,1
CP048237.1,746456,8
CP048237.1,746767,30
CP048237.1,746774,293
CP048237.1,746864,153
CP048237.1,746870,61
CP048237.1,746923,1
CP048237.1,746946,128
CP048237.1,746964,5
CP048237.1,747039,1
CP048237.1,747046,248
CP048237.1,747122,1
CP048237.1,747134,3
CP048237.1,747269,280
CP048237.1,747367,217
CP048237.1,747385,581
CP048237.1,747422,1
CP048237.1,747430,2
CP048237.1,747437,207
CP048237.1,747530,79
CP048237.1,747572,179
CP048237.1,747636,1
CP048237.1,747655,518
CP048237.1,747687,188
CP048237.1,747718,1054
CP048237.1,747766,292
CP048237.1,747771,1
CP048237.1,747816,496
CP048237.1,747874,19
CP048237.1,747986,592
CP048237.1,748113,244
CP048237.1,748129,2
CP048237.1,748148,519
CP048237.1,748301,1
CP048237.1,748338,92
CP048237.1,750054,653
CP048237.1,750715,90
CP048237.1,750768,397
CP048237.1,750775,263
CP048237.1,752163,1095
CP048237.1,753421,258
CP048237.1,753428,157
CP048237.1,753439,827
CP048237.1,753443,3
CP048237.1,753450,498
CP048237.1,753626,2604
CP048237.1,753666,3344
CP048237.1,753673,139
CP048237.1,753679,204
CP048237.1,753738,228
CP048237.1,753744,1
CP048237.1,753880,656
CP048237.1,753887,1148
CP048237.1,754032,690
CP048237.1,754043,1
CP048237.1,754642,34
CP048237.1,754864,87
CP048237.1,755465,392
CP048237.1,755651,84
CP048237.1,755905,1071
CP048237.1,756088,2
CP048237.1,756160,337
CP048237.1,756185,237
CP048237.1,756189,326
CP048237.1,756196,1765
CP048237.1,756287,294
CP048237.1,756289,131
CP048237.1,756294,3947
CP048237.1,756328,72
CP048237.1,756357,601
CP048237.1,756414,1256
CP048237.1,756416,459
CP048237.1,756418,55
CP048237.1,756421,1094
CP048237.1,756448,15
CP048237.1,756484,701
CP048237.1,756496,378
CP048237.1,756503,626
CP048237.1,756509,805
CP048237.1,756831,358
CP048237.1,756969,358
CP048237.1,757314,141
CP048237.1,757522,42
CP048237.1,761266,1
CP048237.1,761339,133
CP048237.1,761419,95
CP048237.1,762427,238
CP048237.1,763500,185
CP048237.1,763907,77
CP048237.1,764589,2
CP048237.1,764777,1
CP048237.1,765072,298
CP048237.1,765327,298
CP048237.1,765863,4
CP048237.1,765956,377
CP048237.1,766128,239
CP048237.1,766145,102
CP048237.1,766156,5
CP048237.1,766195,384
CP048237.1,766204,547
CP048237.1,766360,24
CP048237.1,767196,1
CP048237.1,767543,388
CP048237.1,768830,846
CP048237.1,772382,1
CP048237.1,772752,376
CP048237.1,773242,355
CP048237.1,774172,291
CP048237.1,776453,84
CP048237.1,777494,554
CP048237.1,781121,1
CP048237.1,782188,586
CP048237.1,782659,2
CP048237.1,782925,602
CP048237.1,782928,498
CP048237.1,782930,56
CP048237.1,782932,1
CP048237.1,782939,1489
CP048237.1,783378,1
CP048237.1,783690,5
CP048237.1,783949,284
CP048237.1,784859,3
CP048237.1,784866,1827
CP048237.1,785006,637
CP048237.1,785013,505
CP048237.1,785189,143
CP048237.1,785607,429
CP048237.1,785622,9
CP048237.1,785754,57
CP048237.1,785761,1084
CP048237.1,785763,369
CP048237.1,785799,1136
CP048237.1,785804,1130
CP048237.1,785850,254
CP048237.1,786740,1
CP048237.1,786832,781
CP048237.1,787675,1
CP048237.1,789024,568
CP048237.1,791735,68
CP048237.1,793430,22
CP048237.1,793437,5
CP048237.1,793559,42
CP048237.1,793595,123
CP048237.1,793630,25
CP048237.1,793762,20
CP048237.1,794202,257
CP048237.1,794267,48
CP048237.1,794292,77
CP048237.1,794339,3
CP048237.1,794340,180
CP048237.1,794344,22
CP048237.1,794375,173
CP048237.1,794438,595
CP048237.1,794727,1
CP048237.1,796602,7
CP048237.1,797021,1360
CP048237.1,797028,919
CP048237.1,797095,421
CP048237.1,797185,458
CP048237.1,797302,2
CP048237.1,797535,11
CP048237.1,797703,328
CP048237.1,797710,1810
CP048237.1,797751,176
CP048237.1,799124,72
CP048237.1,800547,676
CP048237.1,800684,699
CP048237.1,800922,412
CP048237.1,800935,537
CP048237.1,800942,24
CP048237.1,801152,778
CP048237.1,801160,1
CP048237.1,801330,233
CP048237.1,801504,395
CP048237.1,801507,472
CP048237.1,801511,429
CP048237.1,801514,326
CP048237.1,802737,1
CP048237.1,802877,9
CP048237.1,804052,5
CP048237.1,805466,167
CP048237.1,805959,86
CP048237.1,806091,1
CP048237.1,806101,140
CP048237.1,806139,4
CP048237.1,806220,742
CP048237.1,806242,4
CP048237.1,806280,326
CP048237.1,806287,429
CP048237.1,806351,36
CP048237.1,806380,298
CP048237.1,806382,84
CP048237.1,806389,79
CP048237.1,806406,90
CP048237.1,806929,206
CP048237.1,806936,212
CP048237.1,808119,561
CP048237.1,809328,9
CP048237.1,809848,74
CP048237.1,810450,4
CP048237.1,810675,5
CP048237.1,812398,145
CP048237.1,812597,291
CP048237.1,812778,77
CP048237.1,812785,315
CP048237.1,812918,94
CP048237.1,813016,206
CP048237.1,813591,570
CP048237.1,813783,11
CP048237.1,813864,137
CP048237.1,813889,194
CP048237.1,813997,1053
CP048237.1,814004,974
CP048237.1,814018,957
CP048237.1,814158,1
CP048237.1,814203,37
CP048237.1,814216,36
CP048237.1,814363,678
CP048237.1,814960,83
CP048237.1,815172,309
CP048237.1,815240,269
CP048237.1,815269,177
CP048237.1,815368,493
CP048237.1,815411,436
CP048237.1,815510,339
CP048237.1,815575,1
CP048237.1,815816,609
CP048237.1,816106,555
CP048237.1,816204,15
CP048237.1,816206,1
CP048237.1,816683,541
CP048237.1,816733,1
CP048237.1,816740,3
CP048237.1,816946,36
CP048237.1,817457,1
CP048237.1,817726,403
CP048237.1,817771,35
CP048237.1,817829,862
CP048237.1,817836,160
CP048237.1,817840,87
CP048237.1,817841,398
CP048237.1,817864,519
CP048237.1,817894,250
CP048237.1,817953,41
CP048237.1,817972,128
CP048237.1,817979,1
CP048237.1,817985,32
CP048237.1,818079,13
CP048237.1,818084,409
CP048237.1,818086,1394
CP048237.1,818189,1
CP048237.1,818254,442
CP048237.1,818303,163
CP048237.1,818327,3081
CP048237.1,818375,126
CP048237.1,818479,335
CP048237.1,818535,2706
CP048237.1,818573,197
CP048237.1,818674,490
CP048237.1,818805,1259
CP048237.1,818849,793
CP048237.1,818851,822
CP048237.1,818854,2080
CP048237.1,818856,1494
CP048237.1,819281,29
CP048237.1,819454,206
CP048237.1,819527,8
CP048237.1,819557,232
CP048237.1,819826,346
CP048237.1,819871,98
CP048237.1,819928,7
CP048237.1,819943,146
CP048237.1,820232,1
CP048237.1,820401,109
CP048237.1,820409,24
CP048237.1,820454,187
CP048237.1,820492,54
CP048237.1,820590,62
CP048237.1,820600,199
CP048237.1,820647,8
CP048237.1,820708,34
CP048237.1,820732,1
CP048237.1,820743,796
CP048237.1,820752,31
CP048237.1,820863,998
CP048237.1,820872,632
CP048237.1,820903,456
CP048237.1,821250,248
CP048237.1,821320,1166
CP048237.1,821322,6274
CP048237.1,821329,1217
CP048237.1,821339,479
CP048237.1,821346,351
CP048237.1,821357,851
CP048237.1,821379,621
CP048237.1,821429,782
CP048237.1,821634,885
CP048237.1,821704,178
CP048237.1,821752,56
CP048237.1,821760,2558
CP048237.1,821767,130
CP048237.1,821839,160
CP048237.1,821931,515
CP048237.1,822146,105
CP048237.1,822228,309
CP048237.1,822236,1
CP048237.1,822375,780
CP048237.1,822483,20
CP048237.1,822513,453
CP048237.1,822527,870
CP048237.1,822531,395
CP048237.1,822619,21
CP048237.1,824041,67
CP048237.1,824048,187
CP048237.1,824068,1
CP048237.1,824069,336
CP048237.1,824073,19
CP048237.1,824087,34
CP048237.1,824094,449
CP048237.1,825797,8
CP048237.1,825985,380
CP048237.1,825991,2303
CP048237.1,825998,472
CP048237.1,826036,269
CP048237.1,826045,391
CP048237.1,826052,42
CP048237.1,826054,63
CP048237.1,826080,16
CP048237.1,826158,248
CP048237.1,826200,126
CP048237.1,826863,1
CP048237.1,827364,86
CP048237.1,827740,646
CP048237.1,828053,859
CP048237.1,828209,32
CP048237.1,828254,215
CP048237.1,829550,967
CP048237.1,829560,43
CP048237.1,829568,19
CP048237.1,829573,1
CP048237.1,829578,1560
CP048237.1,829645,432
CP048237.1,829657,858
CP048237.1,829777,106
CP048237.1,829784,1
CP048237.1,829832,22
CP048237.1,829855,2453
CP048237.1,829876,210
CP048237.1,829895,346
CP048237.1,830041,172
CP048237.1,830071,263
CP048237.1,830947,97
CP048237.1,831256,325
CP048237.1,831263,1
CP048237.1,831352,79
CP048237.1,831380,415
CP048237.1,831636,363
CP048237.1,831666,459
CP048237.1,831762,720
CP048237.1,831812,1
CP048237.1,831830,357
CP048237.1,831886,1
CP048237.1,833049,229
CP048237.1,833080,56
CP048237.1,833122,95
CP048237.1,834010,1
CP048237.1,835276,136
CP048237.1,835350,56
CP048237.1,835352,13
CP048237.1,835387,373
CP048237.1,836705,69
CP048237.1,836717,75
CP048237.1,836721,24
CP048237.1,836933,87
CP048237.1,837058,1063
CP048237.1,837065,334
CP048237.1,837094,496
CP048237.1,837256,3727
CP048237.1,837263,457
CP048237.1,837284,609
CP048237.1,837289,97
CP048237.1,837320,1060
CP048237.1,837582,401
CP048237.1,837600,66
CP048237.1,837694,4
CP048237.1,837700,2
CP048237.1,837705,797
CP048237.1,837719,14
CP048237.1,837811,308
CP048237.1,837838,77
CP048237.1,838026,101
CP048237.1,838441,24
CP048237.1,838940,978
CP048237.1,839115,195
CP048237.1,839294,2117
CP048237.1,839692,744
CP048237.1,839808,434
CP048237.1,840251,481
CP048237.1,840344,28
CP048237.1,840468,127
CP048237.1,841857,48
CP048237.1,842770,1088
CP048237.1,845933,1
CP048237.1,846097,1
CP048237.1,846812,1
CP048237.1,846860,463
CP048237.1,847089,3
CP048237.1,847102,28
CP048237.1,847968,63
CP048237.1,848480,44
CP048237.1,849359,1
CP048237.1,849813,211
CP048237.1,850135,1359
CP048237.1,850142,22
CP048237.1,850157,1126
CP048237.1,850162,817
CP048237.1,850164,1
CP048237.1,850655,2507
CP048237.1,850809,1965
CP048237.1,850863,75
CP048237.1,850946,481
CP048237.1,850953,3786
CP048237.1,851007,748
CP048237.1,851011,43
CP048237.1,851014,3485
CP048237.1,851127,9
CP048237.1,851134,1986
CP048237.1,851142,1584
CP048237.1,851521,42
CP048237.1,851737,201
CP048237.1,851738,5
CP048237.1,851775,4338
CP048237.1,851912,2
CP048237.1,851921,109
CP048237.1,851929,83
CP048237.1,852045,667
CP048237.1,852174,530
CP048237.1,852246,1
CP048237.1,852249,1788
CP048237.1,852260,981
CP048237.1,852271,1
CP048237.1,852275,1221
CP048237.1,852298,1460
CP048237.1,852302,1676
CP048237.1,852307,1071
CP048237.1,852309,1
CP048237.1,852314,318
CP048237.1,852335,437
CP048237.1,852347,1
CP048237.1,852374,3
CP048237.1,852384,316
CP048237.1,852428,359
CP048237.1,852435,1
CP048237.1,852467,339
CP048237.1,852474,39
CP048237.1,852491,72
CP048237.1,853002,3
CP048237.1,853084,1
CP048237.1,853276,14
CP048237.1,853311,2063
CP048237.1,853637,576
CP048237.1,853642,46
CP048237.1,853644,488
CP048237.1,853649,804
CP048237.1,854048,762
CP048237.1,854083,1
CP048237.1,856076,6
CP048237.1,859253,9
CP048237.1,861026,422
CP048237.1,861109,13
CP048237.1,861117,93
CP048237.1,861158,23
CP048237.1,861792,1290
CP048237.1,861914,20
CP048237.1,861921,4
CP048237.1,861985,1042
CP048237.1,862025,3
CP048237.1,862032,76
CP048237.1,862143,544
CP048237.1,862506,629
CP048237.1,862561,763
CP048237.1,862568,228
CP048237.1,862738,781
CP048237.1,862754,33
CP048237.1,863928,389
CP048237.1,864769,461
CP048237.1,865838,268
CP048237.1,865849,65
CP048237.1,865924,1
CP048237.1,865930,71
CP048237.1,865948,197
CP048237.1,866006,217
CP048237.1,866013,735
CP048237.1,866050,410
CP048237.1,866108,1
CP048237.1,866112,608
CP048237.1,866115,1
CP048237.1,866220,1767
CP048237.1,866251,83
CP048237.1,866258,1440
CP048237.1,866436,91
CP048237.1,866500,356
CP048237.1,866507,3
CP048237.1,866555,1090
CP048237.1,866583,212
CP048237.1,866590,11
CP048237.1,866685,184
CP048237.1,866719,611
CP048237.1,866726,223
CP048237.1,866759,218
CP048237.1,866767,416
CP048237.1,866768,205
CP048237.1,866772,149
CP048237.1,866835,6
CP048237.1,866838,1
CP048237.1,866847,18
CP048237.1,866863,131
CP048237.1,866933,207
CP048237.1,867292,27
CP048237.1,867439,225
CP048237.1,867454,360
CP048237.1,867457,37
CP048237.1,867468,426
CP048237.1,867505,154
CP048237.1,867507,4488
CP048237.1,867514,2350
CP048237.1,867571,25
CP048237.1,867573,93
CP048237.1,867578,370
CP048237.1,867580,34
CP048237.1,867591,224
CP048237.1,867599,1
CP048237.1,869167,939
CP048237.1,869176,213
CP048237.1,869379,208
CP048237.1,869388,97
CP048237.1,869403,569
CP048237.1,869470,1455
CP048237.1,869477,3370
CP048237.1,869529,110
CP048237.1,869533,659
CP048237.1,869536,415
CP048237.1,869562,1
CP048237.1,869648,26
CP048237.1,869668,246
CP048237.1,869686,410
CP048237.1,869714,457
CP048237.1,869720,938
CP048237.1,869721,1753
CP048237.1,869815,235
CP048237.1,869849,446
CP048237.1,869908,930
CP048237.1,870116,762
CP048237.1,870350,1
CP048237.1,870839,1
CP048237.1,872316,475
CP048237.1,873224,2
CP048237.1,873378,31
CP048237.1,873615,26
CP048237.1,873823,9
CP048237.1,874603,305
CP048237.1,875374,1
CP048237.1,875451,716
CP048237.1,876094,368
CP048237.1,876264,739
CP048237.1,876417,16
CP048237.1,876590,109
CP048237.1,876780,1648
CP048237.1,876787,569
CP048237.1,876791,54
CP048237.1,876840,244
CP048237.1,876847,71
CP048237.1,876879,9
CP048237.1,876886,540
CP048237.1,876898,156
CP048237.1,876905,267
CP048237.1,876919,64
CP048237.1,876920,38
CP048237.1,876932,11
CP048237.1,877021,251
CP048237.1,877046,406
CP048237.1,877053,450
CP048237.1,877067,19
CP048237.1,877253,52
CP048237.1,877555,90
CP048237.1,877697,1
CP048237.1,877774,43
CP048237.1,878155,84
CP048237.1,878239,4
CP048237.1,878451,1
CP048237.1,878855,1
CP048237.1,879146,1112
CP048237.1,879171,23
CP048237.1,879192,826
CP048237.1,879197,526
CP048237.1,879205,68
CP048237.1,879260,147
CP048237.1,879268,132
CP048237.1,879323,27
CP048237.1,879339,25
CP048237.1,879352,6
CP048237.1,879359,236
CP048237.1,879450,1
CP048237.1,879457,265
CP048237.1,879516,504
CP048237.1,879534,2429
CP048237.1,879541,1224
CP048237.1,879571,6
CP048237.1,879576,1368
CP048237.1,879583,696
CP048237.1,879614,622
CP048237.1,879647,190
CP048237.1,879654,32
CP048237.1,879746,469
CP048237.1,879753,2645
CP048237.1,879807,308
CP048237.1,879853,3
CP048237.1,879968,62
CP048237.1,880066,652
CP048237.1,881265,190
CP048237.1,881430,29
CP048237.1,881450,120
CP048237.1,881589,1401
CP048237.1,881594,1075
CP048237.1,881759,1
CP048237.1,881766,1301
CP048237.1,882460,1948
CP048237.1,882467,137
CP048237.1,882494,2819
CP048237.1,882501,745
CP048237.1,882550,2795
CP048237.1,882557,764
CP048237.1,882559,139
CP048237.1,882567,870
CP048237.1,882569,202
CP048237.1,882574,404
CP048237.1,882580,921
CP048237.1,882587,323
CP048237.1,882677,112
CP048237.1,882708,916
CP048237.1,882716,1683
CP048237.1,882724,857
CP048237.1,882741,9
CP048237.1,882784,1
CP048237.1,882827,3738
CP048237.1,882834,4246
CP048237.1,882855,140
CP048237.1,882875,42
CP048237.1,882882,15
CP048237.1,882888,519
CP048237.1,882917,346
CP048237.1,882924,489
CP048237.1,882928,474
CP048237.1,882935,76
CP048237.1,882944,1078
CP048237.1,882948,66
CP048237.1,882972,253
CP048237.1,882979,238
CP048237.1,883003,2
CP048237.1,883071,3
CP048237.1,883219,89
CP048237.1,883285,2
CP048237.1,883322,163
CP048237.1,883428,1
CP048237.1,883452,304
CP048237.1,883618,71
CP048237.1,884652,721
CP048237.1,886436,30
CP048237.1,887752,1
CP048237.1,891308,463
CP048237.1,891492,968
CP048237.1,891499,1
CP048237.1,891628,1
CP048237.1,891805,1
CP048237.1,891989,207
CP048237.1,892032,574
CP048237.1,892036,30
CP048237.1,892220,183
CP048237.1,892225,276
CP048237.1,892229,371
CP048237.1,893466,41
CP048237.1,893503,2
CP048237.1,893582,494
CP048237.1,893598,3172
CP048237.1,893602,146
CP048237.1,893604,1586
CP048237.1,893605,49
CP048237.1,893611,32
CP048237.1,893623,1
CP048237.1,893630,1
CP048237.1,893631,2180
CP048237.1,893635,266
CP048237.1,893642,276
CP048237.1,893716,822
CP048237.1,893743,1
CP048237.1,893799,1
CP048237.1,895827,548
CP048237.1,895839,66
CP048237.1,900266,364
CP048237.1,900290,358
CP048237.1,900503,403
CP048237.1,900538,95
CP048237.1,900699,40
CP048237.1,901064,24
CP048237.1,901138,139
CP048237.1,901809,49
CP048237.1,901914,595
CP048237.1,902448,1
CP048237.1,902954,514
CP048237.1,903188,269
CP048237.1,903195,115
CP048237.1,903243,806
CP048237.1,903246,381
CP048237.1,903290,3
CP048237.1,903424,491
CP048237.1,903582,384
CP048237.1,903915,404
CP048237.1,904247,6
CP048237.1,904288,1
CP048237.1,904430,528
CP048237.1,904451,1028
CP048237.1,904458,995
CP048237.1,904517,117
CP048237.1,904524,1378
CP048237.1,904637,825
CP048237.1,904644,50
CP048237.1,904648,249
CP048237.1,904688,1430
CP048237.1,904699,861
CP048237.1,904777,394
CP048237.1,904784,487
CP048237.1,904807,94
CP048237.1,904814,5
CP048237.1,904820,7
CP048237.1,904827,1
CP048237.1,904839,490
CP048237.1,904846,576
CP048237.1,904853,3
CP048237.1,904857,190
CP048237.1,904863,4
CP048237.1,904884,349
CP048237.1,904933,200
CP048237.1,904973,1
CP048237.1,905008,3
CP048237.1,905454,2141
CP048237.1,907844,947
CP048237.1,908930,112
CP048237.1,909431,929
CP048237.1,909743,83
CP048237.1,910074,172
CP048237.1,910478,200
CP048237.1,910485,1092
CP048237.1,910539,106
CP048237.1,910897,453
CP048237.1,910899,461
CP048237.1,910906,348
CP048237.1,911069,292
CP048237.1,911219,163
CP048237.1,911226,20
CP048237.1,911284,322
CP048237.1,911291,2777
CP048237.1,911298,925
CP048237.1,911385,722
CP048237.1,911411,11
CP048237.1,911452,22
CP048237.1,911536,5
CP048237.1,911575,270
CP048237.1,911618,36
CP048237.1,911760,1014
CP048237.1,911775,1127
CP048237.1,911808,1
CP048237.1,911810,5115
CP048237.1,911817,260
CP048237.1,911847,936
CP048237.1,911850,1368
CP048237.1,911861,58
CP048237.1,911953,1371
CP048237.1,911999,1902
CP048237.1,912006,2032
CP048237.1,912045,2
CP048237.1,912099,3736
CP048237.1,912101,1692
CP048237.1,912106,880
CP048237.1,912108,917
CP048237.1,912111,30
CP048237.1,912114,1461
CP048237.1,912121,2329
CP048237.1,912123,1143
CP048237.1,912226,5
CP048237.1,912274,68
CP048237.1,912280,2433
CP048237.1,912329,515
CP048237.1,912377,1637
CP048237.1,912384,5631
CP048237.1,912407,563
CP048237.1,912414,1
CP048237.1,912431,23
CP048237.1,912579,966
CP048237.1,912632,64
CP048237.1,912901,101
CP048237.1,913705,400
CP048237.1,913718,794
CP048237.1,913725,906
CP048237.1,913898,27
CP048237.1,914050,14
CP048237.1,914098,384
CP048237.1,914223,1405
CP048237.1,914224,160
CP048237.1,914250,139
CP048237.1,914266,611
CP048237.1,914297,14
CP048237.1,914391,1104
CP048237.1,914398,37
CP048237.1,914400,493
CP048237.1,914418,2
CP048237.1,914491,181
CP048237.1,914498,104
CP048237.1,914502,1
CP048237.1,914529,1
CP048237.1,914544,2
CP048237.1,914547,88
CP048237.1,914551,1135
CP048237.1,914552,2331
CP048237.1,914558,770
CP048237.1,914645,13
CP048237.1,914653,326
CP048237.1,914660,1521
CP048237.1,914661,657
CP048237.1,914683,73
CP048237.1,914685,1
CP048237.1,914690,1186
CP048237.1,914692,5
CP048237.1,914699,119
CP048237.1,914787,3
CP048237.1,914891,489
CP048237.1,914905,90
CP048237.1,914936,1
CP048237.1,914979,361
CP048237.1,915025,628
CP048237.1,915228,1
CP048237.1,915289,1
CP048237.1,915301,781
CP048237.1,915359,3444
CP048237.1,915591,3501
CP048237.1,916443,1814
CP048237.1,916444,1087
CP048237.1,916546,349
CP048237.1,917928,31
CP048237.1,918115,99
CP048237.1,918120,4
CP048237.1,918132,267
CP048237.1,918134,316
CP048237.1,918136,257
CP048237.1,918139,101
CP048237.1,918141,254
CP048237.1,918143,182
CP048237.1,918370,1
CP048237.1,918375,377
CP048237.1,918537,42
CP048237.1,918544,150
CP048237.1,918714,706
CP048237.1,919970,2
CP048237.1,920379,306
CP048237.1,920381,563
CP048237.1,920666,17
CP048237.1,921002,25
CP048237.1,921148,289
CP048237.1,921206,242
CP048237.1,921222,284
CP048237.1,921336,45
CP048237.1,921474,536
CP048237.1,921867,88
CP048237.1,922665,644
CP048237.1,923048,1
CP048237.1,923464,411
CP048237.1,923648,145
CP048237.1,923694,310
CP048237.1,923891,11
CP048237.1,923947,791
CP048237.1,923954,824
CP048237.1,923983,1022
CP048237.1,923996,1
CP048237.1,924014,2870
CP048237.1,924022,814
CP048237.1,924070,323
CP048237.1,924077,838
CP048237.1,924121,393
CP048237.1,924128,289
CP048237.1,924141,147
CP048237.1,924154,832
CP048237.1,924179,630
CP048237.1,924334,1
CP048237.1,924425,16
CP048237.1,924475,602
CP048237.1,924484,1930
CP048237.1,924491,2
CP048237.1,924755,177
CP048237.1,924812,6
CP048237.1,924814,396
CP048237.1,925809,143
CP048237.1,926175,49
CP048237.1,926205,242
CP048237.1,926379,164
CP048237.1,926396,41
CP048237.1,926419,78
CP048237.1,926461,682
CP048237.1,926725,9
CP048237.1,926863,240
CP048237.1,926866,75
CP048237.1,926871,2
CP048237.1,926978,1
CP048237.1,926985,251
CP048237.1,927016,1875
CP048237.1,927057,8
CP048237.1,927064,199
CP048237.1,927067,1
CP048237.1,927074,249
CP048237.1,927079,1
CP048237.1,927094,236
CP048237.1,927745,599
CP048237.1,927796,1
CP048237.1,927891,1
CP048237.1,927948,1213
CP048237.1,928159,1
CP048237.1,928292,17
CP048237.1,928298,270
CP048237.1,928301,474
CP048237.1,928476,2
CP048237.1,928494,118
CP048237.1,928501,18
CP048237.1,928838,259
CP048237.1,928994,1
CP048237.1,929155,58
CP048237.1,929194,317
CP048237.1,929201,539
CP048237.1,929343,252
CP048237.1,929441,1
CP048237.1,930179,97
CP048237.1,930468,260
CP048237.1,931675,9
CP048237.1,931889,43
CP048237.1,932557,57
CP048237.1,933491,233
CP048237.1,933498,986
CP048237.1,933947,192
CP048237.1,933952,329
CP048237.1,934103,51
CP048237.1,934143,221
CP048237.1,934376,18
CP048237.1,934383,221
CP048237.1,934410,40
CP048237.1,934417,59
CP048237.1,934585,432
CP048237.1,934595,35
CP048237.1,934603,407
CP048237.1,934609,316
CP048237.1,934610,1
CP048237.1,934677,272
CP048237.1,936215,1073
CP048237.1,936298,723
CP048237.1,936363,13
CP048237.1,936382,135
CP048237.1,936387,143
CP048237.1,936445,690
CP048237.1,936771,730
CP048237.1,936796,338
CP048237.1,936807,3
CP048237.1,936823,1090
CP048237.1,936978,95
CP048237.1,937163,1645
CP048237.1,937171,410
CP048237.1,937295,651
CP048237.1,937476,242
CP048237.1,937485,87
CP048237.1,937500,33
CP048237.1,937546,39
CP048237.1,937554,569
CP048237.1,938317,74
CP048237.1,939133,358
CP048237.1,939836,1094
CP048237.1,941319,66
CP048237.1,941389,339
CP048237.1,941404,1146
CP048237.1,942249,27
CP048237.1,942268,1
CP048237.1,942440,1100
CP048237.1,942447,43
CP048237.1,942940,2
CP048237.1,942947,479
CP048237.1,942990,56
CP048237.1,942994,324
CP048237.1,942996,21
CP048237.1,943245,91
CP048237.1,943290,620
CP048237.1,943513,3
CP048237.1,943532,585
CP048237.1,943704,360
CP048237.1,943974,1114
CP048237.1,943981,1793
CP048237.1,944003,1428
CP048237.1,944047,61
CP048237.1,944048,535
CP048237.1,944049,95
CP048237.1,944051,1770
CP048237.1,944054,1
CP048237.1,944055,266
CP048237.1,944057,3116
CP048237.1,944063,500
CP048237.1,944064,2980
CP048237.1,944083,12
CP048237.1,944084,99
CP048237.1,944090,650
CP048237.1,944095,1257
CP048237.1,944097,602
CP048237.1,944098,356
CP048237.1,944104,92
CP048237.1,944105,195
CP048237.1,944115,215
CP048237.1,944198,229
CP048237.1,944217,2007
CP048237.1,944226,300
CP048237.1,944233,257
CP048237.1,947081,300
CP048237.1,950969,94
CP048237.1,950976,3406
CP048237.1,950978,1
CP048237.1,951005,273
CP048237.1,951012,206
CP048237.1,951023,31
CP048237.1,952255,5
CP048237.1,952438,277
CP048237.1,952443,273
CP048237.1,952462,1
CP048237.1,952463,15
CP048237.1,952465,12
CP048237.1,952470,13
CP048237.1,952472,9
CP048237.1,952480,248
CP048237.1,952482,14
CP048237.1,952489,1
CP048237.1,952505,24
CP048237.1,952509,1251
CP048237.1,952517,668
CP048237.1,952625,21
CP048237.1,952642,19
CP048237.1,952649,440
CP048237.1,952660,49
CP048237.1,952670,522
CP048237.1,952677,1320
CP048237.1,952682,90
CP048237.1,952694,26
CP048237.1,952695,10
CP048237.1,952702,174
CP048237.1,952709,32
CP048237.1,952758,3
CP048237.1,952780,232
CP048237.1,952795,508
CP048237.1,952802,464
CP048237.1,952804,335
CP048237.1,952806,736
CP048237.1,952808,15
CP048237.1,952811,742
CP048237.1,952835,128
CP048237.1,952924,7
CP048237.1,952963,900
CP048237.1,953023,1154
CP048237.1,953098,227
CP048237.1,953139,1296
CP048237.1,953150,506
CP048237.1,953160,929
CP048237.1,953163,37
CP048237.1,953170,3
CP048237.1,953175,609
CP048237.1,953178,563
CP048237.1,953182,363
CP048237.1,953230,1
CP048237.1,953250,1748
CP048237.1,953252,702
CP048237.1,953259,359
CP048237.1,953273,12
CP048237.1,953280,539
CP048237.1,953281,191
CP048237.1,953283,74
CP048237.1,953288,410
CP048237.1,953290,282
CP048237.1,953331,20
CP048237.1,953338,2193
CP048237.1,953382,116
CP048237.1,953448,559
CP048237.1,953455,312
CP048237.1,953459,1118
CP048237.1,953466,1340
CP048237.1,953531,6
CP048237.1,953539,351
CP048237.1,953540,628
CP048237.1,953664,345
CP048237.1,953691,143
CP048237.1,954101,128
CP048237.1,954134,923
CP048237.1,954685,382
CP048237.1,954828,39
CP048237.1,955133,2
CP048237.1,955143,54
CP048237.1,955294,381
CP048237.1,955367,1516
CP048237.1,955554,2282
CP048237.1,955653,664
CP048237.1,956075,1
CP048237.1,956845,70
CP048237.1,956889,261
CP048237.1,956896,150
CP048237.1,956925,269
CP048237.1,956976,560
CP048237.1,956994,58
CP048237.1,957034,7
CP048237.1,957036,1000
CP048237.1,957041,168
CP048237.1,957213,1487
CP048237.1,957221,995
CP048237.1,957227,7
CP048237.1,957228,303
CP048237.1,957291,5281
CP048237.1,957298,3228
CP048237.1,957313,1288
CP048237.1,957317,59
CP048237.1,957369,14
CP048237.1,957385,275
CP048237.1,957386,323
CP048237.1,957392,4
CP048237.1,957394,1026
CP048237.1,957399,1
CP048237.1,957403,994
CP048237.1,957412,182
CP048237.1,957426,9
CP048237.1,957492,623
CP048237.1,957510,1
CP048237.1,957517,306
CP048237.1,957555,43
CP048237.1,957562,1723
CP048237.1,957770,317
CP048237.1,957912,889
CP048237.1,957919,392
CP048237.1,957939,1364
CP048237.1,957957,958
CP048237.1,957964,129
CP048237.1,957996,9915
CP048237.1,958003,6573
CP048237.1,958005,588
CP048237.1,958012,311
CP048237.1,958031,143
CP048237.1,958033,118
CP048237.1,958038,219
CP048237.1,958045,2581
CP048237.1,958052,5833
CP048237.1,958075,843
CP048237.1,958092,1
CP048237.1,958128,589
CP048237.1,958135,665
CP048237.1,958274,72
CP048237.1,958281,88
CP048237.1,958606,9
CP048237.1,958696,414
CP048237.1,958698,68
CP048237.1,958705,1160
CP048237.1,958721,271
CP048237.1,959678,225
CP048237.1,959725,548
CP048237.1,959873,1
CP048237.1,961298,234
CP048237.1,962442,22
CP048237.1,963305,1
CP048237.1,964027,1
CP048237.1,965567,3
CP048237.1,965594,94
CP048237.1,965623,708
CP048237.1,965630,347
CP048237.1,965653,3
CP048237.1,965656,9
CP048237.1,965660,9
CP048237.1,965667,368
CP048237.1,965682,42
CP048237.1,965728,9
CP048237.1,965844,484
CP048237.1,965928,209
CP048237.1,967644,5
CP048237.1,967651,1592
CP048237.1,967669,391
CP048237.1,967840,1
CP048237.1,968046,1
CP048237.1,969296,2
CP048237.1,969623,285
CP048237.1,969630,4
CP048237.1,969858,273
CP048237.1,969890,2
CP048237.1,969897,2998
CP048237.1,969906,197
CP048237.1,970021,144
CP048237.1,970028,301
CP048237.1,970065,620
CP048237.1,970104,3
CP048237.1,970108,41
CP048237.1,970111,5
CP048237.1,970142,268
CP048237.1,970197,732
CP048237.1,970203,442
CP048237.1,970314,7
CP048237.1,970380,109
CP048237.1,970619,282
CP048237.1,970658,203
CP048237.1,970666,380
CP048237.1,970869,143
CP048237.1,970886,571
CP048237.1,970893,9
CP048237.1,970912,290
CP048237.1,970919,469
CP048237.1,970952,339
CP048237.1,971155,303
CP048237.1,971302,105
CP048237.1,971308,670
CP048237.1,971315,337
CP048237.1,971335,325
CP048237.1,971342,268
CP048237.1,971344,323
CP048237.1,971347,9
CP048237.1,971352,71
CP048237.1,971359,385
CP048237.1,971375,68
CP048237.1,971467,4
CP048237.1,971503,57
CP048237.1,971510,303
CP048237.1,971516,517
CP048237.1,971530,51
CP048237.1,971656,653
CP048237.1,972052,1
CP048237.1,972100,1
CP048237.1,972186,1
CP048237.1,973470,675
CP048237.1,973945,22
CP048237.1,974283,51
CP048237.1,974580,812
CP048237.1,974724,29
CP048237.1,974726,582
CP048237.1,974821,10
CP048237.1,975055,66
CP048237.1,975134,583
CP048237.1,975144,804
CP048237.1,975169,1
CP048237.1,975177,274
CP048237.1,975217,23
CP048237.1,975222,713
CP048237.1,975224,275
CP048237.1,975237,352
CP048237.1,975248,5572
CP048237.1,975255,6119
CP048237.1,975262,333
CP048237.1,975264,219
CP048237.1,975266,5
CP048237.1,975282,57
CP048237.1,975339,459
CP048237.1,975361,21
CP048237.1,975362,1934
CP048237.1,975366,4
CP048237.1,975368,4
CP048237.1,975369,396
CP048237.1,975375,1205
CP048237.1,975387,47
CP048237.1,975393,1
CP048237.1,975425,6
CP048237.1,975429,143
CP048237.1,975462,487
CP048237.1,975466,29
CP048237.1,975470,69
CP048237.1,975471,600
CP048237.1,975478,772
CP048237.1,975479,63
CP048237.1,975495,6
CP048237.1,975502,1440
CP048237.1,975508,3
CP048237.1,975516,190
CP048237.1,975517,414
CP048237.1,975528,48
CP048237.1,975536,1248
CP048237.1,975541,73
CP048237.1,975562,1
CP048237.1,975569,26
CP048237.1,975577,56
CP048237.1,975584,1441
CP048237.1,975591,109
CP048237.1,975605,640
CP048237.1,975620,196
CP048237.1,975624,5
CP048237.1,975625,1173
CP048237.1,975631,391
CP048237.1,975651,423
CP048237.1,975658,24
CP048237.1,975662,823
CP048237.1,975674,30
CP048237.1,975675,16
CP048237.1,975710,2
CP048237.1,975729,385
CP048237.1,975738,118
CP048237.1,975741,928
CP048237.1,975745,179
CP048237.1,975748,1456
CP048237.1,975760,193
CP048237.1,975761,194
CP048237.1,975767,108
CP048237.1,975768,552
CP048237.1,975828,1270
CP048237.1,975834,36
CP048237.1,975835,278
CP048237.1,975849,986
CP048237.1,975851,437
CP048237.1,975856,496
CP048237.1,975858,199
CP048237.1,975877,205
CP048237.1,975886,3
CP048237.1,975893,78
CP048237.1,975912,40
CP048237.1,975915,112
CP048237.1,975920,171
CP048237.1,975990,78
CP048237.1,975997,18
CP048237.1,976030,891
CP048237.1,976089,1268
CP048237.1,976096,27
CP048237.1,976169,1036
CP048237.1,976224,96
CP048237.1,976297,1
CP048237.1,976336,1
CP048237.1,976353,871
CP048237.1,976379,33
CP048237.1,976399,1
CP048237.1,976406,336
CP048237.1,976466,823
CP048237.1,976479,451
CP048237.1,976525,568
CP048237.1,976541,875
CP048237.1,976551,2133
CP048237.1,976594,1
CP048237.1,976653,74
CP048237.1,976656,20
CP048237.1,976682,168
CP048237.1,976754,497
CP048237.1,976758,5
CP048237.1,976784,4
CP048237.1,976789,64
CP048237.1,976837,1
CP048237.1,976839,447
CP048237.1,976846,2245
CP048237.1,976889,31
CP048237.1,976898,17
CP048237.1,976900,1
CP048237.1,976905,968
CP048237.1,976947,72
CP048237.1,976970,31
CP048237.1,977113,322
CP048237.1,977247,267
CP048237.1,977342,360
CP048237.1,977553,1
CP048237.1,977655,2036
CP048237.1,977662,67
CP048237.1,977685,6
CP048237.1,977688,41
CP048237.1,977692,264
CP048237.1,977699,70
CP048237.1,977776,985
CP048237.1,977779,1156
CP048237.1,977808,1
CP048237.1,977823,135
CP048237.1,977831,1072
CP048237.1,977862,1
CP048237.1,977874,2671
CP048237.1,977907,11
CP048237.1,977912,112
CP048237.1,977914,4634
CP048237.1,977961,1
CP048237.1,977990,493
CP048237.1,977997,1
CP048237.1,978001,372
CP048237.1,978008,1847
CP048237.1,978010,1031
CP048237.1,978049,1
CP048237.1,978050,313
CP048237.1,978052,573
CP048237.1,978071,2620
CP048237.1,978078,756
CP048237.1,978079,5
CP048237.1,978082,2081
CP048237.1,978086,737
CP048237.1,978108,207
CP048237.1,978115,64
CP048237.1,978124,818
CP048237.1,978148,9
CP048237.1,978179,14773
CP048237.1,978182,1302
CP048237.1,978186,24015
CP048237.1,978223,41
CP048237.1,978230,45
CP048237.1,978231,1
CP048237.1,978232,1
CP048237.1,978264,2605
CP048237.1,978270,628
CP048237.1,978296,2429
CP048237.1,978303,1965
CP048237.1,978304,1
CP048237.1,978337,12927
CP048237.1,978344,8199
CP048237.1,978349,2145
CP048237.1,978358,615
CP048237.1,978361,749
CP048237.1,978363,1
CP048237.1,978365,1928
CP048237.1,978368,729
CP048237.1,978408,127
CP048237.1,978434,1342
CP048237.1,978435,88
CP048237.1,978436,43
CP048237.1,978439,25
CP048237.1,978441,1
CP048237.1,978444,2302
CP048237.1,978462,2874
CP048237.1,978468,1132
CP048237.1,978506,27
CP048237.1,978510,937
CP048237.1,978516,681
CP048237.1,978517,3849
CP048237.1,978524,25
CP048237.1,978525,80
CP048237.1,978526,44
CP048237.1,978539,968
CP048237.1,978573,61
CP048237.1,978577,1717
CP048237.1,978584,2325
CP048237.1,978606,483
CP048237.1,978612,522
CP048237.1,978619,445
CP048237.1,978673,371
CP048237.1,978680,367
CP048237.1,978686,86
CP048237.1,978697,113
CP048237.1,978815,11
CP048237.1,978862,599
CP048237.1,979003,1
CP048237.1,979062,65
CP048237.1,979217,2
CP048237.1,979249,10
CP048237.1,979431,168
CP048237.1,979488,153
CP048237.1,979491,1
CP048237.1,979592,221
CP048237.1,979595,344
CP048237.1,979750,1
CP048237.1,980691,133
CP048237.1,980710,734
CP048237.1,980753,1318
CP048237.1,980756,34
CP048237.1,980760,446
CP048237.1,980761,562
CP048237.1,980805,391
CP048237.1,980815,426
CP048237.1,980862,333
CP048237.1,980871,518
CP048237.1,980892,1731
CP048237.1,980923,1
CP048237.1,980928,54
CP048237.1,980942,122
CP048237.1,980950,315
CP048237.1,980960,1
CP048237.1,980961,2
CP048237.1,980971,251
CP048237.1,980980,46
CP048237.1,980981,407
CP048237.1,980984,372
CP048237.1,980987,716
CP048237.1,980988,3
CP048237.1,980991,2911
CP048237.1,981030,5
CP048237.1,981033,605
CP048237.1,981035,6
CP048237.1,981040,82
CP048237.1,981042,578
CP048237.1,981070,3522
CP048237.1,981073,29
CP048237.1,981075,1
CP048237.1,981077,704
CP048237.1,981086,1398
CP048237.1,981093,3135
CP048237.1,981094,2040
CP048237.1,981102,3652
CP048237.1,981103,143
CP048237.1,981109,12024
CP048237.1,981110,19
CP048237.1,981118,51
CP048237.1,981146,299
CP048237.1,981153,3
CP048237.1,981164,564
CP048237.1,981169,3
CP048237.1,981180,519
CP048237.1,981184,1
CP048237.1,981185,10
CP048237.1,981191,64
CP048237.1,981198,945
CP048237.1,981211,86
CP048237.1,981218,792
CP048237.1,981246,426
CP048237.1,981253,465
CP048237.1,981293,43
CP048237.1,981307,1500
CP048237.1,981308,581
CP048237.1,981314,3222
CP048237.1,981315,1585
CP048237.1,981326,846
CP048237.1,981345,1194
CP048237.1,981347,1993
CP048237.1,981349,426
CP048237.1,981351,908
CP048237.1,981352,2590
CP048237.1,981354,1800
CP048237.1,981356,668
CP048237.1,981358,1114
CP048237.1,981366,17
CP048237.1,981372,458
CP048237.1,981463,5
CP048237.1,981472,70
CP048237.1,981489,636
CP048237.1,981599,196
CP048237.1,981603,394
CP048237.1,982005,1
CP048237.1,982143,33
CP048237.1,982159,98
CP048237.1,982372,43
CP048237.1,982528,122
CP048237.1,983116,86
CP048237.1,983184,135
CP048237.1,983205,350
CP048237.1,983214,526
CP048237.1,983221,1240
CP048237.1,983240,202
CP048237.1,983247,48
CP048237.1,983259,102
CP048237.1,983532,670
CP048237.1,985660,142
CP048237.1,985667,110
CP048237.1,985839,9
CP048237.1,987192,1
CP048237.1,987979,144
CP048237.1,988188,110
CP048237.1,988323,106
CP048237.1,988422,170
CP048237.1,988458,124
CP048237.1,988578,60
CP048237.1,988629,1217
CP048237.1,988645,2
CP048237.1,988648,803
CP048237.1,988651,1719
CP048237.1,988658,2
CP048237.1,988682,75
CP048237.1,988699,660
CP048237.1,988723,138
CP048237.1,988774,5
CP048237.1,988933,1023
CP048237.1,988961,2
CP048237.1,989009,1
CP048237.1,989061,6
CP048237.1,989066,407
CP048237.1,989073,716
CP048237.1,989186,105
CP048237.1,989481,284
CP048237.1,989554,31
CP048237.1,989834,494
CP048237.1,989997,32
CP048237.1,990861,152
CP048237.1,991031,1
CP048237.1,991347,40
CP048237.1,991489,367
CP048237.1,991566,1835
CP048237.1,991788,254
CP048237.1,991970,1162
CP048237.1,991977,884
CP048237.1,992000,1195
CP048237.1,992001,1037
CP048237.1,992011,1308
CP048237.1,992018,593
CP048237.1,992023,397
CP048237.1,992030,3
CP048237.1,992036,1449
CP048237.1,992050,1
CP048237.1,992059,963
CP048237.1,992068,1074
CP048237.1,992137,1
CP048237.1,992157,604
CP048237.1,992164,870
CP048237.1,992167,703
CP048237.1,992174,1648
CP048237.1,992185,1
CP048237.1,992221,1
CP048237.1,992327,250
CP048237.1,992376,1
CP048237.1,992497,270
CP048237.1,992511,1
CP048237.1,992558,102
CP048237.1,992854,1148
CP048237.1,992856,4872
CP048237.1,992866,2425
CP048237.1,992997,1298
CP048237.1,993142,3831
CP048237.1,993224,1
CP048237.1,993235,370
CP048237.1,993242,1
CP048237.1,993506,78
CP048237.1,993508,8
CP048237.1,993564,700
CP048237.1,993601,874
CP048237.1,993626,1
CP048237.1,993668,197
CP048237.1,993675,111
CP048237.1,993757,419
CP048237.1,993775,465
CP048237.1,993777,686
CP048237.1,993784,881
CP048237.1,993793,23
CP048237.1,993806,431
CP048237.1,993813,1303
CP048237.1,993814,2323
CP048237.1,993820,794
CP048237.1,993821,203
CP048237.1,993853,280
CP048237.1,993875,1585
CP048237.1,993878,1
CP048237.1,993882,45
CP048237.1,993908,1580
CP048237.1,993910,1299
CP048237.1,993928,146
CP048237.1,993935,1322
CP048237.1,993954,1
CP048237.1,993975,24
CP048237.1,993996,1
CP048237.1,994009,1
CP048237.1,994080,126
CP048237.1,994087,1873
CP048237.1,994139,63
CP048237.1,994146,6
CP048237.1,994148,8
CP048237.1,994171,367
CP048237.1,994242,35
CP048237.1,994439,304
CP048237.1,994454,1
CP048237.1,994569,1326
CP048237.1,994591,233
CP048237.1,994757,1437
CP048237.1,994889,822
CP048237.1,994921,1029
CP048237.1,995020,30
CP048237.1,995103,214
CP048237.1,995150,164
CP048237.1,995161,740
CP048237.1,995170,297
CP048237.1,995174,86
CP048237.1,995177,334
CP048237.1,995201,557
CP048237.1,995203,491
CP048237.1,995207,1762
CP048237.1,995208,728
CP048237.1,995210,315
CP048237.1,995214,112
CP048237.1,995225,77
CP048237.1,995233,5
CP048237.1,995234,11
CP048237.1,995241,279
CP048237.1,995242,1309
CP048237.1,995248,1
CP048237.1,995249,258
CP048237.1,995255,99
CP048237.1,995261,444
CP048237.1,995263,40
CP048237.1,995290,290
CP048237.1,995423,1
CP048237.1,995432,247
CP048237.1,995619,1007
CP048237.1,995632,1531
CP048237.1,995737,2944
CP048237.1,995742,113
CP048237.1,995744,8
CP048237.1,995746,1808
CP048237.1,995961,1
CP048237.1,996018,1042
CP048237.1,996134,838
CP048237.1,996172,1
CP048237.1,996304,1
CP048237.1,996426,1006
CP048237.1,996461,442
CP048237.1,996468,3181
CP048237.1,996655,7800
CP048237.1,996656,580
CP048237.1,996662,1452
CP048237.1,996676,1
CP048237.1,996683,1446
CP048237.1,996714,1
CP048237.1,996716,532
CP048237.1,996733,1
CP048237.1,996752,2
CP048237.1,996764,475
CP048237.1,996771,829
CP048237.1,996808,621
CP048237.1,996811,450
CP048237.1,996814,821
CP048237.1,996815,419
CP048237.1,996833,7402
CP048237.1,996837,27
CP048237.1,996838,2343
CP048237.1,996840,6610
CP048237.1,996842,540
CP048237.1,996844,24
CP048237.1,996847,998
CP048237.1,996860,326
CP048237.1,996887,2090
CP048237.1,996894,281
CP048237.1,996907,232
CP048237.1,996914,141
CP048237.1,996963,27
CP048237.1,996970,1296
CP048237.1,997045,4761
CP048237.1,997052,7408
CP048237.1,997058,1
CP048237.1,997064,73
CP048237.1,997071,9
CP048237.1,997091,1
CP048237.1,997092,13
CP048237.1,997099,14
CP048237.1,997104,52
CP048237.1,997112,380
CP048237.1,997119,2864
CP048237.1,997146,1
CP048237.1,997153,1385
CP048237.1,997166,262
CP048237.1,997203,3835
CP048237.1,997210,675
CP048237.1,997212,12
CP048237.1,997241,181
CP048237.1,997242,40
CP048237.1,997257,74
CP048237.1,997270,1216
CP048237.1,997271,672
CP048237.1,997278,434
CP048237.1,997280,3
CP048237.1,997288,929
CP048237.1,997297,1448
CP048237.1,997299,2
CP048237.1,997306,350
CP048237.1,997307,5
CP048237.1,997309,511
CP048237.1,997315,1396
CP048237.1,997374,343
CP048237.1,997381,1206
CP048237.1,997579,1
CP048237.1,997631,1000
CP048237.1,997633,4
CP048237.1,997665,12
CP048237.1,997708,2
CP048237.1,997769,265
CP048237.1,997847,384
CP048237.1,997854,2109
CP048237.1,997856,317
CP048237.1,997858,701
CP048237.1,997863,1171
CP048237.1,997865,1
CP048237.1,997932,185
CP048237.1,997974,852
CP048237.1,997982,527
CP048237.1,997989,173
CP048237.1,998080,26
CP048237.1,998083,67
CP048237.1,998089,585
CP048237.1,998119,63
CP048237.1,998126,19
CP048237.1,998132,328
CP048237.1,998151,299
CP048237.1,998218,928
CP048237.1,998260,590
CP048237.1,998299,415
CP048237.1,998306,473
CP048237.1,998365,61
CP048237.1,998372,379
CP048237.1,998391,93
CP048237.1,998401,880
CP048237.1,998415,346
CP048237.1,998655,1
CP048237.1,998656,1004
CP048237.1,998661,22
CP048237.1,998663,187
CP048237.1,999188,1549
CP048237.1,999655,296
CP048237.1,1000242,77
CP048237.1,1003005,534
CP048237.1,1003131,18
CP048237.1,1003315,912
CP048237.1,1003681,570
CP048237.1,1004912,29
CP048237.1,1004927,846
CP048237.1,1004934,2
CP048237.1,1004936,439
CP048237.1,1004943,385
CP048237.1,1004979,35
CP048237.1,1004990,39
CP048237.1,1004991,997
CP048237.1,1004992,1084
CP048237.1,1005011,8
CP048237.1,1005016,520
CP048237.1,1005034,38
CP048237.1,1005041,1754
CP048237.1,1005083,65
CP048237.1,1005112,57
CP048237.1,1005115,44
CP048237.1,1005119,20
CP048237.1,1005144,430
CP048237.1,1005158,266
CP048237.1,1005163,518
CP048237.1,1005218,1
CP048237.1,1005293,10
CP048237.1,1005331,312
CP048237.1,1005335,2
CP048237.1,1005338,108
CP048237.1,1005374,305
CP048237.1,1005517,959
CP048237.1,1005547,275
CP048237.1,1005667,225
CP048237.1,1005676,51
CP048237.1,1005766,562
CP048237.1,1005812,22
CP048237.1,1006316,385
CP048237.1,1006318,3
CP048237.1,1006580,896
CP048237.1,1007845,19
CP048237.1,1007935,440
CP048237.1,1007942,26
CP048237.1,1007973,395
CP048237.1,1008448,10
CP048237.1,1009104,3
CP048237.1,1010544,599
CP048237.1,1011005,2681
CP048237.1,1011313,5
CP048237.1,1011391,207
CP048237.1,1012417,282
CP048237.1,1012630,1
CP048237.1,1012705,7
CP048237.1,1012706,1524
CP048237.1,1012713,473
CP048237.1,1012754,652
CP048237.1,1012901,259
CP048237.1,1012908,150
CP048237.1,1012958,7
CP048237.1,1014530,409
CP048237.1,1015739,463
CP048237.1,1016205,50
CP048237.1,1016212,10
CP048237.1,1016218,402
CP048237.1,1016225,299
CP048237.1,1016480,10
CP048237.1,1016483,45
CP048237.1,1016489,1012
CP048237.1,1018136,23
CP048237.1,1018379,385
CP048237.1,1018568,264
CP048237.1,1018703,160
CP048237.1,1018759,1
CP048237.1,1019574,83
CP048237.1,1019587,4
CP048237.1,1019645,169
CP048237.1,1019672,29
CP048237.1,1019674,2075
CP048237.1,1019679,49
CP048237.1,1019681,140
CP048237.1,1019706,3
CP048237.1,1019817,181
CP048237.1,1020182,191
CP048237.1,1020198,1630
CP048237.1,1020524,478
CP048237.1,1020531,133
CP048237.1,1020552,46
CP048237.1,1020557,943
CP048237.1,1020590,518
CP048237.1,1021354,10
CP048237.1,1023251,238
CP048237.1,1024273,247
CP048237.1,1024951,530
CP048237.1,1025346,66
CP048237.1,1025353,917
CP048237.1,1025373,501
CP048237.1,1025395,2296
CP048237.1,1025402,100
CP048237.1,1025412,1348
CP048237.1,1025421,229
CP048237.1,1025428,214
CP048237.1,1025438,83
CP048237.1,1025443,1215
CP048237.1,1025445,1568
CP048237.1,1025450,1975
CP048237.1,1025459,1673
CP048237.1,1025463,688
CP048237.1,1025499,751
CP048237.1,1025506,1844
CP048237.1,1025520,4
CP048237.1,1025546,711
CP048237.1,1025553,9
CP048237.1,1025643,44
CP048237.1,1025659,164
CP048237.1,1026210,291
CP048237.1,1026433,699
CP048237.1,1027502,284
CP048237.1,1027633,15
CP048237.1,1028125,746
CP048237.1,1028269,122
CP048237.1,1030000,1
CP048237.1,1030550,73
CP048237.1,1031036,563
CP048237.1,1031688,2
CP048237.1,1031784,157
CP048237.1,1031834,502
CP048237.1,1031841,2
CP048237.1,1031847,122
CP048237.1,1031854,92
CP048237.1,1031879,140
CP048237.1,1031886,692
CP048237.1,1031891,1
CP048237.1,1031948,1
CP048237.1,1031953,6
CP048237.1,1031984,991
CP048237.1,1031991,326
CP048237.1,1032006,4
CP048237.1,1032140,171
CP048237.1,1032299,1
CP048237.1,1033535,1
CP048237.1,1033771,201
CP048237.1,1034944,173
CP048237.1,1035018,154
CP048237.1,1035779,5
CP048237.1,1035961,120
CP048237.1,1036011,552
CP048237.1,1036054,1628
CP048237.1,1036062,764
CP048237.1,1036088,659
CP048237.1,1036095,78
CP048237.1,1036945,500
CP048237.1,1037099,2
CP048237.1,1037210,126
CP048237.1,1037222,281
CP048237.1,1039821,1
CP048237.1,1040353,204
CP048237.1,1040957,2
CP048237.1,1042639,1
CP048237.1,1043091,588
CP048237.1,1043156,2004
CP048237.1,1043387,578
CP048237.1,1043588,939
CP048237.1,1044475,1
CP048237.1,1044890,66
CP048237.1,1045574,402
CP048237.1,1045648,431
CP048237.1,1047194,294
CP048237.1,1048506,1
CP048237.1,1048518,537
CP048237.1,1048606,486
CP048237.1,1048620,78
CP048237.1,1048628,1
CP048237.1,1048684,56
CP048237.1,1048991,190
CP048237.1,1049843,196
CP048237.1,1050908,661
CP048237.1,1050926,4
CP048237.1,1051019,1
CP048237.1,1051028,647
CP048237.1,1051120,198
CP048237.1,1051140,206
CP048237.1,1051147,507
CP048237.1,1051443,2
CP048237.1,1051445,194
CP048237.1,1051468,764
CP048237.1,1051532,95
CP048237.1,1051598,3
CP048237.1,1051626,148
CP048237.1,1051739,1
CP048238.1,2917,16
CP048238.1,2943,1
CP048238.1,25415,1
CP048238.1,25793,233
CP048238.1,26277,723
CP048238.1,26295,831
CP048238.1,26299,353
CP048238.1,26343,3401
CP048238.1,26350,224
CP048238.1,26581,171
CP048238.1,26592,388
CP048238.1,26677,1
CP048238.1,26736,586
CP048238.1,26887,444
CP048238.1,26946,690
CP048238.1,27139,7
CP048238.1,27180,7
CP048238.1,27223,59
CP048238.1,27520,110
CP048238.1,27660,8
CP048238.1,27800,36
CP048238.1,27864,39
CP048238.1,27875,1
CP048238.1,27898,377
CP048238.1,27905,208
CP048238.1,28114,678
CP048238.1,28215,20
CP048238.1,28220,34
CP048238.1,28222,1
CP048238.1,29005,218
CP048238.1,30216,376
CP048238.1,30407,2
CP048238.1,31246,76
CP048238.1,32296,295
CP048238.1,32426,342
CP048238.1,32501,84
CP048238.1,32702,1128
CP048238.1,32781,923
CP048238.1,33290,23
CP048238.1,34134,1
CP048238.1,34660,1247
CP048238.1,36062,402
CP048238.1,36064,15
CP048238.1,36071,434
CP048238.1,37002,66
CP048238.1,40760,668
CP048238.1,40772,88
CP048238.1,40781,12
CP048238.1,40814,749
CP048238.1,40877,23
CP048238.1,41008,70
CP048238.1,41046,344
CP048238.1,41070,207
CP048238.1,41098,202
CP048238.1,41105,1
CP048238.1,41116,453
CP048238.1,41131,3
CP048238.1,41188,107
CP048238.1,41229,64
CP048238.1,41244,534
CP048238.1,41253,1229
CP048238.1,41260,706
CP048238.1,41261,1
CP048238.1,41268,54
CP048238.1,41298,1368
CP048238.1,41307,1
CP048238.1,41319,189
CP048238.1,41359,25
CP048238.1,41390,352
CP048238.1,41414,7
CP048238.1,41421,611
CP048238.1,41432,436
CP048238.1,41439,80
CP048238.1,41575,26
CP048238.1,41680,290
CP048238.1,41682,465
CP048238.1,41792,460
CP048238.1,42789,467
CP048238.1,42864,573
CP048238.1,42877,8
CP048238.1,42904,418
CP048238.1,42907,5
CP048238.1,42978,234
CP048238.1,42985,749
CP048238.1,42990,9
CP048238.1,43016,35
CP048238.1,43034,12
CP048238.1,43041,55
CP048238.1,43111,273
CP048238.1,43118,27
CP048238.1,43234,929
CP048238.1,43342,1
CP048238.1,43363,1
CP048238.1,43441,662
CP048238.1,43456,206
CP048238.1,43482,357
CP048238.1,43513,65
CP048238.1,43516,78
CP048238.1,43626,1355
CP048238.1,44091,31
CP048238.1,44098,1
CP048238.1,44315,117
CP048238.1,44322,1
CP048238.1,44654,172
CP048238.1,45076,808
CP048238.1,45132,1
CP048238.1,45135,505
CP048238.1,46064,260
CP048238.1,47415,1
CP048238.1,47915,14
CP048238.1,49491,485
CP048238.1,49688,752
CP048238.1,49898,169
CP048238.1,49926,2736
CP048238.1,50048,1689
CP048238.1,50124,996
CP048238.1,50177,674
CP048238.1,50322,704
CP048238.1,50625,551
CP048238.1,50779,1224
CP048238.1,50848,1551
CP048238.1,50865,537
CP048238.1,50988,6
CP048238.1,50997,748
CP048238.1,51217,31
CP048238.1,51227,734
CP048238.1,51234,1
CP048238.1,51265,285
CP048238.1,51340,18
CP048238.1,51353,39
CP048238.1,51600,390
CP048238.1,51621,939
CP048238.1,51693,2
CP048238.1,52219,1
CP048238.1,52818,244
CP048238.1,52976,670
CP048238.1,55019,391
CP048238.1,59743,11
CP048238.1,60993,1
CP048238.1,61810,111
CP048238.1,61847,1
CP048238.1,61860,53
CP048238.1,61920,1
CP048238.1,61927,2
CP048238.1,62005,1648
CP048238.1,62023,329
CP048238.1,62065,1795
CP048238.1,62072,296
CP048238.1,62074,1116
CP048238.1,62129,626
CP048238.1,62194,892
CP048238.1,62378,399
CP048238.1,62539,3
CP048238.1,62545,2559
CP048238.1,63014,78
CP048238.1,63027,159
CP048238.1,63200,321
CP048238.1,63261,800
CP048238.1,63329,167
CP048238.1,63482,66
CP048238.1,63503,58
CP048238.1,63505,107
CP048238.1,63523,66
CP048238.1,63525,16
CP048238.1,63537,27
CP048238.1,63550,474
CP048238.1,63561,184
CP048238.1,63590,219
CP048238.1,63694,590
CP048238.1,63805,763
CP048238.1,66221,3
CP048238.1,66318,790
CP048238.1,66337,763
CP048238.1,66379,1
CP048238.1,66624,1
CP048238.1,66642,20
CP048238.1,66823,391
CP048238.1,66840,1070
CP048238.1,66849,4
CP048238.1,67759,19
CP048238.1,67762,19
CP048238.1,68734,507
CP048238.1,68778,694
CP048238.1,69088,1
CP048238.1,69227,1768
CP048238.1,69229,205
CP048238.1,69351,749
CP048238.1,69363,2691
CP048238.1,69366,535
CP048238.1,69378,159
CP048238.1,69404,826
CP048238.1,69535,1
CP048238.1,69541,1
CP048238.1,69549,991
CP048238.1,69759,736
CP048238.1,69766,488
CP048238.1,70321,39
CP048238.1,70423,294
CP048238.1,70454,283
CP048238.1,70506,1
CP048238.1,70649,260
CP048238.1,71185,3
CP048238.1,71809,9
CP048238.1,72195,7
CP048238.1,72276,797
CP048238.1,72401,695
CP048238.1,72517,546
CP048238.1,72997,26
CP048238.1,73076,344
CP048238.1,73196,656
CP048238.1,73352,1
CP048238.1,73557,720
CP048238.1,73564,107
CP048238.1,73825,101
CP048238.1,73840,1
CP048238.1,74152,415
CP048238.1,75040,49
CP048238.1,75071,28
CP048238.1,75094,34
CP048238.1,75095,1255
CP048238.1,75166,6
CP048238.1,75374,1181
CP048238.1,75479,1
CP048238.1,76629,19
CP048238.1,76866,2
CP048238.1,78496,756
CP048238.1,78609,1039
CP048238.1,78640,691
CP048238.1,78667,361
CP048238.1,78688,696
CP048238.1,78715,1050
CP048238.1,78732,301
CP048238.1,78780,524
CP048238.1,79115,1
CP048238.1,79193,439
CP048238.1,81289,8
CP048238.1,82923,498
CP048238.1,85352,6
CP048238.1,85361,69
CP048238.1,85372,357
CP048238.1,85394,11
CP048238.1,85413,648
CP048238.1,85420,2
CP048238.1,85428,12
CP048238.1,85437,1
CP048238.1,85444,428
CP048238.1,86292,104
CP048238.1,87429,9
CP048238.1,87641,126
CP048238.1,87694,183
CP048238.1,87835,1060
CP048238.1,87949,1335
CP048238.1,87970,702
CP048238.1,87977,131
CP048238.1,88085,810
CP048238.1,88092,8
CP048238.1,88125,345
CP048238.1,88155,7
CP048238.1,88215,472
CP048238.1,88222,1
CP048238.1,88368,715
CP048238.1,88467,1
CP048238.1,88544,620
CP048238.1,88969,142
CP048238.1,89221,4
CP048238.1,89403,390
CP048238.1,89585,71
CP048238.1,94225,202
CP048238.1,99267,145
CP048238.1,99429,11
CP048238.1,99452,2
CP048238.1,99520,177
CP048238.1,99663,545
CP048238.1,99749,130
CP048238.1,99750,177
CP048238.1,100666,1
CP048238.1,100668,1
CP048238.1,100673,614
CP048238.1,104791,553
CP048238.1,104843,7
CP048238.1,104902,503
CP048238.1,105113,32
CP048238.1,105118,23
CP048238.1,105121,3
CP048238.1,105203,87
CP048238.1,105688,249
CP048238.1,105795,23
CP048238.1,105799,132
CP048238.1,105934,368
CP048238.1,105990,3
CP048238.1,106057,399
CP048238.1,106059,1
CP048238.1,106068,314
CP048238.1,106149,45
CP048238.1,106289,54
CP048238.1,107149,13
CP048238.1,107452,206
CP048238.1,108148,70
CP048238.1,109183,322
CP048238.1,109190,153
CP048238.1,109229,451
CP048238.1,109356,169
CP048238.1,109359,26
CP048238.1,109602,179
CP048238.1,109834,926
CP048238.1,110079,667
CP048238.1,110526,352
CP048238.1,110538,142
CP048238.1,110589,807
CP048238.1,110620,63
CP048238.1,110682,1
CP048238.1,110765,1
CP048238.1,110772,75
CP048238.1,110857,25
CP048238.1,110882,349
CP048238.1,110889,150
CP048238.1,110899,454
CP048238.1,110906,382
CP048238.1,110926,2
CP048238.1,111147,52
CP048238.1,111246,44
CP048238.1,111273,25
CP048238.1,111370,529
CP048238.1,111401,5
CP048238.1,117714,2
CP048238.1,118408,795
CP048238.1,118436,1114
CP048238.1,118779,584
CP048238.1,118789,395
CP048238.1,118813,337
CP048238.1,118820,19
CP048238.1,118831,37
CP048238.1,118865,31
CP048238.1,118867,383
CP048238.1,118875,3
CP048238.1,118891,553
CP048238.1,118898,447
CP048238.1,119123,1
CP048238.1,119130,358
CP048238.1,119176,65
CP048238.1,119312,90
CP048238.1,119470,491
CP048238.1,119479,1129
CP048238.1,119683,245
CP048238.1,121070,437
CP048238.1,122512,1
CP048238.1,123016,595
CP048238.1,123103,925
CP048238.1,123110,580
CP048238.1,123139,1075
CP048238.1,123160,4
CP048238.1,123211,99
CP048238.1,123214,760
CP048238.1,123450,1008
CP048238.1,123525,379
CP048238.1,123533,145
CP048238.1,123590,340
CP048238.1,123701,103
CP048238.1,123871,76
CP048238.1,126917,27
CP048238.1,126929,242
CP048238.1,126973,213
CP048238.1,126996,483
CP048238.1,128492,1
CP048238.1,128769,81
CP048238.1,128771,503
CP048238.1,128778,184
CP048238.1,129197,59
CP048238.1,129236,83
CP048238.1,129309,487
CP048238.1,129404,325
CP048238.1,129551,1
CP048238.1,129620,1
CP048238.1,129650,17
CP048238.1,129660,101
CP048238.1,129721,140
CP048238.1,129967,1343
CP048238.1,130488,20
CP048238.1,131386,667
CP048238.1,131894,1
CP048238.1,132230,139
CP048238.1,132646,106
CP048238.1,132653,11
CP048238.1,133028,81
CP048238.1,137281,559
CP048238.1,137326,700
CP048238.1,137338,1075
CP048238.1,137621,206
CP048238.1,137788,2241
CP048238.1,137962,67
CP048238.1,138058,22
CP048238.1,138103,1913
CP048238.1,138110,1258
CP048238.1,138111,592
CP048238.1,138132,330
CP048238.1,138136,707
CP048238.1,138348,307
CP048238.1,138355,897
CP048238.1,138414,400
CP048238.1,138505,8
CP048238.1,138541,351
CP048238.1,138601,300
CP048238.1,138966,401
CP048238.1,139126,174
CP048238.1,141054,2
CP048238.1,141498,570
CP048238.1,141648,18
CP048238.1,143660,366
CP048238.1,143677,1
CP048238.1,143691,67
CP048238.1,143792,1
CP048238.1,144271,154
CP048238.1,144413,217
CP048238.1,146238,2021
CP048238.1,146390,308
CP048238.1,146407,293
CP048238.1,146414,916
CP048238.1,146444,71
CP048238.1,146528,17
CP048238.1,146732,118
CP048238.1,146794,1
CP048238.1,146876,131
CP048238.1,147585,54
CP048238.1,149060,3
CP048238.1,149073,480
CP048238.1,149329,336
CP048238.1,150202,1
CP048238.1,150273,637
CP048238.1,151904,5
CP048238.1,152630,524
CP048238.1,155159,55
CP048238.1,155196,1
CP048238.1,155312,1
CP048238.1,155720,1117
CP048238.1,155727,2852
CP048238.1,155807,7
CP048238.1,155864,4
CP048238.1,156089,743
CP048238.1,156096,15
CP048238.1,156178,658
CP048238.1,156180,1
CP048238.1,156321,290
CP048238.1,156330,1
CP048238.1,156588,309
CP048238.1,157018,31
CP048238.1,157079,140
CP048238.1,157086,39
CP048238.1,157094,29
CP048238.1,157097,192
CP048238.1,157124,1
CP048238.1,157133,28
CP048238.1,157211,2878
CP048238.1,157285,752
CP048238.1,157292,407
CP048238.1,157314,2977
CP048238.1,157424,509
CP048238.1,158141,3
CP048238.1,158153,663
CP048238.1,158170,80
CP048238.1,158310,1
CP048238.1,158346,1
CP048238.1,158491,62
CP048238.1,158555,1
CP048238.1,158587,418
CP048238.1,158922,3009
CP048238.1,158929,2602
CP048238.1,158949,1243
CP048238.1,158956,377
CP048238.1,158957,2344
CP048238.1,158958,1
CP048238.1,158996,767
CP048238.1,159001,186
CP048238.1,159008,23
CP048238.1,159051,1164
CP048238.1,159060,1
CP048238.1,159096,1006
CP048238.1,159681,223
CP048238.1,163150,303
CP048238.1,163174,465
CP048238.1,163223,204
CP048238.1,163225,465
CP048238.1,163247,120
CP048238.1,163258,237
CP048238.1,163674,144
CP048238.1,163681,816
CP048238.1,164096,757
CP048238.1,164106,266
CP048238.1,164432,2026
CP048238.1,164461,953
CP048238.1,164538,602
CP048238.1,164736,1885
CP048238.1,164918,167
CP048238.1,164957,518
CP048238.1,164977,195
CP048238.1,165586,7
CP048238.1,165813,131
CP048238.1,165825,161
CP048238.1,165855,35
CP048238.1,166213,429
CP048238.1,166220,1046
CP048238.1,166298,373
CP048238.1,166874,678
CP048238.1,167355,708
CP048238.1,167906,2978
CP048238.1,167913,225
CP048238.1,167921,91
CP048238.1,167989,475
CP048238.1,167996,60
CP048238.1,168015,55
CP048238.1,168115,463
CP048238.1,168356,307
CP048238.1,168532,37
CP048238.1,168539,1054
CP048238.1,168564,5137
CP048238.1,168571,1872
CP048238.1,169565,172
CP048238.1,169580,261
CP048238.1,169807,363
CP048238.1,171051,394
CP048238.1,171060,95
CP048238.1,171067,482
CP048238.1,171084,306
CP048238.1,171600,194
CP048238.1,171788,493
CP048238.1,172098,74
CP048238.1,172707,50
CP048238.1,172786,770
CP048238.1,172809,3553
CP048238.1,172835,567
CP048238.1,172840,355
CP048238.1,172841,2
CP048238.1,172851,932
CP048238.1,172895,1110
CP048238.1,172902,4388
CP048238.1,172971,151
CP048238.1,172972,32
CP048238.1,172978,1
CP048238.1,173047,1
CP048238.1,173123,858
CP048238.1,173200,1715
CP048238.1,173209,209
CP048238.1,173251,1
CP048238.1,173253,7
CP048238.1,173255,79
CP048238.1,173296,1458
CP048238.1,173303,124
CP048238.1,173305,1143
CP048238.1,173313,860
CP048238.1,173319,310
CP048238.1,173320,572
CP048238.1,173322,1488
CP048238.1,173328,19
CP048238.1,173329,577
CP048238.1,173330,1396
CP048238.1,173335,77
CP048238.1,173337,989
CP048238.1,173339,1785
CP048238.1,173343,498
CP048238.1,173347,594
CP048238.1,173354,310
CP048238.1,173358,1
CP048238.1,173365,11
CP048238.1,173367,866
CP048238.1,173396,929
CP048238.1,173403,1160
CP048238.1,173518,1055
CP048238.1,173551,318
CP048238.1,173666,313
CP048238.1,173934,1344
CP048238.1,174091,1
CP048238.1,175206,26
CP048238.1,175284,8
CP048238.1,175396,873
CP048238.1,175402,6
CP048238.1,175554,81
CP048238.1,175561,689
CP048238.1,175607,503
CP048238.1,175666,63
CP048238.1,175757,1
CP048238.1,175764,4742
CP048238.1,175835,166
CP048238.1,175854,714
CP048238.1,175938,24
CP048238.1,175976,357
CP048238.1,176039,86
CP048238.1,176127,69
CP048238.1,178262,496
CP048238.1,178935,751
CP048238.1,179223,71
CP048238.1,179289,8
CP048238.1,179322,1661
CP048238.1,179329,377
CP048238.1,179336,446
CP048238.1,179732,133
CP048238.1,180027,1476
CP048238.1,180307,1
CP048238.1,180341,621
CP048238.1,180370,157
CP048238.1,180581,490
CP048238.1,180589,1
CP048238.1,180750,214
CP048238.1,180933,47
CP048238.1,183307,83
CP048238.1,183425,48
CP048238.1,183457,93
CP048238.1,183465,49
CP048238.1,183656,107
CP048238.1,183742,979
CP048238.1,183774,43
CP048238.1,183792,600
CP048238.1,183832,536
CP048238.1,183834,45
CP048238.1,183838,1
CP048238.1,183839,1370
CP048238.1,183841,1
CP048238.1,183843,482
CP048238.1,183845,406
CP048238.1,183850,2518
CP048238.1,183902,240
CP048238.1,183925,291
CP048238.1,183980,567
CP048238.1,185526,90
CP048238.1,185527,1
CP048238.1,185979,85
CP048238.1,187156,75
CP048238.1,187229,228
CP048238.1,187548,139
CP048238.1,187565,1151
CP048238.1,187717,172
CP048238.1,187845,3
CP048238.1,187854,808
CP048238.1,187876,837
CP048238.1,188102,419
CP048238.1,188247,925
CP048238.1,188376,1931
CP048238.1,188503,2029
CP048238.1,188510,3762
CP048238.1,188559,629
CP048238.1,188612,622
CP048238.1,188617,15
CP048238.1,188758,38
CP048238.1,189089,1605
CP048238.1,189109,72
CP048238.1,189121,1067
CP048238.1,189194,462
CP048238.1,189201,145
CP048238.1,189238,186
CP048238.1,189322,1178
CP048238.1,190746,244
CP048238.1,191931,1745
CP048238.1,192242,1069
CP048238.1,192631,106
CP048238.1,192653,325
CP048238.1,192674,4
CP048238.1,192681,158
CP048238.1,192788,34
CP048238.1,192790,166
CP048238.1,193026,33
CP048238.1,193283,719
CP048238.1,193430,55
CP048238.1,193547,68
CP048238.1,193615,1
CP048238.1,193655,956
CP048238.1,193682,180
CP048238.1,193689,1
CP048238.1,193740,1186
CP048238.1,193749,1
CP048238.1,193756,496
CP048238.1,193765,571
CP048238.1,193767,1049
CP048238.1,193851,1
CP048238.1,193863,954
CP048238.1,193881,772
CP048238.1,193888,204
CP048238.1,193915,116
CP048238.1,193922,187
CP048238.1,193947,359
CP048238.1,193976,394
CP048238.1,194074,5
CP048238.1,194081,741
CP048238.1,194089,609
CP048238.1,194310,21
CP048238.1,194534,1
CP048238.1,194819,9
CP048238.1,194878,944
CP048238.1,194958,1
CP048238.1,195100,1696
CP048238.1,196010,4
CP048238.1,196452,270
CP048238.1,197761,58
CP048238.1,197805,678
CP048238.1,198086,2
CP048238.1,198130,58
CP048238.1,198190,364
CP048238.1,198198,192
CP048238.1,198325,117
CP048238.1,198568,298
CP048238.1,198761,176
CP048238.1,198765,44
CP048238.1,198840,281
CP048238.1,199213,675
CP048238.1,199658,60
CP048238.1,199894,9
CP048238.1,200798,157
CP048238.1,201794,661
CP048238.1,202648,1164
CP048238.1,202676,254
CP048238.1,202679,534
CP048238.1,202686,5
CP048238.1,202718,356
CP048238.1,202725,762
CP048238.1,202732,134
CP048238.1,202763,619
CP048238.1,202769,1
CP048238.1,202786,103
CP048238.1,202793,238
CP048238.1,202806,882
CP048238.1,202813,373
CP048238.1,202833,180
CP048238.1,202841,260
CP048238.1,202857,330
CP048238.1,202887,150
CP048238.1,203054,28
CP048238.1,203161,434
CP048238.1,204242,457
CP048238.1,204249,404
CP048238.1,204256,1133
CP048238.1,204263,29
CP048238.1,205411,37
CP048238.1,206493,18
CP048238.1,206961,319
CP048238.1,207469,386
CP048238.1,207496,1
CP048238.1,207651,161
CP048238.1,207764,7
CP048238.1,207771,96
CP048238.1,209400,63
CP048238.1,212356,649
CP048238.1,214069,50
CP048238.1,214075,1
CP048238.1,214127,3
CP048238.1,217874,976
CP048238.1,218585,2741
CP048238.1,218817,433
CP048238.1,218821,568
CP048238.1,218832,106
CP048238.1,220588,382
CP048238.1,220658,192
CP048238.1,220665,85
CP048238.1,220669,303
CP048238.1,221438,318
CP048238.1,221445,299
CP048238.1,221464,368
CP048238.1,221465,551
CP048238.1,221471,105
CP048238.1,221472,8
CP048238.1,221916,31
CP048238.1,223077,41
CP048238.1,223848,826
CP048238.1,226301,253
CP048238.1,226503,53
CP048238.1,226505,7
CP048238.1,226508,1801
CP048238.1,226510,1
CP048238.1,226512,6
CP048238.1,233327,8
CP048238.1,234387,1342
CP048238.1,234545,180
CP048238.1,236003,427
CP048238.1,236077,597
CP048238.1,236078,30
CP048238.1,237398,1
CP048238.1,237567,1633
CP048238.1,237573,267
CP048238.1,237718,31
CP048238.1,237720,587
CP048238.1,237748,4
CP048238.1,240444,1
CP048238.1,240606,128
CP048238.1,240623,99
CP048238.1,240647,76
CP048238.1,240701,953
CP048238.1,240708,32
CP048238.1,240883,893
CP048238.1,242923,3
CP048238.1,244566,7
CP048238.1,244977,736
CP048238.1,245266,1
CP048238.1,245396,266
CP048238.1,245401,316
CP048238.1,250910,318
CP048238.1,251032,14
CP048238.1,251039,457
CP048238.1,251046,35
CP048238.1,251053,2
CP048238.1,251060,488
CP048238.1,251083,115
CP048238.1,251090,820
CP048238.1,251092,1338
CP048238.1,251242,75
CP048238.1,251389,193
CP048238.1,251502,1
CP048238.1,251556,137
CP048238.1,251589,1
CP048238.1,251596,168
CP048238.1,251598,6
CP048238.1,251653,438
CP048238.1,251695,193
CP048238.1,251702,161
CP048238.1,251737,4
CP048238.1,251742,1546
CP048238.1,251746,12
CP048238.1,251843,734
CP048238.1,251847,150
CP048238.1,252009,156
CP048238.1,252030,487
CP048238.1,252038,8
CP048238.1,252052,124
CP048238.1,252225,190
CP048238.1,252249,625
CP048238.1,253810,11
CP048238.1,254142,66
CP048238.1,254147,81
CP048238.1,256254,312
CP048238.1,257135,146
CP048238.1,259794,57
CP048238.1,259861,203
CP048238.1,259895,557
CP048238.1,259902,1428
CP048238.1,259916,509
CP048238.1,260787,6
CP048238.1,261413,267
CP048238.1,261953,14
CP048238.1,263112,260
CP048238.1,263151,20
CP048238.1,264277,472
CP048238.1,265491,142
CP048238.1,265915,2
CP048238.1,266291,1
CP048238.1,266433,1984
CP048238.1,266440,646
CP048238.1,266523,66
CP048238.1,266575,451
CP048238.1,266656,7
CP048238.1,266669,749
CP048238.1,266707,48
CP048238.1,268459,361
CP048238.1,269382,42
CP048238.1,269772,1
CP048238.1,269810,58
CP048238.1,269813,334
CP048238.1,269825,18
CP048238.1,269838,271
CP048238.1,269845,757
CP048238.1,269869,268
CP048238.1,270046,30
CP048238.1,270099,279
CP048238.1,270284,8
CP048238.1,270428,127
CP048238.1,270507,114
CP048238.1,270657,2
CP048238.1,270951,1126
CP048238.1,270977,923
CP048238.1,271026,199
CP048238.1,271679,13
CP048238.1,271712,8
CP048238.1,271728,1212
CP048238.1,272574,28
CP048238.1,274338,450
CP048238.1,274345,386
CP048238.1,275793,406
CP048238.1,276168,633
CP048238.1,276340,13
CP048238.1,276354,1389
CP048238.1,276365,580
CP048238.1,276424,3
CP048238.1,276512,82
CP048238.1,276519,569
CP048238.1,276644,128
CP048238.1,276686,18
CP048238.1,276711,41
CP048238.1,276860,502
CP048238.1,276862,969
CP048238.1,276878,900
CP048238.1,276885,1
CP048238.1,276904,322
CP048238.1,276921,955
CP048238.1,276995,331
CP048238.1,276997,5
CP048238.1,277015,695
CP048238.1,277082,1115
CP048238.1,277171,260
CP048238.1,277348,217
CP048238.1,277354,263
CP048238.1,277361,4
CP048238.1,277392,58
CP048238.1,277424,696
CP048238.1,277452,452
CP048238.1,277705,1
CP048238.1,278240,422
CP048238.1,278431,1
CP048238.1,278477,26
CP048238.1,278484,1
CP048238.1,278510,42
CP048238.1,278570,1533
CP048238.1,278667,31
CP048238.1,278684,2
CP048238.1,278761,145
CP048238.1,278831,880
CP048238.1,278910,28
CP048238.1,279167,34
CP048238.1,279486,395
CP048238.1,279854,13
CP048238.1,279951,680
CP048238.1,280117,171
CP048238.1,280210,1527
CP048238.1,282529,498
CP048238.1,282562,2
CP048238.1,282621,66
CP048238.1,282755,1
CP048238.1,284523,660
CP048238.1,284569,132
CP048238.1,284625,1553
CP048238.1,284691,64
CP048238.1,284698,4213
CP048238.1,284709,389
CP048238.1,284716,967
CP048238.1,285153,195
CP048238.1,285238,13
CP048238.1,285253,6
CP048238.1,285260,388
CP048238.1,285365,179
CP048238.1,285403,26
CP048238.1,285414,1
CP048238.1,285421,490
CP048238.1,285642,36
CP048238.1,285666,966
CP048238.1,285772,306
CP048238.1,285800,1
CP048238.1,285811,136
CP048238.1,285819,201
CP048238.1,285888,884
CP048238.1,288038,473
CP048238.1,288172,215
CP048238.1,288369,1
CP048238.1,291557,2
CP048238.1,291905,436
CP048238.1,291934,49
CP048238.1,292025,819
CP048238.1,292182,534
CP048238.1,292404,234
CP048238.1,292416,31
CP048238.1,292700,410
CP048238.1,292704,494
CP048238.1,292707,346
CP048238.1,292790,39
CP048238.1,292797,147
CP048238.1,292818,7
CP048238.1,292835,512
CP048238.1,292888,130
CP048238.1,292996,197
CP048238.1,292998,440
CP048238.1,293133,4
CP048238.1,293134,435
CP048238.1,293141,60
CP048238.1,293182,472
CP048238.1,293196,990
CP048238.1,293253,724
CP048238.1,293343,316
CP048238.1,293494,1093
CP048238.1,293637,36
CP048238.1,293847,1001
CP048238.1,294861,76
CP048238.1,295490,21
CP048238.1,295990,14
CP048238.1,296750,238
CP048238.1,296779,180
CP048238.1,296805,855
CP048238.1,296988,130
CP048238.1,297136,11
CP048238.1,297384,2
CP048238.1,297590,1958
CP048238.1,297776,1
CP048238.1,297903,676
CP048238.1,298246,187
CP048238.1,298557,1
CP048238.1,298751,761
CP048238.1,298859,117
CP048238.1,298877,1433
CP048238.1,298909,1042
CP048238.1,299028,2340
CP048238.1,299032,206
CP048238.1,299035,401
CP048238.1,299058,1269
CP048238.1,299065,73
CP048238.1,299084,490
CP048238.1,299177,1
CP048238.1,299258,1
CP048238.1,299300,23
CP048238.1,299362,273
CP048238.1,299456,5
CP048238.1,299491,16
CP048238.1,299672,99
CP048238.1,299677,130
CP048238.1,299684,1
CP048238.1,301768,317
CP048238.1,301853,593
CP048238.1,302463,228
CP048238.1,302960,531
CP048238.1,309156,264
CP048238.1,310752,727
CP048238.1,310794,5
CP048238.1,310832,227
CP048238.1,310991,81
CP048238.1,311081,34
CP048238.1,311187,12
CP048238.1,311321,1378
CP048238.1,311328,1104
CP048238.1,311495,428
CP048238.1,311497,321
CP048238.1,311502,801
CP048238.1,311504,1323
CP048238.1,311546,839
CP048238.1,311548,1
CP048238.1,311549,128
CP048238.1,311550,392
CP048238.1,312368,1
CP048238.1,312564,37
CP048238.1,312871,395
CP048238.1,313529,1
CP048238.1,313599,37
CP048238.1,313661,90
CP048238.1,313687,443
CP048238.1,313860,2
CP048238.1,313896,1906
CP048238.1,313913,3
CP048238.1,313923,571
CP048238.1,313932,906
CP048238.1,314533,84
CP048238.1,315400,1
CP048238.1,315566,611
CP048238.1,315573,133
CP048238.1,315699,204
CP048238.1,315708,181
CP048238.1,315732,576
CP048238.1,315898,121
CP048238.1,315934,101
CP048238.1,316129,1528
CP048238.1,316243,2
CP048238.1,316467,78
CP048238.1,316483,1
CP048238.1,316610,857
CP048238.1,316882,16
CP048238.1,317086,940
CP048238.1,317334,119
CP048238.1,317376,372
CP048238.1,318566,76
CP048238.1,318680,1
CP048238.1,318845,335
CP048238.1,319284,760
CP048238.1,319317,8
CP048238.1,319526,317
CP048238.1,319544,5
CP048238.1,319551,14
CP048238.1,319613,61
CP048238.1,319622,577
CP048238.1,319629,18
CP048238.1,319636,195
CP048238.1,319652,451
CP048238.1,319673,287
CP048238.1,319717,3
CP048238.1,319788,226
CP048238.1,320492,22
CP048238.1,321487,1
CP048238.1,321929,415
CP048238.1,322008,7
CP048238.1,322010,78
CP048238.1,322088,312
CP048238.1,322182,847
CP048238.1,322183,728
CP048238.1,322190,1544
CP048238.1,322228,633
CP048238.1,322234,92
CP048238.1,322235,1676
CP048238.1,322250,2
CP048238.1,322252,90
CP048238.1,322259,19
CP048238.1,322270,523
CP048238.1,322285,3
CP048238.1,322286,1
CP048238.1,322293,1
CP048238.1,322324,994
CP048238.1,322332,521
CP048238.1,322378,743
CP048238.1,322385,453
CP048238.1,322393,1323
CP048238.1,322400,1198
CP048238.1,322554,81
CP048238.1,322703,316
CP048238.1,322710,1
CP048238.1,322716,262
CP048238.1,322816,1
CP048238.1,322882,619
CP048238.1,322896,1073
CP048238.1,322900,94
CP048238.1,322917,997
CP048238.1,322961,814
CP048238.1,322994,4642
CP048238.1,323001,290
CP048238.1,323033,868
CP048238.1,323149,616
CP048238.1,324795,7
CP048238.1,324890,30
CP048238.1,326671,569
CP048238.1,326693,3
CP048238.1,326709,4
CP048238.1,327242,47
CP048238.1,327274,667
CP048238.1,327561,314
CP048238.1,329293,1
CP048238.1,329319,192
CP048238.1,329326,11
CP048238.1,330286,191
CP048238.1,330304,18
CP048238.1,330580,1
CP048238.1,330592,30
CP048238.1,330780,237
CP048238.1,330787,9
CP048238.1,330891,507
CP048238.1,330906,659
CP048238.1,330908,437
CP048238.1,330913,208
CP048238.1,331000,6
CP048238.1,331737,398
CP048238.1,332089,17
CP048238.1,333651,494
CP048238.1,333670,267
CP048238.1,333722,435
CP048238.1,333733,438
CP048238.1,333769,216
CP048238.1,333973,16
CP048238.1,334063,186
CP048238.1,334070,563
CP048238.1,334206,306
CP048238.1,336402,508
CP048238.1,337231,1
CP048238.1,337291,28
CP048238.1,338332,191
CP048238.1,338403,1
CP048238.1,339618,2
CP048238.1,339623,5663
CP048238.1,339625,1261
CP048238.1,339628,361
CP048238.1,339642,629
CP048238.1,339644,548
CP048238.1,339649,662
CP048238.1,339653,365
CP048238.1,339658,1173
CP048238.1,339660,547
CP048238.1,339681,2953
CP048238.1,339874,83
CP048238.1,339897,10
CP048238.1,339917,125
CP048238.1,339924,97
CP048238.1,339953,265
CP048238.1,339960,1569
CP048238.1,339962,12
CP048238.1,339975,276
CP048238.1,339977,15
CP048238.1,339981,24
CP048238.1,340008,123
CP048238.1,340160,296
CP048238.1,340261,1067
CP048238.1,340296,6
CP048238.1,340896,472
CP048238.1,340931,1
CP048238.1,341059,269
CP048238.1,341180,233
CP048238.1,341298,342
CP048238.1,341650,8
CP048238.1,341730,282
CP048238.1,342942,259
CP048238.1,342958,86
CP048238.1,343290,218
CP048238.1,343564,1
CP048238.1,343623,29
CP048238.1,343630,261
CP048238.1,343688,1620
CP048238.1,343695,336
CP048238.1,343730,1270
CP048238.1,343737,777
CP048238.1,344584,699
CP048238.1,345092,282
CP048238.1,345798,62
CP048238.1,346662,348
CP048238.1,346743,112
CP048238.1,346862,417
CP048238.1,346869,1077
CP048238.1,347019,74
CP048238.1,350258,236
CP048238.1,350400,1488
CP048238.1,350404,1382
CP048238.1,350414,82
CP048238.1,350441,2
CP048238.1,350449,137
CP048238.1,350484,917
CP048238.1,350485,122
CP048238.1,350490,896
CP048238.1,350491,1314
CP048238.1,350513,207
CP048238.1,350526,6525
CP048238.1,350533,5589
CP048238.1,350542,27
CP048238.1,350561,2
CP048238.1,350567,467
CP048238.1,350574,588
CP048238.1,350884,1
CP048238.1,350920,122
CP048238.1,351245,385
CP048238.1,351367,419
CP048238.1,351388,8
CP048238.1,351432,670
CP048238.1,352812,11
CP048238.1,352825,160
CP048238.1,353756,201
CP048238.1,356232,1
CP048238.1,356664,277
CP048238.1,356682,266
CP048238.1,356704,698
CP048238.1,356730,31
CP048238.1,356737,1
CP048238.1,356836,2778
CP048238.1,356843,1
CP048238.1,356893,2192
CP048238.1,356918,1861
CP048238.1,356973,1281
CP048238.1,356976,5
CP048238.1,356983,1632
CP048238.1,357058,485
CP048238.1,357065,18131
CP048238.1,357121,20
CP048238.1,357127,546
CP048238.1,357128,1065
CP048238.1,357134,4899
CP048238.1,357136,1910
CP048238.1,357221,44
CP048238.1,357416,267
CP048238.1,357504,157
CP048238.1,359130,1028
CP048238.1,359214,1
CP048238.1,359270,49
CP048238.1,359274,3
CP048238.1,359298,1009
CP048238.1,359394,381
CP048238.1,359406,178
CP048238.1,359413,1
CP048238.1,359466,954
CP048238.1,359472,6588
CP048238.1,359473,1106
CP048238.1,359479,4707
CP048238.1,359504,1
CP048238.1,359604,164
CP048238.1,359609,746
CP048238.1,359631,288
CP048238.1,359638,884
CP048238.1,359644,567
CP048238.1,359660,21
CP048238.1,359667,502
CP048238.1,359669,160
CP048238.1,359673,160
CP048238.1,359685,14
CP048238.1,359713,562
CP048238.1,359729,288
CP048238.1,359746,249
CP048238.1,359752,1
CP048238.1,359753,1516
CP048238.1,359754,41
CP048238.1,359761,1
CP048238.1,359774,15
CP048238.1,359780,60
CP048238.1,359797,1
CP048238.1,359806,225
CP048238.1,359808,127
CP048238.1,359815,2292
CP048238.1,359832,12
CP048238.1,359854,241
CP048238.1,359918,122
CP048238.1,359920,362
CP048238.1,359958,64
CP048238.1,360073,498
CP048238.1,360190,424
CP048238.1,360197,68
CP048238.1,360244,1220
CP048238.1,360378,1363
CP048238.1,360383,416
CP048238.1,360436,2
CP048238.1,360613,43
CP048238.1,360646,296
CP048238.1,360941,1
CP048238.1,361443,377
CP048238.1,361784,1
CP048238.1,362176,2
CP048238.1,362565,2107
CP048238.1,362882,152
CP048238.1,362994,196
CP048238.1,363140,21
CP048238.1,363182,119
CP048238.1,363277,5
CP048238.1,363288,43
CP048238.1,363294,147
CP048238.1,363301,358
CP048238.1,363313,13
CP048238.1,363563,249
CP048238.1,363566,661
CP048238.1,363570,793
CP048238.1,363575,164
CP048238.1,363576,19
CP048238.1,363577,376
CP048238.1,364041,558
CP048238.1,364067,437
CP048238.1,364311,25
CP048238.1,364443,320
CP048238.1,364695,1
CP048238.1,364988,190
CP048238.1,364994,688
CP048238.1,365001,168
CP048238.1,365018,243
CP048238.1,365023,18
CP048238.1,365029,624
CP048238.1,365036,1009
CP048238.1,365073,1428
CP048238.1,365080,2
CP048238.1,365087,614
CP048238.1,365092,65
CP048238.1,365101,1
CP048238.1,365108,3204
CP048238.1,365152,436
CP048238.1,365173,132
CP048238.1,365174,120
CP048238.1,365862,373
CP048238.1,366410,1199
CP048238.1,366617,11
CP048238.1,366805,350
CP048238.1,367573,1
CP048238.1,367865,1
CP048238.1,368006,1
CP048238.1,368024,178
CP048238.1,368191,1943
CP048238.1,368224,195
CP048238.1,370231,1020
CP048238.1,371128,101
CP048238.1,371315,462
CP048238.1,371853,516
CP048238.1,371860,555
CP048238.1,371956,430
CP048238.1,372144,123
CP048238.1,372492,1
CP048238.1,372518,187
CP048238.1,372835,1
CP048238.1,373012,462
CP048238.1,373277,44
CP048238.1,373538,135
CP048238.1,374000,6
CP048238.1,374033,113
CP048238.1,374110,310
CP048238.1,374189,1
CP048238.1,374286,574
CP048238.1,374462,109
CP048238.1,374539,1
CP048238.1,375084,168
CP048238.1,375091,361
CP048238.1,375257,41
CP048238.1,375718,128
CP048238.1,375758,36
CP048238.1,377621,178
CP048238.1,378493,1
CP048238.1,379819,806
CP048238.1,379877,97
CP048238.1,379884,524
CP048238.1,379885,479
CP048238.1,379892,485
CP048238.1,379897,20
CP048238.1,379900,304
CP048238.1,379902,5
CP048238.1,379909,311
CP048238.1,379921,200
CP048238.1,379942,11
CP048238.1,379945,15
CP048238.1,379970,20
CP048238.1,380121,206
CP048238.1,380414,402
CP048238.1,380499,205
CP048238.1,380612,401
CP048238.1,380886,1
CP048238.1,381884,769
CP048238.1,384444,403
CP048238.1,384588,77
CP048238.1,384620,5
CP048238.1,384739,26
CP048238.1,384825,1
CP048238.1,385019,428
CP048238.1,385519,537
CP048238.1,385744,269
CP048238.1,386047,671
CP048238.1,386311,6
CP048238.1,386656,373
CP048238.1,386967,148
CP048238.1,386996,330
CP048238.1,387167,360
CP048238.1,387729,1072
CP048238.1,387819,193
CP048238.1,388195,490
CP048238.1,388198,676
CP048238.1,388202,124
CP048238.1,388531,360
CP048238.1,388597,158
CP048238.1,388626,589
CP048238.1,388678,804
CP048238.1,388680,390
CP048238.1,388687,240
CP048238.1,388726,201
CP048238.1,388736,4
CP048238.1,388742,1
CP048238.1,388786,259
CP048238.1,388868,652
CP048238.1,389078,823
CP048238.1,389178,69
CP048238.1,389185,115
CP048238.1,389194,859
CP048238.1,389205,17
CP048238.1,389212,1
CP048238.1,389220,371
CP048238.1,389252,324
CP048238.1,389373,255
CP048238.1,389614,134
CP048238.1,391199,8
CP048238.1,391206,3
CP048238.1,391315,35
CP048238.1,391325,1
CP048238.1,391415,105
CP048238.1,391426,116
CP048238.1,391433,313
CP048238.1,391450,40
CP048238.1,391473,173
CP048238.1,391478,667
CP048238.1,391481,5
CP048238.1,391735,252
CP048238.1,393260,336
CP048238.1,393547,28
CP048238.1,393577,761
CP048238.1,393584,970
CP048238.1,393743,2317
CP048238.1,393747,313
CP048238.1,393773,128
CP048238.1,393786,238
CP048238.1,393836,381
CP048238.1,393843,846
CP048238.1,393976,45
CP048238.1,393983,252
CP048238.1,393984,21
CP048238.1,393992,40
CP048238.1,393999,282
CP048238.1,394009,10
CP048238.1,394221,87
CP048238.1,394228,8
CP048238.1,394320,593
CP048238.1,394365,193
CP048238.1,394375,1862
CP048238.1,394379,495
CP048238.1,394465,18
CP048238.1,394548,461
CP048238.1,394554,19
CP048238.1,394561,51
CP048238.1,394567,2
CP048238.1,394673,2
CP048238.1,394713,769
CP048238.1,394735,167
CP048238.1,394742,3
CP048238.1,394753,55
CP048238.1,394773,2763
CP048238.1,394780,1491
CP048238.1,394783,452
CP048238.1,394788,106
CP048238.1,394820,42
CP048238.1,394822,427
CP048238.1,394829,500
CP048238.1,394842,731
CP048238.1,394844,729
CP048238.1,394849,953
CP048238.1,394851,17
CP048238.1,394877,1356
CP048238.1,394928,62
CP048238.1,395049,189
CP048238.1,395068,17
CP048238.1,395075,56
CP048238.1,395119,352
CP048238.1,395121,241
CP048238.1,395375,3
CP048238.1,395406,71
CP048238.1,395555,1
CP048238.1,395574,4459
CP048238.1,395581,936
CP048238.1,395632,715
CP048238.1,395939,31
CP048238.1,395981,412
CP048238.1,396105,340
CP048238.1,396170,8
CP048238.1,396426,348
CP048238.1,396428,467
CP048238.1,396501,1
CP048238.1,396508,6
CP048238.1,396534,5
CP048238.1,396564,27
CP048238.1,396825,258
CP048238.1,396855,1
CP048238.1,396857,166
CP048238.1,396860,36
CP048238.1,396867,1057
CP048238.1,396904,458
CP048238.1,396912,88
CP048238.1,396923,29
CP048238.1,396931,55
CP048238.1,396938,471
CP048238.1,397034,323
CP048238.1,397153,176
CP048238.1,397232,405
CP048238.1,397320,119
CP048238.1,397327,25
CP048238.1,397357,282
CP048238.1,397359,37
CP048238.1,397363,257
CP048238.1,397368,13
CP048238.1,397375,203
CP048238.1,397393,357
CP048238.1,397400,38
CP048238.1,397457,471
CP048238.1,397479,120
CP048238.1,397491,437
CP048238.1,397498,540
CP048238.1,397514,201
CP048238.1,397520,1
CP048238.1,397521,498
CP048238.1,397523,1
CP048238.1,397575,16
CP048238.1,397577,36
CP048238.1,397583,132
CP048238.1,397584,20
CP048238.1,397614,43
CP048238.1,397617,1
CP048238.1,397645,871
CP048238.1,397646,1
CP048238.1,397652,617
CP048238.1,397675,3
CP048238.1,397679,617
CP048238.1,397687,75
CP048238.1,397695,3
CP048238.1,397725,738
CP048238.1,397732,242
CP048238.1,397743,1178
CP048238.1,397762,4613
CP048238.1,397769,394
CP048238.1,397782,355
CP048238.1,397789,389
CP048238.1,397808,1
CP048238.1,397826,405
CP048238.1,397844,135
CP048238.1,397847,433
CP048238.1,397848,2
CP048238.1,397851,448
CP048238.1,397868,420
CP048238.1,397875,633
CP048238.1,397890,114
CP048238.1,397957,679
CP048238.1,397984,93
CP048238.1,398106,522
CP048238.1,398233,18
CP048238.1,398276,914
CP048238.1,398287,13
CP048238.1,398305,333
CP048238.1,398358,832
CP048238.1,398367,201
CP048238.1,398372,346
CP048238.1,398376,2020
CP048238.1,398383,679
CP048238.1,398430,86
CP048238.1,398434,16
CP048238.1,398526,9
CP048238.1,398594,537
CP048238.1,398683,545
CP048238.1,398690,53
CP048238.1,398691,204
CP048238.1,399001,18
CP048238.1,399198,636
CP048238.1,399205,533
CP048238.1,399220,831
CP048238.1,399223,1
CP048238.1,400992,1
CP048238.1,400999,228
CP048238.1,401040,168
CP048238.1,401164,421
CP048238.1,401169,225
CP048238.1,401171,61
CP048238.1,401176,384
CP048238.1,401183,1283
CP048238.1,401212,355
CP048238.1,401272,14
CP048238.1,401279,129
CP048238.1,401293,23
CP048238.1,401315,49
CP048238.1,401323,1
CP048238.1,401328,1
CP048238.1,401361,184
CP048238.1,401368,360
CP048238.1,401377,2
CP048238.1,401412,1
CP048238.1,401427,1
CP048238.1,401601,26
CP048238.1,402028,647
CP048238.1,402035,116
CP048238.1,402421,5
CP048238.1,402648,704
CP048238.1,402666,49
CP048238.1,402699,497
CP048238.1,402886,1
CP048238.1,403029,231
CP048238.1,403055,783
CP048238.1,403060,83
CP048238.1,404877,447
CP048238.1,405038,552
CP048238.1,405045,240
CP048238.1,405054,537
CP048238.1,405061,217
CP048238.1,405066,717
CP048238.1,405068,731
CP048238.1,405073,54
CP048238.1,405098,16
CP048238.1,405118,729
CP048238.1,405128,554
CP048238.1,405138,3971
CP048238.1,405145,828
CP048238.1,405191,358
CP048238.1,407462,578
CP048238.1,407464,56
CP048238.1,407469,315
CP048238.1,407471,48
CP048238.1,407502,646
CP048238.1,407506,4
CP048238.1,407544,258
CP048238.1,407590,530
CP048238.1,408727,592
CP048238.1,408791,73
CP048238.1,408829,408
CP048238.1,408839,109
CP048238.1,408847,410
CP048238.1,408856,2553
CP048238.1,408860,8
CP048238.1,408863,1844
CP048238.1,408875,1448
CP048238.1,408882,638
CP048238.1,408981,271
CP048238.1,408988,495
CP048238.1,409026,102
CP048238.1,409027,890
CP048238.1,409046,99
CP048238.1,409050,26
CP048238.1,409077,578
CP048238.1,409086,2675
CP048238.1,409093,2398
CP048238.1,409104,803
CP048238.1,409108,24
CP048238.1,409122,1015
CP048238.1,409136,862
CP048238.1,409143,3197
CP048238.1,409163,141
CP048238.1,409165,1
CP048238.1,409168,361
CP048238.1,409172,6931
CP048238.1,409174,843
CP048238.1,409179,3916
CP048238.1,409195,818
CP048238.1,409197,814
CP048238.1,409200,1
CP048238.1,409209,1040
CP048238.1,409213,2
CP048238.1,409216,2
CP048238.1,409220,1
CP048238.1,409222,2
CP048238.1,409224,75
CP048238.1,409225,1
CP048238.1,409226,557
CP048238.1,409227,1
CP048238.1,409228,324
CP048238.1,409230,283
CP048238.1,409231,1
CP048238.1,409232,373
CP048238.1,409233,19
CP048238.1,409234,653
CP048238.1,409235,221
CP048238.1,409236,754
CP048238.1,409237,510
CP048238.1,409238,174
CP048238.1,409239,507
CP048238.1,409240,710
CP048238.1,409241,146
CP048238.1,409242,93
CP048238.1,409243,585
CP048238.1,409244,10
CP048238.1,409245,152
CP048238.1,409246,1381
CP048238.1,409247,586
CP048238.1,409248,623
CP048238.1,409249,1277
CP048238.1,409250,8
CP048238.1,409251,199
CP048238.1,409252,2257
CP048238.1,409253,176
CP048238.1,409254,92
CP048238.1,409255,413
CP048238.1,409256,38
CP048238.1,409257,544
CP048238.1,409258,1
CP048238.1,409259,250
CP048238.1,409261,82
CP048238.1,409262,1
CP048238.1,409265,420
CP048238.1,409281,148
CP048238.1,409302,30
CP048238.1,409306,444
CP048238.1,409360,439
CP048238.1,409383,5
CP048238.1,409435,2311
CP048238.1,409458,1
CP048238.1,409484,1101
CP048238.1,409515,294
CP048238.1,409521,11
CP048238.1,409555,226
CP048238.1,409560,1
CP048238.1,409565,702
CP048238.1,409567,437
CP048238.1,409595,1
CP048238.1,409597,2216
CP048238.1,409602,11
CP048238.1,409607,1
CP048238.1,409634,306
CP048238.1,409687,2342
CP048238.1,409699,806
CP048238.1,409708,394
CP048238.1,409714,95
CP048238.1,409777,9
CP048238.1,409918,1234
CP048238.1,409992,22
CP048238.1,410063,1770
CP048238.1,410099,880
CP048238.1,410409,304
CP048238.1,410425,1126
CP048238.1,410865,5
CP048238.1,410973,505
CP048238.1,411120,423
CP048238.1,411504,228
CP048238.1,411660,117
CP048238.1,411667,511
CP048238.1,411737,249
CP048238.1,412313,899
CP048238.1,412331,193
CP048238.1,412448,343
CP048238.1,412534,1
CP048238.1,412608,56
CP048238.1,412615,1
CP048238.1,412720,87
CP048238.1,412732,38
CP048238.1,412852,974
CP048238.1,412913,470
CP048238.1,412978,657
CP048238.1,413027,140
CP048238.1,415092,615
CP048238.1,415231,374
CP048238.1,417660,335
CP048238.1,417669,3
CP048238.1,417743,86
CP048238.1,417750,30
CP048238.1,419573,626
CP048238.1,419654,8
CP048238.1,419940,4
CP048238.1,421931,1
CP048238.1,421934,122
CP048238.1,421937,7068
CP048238.1,421943,1
CP048238.1,421944,4141
CP048238.1,421959,1
CP048238.1,421962,151
CP048238.1,422145,190
CP048238.1,422477,1
CP048238.1,422479,5
CP048238.1,424024,2
CP048238.1,424123,26
CP048238.1,424665,29
CP048238.1,424738,1457
CP048238.1,425511,1
CP048238.1,425537,598
CP048238.1,425555,875
CP048238.1,426082,108
CP048238.1,426089,530
CP048238.1,426155,58
CP048238.1,426169,423
CP048238.1,426171,16
CP048238.1,429975,1087
CP048238.1,430196,1
CP048238.1,430238,1
CP048238.1,430384,11
CP048238.1,430431,1
CP048238.1,430561,5
CP048238.1,430563,211
CP048238.1,430610,1
CP048238.1,432195,1986
CP048238.1,432197,117
CP048238.1,432677,152
CP048238.1,432687,995
CP048238.1,432722,1
CP048238.1,432733,209
CP048238.1,433002,1
CP048238.1,433286,2303
CP048238.1,433462,1
CP048238.1,433491,1982
CP048238.1,433513,2505
CP048238.1,433625,533
CP048238.1,433747,293
CP048238.1,433770,1362
CP048238.1,433803,1522
CP048238.1,433807,115
CP048238.1,433809,519
CP048238.1,433810,1474
CP048238.1,433849,1417
CP048238.1,433856,2218
CP048238.1,433863,4785
CP048238.1,433871,103
CP048238.1,433891,124
CP048238.1,433893,33
CP048238.1,433933,596
CP048238.1,433982,1
CP048238.1,434033,243
CP048238.1,434041,1161
CP048238.1,434047,1094
CP048238.1,434048,1216
CP048238.1,434072,224
CP048238.1,434079,32
CP048238.1,434093,758
CP048238.1,434100,401
CP048238.1,434255,1
CP048238.1,434906,77
CP048238.1,435839,875
CP048238.1,436211,707
CP048238.1,436218,45
CP048238.1,436330,1512
CP048238.1,436373,112
CP048238.1,436378,129
CP048238.1,436911,1
CP048238.1,437043,266
CP048238.1,438327,1632
CP048238.1,439234,405
CP048238.1,440561,331
CP048238.1,440745,1
CP048238.1,440749,1823
CP048238.1,440754,126
CP048238.1,440756,872
CP048238.1,440798,990
CP048238.1,440799,1
CP048238.1,440873,1
CP048238.1,440973,11
CP048238.1,441025,1123
CP048238.1,441026,416
CP048238.1,441043,34
CP048238.1,441047,12
CP048238.1,441116,11
CP048238.1,441158,249
CP048238.1,441295,46
CP048238.1,441302,2476
CP048238.1,441305,241
CP048238.1,441307,289
CP048238.1,441312,179
CP048238.1,441382,1390
CP048238.1,441389,4
CP048238.1,441420,493
CP048238.1,441437,440
CP048238.1,441444,113
CP048238.1,441586,505
CP048238.1,441715,5
CP048238.1,442035,3
CP048238.1,442128,4
CP048238.1,442201,170
CP048238.1,442518,46
CP048238.1,442632,1
CP048238.1,442695,604
CP048238.1,442825,40
CP048238.1,442860,758
CP048238.1,443156,154
CP048238.1,443381,51
CP048238.1,443385,18
CP048238.1,443509,264
CP048238.1,443516,2
CP048238.1,443791,313
CP048238.1,443813,486
CP048238.1,443815,66
CP048238.1,443816,225
CP048238.1,443826,890
CP048238.1,443835,1
CP048238.1,443842,522
CP048238.1,443869,685
CP048238.1,443871,795
CP048238.1,443924,216
CP048238.1,443936,480
CP048238.1,443938,151
CP048238.1,443943,90
CP048238.1,443947,122
CP048238.1,443986,59
CP048238.1,443989,147
CP048238.1,444135,2
CP048238.1,444139,1670
CP048238.1,444141,1
CP048238.1,444142,591
CP048238.1,444146,188
CP048238.1,444148,137
CP048238.1,444585,1
CP048238.1,444586,792
CP048238.1,444740,1
CP048238.1,444747,363
CP048238.1,444769,38
CP048238.1,444775,472
CP048238.1,444890,1
CP048238.1,444902,315
CP048238.1,444920,466
CP048238.1,444921,221
CP048238.1,444933,118
CP048238.1,444944,213
CP048238.1,444946,132
CP048238.1,444951,80
CP048238.1,445020,133
CP048238.1,445025,579
CP048238.1,445032,146
CP048238.1,445039,1
CP048238.1,445041,22
CP048238.1,445047,2
CP048238.1,445049,241
CP048238.1,445051,196
CP048238.1,445056,151
CP048238.1,445071,27
CP048238.1,445075,3
CP048238.1,445076,580
CP048238.1,445089,34
CP048238.1,445093,374
CP048238.1,445096,1
CP048238.1,445098,13
CP048238.1,445100,417
CP048238.1,445133,853
CP048238.1,445200,21
CP048238.1,445255,399
CP048238.1,445354,290
CP048238.1,445366,110
CP048238.1,445371,96
CP048238.1,445373,35
CP048238.1,445560,246
CP048238.1,445577,18
CP048238.1,445657,1
CP048238.1,445691,7
CP048238.1,445760,1
CP048238.1,445767,641
CP048238.1,445808,59
CP048238.1,445849,61
CP048238.1,445856,62
CP048238.1,445863,89
CP048238.1,445903,874
CP048238.1,445920,89
CP048238.1,445921,847
CP048238.1,445928,2134
CP048238.1,445937,975
CP048238.1,445939,250
CP048238.1,445944,970
CP048238.1,445945,70
CP048238.1,445989,1
CP048238.1,445993,599
CP048238.1,446017,913
CP048238.1,446024,1958
CP048238.1,446043,227
CP048238.1,446065,59
CP048238.1,446073,1384
CP048238.1,446114,121
CP048238.1,446115,848
CP048238.1,446118,1025
CP048238.1,446135,25
CP048238.1,446157,1
CP048238.1,446229,2444
CP048238.1,446233,2065
CP048238.1,446236,1720
CP048238.1,446248,1077
CP048238.1,446271,159
CP048238.1,446280,814
CP048238.1,446287,96
CP048238.1,446318,614
CP048238.1,446330,348
CP048238.1,446340,381
CP048238.1,446431,1102
CP048238.1,446438,1776
CP048238.1,446491,329
CP048238.1,446498,98
CP048238.1,446519,1045
CP048238.1,446521,155
CP048238.1,446553,1046
CP048238.1,446590,445
CP048238.1,446624,65
CP048238.1,446826,1
CP048238.1,446828,514
CP048238.1,446829,36
CP048238.1,446833,20
CP048238.1,446835,149
CP048238.1,446857,163
CP048238.1,446869,1
CP048238.1,446878,1
CP048238.1,446921,649
CP048238.1,446926,813
CP048238.1,446990,2602
CP048238.1,447002,1
CP048238.1,447070,1454
CP048238.1,447112,43
CP048238.1,447150,2318
CP048238.1,447273,719
CP048238.1,447277,187
CP048238.1,447307,517
CP048238.1,447314,1481
CP048238.1,447332,3878
CP048238.1,447339,3024
CP048238.1,447408,1
CP048238.1,447410,80
CP048238.1,447412,1831
CP048238.1,447417,24
CP048238.1,447452,202
CP048238.1,447598,493
CP048238.1,448559,691
CP048238.1,448681,125
CP048238.1,448815,1606
CP048238.1,448824,1
CP048238.1,448831,261
CP048238.1,448855,501
CP048238.1,448862,201
CP048238.1,448987,6
CP048238.1,448995,1121
CP048238.1,449005,489
CP048238.1,449012,1
CP048238.1,449020,11
CP048238.1,449037,183
CP048238.1,449040,217
CP048238.1,449053,145
CP048238.1,449059,77
CP048238.1,449066,1486
CP048238.1,449069,174
CP048238.1,449070,629
CP048238.1,449219,269
CP048238.1,449237,774
CP048238.1,449249,1
CP048238.1,449281,103
CP048238.1,449304,243
CP048238.1,450292,4
CP048238.1,450443,1
CP048238.1,450470,398
CP048238.1,450503,51
CP048238.1,450544,1
CP048238.1,450551,37
CP048238.1,450569,308
CP048238.1,450612,1
CP048238.1,452690,221
CP048238.1,453129,436
CP048238.1,453131,4
CP048238.1,453157,106
CP048238.1,453328,55
CP048238.1,453425,353
CP048238.1,453637,13
CP048238.1,453967,390
CP048238.1,454237,37
CP048238.1,454530,407
CP048238.1,455254,65
CP048238.1,455964,1
CP048238.1,456405,504
CP048238.1,456464,808
CP048238.1,456492,2
CP048238.1,456504,24
CP048238.1,456570,3142
CP048238.1,456577,1880
CP048238.1,456645,12
CP048238.1,456652,535
CP048238.1,456663,3
CP048238.1,456871,978
CP048238.1,456888,736
CP048238.1,456920,2262
CP048238.1,456938,476
CP048238.1,456945,2829
CP048238.1,456992,199
CP048238.1,457168,817
CP048238.1,457221,62
CP048238.1,457228,385
CP048238.1,457254,258
CP048238.1,457268,3
CP048238.1,457280,1
CP048238.1,457344,326
CP048238.1,457386,2
CP048238.1,458051,464
CP048238.1,458120,443
CP048238.1,458195,579
CP048238.1,458242,57
CP048238.1,458899,133
CP048238.1,458903,109
CP048238.1,459288,23
CP048238.1,459395,73
CP048238.1,459413,299
CP048238.1,459626,1081
CP048238.1,459632,148
CP048238.1,459639,4
CP048238.1,459699,1
CP048238.1,460688,316
CP048238.1,461993,24
CP048238.1,461994,3
CP048238.1,462024,514
CP048238.1,463855,283
CP048238.1,463932,928
CP048238.1,464826,1
CP048238.1,465048,430
CP048238.1,465055,1
CP048238.1,468231,88
CP048238.1,468551,113
CP048238.1,468554,158
CP048238.1,468560,15
CP048238.1,468748,291
CP048238.1,469349,1
CP048238.1,470511,745
CP048238.1,470518,185
CP048238.1,471215,27
CP048238.1,471391,207
CP048238.1,471894,1
CP048238.1,471901,962
CP048238.1,472054,525
CP048238.1,472059,99
CP048238.1,472316,467
CP048238.1,472369,345
CP048238.1,472376,143
CP048238.1,472710,124
CP048238.1,472742,1055
CP048238.1,472760,72
CP048238.1,472799,13
CP048238.1,472802,354
CP048238.1,472836,277
CP048238.1,472843,94
CP048238.1,473595,19
CP048238.1,474955,124
CP048238.1,474957,56
CP048238.1,474962,311
CP048238.1,474963,1130
CP048238.1,474965,491
CP048238.1,474967,1449
CP048238.1,474968,20
CP048238.1,474970,309
CP048238.1,474972,495
CP048238.1,474974,1078
CP048238.1,475188,259
CP048238.1,475343,6
CP048238.1,475350,1
CP048238.1,475379,1
CP048238.1,475699,45
CP048238.1,475864,334
CP048238.1,476030,856
CP048238.1,476042,18
CP048238.1,476070,302
CP048238.1,476252,345
CP048238.1,476271,186
CP048238.1,476278,1279
CP048238.1,476322,98
CP048238.1,476374,3
CP048238.1,476510,582
CP048238.1,476512,2
CP048238.1,476562,32
CP048238.1,480234,407
CP048238.1,481053,333
CP048238.1,481559,365
CP048238.1,481728,582
CP048238.1,481755,1348
CP048238.1,481869,2564
CP048238.1,481953,2562
CP048238.1,482088,1
CP048238.1,482201,1
CP048238.1,482354,105
CP048238.1,482422,289
CP048238.1,482442,11
CP048238.1,482620,368
CP048238.1,482627,699
CP048238.1,482732,25
CP048238.1,482923,60
CP048238.1,483003,1118
CP048238.1,483037,676
CP048238.1,483058,1394
CP048238.1,483175,1
CP048238.1,483500,376
CP048238.1,483737,1391
CP048238.1,484176,2
CP048238.1,485303,1214
CP048238.1,485316,1
CP048238.1,485411,211
CP048238.1,485423,14
CP048238.1,485436,523
CP048238.1,485603,1415
CP048238.1,485623,383
CP048238.1,485674,99
CP048238.1,485688,276
CP048238.1,485730,1
CP048238.1,485737,26
CP048238.1,485755,511
CP048238.1,485773,103
CP048238.1,485819,89
CP048238.1,485837,2
CP048238.1,485873,543
CP048238.1,485898,1177
CP048238.1,485905,383
CP048238.1,485948,11
CP048238.1,485949,868
CP048238.1,485956,789
CP048238.1,485966,182
CP048238.1,485967,637
CP048238.1,485996,643
CP048238.1,486015,617
CP048238.1,486085,21
CP048238.1,486091,256
CP048238.1,486092,2
CP048238.1,486098,223
CP048238.1,486099,421
CP048238.1,486101,110
CP048238.1,486106,415
CP048238.1,486132,1
CP048238.1,486368,119
CP048238.1,486384,200
CP048238.1,486386,10
CP048238.1,486437,45
CP048238.1,486458,19
CP048238.1,486487,159
CP048238.1,486650,1072
CP048238.1,487931,37
CP048238.1,488883,442
CP048238.1,489053,2
CP048238.1,489059,742
CP048238.1,489062,402
CP048238.1,490213,139
CP048238.1,490430,323
CP048238.1,490917,263
CP048238.1,491384,415
CP048238.1,491585,284
CP048238.1,491871,77
CP048238.1,493790,996
CP048238.1,495453,1046
CP048238.1,495667,1
CP048238.1,495772,14
CP048238.1,496103,5
CP048238.1,496285,1
CP048238.1,496741,568
CP048238.1,496938,897
CP048238.1,496963,1025
CP048238.1,496970,1
CP048238.1,496983,3
CP048238.1,497012,1
CP048238.1,497258,3
CP048238.1,497337,101
CP048238.1,497349,372
CP048238.1,497454,1
CP048238.1,497569,12
CP048238.1,497837,1340
CP048238.1,497857,12
CP048238.1,497860,71
CP048238.1,498024,2305
CP048238.1,498320,387
CP048238.1,498529,4
CP048238.1,498536,229
CP048238.1,499034,1
CP048238.1,499104,263
CP048238.1,499373,5
CP048238.1,499428,554
CP048238.1,499435,11
CP048238.1,499437,222
CP048238.1,499591,87
CP048238.1,499715,757
CP048238.1,501089,618
CP048238.1,502363,22
CP048238.1,502418,235
CP048238.1,502633,28
CP048238.1,502708,342
CP048238.1,502758,773
CP048238.1,502824,92
CP048238.1,502847,203
CP048238.1,503496,1515
CP048238.1,504018,33
CP048238.1,504026,368
CP048238.1,504085,248
CP048238.1,505020,752
CP048238.1,505285,76
CP048238.1,505652,381
CP048238.1,505867,1165
CP048238.1,506047,187
CP048238.1,506095,470
CP048238.1,506259,194
CP048238.1,506496,252
CP048238.1,506503,6
CP048238.1,507136,392
CP048238.1,507296,489
CP048238.1,507891,196
CP048238.1,508043,105
CP048238.1,509116,175
CP048238.1,509146,39
CP048238.1,509170,91
CP048238.1,509323,10
CP048238.1,509372,27
CP048238.1,509853,216
CP048238.1,509899,689
CP048238.1,510358,155
CP048238.1,510383,39
CP048238.1,510451,9
CP048238.1,510488,28
CP048238.1,510541,1
CP048238.1,510577,1009
CP048238.1,510651,45
CP048238.1,510679,528
CP048238.1,510684,44
CP048238.1,510707,1741
CP048238.1,510733,1
CP048238.1,510734,790
CP048238.1,510738,774
CP048238.1,511472,1
CP048238.1,511765,1
CP048238.1,512299,416
CP048238.1,512696,14
CP048238.1,513122,85
CP048238.1,513129,1
CP048238.1,513625,88
CP048238.1,513793,338
CP048238.1,515527,32
CP048238.1,515531,30
CP048238.1,516964,170
CP048238.1,516971,664
CP048238.1,516992,1
CP048238.1,517001,391
CP048238.1,517047,1117
CP048238.1,517051,497
CP048238.1,517058,47
CP048238.1,517130,13
CP048238.1,517336,2390
CP048238.1,517421,199
CP048238.1,517428,298
CP048238.1,517480,84
CP048238.1,517516,419
CP048238.1,517651,264
CP048238.1,517819,619
CP048238.1,517838,882
CP048238.1,518086,1
CP048238.1,518666,1
CP048238.1,518852,981
CP048238.1,518925,179
CP048238.1,519041,60
CP048238.1,522394,207
CP048238.1,523291,495
CP048238.1,524192,767
CP048238.1,524898,15
CP048238.1,525030,28
CP048238.1,525072,306
CP048238.1,525454,75
CP048238.1,525564,11
CP048238.1,525927,272
CP048238.1,525948,4
CP048238.1,526502,5
CP048238.1,526728,3
CP048238.1,527257,84
CP048238.1,527289,2
CP048238.1,527472,1
CP048238.1,528265,114
CP048238.1,528353,279
CP048238.1,528418,1
CP048238.1,528425,1
CP048238.1,528456,142
CP048238.1,528593,1228
CP048238.1,528782,771
CP048238.1,529868,623
CP048238.1,530942,723
CP048238.1,531018,6
CP048238.1,531038,1
CP048238.1,531282,1
CP048238.1,531341,445
CP048238.1,531348,87
CP048238.1,531477,274
CP048238.1,531484,720
CP048238.1,531541,376
CP048238.1,531897,519
CP048238.1,531898,112
CP048238.1,531902,2
CP048238.1,531904,450
CP048238.1,532014,1043
CP048238.1,532055,977
CP048238.1,532068,58
CP048238.1,532091,500
CP048238.1,533040,109
CP048238.1,533075,230
CP048238.1,533350,2005
CP048238.1,533503,640
CP048238.1,533561,13
CP048238.1,533578,1
CP048238.1,533772,41
CP048238.1,533796,888
CP048238.1,533831,151
CP048238.1,533912,174
CP048238.1,533939,60
CP048238.1,534131,1
CP048238.1,534287,344
CP048238.1,534295,12
CP048238.1,534304,376
CP048238.1,534538,56
CP048238.1,534715,1638
CP048238.1,536110,84
CP048238.1,537408,54
CP048238.1,539494,397
CP048238.1,539498,2
CP048238.1,539516,303
CP048238.1,539847,469
CP048238.1,541483,482
CP048238.1,541727,1
CP048238.1,541866,2
CP048238.1,541879,10
CP048238.1,541891,358
CP048238.1,541919,385
CP048238.1,541977,645
CP048238.1,542028,235
CP048238.1,542050,1
CP048238.1,542082,77
CP048238.1,542083,67
CP048238.1,542090,452
CP048238.1,542106,18
CP048238.1,542123,625
CP048238.1,542185,56
CP048238.1,542559,29
CP048238.1,542562,57
CP048238.1,542596,57
CP048238.1,542603,806
CP048238.1,542635,8
CP048238.1,542649,784
CP048238.1,542666,882
CP048238.1,542673,1862
CP048238.1,542708,216
CP048238.1,542715,224
CP048238.1,542745,981
CP048238.1,542807,244
CP048238.1,542814,992
CP048238.1,542919,174
CP048238.1,542926,805
CP048238.1,544035,654
CP048238.1,544354,74
CP048238.1,545423,992
CP048238.1,545430,5
CP048238.1,545842,1
CP048238.1,546103,140
CP048238.1,546537,24
CP048238.1,546660,409
CP048238.1,547011,333
CP048238.1,547056,618
CP048238.1,547574,334
CP048238.1,547703,37
CP048238.1,547755,199
CP048238.1,547757,15
CP048238.1,548013,5
CP048238.1,548274,77
CP048238.1,549031,4
CP048238.1,549316,96
CP048238.1,550289,415
CP048238.1,550802,634
CP048238.1,550809,439
CP048238.1,550838,10
CP048238.1,550866,859
CP048238.1,550884,391
CP048238.1,551230,357
CP048238.1,551231,276
CP048238.1,551232,1585
CP048238.1,551249,1613
CP048238.1,551267,251
CP048238.1,551790,584
CP048238.1,552619,746
CP048238.1,552652,261
CP048238.1,552659,701
CP048238.1,552679,103
CP048238.1,553325,340
CP048238.1,553945,347
CP048238.1,554145,1038
CP048238.1,554231,500
CP048238.1,554254,137
CP048238.1,555091,944
CP048238.1,555094,1
CP048238.1,555465,24
CP048238.1,555504,526
CP048238.1,555858,36
CP048238.1,555871,2007
CP048238.1,555878,1083
CP048238.1,555940,644
CP048238.1,555956,18
CP048238.1,556101,9
CP048238.1,556211,1649
CP048238.1,556214,5
CP048238.1,556216,51
CP048238.1,556221,196
CP048238.1,556222,9
CP048238.1,556229,277
CP048238.1,556232,278
CP048238.1,556290,75
CP048238.1,556418,31
CP048238.1,556434,50
CP048238.1,557893,5
CP048238.1,558408,33
CP048238.1,558832,5
CP048238.1,558999,1
CP048238.1,559044,174
CP048238.1,559309,312
CP048238.1,559375,238
CP048238.1,559379,1
CP048238.1,559394,381
CP048238.1,559403,232
CP048238.1,559424,1
CP048238.1,559427,712
CP048238.1,559441,431
CP048238.1,559445,1142
CP048238.1,559568,59
CP048238.1,559597,10206
CP048238.1,559604,8051
CP048238.1,559741,645
CP048238.1,559757,71
CP048238.1,559764,1
CP048238.1,560110,18
CP048238.1,560781,1
CP048238.1,560814,2651
CP048238.1,561155,1214
CP048238.1,561388,5
CP048238.1,561552,1
CP048238.1,561674,63
CP048238.1,561712,50
CP048238.1,562098,2324
CP048238.1,562102,1
CP048238.1,562104,687
CP048238.1,562164,383
CP048238.1,562171,1
CP048238.1,562933,1456
CP048238.1,563077,1
CP048238.1,563209,133
CP048238.1,563435,1
CP048238.1,563509,2
CP048238.1,563521,2
CP048238.1,563611,1
CP048238.1,563668,1
CP048238.1,563857,553
CP048238.1,563859,1
CP048238.1,564034,1
CP048238.1,564075,7
CP048238.1,564417,3
CP048238.1,564457,214
CP048238.1,564708,9407
CP048238.1,564871,1
CP048238.1,564988,1
CP048238.1,565575,18
CP048238.1,565674,783
CP048238.1,566666,76
CP048238.1,568360,18
CP048238.1,568416,431
CP048238.1,568552,7
CP048238.1,568868,24
CP048238.1,568978,910
CP048238.1,568985,18
CP048238.1,569163,6
CP048238.1,569788,1
CP048238.1,569946,6
CP048238.1,570033,4
CP048238.1,570047,638
CP048238.1,570065,18
CP048238.1,570082,66
CP048238.1,570089,54
CP048238.1,570128,37
CP048238.1,570135,52
CP048238.1,570245,701
CP048238.1,570269,523
CP048238.1,570399,845
CP048238.1,570485,759
CP048238.1,570508,648
CP048238.1,570511,765
CP048238.1,570517,10
CP048238.1,570518,360
CP048238.1,570519,2
CP048238.1,570521,1
CP048238.1,570522,86
CP048238.1,570524,14
CP048238.1,570526,1707
CP048238.1,570528,9
CP048238.1,570530,241
CP048238.1,570627,40
CP048238.1,570634,90
CP048238.1,570643,938
CP048238.1,570686,30
CP048238.1,570763,2223
CP048238.1,570779,432
CP048238.1,570909,562
CP048238.1,570911,4
CP048238.1,570916,1439
CP048238.1,570951,1
CP048238.1,570968,1024
CP048238.1,570975,1094
CP048238.1,570990,2197
CP048238.1,570995,487
CP048238.1,570997,3893
CP048238.1,571000,23
CP048238.1,571006,64
CP048238.1,571007,1248
CP048238.1,571011,1
CP048238.1,571013,1164
CP048238.1,571025,346
CP048238.1,571032,1955
CP048238.1,571043,135
CP048238.1,571168,16
CP048238.1,571272,4
CP048238.1,571606,118
CP048238.1,571652,1
CP048238.1,571731,96
CP048238.1,572065,351
CP048238.1,574072,1
CP048238.1,590507,1
CP048238.1,597056,121
CP048238.1,597293,91
CP048238.1,597585,696
CP048238.1,597709,18
CP048238.1,597723,1
CP048238.1,599940,178
CP048238.1,599947,296
CP048238.1,600077,31
CP048238.1,601378,436
CP048238.1,601502,1
CP048238.1,601611,1
CP048238.1,601686,347
CP048238.1,601789,395
CP048238.1,601796,786
CP048238.1,601955,236
CP048238.1,602085,214
CP048238.1,602222,356
CP048238.1,602341,707
CP048238.1,602384,1
CP048238.1,602476,59
CP048238.1,602597,14
CP048238.1,602783,551
CP048238.1,602879,1368
CP048238.1,603009,1
CP048238.1,603091,4
CP048238.1,603192,4
CP048238.1,603227,558
CP048238.1,603234,18
CP048238.1,603473,4
CP048238.1,603510,14
CP048238.1,603517,2
CP048238.1,604097,333
CP048238.1,604824,410
CP048238.1,604914,3
CP048238.1,604969,112
CP048238.1,605646,62
CP048238.1,605662,7
CP048238.1,606397,17
CP048238.1,606535,1
CP048238.1,606697,12
CP048238.1,606835,1
CP048238.1,606997,29
CP048238.1,607135,2
CP048238.1,607297,20
CP048238.1,607435,1
CP048238.1,607597,21
CP048238.1,607897,14
CP048238.1,608197,15
CP048238.1,620446,1
CP048238.1,626601,26
CP048238.1,628039,22
CP048238.1,628441,24
CP048238.1,628599,4
CP048238.1,629191,412
CP048238.1,629250,1
CP048238.1,629269,766
CP048238.1,629290,543
CP048238.1,629297,334
CP048238.1,629334,449
CP048238.1,629574,46
CP048238.1,629581,647
CP048238.1,629678,396
CP048238.1,629823,453
CP048238.1,629827,7
CP048238.1,629896,10
CP048238.1,630013,310
CP048238.1,630020,144
CP048238.1,630039,197
CP048238.1,630046,194
CP048238.1,630158,345
CP048238.1,630183,418
CP048238.1,630691,27
CP048238.1,631803,243
CP048238.1,642747,1
CP048238.1,642973,57
CP048238.1,643641,1
CP048238.1,644487,387
CP048238.1,644556,542
CP048238.1,644940,1
CP048238.1,648215,1
CP048238.1,648262,752
CP048238.1,648779,1
CP048238.1,648853,388
CP048238.1,648888,3149
CP048238.1,648901,69
CP048238.1,649458,929
CP048238.1,656832,1
CP048238.1,660148,94
CP048238.1,660169,13
CP048238.1,660500,21
CP048238.1,660501,1
CP048238.1,660544,1
CP048238.1,660602,115
CP048238.1,660603,43
CP048238.1,660681,17
CP048238.1,660710,7
CP048238.1,660717,757
CP048238.1,660740,5
CP048238.1,660745,826
CP048238.1,660805,56
CP048238.1,660806,24
CP048238.1,661046,25
CP048238.1,661588,10
CP048238.1,661699,21
CP048238.1,661706,415
CP048238.1,661888,96
CP048238.1,664666,356
CP048238.1,673545,1
CP048238.1,673910,1302
CP048238.1,673917,4
CP048238.1,673936,609
CP048238.1,673956,27
CP048238.1,674090,1606
CP048238.1,674092,19
CP048238.1,674123,986
CP048238.1,674124,1
CP048238.1,674130,668
CP048238.1,674138,533
CP048238.1,674177,185
CP048238.1,674218,1
CP048238.1,674278,33
CP048238.1,674311,1101
CP048238.1,674351,2024
CP048238.1,674411,274
CP048238.1,674665,1
CP048238.1,676774,1
CP048238.1,677521,29
CP048238.1,677955,379
CP048238.1,679189,334
CP048238.1,679359,3
CP048238.1,679379,114
CP048238.1,679390,1
CP048238.1,679569,141
CP048238.1,680249,38
CP048238.1,682431,72
CP048238.1,683121,21
CP048238.1,683155,151
CP048238.1,683239,1
CP048238.1,683456,1337
CP048238.1,683570,77
CP048238.1,683602,253
CP048238.1,683904,545
CP048238.1,683906,4
CP048238.1,683960,689
CP048238.1,683967,171
CP048238.1,684023,126
CP048238.1,684036,367
CP048238.1,684040,278
CP048238.1,684045,382
CP048238.1,684202,672
CP048238.1,684378,3
CP048238.1,684832,1
CP048238.1,684835,2085
CP048238.1,684867,81
CP048238.1,684987,45
CP048238.1,684994,1778
CP048238.1,685080,98
CP048238.1,685513,549
CP048238.1,685619,2947
CP048238.1,685708,339
CP048238.1,685720,18
CP048238.1,685777,237
CP048238.1,685941,141
CP048238.1,686272,65
CP048238.1,686335,263
CP048238.1,686346,782
CP048238.1,686360,135
CP048238.1,686365,138
CP048238.1,686372,5
CP048238.1,686415,331
CP048238.1,686430,656
CP048238.1,686435,158
CP048238.1,686460,924
CP048238.1,686473,211
CP048238.1,686480,137
CP048238.1,686503,3
CP048238.1,686522,13
CP048238.1,686526,45
CP048238.1,686529,2
CP048238.1,686534,1
CP048238.1,686559,120
CP048238.1,686575,70
CP048238.1,686639,1
CP048238.1,686645,14
CP048238.1,686653,1014
CP048238.1,686654,1
CP048238.1,686661,937
CP048238.1,686668,20
CP048238.1,686685,377
CP048238.1,686700,1381
CP048238.1,686707,2001
CP048238.1,686777,155
CP048238.1,686785,264
CP048238.1,686792,279
CP048238.1,686847,299
CP048238.1,686854,456
CP048238.1,686861,422
CP048238.1,686871,281
CP048238.1,686873,407
CP048238.1,686875,477
CP048238.1,686889,84
CP048238.1,686894,608
CP048238.1,686914,780
CP048238.1,686931,1
CP048238.1,686935,981
CP048238.1,686942,1137
CP048238.1,686957,1189
CP048238.1,686964,236
CP048238.1,686968,1079
CP048238.1,686975,1
CP048238.1,686979,95
CP048238.1,686992,597
CP048238.1,687083,1164
CP048238.1,687098,183
CP048238.1,688316,2
CP048238.1,689895,453
CP048238.1,691318,174
CP048238.1,691368,87
CP048238.1,691383,33
CP048238.1,691399,296
CP048238.1,691435,182
CP048238.1,691449,542
CP048238.1,695209,9
CP048238.1,696030,1
CP048238.1,696046,49
CP048238.1,696263,6
CP048238.1,696272,126
CP048238.1,696294,349
CP048238.1,696416,77
CP048238.1,696474,499
CP048238.1,696481,974
CP048238.1,696503,608
CP048238.1,696656,9
CP048238.1,697835,9
CP048238.1,698042,384
CP048238.1,699071,502
CP048238.1,699771,1
CP048238.1,700201,1236
CP048238.1,700305,615
CP048238.1,700312,363
CP048238.1,700336,1
CP048238.1,700360,342
CP048238.1,700393,247
CP048238.1,700400,632
CP048238.1,700445,67
CP048238.1,700452,93
CP048238.1,700453,519
CP048238.1,700482,581
CP048238.1,700518,293
CP048238.1,700522,13
CP048238.1,700533,139
CP048238.1,700565,536
CP048238.1,700582,84
CP048238.1,700589,547
CP048238.1,700631,640
CP048238.1,700644,109
CP048238.1,702937,224
CP048238.1,703113,1
CP048238.1,703272,10
CP048238.1,703297,719
CP048238.1,703312,6
CP048238.1,703336,498
CP048238.1,703379,8
CP048238.1,703395,365
CP048238.1,703455,10
CP048238.1,703482,531
CP048238.1,703512,544
CP048238.1,703519,1711
CP048238.1,703669,46
CP048238.1,703744,94
CP048238.1,703751,1153
CP048238.1,703758,283
CP048238.1,703888,117
CP048238.1,704197,121
CP048238.1,706178,11
CP048238.1,706206,90
CP048238.1,706348,49
CP048238.1,706422,502
CP048238.1,706429,140
CP048238.1,706484,496
CP048238.1,707401,332
CP048238.1,707944,488
CP048238.1,708081,11
CP048238.1,708220,904
CP048238.1,708242,1
CP048238.1,708253,1186
CP048238.1,708256,77
CP048238.1,708260,578
CP048238.1,708272,8
CP048238.1,708301,479
CP048238.1,708309,13
CP048238.1,708378,1138
CP048238.1,708380,1687
CP048238.1,708382,238
CP048238.1,708387,2810
CP048238.1,708405,344
CP048238.1,708445,169
CP048238.1,708446,727
CP048238.1,708460,843
CP048238.1,708467,418
CP048238.1,708476,22
CP048238.1,708483,4
CP048238.1,708664,676
CP048238.1,708671,1071
CP048238.1,708704,616
CP048238.1,708716,720
CP048238.1,708717,2
CP048238.1,708724,831
CP048238.1,708731,2701
CP048238.1,708834,288
CP048238.1,708900,1
CP048238.1,709021,27
CP048238.1,709445,637
CP048238.1,709547,12
CP048238.1,709946,584
CP048238.1,709992,1190
CP048238.1,710054,1
CP048238.1,710231,70
CP048238.1,710238,1149
CP048238.1,710473,31
CP048238.1,710559,432
CP048238.1,710662,166
CP048238.1,710696,1
CP048238.1,710703,206
CP048238.1,711308,46
CP048238.1,712611,32
CP048238.1,712682,261
CP048238.1,712955,2
CP048238.1,712991,237
CP048238.1,713978,4
CP048238.1,714164,37
CP048238.1,714241,14
CP048238.1,714248,243
CP048238.1,714324,1
CP048238.1,714449,1
CP048238.1,714495,100
CP048238.1,714561,625
CP048238.1,714570,245
CP048238.1,714590,215
CP048238.1,714647,543
CP048238.1,714654,1836
CP048238.1,714854,10
CP048238.1,715105,860
CP048238.1,715150,1
CP048238.1,715202,884
CP048238.1,715237,947
CP048238.1,715244,2316
CP048238.1,715330,289
CP048238.1,715337,648
CP048238.1,715910,3
CP048238.1,715994,5
CP048238.1,716077,494
CP048238.1,716080,10
CP048238.1,716212,2
CP048238.1,716234,197
CP048238.1,716251,165
CP048238.1,716312,1
CP048238.1,716314,295
CP048238.1,716316,10
CP048238.1,716500,251
CP048238.1,716544,418
CP048238.1,716636,95
CP048238.1,716700,99
CP048238.1,716756,2
CP048238.1,717108,251
CP048238.1,717194,383
CP048238.1,717250,531
CP048238.1,717410,322
CP048238.1,717534,242
CP048238.1,717545,381
CP048238.1,717692,433
CP048238.1,717866,391
CP048238.1,718324,281
CP048238.1,718785,196
CP048238.1,718796,152
CP048238.1,718821,667
CP048238.1,718823,3
CP048238.1,718828,478
CP048238.1,718830,319
CP048238.1,718884,156
CP048238.1,718891,312
CP048238.1,718918,35
CP048238.1,719424,1
CP048238.1,720406,572
CP048238.1,720437,1
CP048238.1,720669,33
CP048238.1,720794,367
CP048238.1,720802,3
CP048238.1,720836,435
CP048238.1,720892,509
CP048238.1,720980,23
CP048238.1,720987,32
CP048238.1,721001,137
CP048238.1,721022,52
CP048238.1,721034,278
CP048238.1,721057,6
CP048238.1,721181,54
CP048238.1,721251,335
CP048238.1,722585,1003
CP048238.1,727081,117
CP048238.1,727088,80
CP048238.1,727121,1
CP048238.1,727223,4
CP048238.1,727283,1
CP048238.1,727358,480
CP048238.1,727591,1
CP048238.1,728191,35
CP048238.1,728631,566
CP048238.1,730313,404
CP048238.1,730708,2014
CP048238.1,730715,210
CP048238.1,730731,878
CP048238.1,730733,24
CP048238.1,730738,184
CP048238.1,730772,1
CP048238.1,730779,346
CP048238.1,730784,2108
CP048238.1,730791,479
CP048238.1,730812,521
CP048238.1,730836,898
CP048238.1,730872,3
CP048238.1,730885,161
CP048238.1,730970,383
CP048238.1,730986,29
CP048238.1,730999,878
CP048238.1,731104,793
CP048238.1,731114,247
CP048238.1,731132,1
CP048238.1,731337,524
CP048238.1,733022,1
CP048238.1,758066,357
CP048238.1,758098,1
CP048239.1,2187,310
CP048239.1,2444,273
CP048239.1,5582,1
CP048239.1,27724,118
CP048239.1,27856,52
CP048239.1,27950,274
CP048239.1,27958,30
CP048239.1,27965,824
CP048239.1,27974,1209
CP048239.1,28017,351
CP048239.1,28403,1
CP048239.1,28668,298
CP048239.1,28874,626
CP048239.1,28876,39
CP048239.1,28883,109
CP048239.1,29218,18
CP048239.1,29899,1
CP048239.1,30042,53
CP048239.1,30061,520
CP048239.1,30077,1
CP048239.1,30079,159
CP048239.1,30261,633
CP048239.1,30660,638
CP048239.1,31219,75
CP048239.1,31477,94
CP048239.1,32669,73
CP048239.1,33070,1
CP048239.1,33303,1
CP048239.1,33595,85
CP048239.1,34269,518
CP048239.1,34550,24
CP048239.1,34709,2
CP048239.1,35070,54
CP048239.1,35245,19
CP048239.1,35296,149
CP048239.1,35305,1
CP048239.1,35426,731
CP048239.1,35428,636
CP048239.1,35483,1
CP048239.1,35655,656
CP048239.1,35673,13
CP048239.1,35708,1149
CP048239.1,35715,1122
CP048239.1,35770,1461
CP048239.1,35789,123
CP048239.1,35833,1
CP048239.1,35852,14
CP048239.1,35947,959
CP048239.1,35954,1705
CP048239.1,35970,2261
CP048239.1,36010,13
CP048239.1,36025,1596
CP048239.1,36027,3
CP048239.1,36032,1413
CP048239.1,36033,1534
CP048239.1,36034,745
CP048239.1,36035,10
CP048239.1,36038,1
CP048239.1,36039,1
CP048239.1,36040,288
CP048239.1,36042,370
CP048239.1,36044,1029
CP048239.1,36046,218
CP048239.1,36064,63
CP048239.1,36068,139
CP048239.1,36071,762
CP048239.1,36106,537
CP048239.1,36160,768
CP048239.1,36184,2
CP048239.1,36190,61
CP048239.1,36236,519
CP048239.1,36243,1
CP048239.1,36425,108
CP048239.1,36455,14
CP048239.1,36473,37
CP048239.1,36610,302
CP048239.1,36711,121
CP048239.1,36744,48
CP048239.1,38022,627
CP048239.1,38029,549
CP048239.1,38269,905
CP048239.1,41325,120
CP048239.1,41476,16
CP048239.1,41693,242
CP048239.1,43536,283
CP048239.1,44314,1123
CP048239.1,44321,438
CP048239.1,44334,628
CP048239.1,44370,775
CP048239.1,44377,4
CP048239.1,44787,1146
CP048239.1,44853,399
CP048239.1,44864,177
CP048239.1,45817,12
CP048239.1,46381,565
CP048239.1,46857,108
CP048239.1,46864,27
CP048239.1,46949,20
CP048239.1,46977,563
CP048239.1,46984,1738
CP048239.1,48086,318
CP048239.1,48195,13
CP048239.1,48208,237
CP048239.1,48212,26
CP048239.1,48277,54
CP048239.1,48334,23
CP048239.1,48341,82
CP048239.1,49472,320
CP048239.1,49608,193
CP048239.1,49898,44
CP048239.1,49960,226
CP048239.1,50488,16
CP048239.1,50696,349
CP048239.1,50698,20
CP048239.1,50703,14
CP048239.1,50811,1
CP048239.1,50816,56
CP048239.1,50828,1881
CP048239.1,50830,1
CP048239.1,50837,12
CP048239.1,50868,77
CP048239.1,50875,350
CP048239.1,50877,112
CP048239.1,50896,305
CP048239.1,50902,69
CP048239.1,50909,1873
CP048239.1,50962,372
CP048239.1,50978,1
CP048239.1,50985,576
CP048239.1,51046,677
CP048239.1,51048,512
CP048239.1,51174,3
CP048239.1,51176,794
CP048239.1,51230,950
CP048239.1,51370,230
CP048239.1,51401,1121
CP048239.1,51403,60
CP048239.1,51410,120
CP048239.1,51448,1
CP048239.1,51515,64
CP048239.1,51520,14
CP048239.1,51613,61
CP048239.1,53884,33
CP048239.1,54230,958
CP048239.1,54499,42
CP048239.1,54602,428
CP048239.1,54968,367
CP048239.1,54991,2810
CP048239.1,54998,14
CP048239.1,55026,192
CP048239.1,55379,346
CP048239.1,55533,75
CP048239.1,55539,93
CP048239.1,55571,2667
CP048239.1,55578,316
CP048239.1,55661,8
CP048239.1,55663,323
CP048239.1,55684,918
CP048239.1,55727,2
CP048239.1,55912,10
CP048239.1,56352,50
CP048239.1,57751,273
CP048239.1,58062,429
CP048239.1,58069,52
CP048239.1,59277,224
CP048239.1,59909,38
CP048239.1,60267,40
CP048239.1,60434,2
CP048239.1,60502,413
CP048239.1,60585,38
CP048239.1,60596,1846
CP048239.1,60601,518
CP048239.1,60603,763
CP048239.1,60608,174
CP048239.1,60632,390
CP048239.1,60650,434
CP048239.1,60657,817
CP048239.1,60989,220
CP048239.1,61308,151
CP048239.1,61319,27
CP048239.1,61857,60
CP048239.1,63372,1
CP048239.1,63570,235
CP048239.1,63791,312
CP048239.1,63866,287
CP048239.1,63873,10
CP048239.1,63912,326
CP048239.1,63935,33
CP048239.1,63964,2118
CP048239.1,63971,1622
CP048239.1,64028,11
CP048239.1,64029,312
CP048239.1,64030,24
CP048239.1,64052,623
CP048239.1,64144,32
CP048239.1,64260,506
CP048239.1,65082,6
CP048239.1,65748,857
CP048239.1,65762,222
CP048239.1,65855,175
CP048239.1,65868,241
CP048239.1,65913,14
CP048239.1,65925,217
CP048239.1,65978,346
CP048239.1,66047,494
CP048239.1,66059,159
CP048239.1,66070,510
CP048239.1,66077,95
CP048239.1,66088,86
CP048239.1,66124,6
CP048239.1,66126,43
CP048239.1,66131,47
CP048239.1,66157,29
CP048239.1,66173,8
CP048239.1,66198,226
CP048239.1,66202,475
CP048239.1,66209,92
CP048239.1,67385,442
CP048239.1,67412,21
CP048239.1,67413,81
CP048239.1,67414,615
CP048239.1,67420,509
CP048239.1,67421,400
CP048239.1,67510,38
CP048239.1,67517,312
CP048239.1,67995,142
CP048239.1,68167,3
CP048239.1,68623,6
CP048239.1,68960,253
CP048239.1,69553,326
CP048239.1,70072,626
CP048239.1,70205,94
CP048239.1,70253,781
CP048239.1,70428,283
CP048239.1,70473,97
CP048239.1,70476,476
CP048239.1,70483,711
CP048239.1,73656,1
CP048239.1,75189,413
CP048239.1,75191,740
CP048239.1,75193,17
CP048239.1,75200,28
CP048239.1,78281,69
CP048239.1,84879,593
CP048239.1,84881,348
CP048239.1,84931,298
CP048239.1,84938,307
CP048239.1,84962,246
CP048239.1,84969,189
CP048239.1,84972,85
CP048239.1,85041,23
CP048239.1,85048,54
CP048239.1,85052,537
CP048239.1,85098,110
CP048239.1,86184,105
CP048239.1,86191,646
CP048239.1,86335,1
CP048239.1,86371,627
CP048239.1,86378,92
CP048239.1,86405,369
CP048239.1,86412,721
CP048239.1,86431,14
CP048239.1,86688,1019
CP048239.1,86695,45
CP048239.1,86717,127
CP048239.1,86765,3
CP048239.1,86802,59
CP048239.1,86847,3
CP048239.1,86958,2763
CP048239.1,86965,1065
CP048239.1,87006,1310
CP048239.1,87038,260
CP048239.1,87056,283
CP048239.1,87058,15
CP048239.1,87074,119
CP048239.1,87281,256
CP048239.1,88919,17
CP048239.1,89305,982
CP048239.1,91427,13
CP048239.1,91434,2
CP048239.1,91474,2
CP048239.1,91479,135
CP048239.1,91481,215
CP048239.1,91658,288
CP048239.1,91665,16
CP048239.1,91669,232
CP048239.1,100441,20
CP048239.1,101119,66
CP048239.1,101161,888
CP048239.1,101168,2135
CP048239.1,101273,4
CP048239.1,101351,74
CP048239.1,104498,1
CP048239.1,104666,1729
CP048239.1,104694,1133
CP048239.1,104873,676
CP048239.1,104876,1
CP048239.1,104877,1945
CP048239.1,104899,435
CP048239.1,105100,283
CP048239.1,105107,619
CP048239.1,105413,702
CP048239.1,105902,1
CP048239.1,106169,1
CP048239.1,106257,5
CP048239.1,106264,4269
CP048239.1,107601,3
CP048239.1,107603,1
CP048239.1,107608,13201
CP048239.1,107663,1
CP048239.1,107771,2
CP048239.1,107847,1
CP048239.1,107888,24
CP048239.1,108494,136
CP048239.1,108528,412
CP048239.1,108885,1044
CP048239.1,108892,220
CP048239.1,108944,3
CP048239.1,108948,41
CP048239.1,108955,687
CP048239.1,109047,819
CP048239.1,109058,176
CP048239.1,109063,1024
CP048239.1,109065,302
CP048239.1,109075,1417
CP048239.1,109082,2213
CP048239.1,109084,1822
CP048239.1,109091,5784
CP048239.1,109093,115
CP048239.1,109100,1
CP048239.1,109124,454
CP048239.1,109131,1940
CP048239.1,109138,794
CP048239.1,109174,219
CP048239.1,109179,398
CP048239.1,109181,5419
CP048239.1,109194,9
CP048239.1,109303,983
CP048239.1,109320,544
CP048239.1,109340,348
CP048239.1,109373,976
CP048239.1,111941,1
CP048239.1,111989,2076
CP048239.1,112038,559
CP048239.1,114752,9
CP048239.1,115244,1
CP048239.1,115385,93
CP048239.1,115813,1
CP048239.1,115820,28
CP048239.1,115889,27
CP048239.1,116413,1
CP048239.1,116538,1256
CP048239.1,116585,410
CP048239.1,118241,1
CP048239.1,118375,33
CP048239.1,118377,921
CP048239.1,118398,2241
CP048239.1,122437,303
CP048239.1,123175,439
CP048239.1,125646,1
CP048239.1,125761,1222
CP048239.1,125949,727
CP048239.1,125956,432
CP048239.1,125999,654
CP048239.1,126006,22
CP048239.1,126226,670
CP048239.1,126422,1
CP048239.1,127065,1
CP048239.1,127369,18
CP048239.1,127496,1074
CP048239.1,127616,22
CP048239.1,128089,31
CP048239.1,128265,1
CP048239.1,132430,6
CP048239.1,132449,294
CP048239.1,132850,1
CP048239.1,135552,167
CP048239.1,135617,9
CP048239.1,135800,120
CP048239.1,137562,1084
CP048239.1,137571,905
CP048239.1,137834,2
CP048239.1,137843,213
CP048239.1,137895,1364
CP048239.1,137902,3
CP048239.1,138513,1
CP048239.1,138661,1
CP048239.1,139228,467
CP048239.1,140713,8
CP048239.1,141678,163
CP048239.1,142005,231
CP048239.1,142040,336
CP048239.1,142401,14
CP048239.1,142427,153
CP048239.1,142711,33
CP048239.1,144396,469
CP048239.1,145104,200
CP048239.1,145110,311
CP048239.1,145111,537
CP048239.1,145158,150
CP048239.1,145658,56
CP048239.1,146364,448
CP048239.1,146846,135
CP048239.1,146853,1
CP048239.1,147487,556
CP048239.1,147502,1
CP048239.1,147652,725
CP048239.1,147795,289
CP048239.1,147802,106
CP048239.1,147839,1003
CP048239.1,147978,1
CP048239.1,148043,1
CP048239.1,148322,98
CP048239.1,149302,517
CP048239.1,150196,408
CP048239.1,151593,808
CP048239.1,152166,534
CP048239.1,152764,643
CP048239.1,153085,818
CP048239.1,153155,42
CP048239.1,153161,740
CP048239.1,153168,1107
CP048239.1,153313,511
CP048239.1,153358,26
CP048239.1,153465,946
CP048239.1,153472,865
CP048239.1,153482,4
CP048239.1,153579,6
CP048239.1,153584,170
CP048239.1,153592,541
CP048239.1,153608,441
CP048239.1,153622,87
CP048239.1,153629,1420
CP048239.1,153637,23
CP048239.1,153644,58
CP048239.1,153790,139
CP048239.1,153797,7
CP048239.1,154161,1139
CP048239.1,154531,452
CP048239.1,154723,1
CP048239.1,155342,505
CP048239.1,155394,243
CP048239.1,155415,972
CP048239.1,155424,13
CP048239.1,155508,1
CP048239.1,155512,104
CP048239.1,155590,16
CP048239.1,155593,40
CP048239.1,155595,117
CP048239.1,155596,8
CP048239.1,155600,288
CP048239.1,155602,155
CP048239.1,155608,2
CP048239.1,155728,1527
CP048239.1,155739,693
CP048239.1,155756,704
CP048239.1,155763,173
CP048239.1,155902,1939
CP048239.1,155988,1040
CP048239.1,156196,1738
CP048239.1,156361,1124
CP048239.1,156363,1689
CP048239.1,156368,83
CP048239.1,156370,1247
CP048239.1,156519,666
CP048239.1,156526,1242
CP048239.1,156572,377
CP048239.1,156658,251
CP048239.1,156797,1705
CP048239.1,163391,11
CP048239.1,163402,682
CP048239.1,163434,1
CP048239.1,163539,21
CP048239.1,164037,388
CP048239.1,164077,1352
CP048239.1,164086,127
CP048239.1,164099,245
CP048239.1,164149,784
CP048239.1,164176,321
CP048239.1,164287,342
CP048239.1,164320,7
CP048239.1,164389,36
CP048239.1,164444,3
CP048239.1,164456,139
CP048239.1,164746,403
CP048239.1,165180,70
CP048239.1,165198,33
CP048239.1,167117,477
CP048239.1,167717,1
CP048239.1,167812,502
CP048239.1,168236,16
CP048239.1,168273,606
CP048239.1,168509,1
CP048239.1,168524,2183
CP048239.1,170282,266
CP048239.1,170443,120
CP048239.1,170472,548
CP048239.1,170479,89
CP048239.1,170490,4
CP048239.1,170500,49
CP048239.1,170521,1639
CP048239.1,170528,174
CP048239.1,170570,32
CP048239.1,170576,69
CP048239.1,170577,137
CP048239.1,170663,474
CP048239.1,170888,188
CP048239.1,170894,256
CP048239.1,170920,231
CP048239.1,170921,170
CP048239.1,170964,531
CP048239.1,170993,1187
CP048239.1,171000,2083
CP048239.1,171070,454
CP048239.1,171077,1251
CP048239.1,171105,194
CP048239.1,171225,1
CP048239.1,171415,36
CP048239.1,171555,4627
CP048239.1,171562,1481
CP048239.1,171714,87
CP048239.1,171754,46
CP048239.1,171761,39
CP048239.1,171809,90
CP048239.1,171810,258
CP048239.1,171814,356
CP048239.1,171816,1145
CP048239.1,171838,255
CP048239.1,171879,31
CP048239.1,171881,213
CP048239.1,172249,241
CP048239.1,172901,27
CP048239.1,172967,4
CP048239.1,173279,8
CP048239.1,173281,27
CP048239.1,173283,963
CP048239.1,173287,1682
CP048239.1,173288,373
CP048239.1,173290,1015
CP048239.1,173294,1249
CP048239.1,173309,5
CP048239.1,173347,265
CP048239.1,173384,86
CP048239.1,173399,242
CP048239.1,173406,383
CP048239.1,173417,269
CP048239.1,173424,4
CP048239.1,173429,950
CP048239.1,173486,1
CP048239.1,173493,587
CP048239.1,173502,311
CP048239.1,173509,95
CP048239.1,173524,225
CP048239.1,173558,784
CP048239.1,173565,1680
CP048239.1,173567,727
CP048239.1,173588,1334
CP048239.1,173594,6
CP048239.1,173642,222
CP048239.1,173726,44
CP048239.1,173942,464
CP048239.1,174136,201
CP048239.1,174243,1
CP048239.1,174305,109
CP048239.1,174306,374
CP048239.1,174327,15
CP048239.1,174332,2
CP048239.1,174338,220
CP048239.1,174403,53
CP048239.1,174407,240
CP048239.1,174439,613
CP048239.1,174446,95
CP048239.1,174455,137
CP048239.1,174486,8
CP048239.1,174493,360
CP048239.1,174586,119
CP048239.1,174661,94
CP048239.1,174740,20
CP048239.1,174766,658
CP048239.1,174801,25
CP048239.1,175515,1
CP048239.1,175927,2
CP048239.1,175992,1
CP048239.1,176102,221
CP048239.1,176104,53
CP048239.1,176127,66
CP048239.1,176199,2
CP048239.1,176214,1
CP048239.1,176244,1
CP048239.1,176259,1
CP048239.1,176281,1
CP048239.1,176289,3277
CP048239.1,176304,50
CP048239.1,176319,1
CP048239.1,176461,1285
CP048239.1,176562,2
CP048239.1,176638,1502
CP048239.1,176655,516
CP048239.1,176662,582
CP048239.1,176764,1180
CP048239.1,176832,1179
CP048239.1,176922,2
CP048239.1,176937,1
CP048239.1,176967,2
CP048239.1,177019,1
CP048239.1,177066,1
CP048239.1,177097,838
CP048239.1,177129,692
CP048239.1,177151,434
CP048239.1,177166,1519
CP048239.1,177342,4
CP048239.1,177605,159
CP048239.1,178431,384
CP048239.1,179090,805
CP048239.1,179105,402
CP048239.1,179107,1
CP048239.1,179109,342
CP048239.1,179180,1
CP048239.1,179186,2
CP048239.1,179203,572
CP048239.1,179210,396
CP048239.1,179486,21
CP048239.1,179797,81
CP048239.1,181011,6
CP048239.1,181018,138
CP048239.1,181019,19
CP048239.1,181062,147
CP048239.1,181100,1086
CP048239.1,181107,4
CP048239.1,181225,546
CP048239.1,181251,26
CP048239.1,181309,170
CP048239.1,181327,171
CP048239.1,181336,620
CP048239.1,181414,439
CP048239.1,181451,377
CP048239.1,181883,3
CP048239.1,182232,369
CP048239.1,182461,2252
CP048239.1,182466,4
CP048239.1,182471,1
CP048239.1,182567,34
CP048239.1,182672,247
CP048239.1,182735,9
CP048239.1,182798,1483
CP048239.1,182800,1097
CP048239.1,182807,769
CP048239.1,182834,1387
CP048239.1,182835,37
CP048239.1,182844,672
CP048239.1,182852,866
CP048239.1,182867,3
CP048239.1,182880,3
CP048239.1,182921,510
CP048239.1,182924,111
CP048239.1,182966,585
CP048239.1,182976,5
CP048239.1,182984,1533
CP048239.1,183062,255
CP048239.1,183085,503
CP048239.1,183089,7
CP048239.1,183098,2979
CP048239.1,183105,106
CP048239.1,183116,297
CP048239.1,183144,1238
CP048239.1,183146,1
CP048239.1,183151,11
CP048239.1,183156,2112
CP048239.1,183176,75
CP048239.1,183178,321
CP048239.1,183186,146
CP048239.1,183194,729
CP048239.1,183208,3419
CP048239.1,183215,499
CP048239.1,183221,1733
CP048239.1,183223,708
CP048239.1,183228,1847
CP048239.1,183249,6096
CP048239.1,183251,665
CP048239.1,183256,407
CP048239.1,183325,728
CP048239.1,183351,361
CP048239.1,183373,1086
CP048239.1,183390,395
CP048239.1,183397,502
CP048239.1,183555,336
CP048239.1,183689,347
CP048239.1,183705,948
CP048239.1,183784,3961
CP048239.1,183823,791
CP048239.1,183830,650
CP048239.1,183844,1842
CP048239.1,183852,1
CP048239.1,183913,1
CP048239.1,184076,1210
CP048239.1,184078,10
CP048239.1,184100,1
CP048239.1,184843,39
CP048239.1,184917,1
CP048239.1,184981,187
CP048239.1,185089,184
CP048239.1,185492,1
CP048239.1,185923,34
CP048239.1,186110,1
CP048239.1,187207,34
CP048239.1,189241,1
CP048239.1,190181,1
CP048239.1,191257,2
CP048239.1,191569,28
CP048239.1,193383,223
CP048239.1,193390,706
CP048239.1,193597,1
CP048239.1,194442,28
CP048239.1,194449,61
CP048239.1,194957,808
CP048239.1,195248,556
CP048239.1,195255,3
CP048239.1,195815,532
CP048239.1,198419,1386
CP048239.1,198608,6
CP048239.1,199124,464
CP048239.1,199128,950
CP048239.1,199637,265
CP048239.1,199736,338
CP048239.1,199756,586
CP048239.1,199763,870
CP048239.1,199790,326
CP048239.1,199797,853
CP048239.1,199889,48
CP048239.1,199896,300
CP048239.1,199975,1
CP048239.1,200215,61
CP048239.1,200258,973
CP048239.1,200456,1
CP048239.1,200559,20
CP048239.1,200599,100
CP048239.1,200673,294
CP048239.1,200847,400
CP048239.1,200894,163
CP048239.1,200903,1
CP048239.1,200907,1
CP048239.1,200921,524
CP048239.1,202176,319
CP048239.1,204375,1
CP048239.1,204969,1
CP048239.1,204978,1
CP048239.1,204994,764
CP048239.1,205002,20
CP048239.1,205011,4339
CP048239.1,205018,2524
CP048239.1,205020,68
CP048239.1,205047,142
CP048239.1,205081,466
CP048239.1,205149,607
CP048239.1,205349,404
CP048239.1,205410,4
CP048239.1,205419,40
CP048239.1,205425,31
CP048239.1,205457,761
CP048239.1,205510,213
CP048239.1,205519,616
CP048239.1,205520,348
CP048239.1,205525,4
CP048239.1,205566,207
CP048239.1,205727,790
CP048239.1,205877,1253
CP048239.1,205884,2298
CP048239.1,206119,508
CP048239.1,206124,1129
CP048239.1,206131,946
CP048239.1,206164,290
CP048239.1,206195,994
CP048239.1,206200,49
CP048239.1,206202,400
CP048239.1,206207,242
CP048239.1,206227,385
CP048239.1,207518,2
CP048239.1,207779,500
CP048239.1,208154,1661
CP048239.1,208182,611
CP048239.1,208449,405
CP048239.1,208816,248
CP048239.1,208907,660
CP048239.1,212870,43
CP048239.1,212969,300
CP048239.1,213287,29
CP048239.1,213434,16
CP048239.1,213441,67
CP048239.1,214015,73
CP048239.1,214269,517
CP048239.1,214333,96
CP048239.1,215065,18
CP048239.1,215492,815
CP048239.1,215676,71
CP048239.1,215702,423
CP048239.1,215714,574
CP048239.1,215721,501
CP048239.1,215728,709
CP048239.1,215745,144
CP048239.1,215777,707
CP048239.1,215784,25
CP048239.1,215792,3
CP048239.1,216153,1
CP048239.1,216338,3
CP048239.1,216716,82
CP048239.1,217711,97
CP048239.1,217718,28
CP048239.1,217996,1047
CP048239.1,218013,24
CP048239.1,218044,804
CP048239.1,218093,2
CP048239.1,218599,1021
CP048239.1,219081,210
CP048239.1,219493,889
CP048239.1,221253,34
CP048239.1,221255,108
CP048239.1,221428,1
CP048239.1,221441,171
CP048239.1,221443,2152
CP048239.1,221445,108
CP048239.1,221449,723
CP048239.1,221450,2461
CP048239.1,221452,1
CP048239.1,221453,22
CP048239.1,221456,890
CP048239.1,221478,282
CP048239.1,221905,449
CP048239.1,221954,149
CP048239.1,221967,1296
CP048239.1,221994,38
CP048239.1,222002,123
CP048239.1,222003,100
CP048239.1,222006,30
CP048239.1,222044,1591
CP048239.1,222051,1079
CP048239.1,222058,668
CP048239.1,222060,50
CP048239.1,222067,37
CP048239.1,222079,1284
CP048239.1,222094,600
CP048239.1,222121,95
CP048239.1,222128,415
CP048239.1,222194,103
CP048239.1,222316,66
CP048239.1,222895,384
CP048239.1,223409,4
CP048239.1,223984,40
CP048239.1,224379,249
CP048239.1,224775,409
CP048239.1,225245,745
CP048239.1,225252,394
CP048239.1,225421,153
CP048239.1,225553,1
CP048239.1,225695,489
CP048239.1,225920,32
CP048239.1,226510,27
CP048239.1,226690,550
CP048239.1,226697,6
CP048239.1,226712,122
CP048239.1,226798,20
CP048239.1,227174,450
CP048239.1,227187,514
CP048239.1,227413,1
CP048239.1,227512,190
CP048239.1,227543,12
CP048239.1,227642,11
CP048239.1,227645,256
CP048239.1,227683,962
CP048239.1,227762,264
CP048239.1,227769,1
CP048239.1,227773,889
CP048239.1,227866,3
CP048239.1,228309,29
CP048239.1,228409,543
CP048239.1,228423,2
CP048239.1,228430,16
CP048239.1,228442,4
CP048239.1,228446,333
CP048239.1,228449,7
CP048239.1,228480,181
CP048239.1,228487,2
CP048239.1,228491,92
CP048239.1,228494,61
CP048239.1,228497,635
CP048239.1,228505,736
CP048239.1,228519,804
CP048239.1,228520,30
CP048239.1,228527,257
CP048239.1,228531,2016
CP048239.1,228533,85
CP048239.1,228535,3
CP048239.1,228538,28
CP048239.1,228540,204
CP048239.1,228542,113
CP048239.1,228582,58
CP048239.1,228589,2104
CP048239.1,228597,29
CP048239.1,228604,1062
CP048239.1,228745,15
CP048239.1,228888,214
CP048239.1,229926,223
CP048239.1,230071,604
CP048239.1,230118,19
CP048239.1,230282,232
CP048239.1,230745,5
CP048239.1,230861,41
CP048239.1,230904,656
CP048239.1,230911,1
CP048239.1,231012,425
CP048239.1,231019,1
CP048239.1,231149,420
CP048239.1,231156,190
CP048239.1,231183,440
CP048239.1,231221,374
CP048239.1,231234,282
CP048239.1,231768,420
CP048239.1,231885,67
CP048239.1,231925,1052
CP048239.1,231932,316
CP048239.1,231985,3
CP048239.1,231988,334
CP048239.1,233050,63
CP048239.1,233074,60
CP048239.1,233081,2
CP048239.1,233107,688
CP048239.1,233114,43
CP048239.1,233125,126
CP048239.1,233139,2
CP048239.1,233149,25
CP048239.1,233162,272
CP048239.1,233505,683
CP048239.1,233512,876
CP048239.1,233529,371
CP048239.1,233627,477
CP048239.1,233630,502
CP048239.1,233640,29
CP048239.1,233676,1
CP048239.1,233741,36
CP048239.1,233913,144
CP048239.1,233929,343
CP048239.1,233936,378
CP048239.1,234046,354
CP048239.1,234122,75
CP048239.1,234362,279
CP048239.1,234396,357
CP048239.1,234556,876
CP048239.1,235180,17
CP048239.1,235360,31
CP048239.1,235537,601
CP048239.1,235584,24
CP048239.1,235653,979
CP048239.1,235680,360
CP048239.1,235745,23
CP048239.1,235882,3
CP048239.1,236020,229
CP048239.1,236179,1
CP048239.1,236205,96
CP048239.1,236318,174
CP048239.1,236356,681
CP048239.1,236365,642
CP048239.1,236637,247
CP048239.1,236768,306
CP048239.1,236827,262
CP048239.1,236829,1
CP048239.1,236834,789
CP048239.1,236879,1
CP048239.1,236886,1052
CP048239.1,236890,1061
CP048239.1,236897,1481
CP048239.1,236910,1964
CP048239.1,236939,17
CP048239.1,236971,209
CP048239.1,237001,1089
CP048239.1,237006,747
CP048239.1,237012,138
CP048239.1,237037,743
CP048239.1,237049,628
CP048239.1,237124,690
CP048239.1,237166,1
CP048239.1,237171,814
CP048239.1,237173,80
CP048239.1,237175,103
CP048239.1,237182,372
CP048239.1,237190,31
CP048239.1,237198,866
CP048239.1,237212,24
CP048239.1,237351,24
CP048239.1,237353,314
CP048239.1,237358,1588
CP048239.1,237361,1
CP048239.1,237525,470
CP048239.1,237663,467
CP048239.1,237670,305
CP048239.1,237681,154
CP048239.1,237969,245
CP048239.1,237976,79
CP048239.1,238133,2001
CP048239.1,238150,52
CP048239.1,238159,739
CP048239.1,238251,427
CP048239.1,238292,75
CP048239.1,238303,2
CP048239.1,238346,452
CP048239.1,238477,1
CP048239.1,238491,331
CP048239.1,238503,1
CP048239.1,238507,46
CP048239.1,238512,201
CP048239.1,238516,376
CP048239.1,238521,1
CP048239.1,238561,4
CP048239.1,238564,590
CP048239.1,238569,43
CP048239.1,238801,1
CP048239.1,238892,49
CP048239.1,238926,3736
CP048239.1,238933,312
CP048239.1,238934,564
CP048239.1,238940,277
CP048239.1,238947,502
CP048239.1,238954,8
CP048239.1,238958,722
CP048239.1,238987,187
CP048239.1,238991,2796
CP048239.1,238998,497
CP048239.1,239011,1
CP048239.1,239016,7
CP048239.1,239032,430
CP048239.1,239039,301
CP048239.1,239136,462
CP048239.1,239216,299
CP048239.1,239238,48
CP048239.1,239263,21
CP048239.1,239270,399
CP048239.1,239291,2
CP048239.1,239305,574
CP048239.1,239314,565
CP048239.1,239321,23
CP048239.1,239341,245
CP048239.1,239346,203
CP048239.1,239348,86
CP048239.1,239407,487
CP048239.1,239442,148
CP048239.1,239498,76
CP048239.1,239597,31
CP048239.1,239605,437
CP048239.1,239645,55
CP048239.1,239652,641
CP048239.1,239677,953
CP048239.1,239684,156
CP048239.1,239688,375
CP048239.1,239723,50
CP048239.1,239736,349
CP048239.1,239742,608
CP048239.1,239749,894
CP048239.1,239764,2921
CP048239.1,239769,841
CP048239.1,239771,168
CP048239.1,239773,1157
CP048239.1,239775,1
CP048239.1,239780,6
CP048239.1,239797,58
CP048239.1,239813,17641
CP048239.1,239816,2484
CP048239.1,239818,429
CP048239.1,239820,5565
CP048239.1,239825,224
CP048239.1,239827,113
CP048239.1,239829,1
CP048239.1,239836,329
CP048239.1,239838,503
CP048239.1,239845,870
CP048239.1,239848,18
CP048239.1,239850,1161
CP048239.1,239857,2347
CP048239.1,239858,258
CP048239.1,239859,621
CP048239.1,239866,1351
CP048239.1,239901,23871
CP048239.1,239904,19
CP048239.1,239908,15978
CP048239.1,239909,137
CP048239.1,239920,80
CP048239.1,239929,107
CP048239.1,239931,1
CP048239.1,239932,116
CP048239.1,239939,1
CP048239.1,239940,21589
CP048239.1,239946,143
CP048239.1,239947,15181
CP048239.1,239953,622
CP048239.1,239954,5
CP048239.1,239960,509
CP048239.1,239961,652
CP048239.1,239992,196
CP048239.1,239997,209
CP048239.1,239999,1
CP048239.1,240014,61
CP048239.1,240021,926
CP048239.1,240032,510
CP048239.1,240039,327
CP048239.1,240050,394
CP048239.1,240052,171
CP048239.1,240075,6
CP048239.1,240082,521
CP048239.1,240083,32
CP048239.1,240093,782
CP048239.1,240094,27
CP048239.1,240097,778
CP048239.1,240101,53
CP048239.1,240103,519
CP048239.1,240111,1
CP048239.1,240117,210
CP048239.1,240118,1246
CP048239.1,240119,450
CP048239.1,240162,11
CP048239.1,240372,115
CP048239.1,240491,21
CP048239.1,240501,1
CP048239.1,240502,3
CP048239.1,240550,2
CP048239.1,240557,44
CP048239.1,240565,264
CP048239.1,241709,160
CP048239.1,241716,62
CP048239.1,243200,1
CP048239.1,243202,372
CP048239.1,243332,1
CP048239.1,243349,273
CP048239.1,243358,49
CP048239.1,243374,167
CP048239.1,243382,156
CP048239.1,243385,454
CP048239.1,243390,69
CP048239.1,243392,1
CP048239.1,243411,307
CP048239.1,243416,197
CP048239.1,243433,884
CP048239.1,243442,375
CP048239.1,243449,220
CP048239.1,243453,2436
CP048239.1,243479,37
CP048239.1,243511,2
CP048239.1,243530,13
CP048239.1,243545,1
CP048239.1,243552,29
CP048239.1,243615,251
CP048239.1,243631,202
CP048239.1,243665,502
CP048239.1,243671,607
CP048239.1,243682,1059
CP048239.1,243686,1701
CP048239.1,243693,2042
CP048239.1,243700,615
CP048239.1,243720,882
CP048239.1,243727,588
CP048239.1,243747,759
CP048239.1,243769,769
CP048239.1,243789,1
CP048239.1,243796,3103
CP048239.1,243799,4632
CP048239.1,243803,1023
CP048239.1,243805,1913
CP048239.1,243806,1207
CP048239.1,243808,195
CP048239.1,243810,1
CP048239.1,243812,593
CP048239.1,243815,644
CP048239.1,243816,202
CP048239.1,243823,172
CP048239.1,243850,650
CP048239.1,243856,815
CP048239.1,243857,291
CP048239.1,243879,6
CP048239.1,243886,64
CP048239.1,243931,228
CP048239.1,243938,1
CP048239.1,243960,567
CP048239.1,243966,259
CP048239.1,243967,51
CP048239.1,243987,2
CP048239.1,243994,838
CP048239.1,244004,574
CP048239.1,244011,726
CP048239.1,244017,141
CP048239.1,244019,25
CP048239.1,244043,56
CP048239.1,244120,1079
CP048239.1,244141,378
CP048239.1,244198,879
CP048239.1,244336,2
CP048239.1,244946,51
CP048239.1,245029,116
CP048239.1,245055,234
CP048239.1,245099,410
CP048239.1,245113,293
CP048239.1,245118,77
CP048239.1,245436,176
CP048239.1,245799,10
CP048239.1,246056,650
CP048239.1,246159,490
CP048239.1,246448,139
CP048239.1,246488,293
CP048239.1,246646,605
CP048239.1,246684,75
CP048239.1,246772,1
CP048239.1,247097,86
CP048239.1,247143,1
CP048239.1,247446,11
CP048239.1,247626,69
CP048239.1,247635,144
CP048239.1,247650,497
CP048239.1,247680,9
CP048239.1,247895,13
CP048239.1,247982,393
CP048239.1,248162,66
CP048239.1,248171,1
CP048239.1,248187,304
CP048239.1,248295,46
CP048239.1,248302,18
CP048239.1,248319,179
CP048239.1,248355,23
CP048239.1,248420,396
CP048239.1,248427,251
CP048239.1,248429,576
CP048239.1,250838,153
CP048239.1,250957,53
CP048239.1,251019,405
CP048239.1,251221,375
CP048239.1,251228,149
CP048239.1,251232,522
CP048239.1,251280,23
CP048239.1,251299,550
CP048239.1,251327,7
CP048239.1,251348,221
CP048239.1,251355,822
CP048239.1,251460,1
CP048239.1,251467,1138
CP048239.1,251481,600
CP048239.1,251515,64
CP048239.1,251522,24
CP048239.1,251550,15
CP048239.1,251557,1
CP048239.1,253850,1
CP048239.1,253857,1283
CP048239.1,253861,7802
CP048239.1,253865,90
CP048239.1,253868,21290
CP048239.1,253869,247
CP048239.1,253876,987
CP048239.1,253924,571
CP048239.1,253931,3196
CP048239.1,253935,166
CP048239.1,253969,48
CP048239.1,253976,115
CP048239.1,254606,1
CP048239.1,255064,798
CP048239.1,255189,157
CP048239.1,255244,16
CP048239.1,255299,416
CP048239.1,255329,721
CP048239.1,255331,430
CP048239.1,255336,94
CP048239.1,255338,728
CP048239.1,255339,674
CP048239.1,255370,74
CP048239.1,255414,75
CP048239.1,255522,3
CP048239.1,255869,176
CP048239.1,256396,278
CP048239.1,257631,30
CP048239.1,257638,1
CP048239.1,258005,512
CP048239.1,259515,335
CP048239.1,259668,478
CP048239.1,259904,21
CP048239.1,262007,1
CP048239.1,262376,15
CP048239.1,262727,194
CP048239.1,263119,636
CP048239.1,264719,3
CP048239.1,264728,751
CP048239.1,265612,165
CP048239.1,266679,113
CP048239.1,266933,419
CP048239.1,266940,37
CP048239.1,267012,166
CP048239.1,267018,1
CP048239.1,267058,158
CP048239.1,267138,23
CP048239.1,267151,159
CP048239.1,267317,1339
CP048239.1,267367,26
CP048239.1,267469,1093
CP048239.1,267682,31
CP048239.1,267919,1
CP048239.1,268268,1
CP048239.1,268309,780
CP048239.1,268310,912
CP048239.1,268425,638
CP048239.1,268538,1
CP048239.1,268558,1
CP048239.1,268848,1206
CP048239.1,269133,479
CP048239.1,269541,209
CP048239.1,269900,222
CP048239.1,269933,516
CP048239.1,270255,1
CP048239.1,270398,11
CP048239.1,270483,8
CP048239.1,270514,375
CP048239.1,270565,17
CP048239.1,270613,89
CP048239.1,270670,3
CP048239.1,270680,187
CP048239.1,270735,103
CP048239.1,270738,462
CP048239.1,270756,57
CP048239.1,270763,159
CP048239.1,270776,1
CP048239.1,270778,17
CP048239.1,270826,189
CP048239.1,270833,2
CP048239.1,270858,481
CP048239.1,270883,40
CP048239.1,270899,230
CP048239.1,270920,117
CP048239.1,270935,66
CP048239.1,270992,1
CP048239.1,271017,130
CP048239.1,271024,113
CP048239.1,271031,7
CP048239.1,271052,35
CP048239.1,271054,1
CP048239.1,271061,1
CP048239.1,271143,498
CP048239.1,271197,219
CP048239.1,271246,163
CP048239.1,271249,4
CP048239.1,271250,364
CP048239.1,271253,25
CP048239.1,271257,1
CP048239.1,271259,1
CP048239.1,271280,614
CP048239.1,271287,1
CP048239.1,271362,48
CP048239.1,271363,635
CP048239.1,271370,62
CP048239.1,271373,209
CP048239.1,271422,604
CP048239.1,271429,238
CP048239.1,271445,890
CP048239.1,271452,221
CP048239.1,271497,49
CP048239.1,271599,363
CP048239.1,271606,458
CP048239.1,271626,58
CP048239.1,271683,1
CP048239.1,271703,214
CP048239.1,271716,44
CP048239.1,271771,143
CP048239.1,271930,1
CP048239.1,272268,248
CP048239.1,272966,3241
CP048239.1,273009,45
CP048239.1,273084,1
CP048239.1,273130,1
CP048239.1,273186,240
CP048239.1,273330,1054
CP048239.1,273442,38
CP048239.1,274468,454
CP048239.1,275013,1
CP048239.1,275234,181
CP048239.1,275245,83
CP048239.1,275253,1
CP048239.1,275287,65
CP048239.1,275365,721
CP048239.1,275370,943
CP048239.1,275377,48
CP048239.1,275392,463
CP048239.1,275396,542
CP048239.1,275456,739
CP048239.1,275461,675
CP048239.1,275485,79
CP048239.1,275507,425
CP048239.1,275531,195
CP048239.1,275600,765
CP048239.1,275607,676
CP048239.1,275804,953
CP048239.1,275996,443
CP048239.1,275999,411
CP048239.1,276018,256
CP048239.1,276121,479
CP048239.1,276127,4
CP048239.1,276150,176
CP048239.1,276178,569
CP048239.1,277219,4132
CP048239.1,277332,1
CP048239.1,277372,2639
CP048239.1,277560,1
CP048239.1,277627,468
CP048239.1,278815,35
CP048239.1,279601,32
CP048239.1,280130,194
CP048239.1,280132,70
CP048239.1,280134,1
CP048239.1,280137,306
CP048239.1,280159,175
CP048239.1,280164,1
CP048239.1,280223,338
CP048239.1,280250,1
CP048239.1,280263,786
CP048239.1,280270,187
CP048239.1,280299,17
CP048239.1,280341,983
CP048239.1,280449,15
CP048239.1,280476,1122
CP048239.1,280493,75
CP048239.1,280521,2
CP048239.1,280567,545
CP048239.1,280612,72
CP048239.1,280667,779
CP048239.1,280692,388
CP048239.1,280778,526
CP048239.1,280979,570
CP048239.1,280986,97
CP048239.1,281223,503
CP048239.1,281230,2
CP048239.1,281349,588
CP048239.1,281356,148
CP048239.1,281360,226
CP048239.1,281367,651
CP048239.1,281418,11
CP048239.1,281841,107
CP048239.1,281842,97
CP048239.1,281998,484
CP048239.1,282095,222
CP048239.1,282323,45
CP048239.1,282403,1
CP048239.1,282442,119
CP048239.1,282445,1
CP048239.1,282449,1338
CP048239.1,282539,1
CP048239.1,282587,152
CP048239.1,282594,1303
CP048239.1,282639,282
CP048239.1,282655,17
CP048239.1,282679,432
CP048239.1,282689,10
CP048239.1,282692,4
CP048239.1,282696,6
CP048239.1,282712,1
CP048239.1,282731,868
CP048239.1,282738,926
CP048239.1,282751,719
CP048239.1,282855,2024
CP048239.1,282886,80
CP048239.1,282926,58
CP048239.1,283022,173
CP048239.1,283037,29
CP048239.1,283038,108
CP048239.1,283081,123
CP048239.1,285741,9
CP048239.1,285978,8
CP048239.1,286005,4
CP048239.1,286200,794
CP048239.1,287670,327
CP048239.1,288684,397
CP048239.1,289414,205
CP048239.1,289516,1
CP048239.1,289684,13
CP048239.1,290010,133
CP048239.1,290022,57
CP048239.1,290233,337
CP048239.1,290971,21
CP048239.1,291730,10
CP048239.1,293029,2
CP048239.1,293915,51
CP048239.1,294459,239
CP048239.1,294498,1
CP048239.1,294502,576
CP048239.1,294949,32
CP048239.1,295289,69
CP048239.1,295805,44
CP048239.1,295806,1072
CP048239.1,295989,535
CP048239.1,296020,3148
CP048239.1,296027,6450
CP048239.1,296102,917
CP048239.1,296128,851
CP048239.1,296189,348
CP048239.1,296196,555
CP048239.1,296293,131
CP048239.1,296295,432
CP048239.1,296327,10
CP048239.1,296335,614
CP048239.1,296347,1211
CP048239.1,296354,332
CP048239.1,296393,265
CP048239.1,296425,1457
CP048239.1,296428,2377
CP048239.1,296435,2742
CP048239.1,296448,787
CP048239.1,296455,14
CP048239.1,296461,535
CP048239.1,296482,1
CP048239.1,296484,953
CP048239.1,296486,2111
CP048239.1,296488,811
CP048239.1,296492,1
CP048239.1,296494,705
CP048239.1,296495,2
CP048239.1,296496,3014
CP048239.1,296502,1755
CP048239.1,296535,802
CP048239.1,296552,17
CP048239.1,296847,8
CP048239.1,296903,1052
CP048239.1,297592,8
CP048239.1,297811,1
CP048239.1,297834,475
CP048239.1,297999,958
CP048239.1,298006,1539
CP048239.1,298074,236
CP048239.1,298747,537
CP048239.1,298805,80
CP048239.1,298845,229
CP048239.1,298870,1
CP048239.1,299955,787
CP048239.1,300069,1
CP048239.1,300173,517
CP048239.1,300221,745
CP048239.1,300557,44
CP048239.1,300578,548
CP048239.1,300711,746
CP048239.1,301124,300
CP048239.1,301232,1367
CP048239.1,301239,118
CP048239.1,301266,114
CP048239.1,301270,3
CP048239.1,301273,1169
CP048239.1,301321,323
CP048239.1,301623,23
CP048239.1,301795,657
CP048239.1,302134,247
CP048239.1,303577,852
CP048239.1,303584,980
CP048239.1,303664,4
CP048239.1,303671,651
CP048239.1,303674,1
CP048239.1,303696,1
CP048239.1,303747,296
CP048239.1,303754,1
CP048239.1,303783,48
CP048239.1,303790,190
CP048239.1,303907,637
CP048239.1,303976,1376
CP048239.1,304217,206
CP048239.1,304225,744
CP048239.1,304550,1054
CP048239.1,304557,20
CP048239.1,305116,2288
CP048239.1,305287,1099
CP048239.1,305422,14
CP048239.1,305589,566
CP048239.1,305602,1
CP048239.1,305615,725
CP048239.1,305620,451
CP048239.1,305626,8
CP048239.1,305677,8
CP048239.1,305684,733
CP048239.1,305987,341
CP048239.1,306527,47
CP048239.1,306637,517
CP048239.1,306644,340
CP048239.1,306661,37
CP048239.1,306678,105
CP048239.1,306684,72
CP048239.1,306690,273
CP048239.1,306697,981
CP048239.1,306698,19
CP048239.1,306720,10
CP048239.1,306751,3
CP048239.1,306890,34
CP048239.1,306896,4
CP048239.1,306905,1
CP048239.1,306913,4
CP048239.1,307325,1137
CP048239.1,307336,1277
CP048239.1,307485,1041
CP048239.1,307883,2029
CP048239.1,307993,2622
CP048239.1,308202,1
CP048239.1,308325,52
CP048239.1,308897,143
CP048239.1,309278,7
CP048239.1,309341,434
CP048239.1,309498,636
CP048239.1,309801,922
CP048239.1,310155,93
CP048239.1,310179,1
CP048239.1,310205,211
CP048239.1,310212,124
CP048239.1,310232,156
CP048239.1,310239,874
CP048239.1,310263,759
CP048239.1,310296,1185
CP048239.1,311285,83
CP048239.1,311443,13
CP048239.1,312814,1
CP048239.1,313603,788
CP048239.1,313773,1
CP048239.1,313810,361
CP048239.1,313819,1
CP048239.1,313837,5
CP048239.1,313881,982
CP048239.1,313888,349
CP048239.1,314055,738
CP048239.1,314074,529
CP048239.1,314128,1968
CP048239.1,314197,51
CP048239.1,314206,90
CP048239.1,314215,1168
CP048239.1,314365,220
CP048239.1,314412,636
CP048239.1,314533,33
CP048239.1,314536,1314
CP048239.1,314543,265
CP048239.1,315580,598
CP048239.1,315583,1897
CP048239.1,315706,1
CP048239.1,316165,139
CP048239.1,316378,3
CP048239.1,316385,15
CP048239.1,316388,475
CP048239.1,316403,1356
CP048239.1,316412,2
CP048239.1,316436,1
CP048239.1,316459,459
CP048239.1,316539,25
CP048239.1,316544,791
CP048239.1,316606,3558
CP048239.1,316612,16
CP048239.1,316655,351
CP048239.1,316688,379
CP048239.1,316724,547
CP048239.1,316736,153
CP048239.1,316743,187
CP048239.1,316749,938
CP048239.1,316764,1011
CP048239.1,317136,2
CP048239.1,317260,1
CP048239.1,317286,409
CP048239.1,317390,1
CP048239.1,317424,484
CP048239.1,317491,597
CP048239.1,317498,1632
CP048239.1,317895,613
CP048239.1,317908,600
CP048239.1,318096,246
CP048239.1,318109,1
CP048239.1,320011,100
CP048239.1,320205,4
CP048239.1,320386,1
CP048239.1,320431,106
CP048239.1,320496,247
CP048239.1,320605,2016
CP048239.1,320612,4020
CP048239.1,321443,36
CP048239.1,322350,38
CP048239.1,322550,937
CP048239.1,323367,628
CP048239.1,323666,1060
CP048239.1,323705,5
CP048239.1,323735,1
CP048239.1,323766,539
CP048239.1,323825,1
CP048239.1,323922,88
CP048239.1,323923,248
CP048239.1,323977,237
CP048239.1,327421,35
CP048239.1,327503,108
CP048239.1,327504,95
CP048239.1,327537,175
CP048239.1,330595,262
CP048239.1,330727,15
CP048239.1,330778,1034
CP048239.1,330856,745
CP048239.1,330865,589
CP048239.1,330870,49
CP048239.1,330878,1
CP048239.1,330910,509
CP048239.1,330932,1502
CP048239.1,330933,8
CP048239.1,330934,455
CP048239.1,330940,23
CP048239.1,330960,3
CP048239.1,331001,36
CP048239.1,331077,928
CP048239.1,331095,40
CP048239.1,331178,533
CP048239.1,331193,1753
CP048239.1,331200,1340
CP048239.1,331328,27
CP048239.1,331351,229
CP048239.1,331617,441
CP048239.1,331619,99
CP048239.1,331624,803
CP048239.1,331651,77
CP048239.1,331735,1
CP048239.1,331747,339
CP048239.1,331754,481
CP048239.1,331778,331
CP048239.1,331785,96
CP048239.1,331802,4
CP048239.1,332023,772
CP048239.1,332455,971
CP048239.1,333260,485
CP048239.1,333262,780
CP048239.1,333754,370
CP048239.1,333756,129
CP048239.1,333763,468
CP048239.1,335919,366
CP048239.1,335930,327
CP048239.1,335937,38
CP048239.1,336727,207
CP048239.1,338873,37
CP048239.1,339138,1
CP048239.1,340092,13
CP048239.1,340314,650
CP048239.1,340321,37
CP048239.1,340325,403
CP048239.1,340386,525
CP048239.1,340444,1337
CP048239.1,340477,84
CP048239.1,340772,1
CP048239.1,340779,478
CP048239.1,342405,3
CP048239.1,342443,1344
CP048239.1,342795,221
CP048239.1,343138,1
CP048239.1,344121,1
CP048239.1,344125,29
CP048239.1,344128,1
CP048239.1,344196,226
CP048239.1,344766,387
CP048239.1,345171,2
CP048239.1,348254,380
CP048239.1,348519,405
CP048239.1,349971,693
CP048239.1,350391,1
CP048239.1,350561,1687
CP048239.1,350580,67
CP048239.1,350778,139
CP048239.1,350843,185
CP048239.1,351051,1238
CP048239.1,351220,2
CP048239.1,351235,361
CP048239.1,351333,790
CP048239.1,351340,1088
CP048239.1,351379,17
CP048239.1,351385,473
CP048239.1,351413,1229
CP048239.1,351433,218
CP048239.1,351442,5
CP048239.1,351838,15
CP048239.1,352097,1302
CP048239.1,352538,1
CP048239.1,355745,7
CP048239.1,355930,173
CP048239.1,357743,169
CP048239.1,358462,121
CP048239.1,358967,132
CP048239.1,359365,49
CP048239.1,359798,1
CP048239.1,359801,354
CP048239.1,359870,797
CP048239.1,359906,113
CP048239.1,359919,46
CP048239.1,359927,397
CP048239.1,359928,23
CP048239.1,360103,86
CP048239.1,360153,521
CP048239.1,360160,519
CP048239.1,360294,406
CP048239.1,360329,38
CP048239.1,361858,1440
CP048239.1,362006,168
CP048239.1,363324,530
CP048239.1,363914,140
CP048239.1,366868,237
CP048239.1,366872,249
CP048239.1,367195,23
CP048239.1,367408,322
CP048239.1,367738,93
CP048239.1,368092,1
CP048239.1,368463,941
CP048239.1,368599,1
CP048239.1,369134,888
CP048239.1,369299,44
CP048239.1,369300,416
CP048239.1,369484,1
CP048239.1,369631,1136
CP048239.1,369663,680
CP048239.1,369799,787
CP048239.1,369811,732
CP048239.1,370463,1199
CP048239.1,370611,910
CP048239.1,374227,509
CP048239.1,374389,530
CP048239.1,374424,494
CP048239.1,383034,1030
CP048239.1,383133,189
CP048239.1,383140,59
CP048239.1,383182,5
CP048239.1,385155,794
CP048239.1,385157,376
CP048239.1,385244,288
CP048239.1,385251,1005
CP048239.1,386170,1
CP048239.1,386540,69
CP048239.1,386671,38
CP048239.1,386714,637
CP048239.1,389324,2330
CP048239.1,389462,57
CP048239.1,389474,109
CP048239.1,389475,11
CP048239.1,389505,3
CP048239.1,389541,3
CP048239.1,389548,5
CP048239.1,389566,407
CP048239.1,389568,12
CP048239.1,389575,810
CP048239.1,389617,59
CP048239.1,389666,29
CP048239.1,389700,95
CP048239.1,389781,1
CP048239.1,389788,310
CP048239.1,389975,761
CP048239.1,391272,1
CP048239.1,393119,30
CP048239.1,393126,343
CP048239.1,393164,1254
CP048239.1,393192,1
CP048239.1,393227,146
CP048239.1,393254,14
CP048239.1,393283,465
CP048239.1,393286,219
CP048239.1,394084,470
CP048239.1,394314,18
CP048239.1,394421,95
CP048239.1,395117,854
CP048239.1,395563,12
CP048239.1,398574,51
CP048239.1,398804,22
CP048239.1,398867,198
CP048239.1,398874,617
CP048239.1,398905,821
CP048239.1,398977,1
CP048239.1,399030,309
CP048239.1,399130,621
CP048239.1,399319,86
CP048239.1,399356,206
CP048239.1,399380,126
CP048239.1,399528,29
CP048239.1,399531,897
CP048239.1,399608,6
CP048239.1,399689,5
CP048239.1,401838,566
CP048239.1,401995,22
CP048239.1,402663,545
CP048239.1,404576,8
CP048239.1,404583,1026
CP048239.1,404728,1
CP048239.1,404730,710
CP048239.1,404757,104
CP048239.1,404768,107
CP048239.1,404769,1402
CP048239.1,404776,1618
CP048239.1,404947,9
CP048239.1,405011,5
CP048239.1,405148,8
CP048239.1,405235,1338
CP048239.1,405240,58
CP048239.1,405242,437
CP048239.1,405359,840
CP048239.1,405378,72
CP048239.1,405388,357
CP048239.1,405393,619
CP048239.1,405457,112
CP048239.1,405585,2043
CP048239.1,405710,231
CP048239.1,406043,2
CP048239.1,406050,279
CP048239.1,406823,75
CP048239.1,407043,172
CP048239.1,407325,2
CP048239.1,407580,1291
CP048239.1,407854,1
CP048239.1,407881,195
CP048239.1,407980,1
CP048239.1,408022,53
CP048239.1,408294,41
CP048239.1,408306,170
CP048239.1,408339,130
CP048239.1,409321,98
CP048239.1,409572,1
CP048239.1,409686,18
CP048239.1,409720,1
CP048239.1,409722,330
CP048239.1,409727,47
CP048239.1,409735,1459
CP048239.1,409738,604
CP048239.1,410027,628
CP048239.1,412010,9
CP048239.1,412324,3
CP048239.1,412326,36
CP048239.1,412397,466
CP048239.1,412399,1850
CP048239.1,412404,125
CP048239.1,412406,91
CP048239.1,412445,732
CP048239.1,412461,200
CP048239.1,412462,23
CP048239.1,412483,1686
CP048239.1,412490,1595
CP048239.1,412496,2868
CP048239.1,412503,252
CP048239.1,412525,6610
CP048239.1,412532,366
CP048239.1,412605,1
CP048239.1,412612,933
CP048239.1,412674,15
CP048239.1,413463,862
CP048239.1,413562,235
CP048239.1,413767,939
CP048239.1,414053,9
CP048239.1,414422,1
CP048239.1,415182,3
CP048239.1,415708,12
CP048239.1,415756,303
CP048239.1,415760,215
CP048239.1,415934,531
CP048239.1,415988,23
CP048239.1,416006,160
CP048239.1,416040,212
CP048239.1,416105,410
CP048239.1,416112,355
CP048239.1,416173,266
CP048239.1,416197,193
CP048239.1,416201,450
CP048239.1,416208,2572
CP048239.1,416225,755
CP048239.1,416240,1
CP048239.1,416302,1736
CP048239.1,416309,687
CP048239.1,416376,812
CP048239.1,416993,720
CP048239.1,417000,1363
CP048239.1,417019,31
CP048239.1,417163,4
CP048239.1,418566,650
CP048239.1,419144,280
CP048239.1,419316,721
CP048239.1,419351,1278
CP048239.1,419383,87
CP048239.1,419410,133
CP048239.1,420440,1
CP048239.1,420671,1
CP048239.1,420845,219
CP048239.1,420852,126
CP048239.1,420885,588
CP048239.1,421565,31
CP048239.1,422134,1
CP048239.1,422206,1
CP048239.1,422749,252
CP048239.1,423058,513
CP048239.1,423060,217
CP048239.1,423065,395
CP048239.1,423145,54
CP048239.1,423208,673
CP048239.1,423215,12
CP048239.1,423253,190
CP048239.1,423262,1
CP048239.1,423295,1
CP048239.1,423326,255
CP048239.1,423475,42
CP048239.1,423482,27
CP048239.1,423574,212
CP048239.1,423762,33
CP048239.1,423926,1
CP048239.1,423998,1
CP048239.1,424000,193
CP048239.1,424002,330
CP048239.1,424196,6
CP048239.1,424249,285
CP048239.1,424982,142
CP048239.1,425979,3
CP048239.1,426327,2
CP048239.1,426670,1
CP048239.1,426858,1
CP048239.1,426861,1525
CP048239.1,426868,235
CP048239.1,426869,115
CP048239.1,426874,1005
CP048239.1,426881,549
CP048239.1,426903,490
CP048239.1,426920,722
CP048239.1,426948,46
CP048239.1,426963,496
CP048239.1,427072,212
CP048239.1,427368,68
CP048239.1,430197,59
CP048239.1,430566,1280
CP048239.1,431004,802
CP048239.1,431705,140
CP048239.1,431923,1230
CP048239.1,432094,1
CP048239.1,432506,272
CP048239.1,433304,318
CP048239.1,433471,60
CP048239.1,433948,1
CP048239.1,434550,476
CP048239.1,434768,1
CP048239.1,434783,4
CP048239.1,434790,576
CP048239.1,434864,491
CP048239.1,437632,68
CP048239.1,437705,964
CP048239.1,437714,358
CP048239.1,441084,14
CP048239.1,441505,1
CP048239.1,444821,120
CP048239.1,444868,4
CP048239.1,444906,2
CP048239.1,445020,718
CP048239.1,445119,8
CP048239.1,445249,2
CP048239.1,445847,731
CP048239.1,445866,357
CP048239.1,445969,9
CP048239.1,446053,221
CP048239.1,446065,284
CP048239.1,446196,293
CP048239.1,446202,1132
CP048239.1,446203,585
CP048239.1,446207,105
CP048239.1,446212,666
CP048239.1,446243,1
CP048239.1,446276,144
CP048239.1,446329,12
CP048239.1,446336,703
CP048239.1,446364,319
CP048239.1,446367,67
CP048239.1,446371,482
CP048239.1,446406,100
CP048239.1,446431,839
CP048239.1,446456,752
CP048239.1,446487,91
CP048239.1,446568,495
CP048239.1,446596,286
CP048239.1,446759,18
CP048239.1,447185,251
CP048239.1,447227,135
CP048239.1,447776,174
CP048239.1,448138,16
CP048239.1,449942,24
CP048239.1,450714,1
CP048239.1,450731,239
CP048239.1,454346,2
CP048239.1,454858,66
CP048239.1,455866,57
CP048239.1,456320,987
CP048239.1,456704,37
CP048239.1,459298,1
CP048239.1,461593,647
CP048239.1,461799,900
CP048239.1,462068,2
CP048239.1,462110,21
CP048239.1,466745,66
CP048239.1,466752,509
CP048239.1,467082,486
CP048239.1,467550,805
CP048239.1,468752,20
CP048239.1,469289,598
CP048239.1,469296,99
CP048239.1,471126,169
CP048239.1,471373,4
CP048239.1,471384,738
CP048239.1,471398,4
CP048239.1,472060,548
CP048239.1,472075,1
CP048239.1,478582,130
CP048239.1,479844,61
CP048239.1,480559,17
CP048239.1,481195,64
CP048239.1,481449,733
CP048239.1,481916,478
CP048239.1,482488,127
CP048239.1,483175,1
CP048239.1,483342,189
CP048239.1,483501,216
CP048239.1,484107,81
CP048239.1,485931,933
CP048239.1,486099,466
CP048239.1,486209,309
CP048239.1,486260,54
CP048239.1,486278,473
CP048239.1,486285,319
CP048239.1,486574,38
CP048239.1,486594,58
CP048239.1,486678,101
CP048239.1,486689,197
CP048239.1,486696,494
CP048239.1,486710,80
CP048239.1,486757,177
CP048239.1,486775,1081
CP048239.1,486782,1
CP048239.1,486866,419
CP048239.1,487410,104
CP048239.1,487484,33
CP048239.1,489439,25
CP048239.1,490204,9
CP048239.1,490218,7
CP048239.1,490220,17
CP048239.1,490222,1
CP048239.1,490231,5
CP048239.1,490233,11
CP048239.1,494116,24
CP048239.1,496553,278
CP048239.1,496619,116
CP048239.1,496681,21
CP048239.1,496682,1
CP048239.1,496706,49
CP048239.1,496710,131
CP048239.1,496785,622
CP048239.1,496792,281
CP048239.1,496801,134
CP048239.1,497177,808
CP048239.1,497184,315
CP048239.1,501385,862
CP048239.1,501952,1529
CP048239.1,502206,526
CP048239.1,502215,1349
CP048239.1,502246,933
CP048239.1,502564,1020
CP048239.1,502732,3
CP048239.1,505310,1
CP048239.1,508831,556
CP048239.1,509082,994
CP048239.1,509770,675
CP048239.1,510291,1751
CP048239.1,510475,738
CP048239.1,510556,125
CP048239.1,510560,841
CP048239.1,510567,528
CP048239.1,510574,819
CP048239.1,510606,8
CP048239.1,510613,316
CP048239.1,510645,477
CP048239.1,510654,76
CP048239.1,510665,50
CP048239.1,510702,17
CP048239.1,510867,146
CP048239.1,534482,964
CP048239.1,534507,1
CP048239.1,534976,115
CP048239.1,538123,242
CP048239.1,539923,287
CP048239.1,540659,2
CP048239.1,542077,422
CP048239.1,542084,315
CP048239.1,542123,255
CP048239.1,542132,30
CP048239.1,544762,398
CP048239.1,544764,348
CP048239.1,547510,643
CP048239.1,548069,1
CP048239.1,550752,399
CP048239.1,550943,51
CP048239.1,551423,567
CP048239.1,551491,39
CP048239.1,551511,418
CP048239.1,552891,208
CP048239.1,553357,182
CP048239.1,553442,14
CP048239.1,553463,1
CP048239.1,553548,23
CP048239.1,553589,119
CP048239.1,553987,1
CP048239.1,553998,1
CP048239.1,555897,748
CP048239.1,557482,4
CP048239.1,557630,653
CP048239.1,559982,704
CP048239.1,560005,1166
CP048239.1,560012,105
CP048239.1,561492,117
CP048239.1,563295,1
CP048239.1,563302,31
CP048239.1,566980,729
CP048239.1,567084,10
CP048239.1,573597,1
CP048239.1,574417,377
CP048239.1,574537,257
CP048239.1,579201,424
CP048239.1,589839,623
CP048239.1,593051,30
CP048239.1,593274,47
CP048239.1,593994,307
CP048239.1,594001,305
CP048239.1,594328,326
CP048239.1,594335,1
CP048239.1,594377,549
CP048239.1,594514,1
CP048239.1,595196,2
CP048239.1,596388,1
CP048239.1,596395,192
CP048239.1,596397,490
CP048239.1,596549,427
CP048239.1,596702,76
CP048239.1,596803,2
CP048239.1,596853,1030
CP048239.1,596887,28
CP048239.1,597076,42
CP048239.1,597110,1802
CP048239.1,597501,1
CP048239.1,597534,128
CP048239.1,597874,184
CP048239.1,598349,458
CP048239.1,598467,134
CP048239.1,598482,1817
CP048239.1,598485,259
CP048239.1,598721,395
CP048239.1,599343,7
CP048239.1,600180,489
CP048239.1,600187,65
CP048239.1,600252,224
CP048239.1,601156,16
CP048239.1,601854,28
CP048239.1,602211,527
CP048239.1,602243,46
CP048239.1,602300,1
CP048239.1,602310,638
CP048239.1,602769,371
CP048239.1,602774,499
CP048239.1,602777,873
CP048239.1,602844,4
CP048239.1,602845,864
CP048239.1,602851,160
CP048239.1,602852,119
CP048239.1,602859,810
CP048239.1,602866,416
CP048239.1,602888,61
CP048239.1,602895,87
CP048239.1,602902,110
CP048239.1,602908,834
CP048239.1,602909,943
CP048239.1,602915,1313
CP048239.1,603091,2
CP048239.1,603221,1380
CP048239.1,603274,326
CP048239.1,604228,56
CP048239.1,604235,2179
CP048239.1,605936,2
CP048239.1,605943,215
CP048239.1,606009,321
CP048239.1,606013,241
CP048239.1,607565,129
CP048239.1,607572,515
CP048239.1,607576,56
CP048239.1,608452,248
CP048239.1,608725,646
CP048239.1,609051,6
CP048239.1,609504,1
CP048239.1,610301,14
CP048239.1,610510,967
CP048239.1,610548,1383
CP048239.1,610632,771
CP048239.1,610639,298
CP048239.1,610788,54
CP048239.1,610923,10
CP048239.1,610924,7
CP048239.1,610925,8
CP048239.1,610932,7
CP048239.1,610934,684
CP048239.1,611039,8
CP048239.1,611054,5
CP048239.1,611268,129
CP048239.1,611378,473
CP048239.1,612582,1
CP048239.1,612623,1
CP048239.1,612626,1
CP048239.1,612925,223
CP048239.1,613117,24
CP048239.1,613126,248
CP048239.1,613160,71
CP048239.1,613324,675
CP048239.1,613444,23
CP048239.1,613747,187
CP048239.1,613755,244
CP048239.1,613993,654
CP048239.1,613997,1572
CP048239.1,614004,2110
CP048239.1,614006,2133
CP048239.1,614026,73
CP048239.1,614060,234
CP048239.1,614216,55
CP048239.1,614223,1039
CP048239.1,614477,134
CP048239.1,614551,7
CP048239.1,614580,101
CP048239.1,614587,408
CP048239.1,614605,134
CP048239.1,614709,347
CP048239.1,621552,405
CP048239.1,621606,347
CP048239.1,621628,508
CP048239.1,621630,701
CP048239.1,621635,448
CP048239.1,621643,12
CP048239.1,623678,238
CP048239.1,624297,1
CP048239.1,624299,1
CP048239.1,624306,150
CP048239.1,625701,789
CP048239.1,625955,832
CP048239.1,625962,1819
CP048239.1,625966,1
CP048239.1,626018,121
CP048239.1,626270,594
CP048239.1,628246,875
CP048239.1,628247,190
CP048239.1,628254,114
CP048239.1,628261,144
CP048239.1,628262,90
CP048239.1,628301,495
CP048239.1,628379,378
CP048239.1,628508,22
CP048239.1,628665,494
CP048239.1,629638,149
CP048239.1,631688,1
CP048239.1,637211,6
CP048239.1,637247,2
CP048239.1,637319,9
CP048239.1,637504,331
CP048239.1,637865,45
CP048239.1,638083,151
CP048239.1,640053,1043
CP048239.1,640143,486
CP048239.1,641414,2
CP048239.1,642622,28
CP048239.1,642677,2
CP048239.1,642710,912
CP048239.1,644863,104
CP048239.1,644870,23
CP048239.1,644894,18
CP048239.1,645001,1079
CP048239.1,645004,1
CP048239.1,645008,418
CP048239.1,645565,57
CP048239.1,646614,80
CP048239.1,647146,30
CP048239.1,648772,422
CP048239.1,648806,329
CP048239.1,648813,46
CP048239.1,649146,378
CP048239.1,649174,6
CP048239.1,649282,79
CP048239.1,649287,895
CP048239.1,650216,52
CP048239.1,650300,140
CP048239.1,650331,987
CP048239.1,650336,528
CP048239.1,650352,191
CP048239.1,650371,1
CP048239.1,650378,188
CP048239.1,650393,9
CP048239.1,650405,1
CP048239.1,650447,232
CP048239.1,650493,1
CP048239.1,650585,5
CP048239.1,650593,575
CP048239.1,650638,562
CP048239.1,650771,630
CP048239.1,650787,134
CP048239.1,651007,7
CP048239.1,651044,471
CP048239.1,651088,5
CP048239.1,651116,7
CP048239.1,651131,604
CP048239.1,651163,209
CP048239.1,651170,518
CP048239.1,651204,9
CP048239.1,651260,313
CP048239.1,651456,84
CP048239.1,651565,125
CP048239.1,651611,52
CP048239.1,652473,206
CP048239.1,652737,162
CP048239.1,652800,279
CP048239.1,652979,53
CP048239.1,652993,700
CP048239.1,653000,159
CP048239.1,653069,319
CP048239.1,653227,115
CP048239.1,653723,40
CP048239.1,653787,41
CP048239.1,654012,771
CP048239.1,654013,1
CP048239.1,654126,10
CP048239.1,654133,33
CP048239.1,654182,144
CP048239.1,654189,266
CP048239.1,657733,2
CP048239.1,658876,929
CP048239.1,659836,754
CP048239.1,659876,488
CP048239.1,660724,421
CP048239.1,661695,47
CP048239.1,661697,91
CP048239.1,661705,529
CP048239.1,661706,9
CP048239.1,661708,114
CP048239.1,661712,394
CP048239.1,661738,238
CP048239.1,661745,463
CP048239.1,661798,689
CP048239.1,661810,276
CP048239.1,661837,402
CP048239.1,663047,185
CP048239.1,664738,21
CP048239.1,664745,402
CP048239.1,664835,319
CP048239.1,664889,94
CP048239.1,671095,255
CP048239.1,671099,36
CP048239.1,671104,36
CP048239.1,671143,18
CP048239.1,671150,170
CP048239.1,673968,76
CP048239.1,674709,325
CP048239.1,675471,441
CP048239.1,676139,33
CP048239.1,676551,17
CP048239.1,676843,719
CP048239.1,677452,59
CP048239.1,677462,40
CP048239.1,677566,482
CP048239.1,677610,1188
CP048239.1,677753,74
CP048239.1,677981,3
CP048239.1,678242,557
CP048239.1,678552,13
CP048239.1,679349,16
CP048239.1,679951,143
CP048239.1,680403,84
CP048239.1,680812,1
CP048239.1,683223,12
CP048239.1,683524,409
CP048239.1,683742,224
CP048239.1,683744,218
CP048239.1,683749,399
CP048239.1,683751,152
CP048239.1,683908,402
CP048239.1,683920,966
CP048239.1,683927,6
CP048239.1,683969,294
CP048239.1,683992,316
CP048239.1,683999,43
CP048239.1,684075,2
CP048239.1,684592,444
CP048239.1,684700,127
CP048239.1,684734,7
CP048239.1,686110,130
CP048239.1,687277,862
CP048239.1,687479,2
CP048239.1,689435,57
CP048239.1,689633,337
CP048239.1,692134,317
CP048239.1,695044,235
CP048239.1,695046,1
CP048239.1,696027,1
CP048239.1,696331,729
CP048239.1,696921,135
CP048239.1,696928,5
CP048239.1,697205,29
CP048239.1,697212,1
CP048239.1,697426,544
CP048239.1,697485,11
CP048239.1,697489,83
CP048239.1,700418,565
CP048239.1,701843,11
CP048239.1,701931,161
CP048239.1,701932,62
CP048239.1,703410,1
CP048239.1,704009,729
CP048239.1,704504,196
CP048239.1,705685,2
CP048239.1,707226,213
CP048239.1,707618,50
CP048239.1,707622,460
CP048239.1,707639,2
CP048239.1,707748,149
CP048239.1,708162,420
CP048239.1,710875,350
CP048239.1,711101,5
CP048239.1,714033,1
CP048239.1,714270,144
CP048239.1,714353,11
CP048239.1,714370,430
CP048239.1,714419,46
CP048239.1,714426,247
CP048239.1,714450,368
CP048239.1,714457,904
CP048239.1,714464,659
CP048239.1,714540,1988
CP048239.1,714542,19
CP048239.1,716448,68
CP048239.1,716474,816
CP048239.1,716493,36
CP048239.1,716500,88
CP048239.1,717236,1411
CP048239.1,717305,42
CP048239.1,717307,320
CP048239.1,717384,373
CP048239.1,717405,608
CP048239.1,717468,651
CP048239.1,717589,199
CP048239.1,717593,180
CP048239.1,717630,907
CP048239.1,717652,1854
CP048239.1,717726,1
CP048239.1,717797,577
CP048239.1,718603,1258
CP048239.1,719374,886
CP048239.1,720792,105
CP048239.1,721431,1
CP048239.1,721658,19
CP048239.1,722428,419
CP048239.1,723043,263
CP048239.1,723128,4
CP048239.1,723227,363
CP048239.1,723349,222
CP048239.1,723463,975
CP048239.1,723470,14
CP048239.1,723494,428
CP048239.1,723501,44
CP048239.1,723559,27
CP048239.1,723646,450
CP048239.1,723677,2
CP048239.1,723694,4299
CP048239.1,723718,56
CP048239.1,723753,1252
CP048239.1,723760,726
CP048239.1,723788,67
CP048239.1,723789,1230
CP048239.1,723810,1634
CP048239.1,723817,886
CP048239.1,723818,70
CP048239.1,723819,552
CP048239.1,723848,44
CP048239.1,723860,439
CP048239.1,723867,619
CP048239.1,723876,1183
CP048239.1,724073,1023
CP048239.1,724171,299
CP048239.1,724173,1114
CP048239.1,724178,345
CP048239.1,724216,554
CP048239.1,724250,243
CP048239.1,724290,14
CP048239.1,724308,202
CP048239.1,724951,786
CP048239.1,725329,538
CP048239.1,725858,1
CP048239.1,725867,304
CP048239.1,726942,769
CP048239.1,726949,261
CP048239.1,726967,1329
CP048239.1,727114,760
CP048239.1,727121,392
CP048239.1,727230,761
CP048239.1,727400,7
CP048239.1,727411,856
CP048239.1,727817,1
CP048239.1,728052,977
CP048239.1,728098,315
CP048239.1,728925,231
CP048239.1,728946,379
CP048239.1,729140,352
CP048239.1,730583,247
CP048239.1,730766,528
CP048239.1,731214,241
CP048239.1,733127,89
CP048239.1,733129,1
CP048239.1,733173,439
CP048239.1,733179,15
CP048239.1,733230,2
CP048239.1,733269,13
CP048239.1,733435,554
CP048239.1,733469,38
CP048239.1,733497,63
CP048239.1,733545,390
CP048239.1,733563,619
CP048239.1,733576,14
CP048239.1,733722,26
CP048239.1,733736,447
CP048239.1,733754,774
CP048239.1,733791,1
CP048239.1,733822,140
CP048239.1,733827,3
CP048239.1,733834,24
CP048239.1,733847,461
CP048239.1,733854,521
CP048239.1,735255,142
CP048239.1,735438,344
CP048239.1,736906,1
CP048239.1,736952,335
CP048239.1,736969,1
CP048239.1,738432,8
CP048239.1,738453,86
CP048239.1,739512,59
CP048239.1,739573,1241
CP048239.1,739759,37
CP048239.1,739981,621
CP048239.1,740030,491
CP048239.1,740151,265
CP048239.1,740358,23
CP048239.1,742718,22
CP048239.1,742990,49
CP048239.1,743012,358
CP048239.1,743040,274
CP048239.1,743147,265
CP048239.1,743225,652
CP048239.1,745246,275
CP048239.1,746852,1002
CP048239.1,746859,64
CP048239.1,748789,188
CP048239.1,748988,260
CP048239.1,749665,43
CP048239.1,753675,298
CP048239.1,755811,231
CP048239.1,755901,32
CP048239.1,756005,130
CP048239.1,756148,1
CP048239.1,759161,7
CP048239.1,759389,167
CP048239.1,759457,168
CP048239.1,759464,42
CP048239.1,759492,849
CP048239.1,759616,69
CP048239.1,759618,977
CP048239.1,759848,131
CP048239.1,759860,360
CP048239.1,759910,1618
CP048239.1,759925,91
CP048239.1,759932,3
CP048239.1,760625,105
CP048239.1,760989,671
CP048239.1,766400,633
CP048239.1,766480,3
CP048239.1,766497,255
CP048239.1,766571,271
CP048239.1,766668,116
CP048239.1,766691,27
CP048239.1,766855,129
CP048239.1,766866,20
CP048239.1,767086,1
CP048239.1,767313,120
CP048239.1,767353,8
CP048239.1,767562,360
CP048239.1,767930,408
CP048239.1,768910,469
CP048239.1,768928,117
CP048239.1,768998,12
CP048239.1,769054,431
CP048239.1,769373,594
CP048239.1,769452,1
CP048239.1,769459,194
CP048239.1,769533,24
CP048239.1,769547,25
CP048239.1,769725,196
CP048239.1,769726,228
CP048239.1,770567,13
CP048239.1,770704,496
CP048239.1,770734,25
CP048239.1,770739,814
CP048239.1,770746,112
CP048239.1,773695,5
CP048239.1,773714,38
CP048239.1,774107,68
CP048239.1,774217,588
CP048239.1,776797,801
CP048239.1,776804,777
CP048239.1,776871,689
CP048239.1,777146,828
CP048239.1,777980,1337
CP048239.1,777983,300
CP048239.1,778445,1149
CP048239.1,778628,310
CP048239.1,780614,1
CP048239.1,780685,19
CP048239.1,780908,4
CP048239.1,780963,60
CP048239.1,780968,667
CP048239.1,781008,169
CP048239.1,781025,63
CP048239.1,788292,202
CP048239.1,788733,168
CP048239.1,792031,85
CP048239.1,793047,2
CP048239.1,793144,107
CP048239.1,793152,818
CP048239.1,793172,2
CP048239.1,793199,511
CP048239.1,793214,16
CP048239.1,793219,526
CP048239.1,793243,55
CP048239.1,793368,1
CP048239.1,793370,263
CP048239.1,793409,894
CP048239.1,793416,27
CP048239.1,794908,25
CP048239.1,801421,21
CP048239.1,803052,3
CP048239.1,803643,3
CP048239.1,803650,66
CP048239.1,806643,885
CP048239.1,806694,1
CP048239.1,808408,44
CP048239.1,809434,454
CP048239.1,809473,308
CP048239.1,810632,1
CP048239.1,811124,694
CP048239.1,811137,478
CP048239.1,811225,461
CP048239.1,811680,429
CP048239.1,816798,317
CP048239.1,818999,1
CP048239.1,819389,13
CP048239.1,819629,491
CP048239.1,819653,133
CP048239.1,821682,19
CP048239.1,821683,1
CP048239.1,821684,1
CP048239.1,822462,299
CP048239.1,822570,1
CP048239.1,822577,628
CP048239.1,825346,314
CP048239.1,825422,953
CP048239.1,832503,25
CP048239.1,832692,112
CP048239.1,833978,1
CP048239.1,834097,937
CP048239.1,834807,138
CP048239.1,834858,103
CP048239.1,834865,219
CP048239.1,834877,171
CP048239.1,834946,1
CP048239.1,838221,480
CP048239.1,838222,945
CP048239.1,838229,113
CP048239.1,839478,50
CP048239.1,843283,5
CP048239.1,843381,278
CP048239.1,843410,10
CP048239.1,844071,17
CP048239.1,845903,1
CP048239.1,845964,1
CP048239.1,846055,227
CP048239.1,846172,1209
CP048239.1,846237,35
CP048239.1,846261,848
CP048239.1,846776,1
CP048239.1,846888,346
CP048239.1,846894,3
CP048239.1,846897,94
CP048239.1,846915,187
CP048239.1,847860,14
CP048239.1,847895,484
CP048239.1,848154,153
CP048239.1,849281,31
CP048239.1,849289,124
CP048239.1,849401,268
CP048239.1,849668,1
CP048239.1,855726,8
CP048239.1,855751,35
CP048239.1,859855,1
CP048239.1,862283,217
CP048239.1,862643,13
CP048239.1,862668,228
CP048239.1,862774,200
CP048239.1,862795,275
CP048239.1,863442,5
CP048239.1,863874,659
CP048239.1,864060,495
CP048239.1,864162,4
CP048239.1,865297,429
CP048239.1,865686,409
CP048239.1,866049,136
CP048239.1,866753,513
CP048239.1,866760,2
CP048239.1,866781,355
CP048239.1,866792,41
CP048239.1,866808,50
CP048239.1,866826,217
CP048239.1,866841,102
CP048239.1,866848,352
CP048239.1,866896,6
CP048239.1,866946,341
CP048239.1,867003,1247
CP048239.1,867010,338
CP048239.1,867061,853
CP048239.1,867101,76
CP048239.1,867108,10
CP048239.1,867257,931
CP048239.1,867299,1934
CP048239.1,867308,113
CP048239.1,867368,100
CP048239.1,867386,516
CP048239.1,868228,1
CP048239.1,868244,1
CP048239.1,868795,894
CP048239.1,869047,122
CP048239.1,869069,469
CP048239.1,869173,874
CP048239.1,869184,117
CP048239.1,869326,156
CP048239.1,869641,91
CP048239.1,869812,257
CP048239.1,869898,28
CP048239.1,869990,311
CP048239.1,870558,633
CP048239.1,870933,844
CP048239.1,872879,4
CP048239.1,872944,4
CP048239.1,872949,470
CP048239.1,872992,762
CP048239.1,873026,9
CP048239.1,873028,1
CP048239.1,873042,16
CP048239.1,873106,1
CP048239.1,873114,96
CP048239.1,873319,1
CP048239.1,873343,215
CP048239.1,873546,634
CP048239.1,873587,101
CP048239.1,873620,777
CP048239.1,873645,1053
CP048239.1,873671,505
CP048239.1,873779,450
CP048239.1,873964,181
CP048239.1,874047,138
CP048239.1,874150,202
CP048239.1,875053,35
CP048239.1,878061,6
CP048239.1,878624,726
CP048239.1,879226,1
CP048239.1,879448,156
CP048239.1,879673,593
CP048239.1,879754,1282
CP048239.1,879795,1
CP048239.1,879808,544
CP048239.1,879842,15
CP048239.1,879855,44
CP048239.1,879862,1
CP048239.1,879879,61
CP048239.1,880091,721
CP048239.1,880201,1
CP048239.1,880208,1
CP048239.1,880258,860
CP048239.1,880997,485
CP048239.1,881055,202
CP048239.1,881080,378
CP048239.1,881141,93
CP048239.1,881172,7
CP048239.1,881198,8
CP048239.1,882269,446
CP048239.1,882276,750
CP048239.1,882671,768
CP048239.1,884361,69
CP048239.1,884402,303
CP048239.1,884465,45
CP048239.1,884570,18
CP048239.1,885920,677
CP048239.1,885977,144
CP048239.1,886052,1
CP048239.1,886330,6
CP048239.1,886468,2238
CP048239.1,886475,1069
CP048239.1,886494,1
CP048239.1,886796,1424
CP048239.1,886905,815
CP048239.1,886912,175
CP048239.1,886933,132
CP048239.1,887143,43
CP048239.1,887668,327
CP048239.1,887773,1141
CP048239.1,888010,526
CP048239.1,890232,446
CP048239.1,890526,3
CP048239.1,893680,4
CP048239.1,893749,7
CP048239.1,893834,1
CP048239.1,893872,1061
CP048239.1,894231,1884
CP048239.1,899281,1317
CP048239.1,899313,202
CP048239.1,899412,948
CP048239.1,899421,604
CP048239.1,901611,18
CP048239.1,902193,1
CP048239.1,902596,201
CP048239.1,902643,1085
CP048239.1,902722,2389
CP048239.1,902729,333
CP048239.1,902738,46
CP048239.1,903074,148
CP048239.1,903260,59
CP048239.1,903604,342
CP048239.1,905648,2
CP048239.1,906002,2
CP048239.1,907992,603
CP048239.1,908781,511
CP048239.1,909385,112
CP048239.1,910239,212
CP048239.1,910787,201
CP048239.1,910868,339
CP048239.1,910923,121
CP048239.1,911234,130
CP048239.1,911730,338
CP048239.1,911842,10
CP048239.1,912764,16
CP048239.1,913480,74
CP048239.1,917490,158
CP048239.1,917497,1059
CP048239.1,917569,528
CP048239.1,919446,10
CP048239.1,920499,530
CP048239.1,924020,389
CP048239.1,924705,2
CP048239.1,928696,1
CP048239.1,929094,1151
CP048239.1,929101,3
CP048239.1,929104,1108
CP048239.1,929129,1143
CP048239.1,929649,455
CP048239.1,933332,1
CP048239.1,933484,427
CP048239.1,934200,142
CP048239.1,934529,428
CP048239.1,934683,35
CP048239.1,936095,14
CP048239.1,936365,2068
CP048239.1,936372,177
CP048239.1,936394,92
CP048239.1,938627,313
CP048239.1,941786,278
CP048239.1,941830,43
CP048239.1,942291,28
CP048239.1,942296,1
CP048239.1,942300,746
CP048239.1,942302,17
CP048239.1,942312,368
CP048239.1,942314,1
CP048239.1,942346,111
CP048239.1,942422,59
CP048239.1,942495,1102
CP048239.1,942609,432
CP048239.1,942614,170
CP048239.1,943060,270
CP048239.1,943143,1
CP048239.1,946190,170
CP048239.1,946652,118
CP048239.1,947466,60
CP048239.1,947571,597
CP048239.1,947715,2
CP048239.1,947722,368
CP048239.1,947774,110
CP048239.1,947781,38
CP048239.1,947793,1
CP048239.1,952644,674
CP048239.1,952654,207
CP048239.1,952789,657
CP048239.1,953260,139
CP048239.1,953267,120
CP048239.1,953295,7
CP048239.1,953440,222
CP048239.1,953447,282
CP048239.1,953463,27
CP048239.1,953465,43
CP048239.1,953474,388
CP048239.1,953513,344
CP048239.1,953830,505
CP048239.1,953870,379
CP048239.1,953875,5
CP048239.1,953877,11
CP048239.1,955016,1112
CP048239.1,955184,1745
CP048239.1,955329,51
CP048239.1,955334,1
CP048239.1,955542,23
CP048239.1,955718,1
CP048239.1,955732,272
CP048239.1,955739,489
CP048239.1,955930,348
CP048239.1,955953,1
CP048239.1,956171,1
CP048239.1,956287,400
CP048239.1,956434,1
CP048239.1,956508,712
CP048239.1,956567,94
CP048239.1,956955,170
CP048239.1,957038,123
CP048239.1,957040,68
CP048239.1,957047,259
CP048239.1,957594,143
CP048239.1,957705,1
CP048239.1,957732,57
CP048239.1,957739,130
CP048239.1,958106,62
CP048239.1,959470,955
CP048239.1,959519,62
CP048239.1,960273,683
CP048239.1,960417,258
CP048239.1,961276,809
CP048239.1,961628,639
CP048239.1,961692,1
CP048239.1,961699,141
CP048239.1,961723,277
CP048239.1,961994,4
CP048239.1,965347,154
CP048239.1,965642,133
CP048239.1,965965,436
CP048239.1,965990,276
CP048239.1,966012,781
CP048239.1,966021,751
CP048239.1,966028,959
CP048239.1,966242,1
CP048239.1,966834,91
CP048239.1,967035,5
CP048239.1,967389,267
CP048239.1,968385,562
CP048239.1,970960,528
CP048239.1,971210,12
CP048239.1,971279,272
CP048239.1,976700,95
CP048239.1,982375,88
CP048239.1,983243,1
CP048239.1,985704,455
CP048239.1,988633,47
CP048239.1,988670,72
CP048239.1,988681,36
CP048239.1,989660,60
CP048239.1,989775,9
CP048239.1,990167,302
CP048239.1,990282,96
CP048239.1,993587,208
CP048239.1,993592,1079
CP048239.1,993744,772
CP048239.1,993823,2484
CP048239.1,993885,1814
CP048239.1,993915,2134
CP048239.1,993929,2206
CP048239.1,993992,382
CP048239.1,994031,878
CP048239.1,994038,3
CP048239.1,994040,5098
CP048239.1,994042,1
CP048239.1,994083,4
CP048239.1,994161,10324
CP048239.1,996271,344
CP048239.1,996302,7
CP048239.1,997272,305
CP048239.1,997528,245
CP048239.1,998979,17
CP048239.1,999641,219
CP048239.1,999711,353
CP048239.1,999799,267
CP048239.1,999822,169
CP048239.1,999884,1
CP048239.1,999889,491
CP048239.1,999901,8
CP048239.1,1000477,67
CP048239.1,1001101,197
CP048239.1,1001725,699
CP048239.1,1003731,2
CP048239.1,1003796,376
CP048239.1,1003817,1047
CP048239.1,1003825,16
CP048239.1,1003833,64
CP048239.1,1004505,125
CP048239.1,1005945,16
CP048239.1,1006470,1155
CP048239.1,1008930,1
CP048239.1,1008932,474
CP048239.1,1009024,7
CP048239.1,1009040,222
CP048239.1,1009091,5
CP048239.1,1009098,296
CP048239.1,1009110,1
CP048239.1,1009218,240
CP048239.1,1009225,309
CP048239.1,1009269,334
CP048239.1,1009304,22
CP048239.1,1010335,40
CP048239.1,1010665,22
CP048239.1,1010771,21
CP048239.1,1010787,29
CP048239.1,1010831,249
CP048239.1,1010930,95
CP048239.1,1010997,49
CP048239.1,1011209,609
CP048239.1,1011234,1
CP048239.1,1011467,1
CP048239.1,1011474,96
CP048239.1,1011551,1
CP048239.1,1012818,1
CP048239.1,1012877,533
CP048239.1,1015886,633
CP048239.1,1015895,260
CP048239.1,1015901,71
CP048239.1,1015929,1136
CP048239.1,1016114,909
CP048239.1,1016121,921
CP048239.1,1019833,1580
CP048239.1,1019854,338
CP048239.1,1019855,1
CP048239.1,1019857,9
CP048239.1,1020552,310
CP048239.1,1020559,444
CP048239.1,1021085,1973
CP048239.1,1021092,161
CP048239.1,1021206,2
CP048239.1,1021238,3041
CP048239.1,1021581,1
CP048239.1,1021606,118
CP048239.1,1029030,13
CP048239.1,1029031,14
CP048239.1,1029596,64
CP048239.1,1029607,180
CP048239.1,1029658,1157
CP048239.1,1029665,2338
CP048239.1,1029673,14
CP048239.1,1029731,1115
CP048239.1,1029777,21
CP048239.1,1029802,58
CP048239.1,1029804,870
CP048239.1,1029842,357
CP048239.1,1029964,1
CP048239.1,1029970,2900
CP048239.1,1030563,711
CP048239.1,1033796,48
CP048239.1,1033902,708
CP048239.1,1034124,15
CP048239.1,1034226,244
CP048239.1,1034233,33
CP048239.1,1034250,1095
CP048239.1,1034252,1485
CP048239.1,1034298,339
CP048239.1,1034327,1032
CP048239.1,1037126,147
CP048239.1,1037459,501
CP048239.1,1039535,47
CP048239.1,1039542,194
CP048239.1,1039610,351
CP048239.1,1039614,1826
CP048239.1,1039626,85
CP048239.1,1039785,15
CP048239.1,1040761,76
CP048239.1,1040816,351
CP048239.1,1040823,422
CP048239.1,1042629,2
CP048239.1,1043977,228
CP048239.1,1046835,166
CP048239.1,1047342,54
CP048239.1,1047854,6
CP048239.1,1048003,2179
CP048239.1,1048499,11
CP048239.1,1049047,448
CP048239.1,1049198,1856
CP048239.1,1049205,148
CP048239.1,1049209,1347
CP048239.1,1049235,23
CP048239.1,1049236,178
CP048239.1,1049294,743
CP048239.1,1049420,152
CP048239.1,1050617,1
CP048239.1,1050702,248
CP048239.1,1050961,232
CP048239.1,1050964,425
CP048239.1,1051024,266
CP048239.1,1051174,176
CP048239.1,1053535,119
CP048239.1,1053543,9
CP048239.1,1054542,1
CP048239.1,1055122,1396
CP048239.1,1056809,7
CP048239.1,1056915,349
CP048239.1,1057537,6
CP048239.1,1058392,1
CP048239.1,1061591,40
CP048239.1,1061690,428
CP048239.1,1061786,112
CP048239.1,1061858,1
CP048239.1,1062202,650
CP048239.1,1062470,1
CP048239.1,1062477,567
CP048239.1,1062511,680
CP048239.1,1062551,1995
CP048239.1,1062879,2
CP048239.1,1063063,31
CP048239.1,1063070,1093
CP048239.1,1063146,1
CP048239.1,1063521,1247
CP048239.1,1063529,692
CP048239.1,1063536,294
CP048239.1,1067880,356
CP048239.1,1067899,767
CP048239.1,1067902,292
CP048239.1,1067930,12
CP048239.1,1068008,695
CP048239.1,1068014,78
CP048239.1,1068106,960
CP048239.1,1068141,1
CP048239.1,1069265,31
CP048239.1,1073863,61
CP048239.1,1077068,441
CP048239.1,1078769,19
CP048239.1,1079715,92
CP048239.1,1080478,3
CP048239.1,1080528,105
CP048239.1,1080541,23
CP048239.1,1080757,475
CP048239.1,1080768,38
CP048239.1,1081100,225
CP048239.1,1086419,8
CP048239.1,1087027,77
CP048239.1,1088217,279
CP048239.1,1088340,30
CP048239.1,1088432,253
CP048239.1,1089404,472
CP048239.1,1092064,6
CP048239.1,1092622,54
CP048239.1,1094085,133
CP048239.1,1095685,30
CP048239.1,1095968,24
CP048239.1,1096507,10
CP048239.1,1099426,244
CP048239.1,1100432,3
CP048239.1,1100824,1575
CP048239.1,1101044,12
CP048239.1,1101185,791
CP048239.1,1101666,3
CP048239.1,1108051,521
CP048239.1,1108101,1
CP048239.1,1108241,473
CP048239.1,1109555,31
CP048239.1,1110682,18
CP048239.1,1110896,58
CP048239.1,1111201,21
CP048239.1,1111313,374
CP048239.1,1111658,578
CP048239.1,1111686,679
CP048239.1,1111730,221
CP048239.1,1111862,2
CP048239.1,1112048,1
CP048239.1,1117795,355
CP048239.1,1118016,58
CP048239.1,1118997,55
CP048239.1,1119078,131
CP048239.1,1119085,118
CP048239.1,1121495,91
CP048239.1,1122153,2
CP048239.1,1122350,84
CP048239.1,1124024,13
CP048239.1,1124027,1
CP048239.1,1124091,1790
CP048239.1,1124098,745
CP048239.1,1124126,590
CP048239.1,1124295,1692
CP048239.1,1124342,1
CP048239.1,1124378,1
CP048239.1,1124385,131
CP048239.1,1124403,382
CP048239.1,1124408,8
CP048239.1,1124490,1591
CP048239.1,1124538,948
CP048239.1,1124693,1
CP048239.1,1125811,17
CP048239.1,1125841,362
CP048239.1,1125877,3
CP048239.1,1125957,24
CP048239.1,1127559,651
CP048239.1,1127760,2
CP048239.1,1128059,1279
CP048239.1,1128075,138
CP048239.1,1128501,18
CP048239.1,1128669,41
CP048239.1,1131129,5
CP048239.1,1132460,232
CP048239.1,1133725,1413
CP048239.1,1133802,222
CP048239.1,1133888,1138
CP048239.1,1133957,23
CP048239.1,1133993,108
CP048239.1,1134126,622
CP048239.1,1134360,24
CP048239.1,1134377,598
CP048239.1,1134402,80
CP048239.1,1134445,1
CP048239.1,1134872,350
CP048239.1,1134908,48
CP048239.1,1134915,160
CP048239.1,1135008,234
CP048239.1,1135113,1
CP048239.1,1135204,1
CP048239.1,1135411,286
CP048239.1,1136675,327
CP048239.1,1140213,2
CP048239.1,1140215,13
CP048239.1,1140430,495
CP048239.1,1140894,231
CP048239.1,1141987,1
CP048239.1,1142122,134
CP048239.1,1142249,69
CP048239.1,1142686,57
CP048239.1,1142856,409
CP048239.1,1143567,125
CP048239.1,1146763,169
CP048239.1,1146823,1352
CP048239.1,1146830,425
CP048239.1,1147106,1
CP048239.1,1147113,101
CP048239.1,1147687,1
CP048239.1,1149936,197
CP048239.1,1152089,134
CP048239.1,1152569,658
CP048239.1,1153171,15
CP048239.1,1153933,356
CP048239.1,1154077,5
CP048239.1,1154411,1020
CP048239.1,1154423,19
CP048239.1,1154876,1175
CP048239.1,1155726,126
CP048239.1,1155752,1
CP048239.1,1155770,728
CP048239.1,1155869,11
CP048239.1,1159828,172
CP048239.1,1159933,43
CP048239.1,1159985,198
CP048239.1,1160313,1
CP048239.1,1160395,19
CP048239.1,1162196,69
CP048239.1,1162203,1364
CP048239.1,1162217,121
CP048239.1,1162282,317
CP048239.1,1162297,1
CP048239.1,1162304,1
CP048239.1,1162417,5
CP048239.1,1162471,719
CP048239.1,1162476,18
CP048239.1,1162512,1922
CP048239.1,1162570,864
CP048239.1,1162751,672
CP048239.1,1162991,644
CP048239.1,1163127,146
CP048239.1,1163911,1968
CP048239.1,1164142,246
CP048239.1,1164673,642
CP048239.1,1165091,88
CP048239.1,1165166,168
CP048239.1,1165180,23
CP048239.1,1167074,60
CP048239.1,1170545,1
CP048239.1,1170921,5
CP048239.1,1174647,3
CP048239.1,1174664,232
CP048239.1,1174671,353
CP048239.1,1174674,201
CP048239.1,1174776,161
CP048239.1,1174820,22
CP048239.1,1174855,43
CP048239.1,1174917,2
CP048239.1,1174975,976
CP048239.1,1175007,159
CP048239.1,1175063,83
CP048239.1,1175233,206
CP048239.1,1175466,15
CP048239.1,1175474,584
CP048239.1,1175481,255
CP048239.1,1175573,32
CP048239.1,1175597,92
CP048239.1,1175762,157
CP048239.1,1178368,3
CP048239.1,1178663,22
CP048239.1,1178753,159
CP048239.1,1178760,88
CP048239.1,1178794,9
CP048239.1,1178944,2845
CP048239.1,1178951,3106
CP048239.1,1178956,77
CP048239.1,1179400,4
CP048239.1,1179489,198
CP048239.1,1179664,65
CP048239.1,1179907,32
CP048239.1,1179917,5
CP048239.1,1179924,163
CP048239.1,1179978,1
CP048239.1,1180272,115
CP048239.1,1180562,70
CP048239.1,1183766,13
CP048239.1,1184585,201
CP048239.1,1185166,614
CP048239.1,1186331,275
CP048239.1,1186516,444
CP048239.1,1186571,2
CP048239.1,1186627,629
CP048239.1,1186736,540
CP048239.1,1186955,159
CP048239.1,1186981,363
CP048239.1,1187083,266
CP048239.1,1187127,116
CP048239.1,1187353,177
CP048239.1,1187358,42
CP048239.1,1187381,165
CP048239.1,1187397,17
CP048239.1,1187404,337
CP048239.1,1187410,31
CP048239.1,1187414,3
CP048239.1,1187421,471
CP048239.1,1187542,46
CP048239.1,1188227,1339
CP048239.1,1188629,700
CP048239.1,1188771,20
CP048239.1,1189943,218
CP048239.1,1189955,106
CP048239.1,1190099,33
CP048239.1,1190179,1460
CP048239.1,1190186,2058
CP048239.1,1190206,23
CP048239.1,1190228,385
CP048239.1,1190396,31
CP048239.1,1190895,99
CP048239.1,1190902,89
CP048239.1,1191217,559
CP048239.1,1192890,31
CP048239.1,1192937,484
CP048239.1,1192952,268
CP048239.1,1192981,129
CP048239.1,1193059,111
CP048239.1,1194054,110
CP048239.1,1194061,86
CP048239.1,1194234,299
CP048239.1,1195666,1
CP048239.1,1196576,649
CP048239.1,1196724,281
CP048239.1,1196820,159
CP048239.1,1196839,732
CP048239.1,1197016,658
CP048239.1,1197023,33
CP048239.1,1197265,628
CP048239.1,1197489,304
CP048239.1,1198119,93
CP048239.1,1198164,84
CP048239.1,1198198,14
CP048239.1,1198269,536
CP048239.1,1198380,21
CP048239.1,1198418,756
CP048239.1,1198425,149
CP048239.1,1198488,1531
CP048239.1,1198495,3507
CP048239.1,1198501,797
CP048239.1,1198594,317
CP048239.1,1201582,1019
CP048239.1,1201614,60
CP048239.1,1201621,1
CP048239.1,1204246,511
CP048239.1,1205657,1
CP048239.1,1205675,36
CP048239.1,1206863,1
CP048239.1,1206899,752
CP048239.1,1207016,227
CP048239.1,1207087,1
CP048239.1,1207176,15
CP048239.1,1211471,303
CP048239.1,1211533,98
CP048239.1,1211637,859
CP048239.1,1212845,473
CP048239.1,1216313,385
CP048239.1,1216338,8
CP048239.1,1216821,183
CP048239.1,1218050,1
CP048239.1,1218485,5
CP048239.1,1218504,1
CP048239.1,1240778,96
CP048239.1,1243207,59
CP048240.1,1289,601
CP048240.1,2106,115
CP048240.1,3559,36
CP048240.1,24802,1
CP048240.1,24913,214
CP048240.1,26499,83
CP048240.1,26811,589
CP048240.1,28354,252
CP048240.1,28459,348
CP048240.1,28477,197
CP048240.1,28480,5
CP048240.1,28750,10
CP048240.1,28754,43
CP048240.1,28927,2
CP048240.1,28978,521
CP048240.1,29094,24
CP048240.1,29159,20
CP048240.1,29166,398
CP048240.1,29187,35
CP048240.1,29198,148
CP048240.1,29217,11
CP048240.1,29268,263
CP048240.1,29302,172
CP048240.1,29346,1
CP048240.1,29356,725
CP048240.1,29372,2122
CP048240.1,29379,855
CP048240.1,29381,15
CP048240.1,29390,346
CP048240.1,29446,1071
CP048240.1,29453,1420
CP048240.1,29461,649
CP048240.1,29549,5
CP048240.1,29556,1
CP048240.1,29588,444
CP048240.1,29620,15
CP048240.1,29724,253
CP048240.1,29782,160
CP048240.1,29822,9
CP048240.1,29838,1
CP048240.1,30158,564
CP048240.1,32370,1007
CP048240.1,32443,8
CP048240.1,32453,173
CP048240.1,32457,514
CP048240.1,32464,2176
CP048240.1,32503,44
CP048240.1,32510,816
CP048240.1,32592,31
CP048240.1,32700,331
CP048240.1,32802,46
CP048240.1,32809,76
CP048240.1,32937,1
CP048240.1,32944,1
CP048240.1,32946,185
CP048240.1,32953,229
CP048240.1,33002,846
CP048240.1,33009,61
CP048240.1,33018,283
CP048240.1,33022,376
CP048240.1,33024,131
CP048240.1,33025,19
CP048240.1,33027,332
CP048240.1,33031,4
CP048240.1,33050,316
CP048240.1,33081,166
CP048240.1,33100,3
CP048240.1,33107,1
CP048240.1,33212,137
CP048240.1,33219,807
CP048240.1,33288,792
CP048240.1,33344,71
CP048240.1,33355,1958
CP048240.1,33389,21
CP048240.1,33440,218
CP048240.1,33449,1
CP048240.1,33459,224
CP048240.1,33466,118
CP048240.1,33468,30
CP048240.1,33491,48
CP048240.1,33495,1
CP048240.1,33509,18
CP048240.1,33567,755
CP048240.1,33569,16
CP048240.1,33574,1
CP048240.1,33597,83
CP048240.1,33612,620
CP048240.1,33621,138
CP048240.1,33632,929
CP048240.1,33639,4
CP048240.1,33643,1011
CP048240.1,33652,1
CP048240.1,33679,238
CP048240.1,33706,1
CP048240.1,33730,5
CP048240.1,33731,361
CP048240.1,33738,1431
CP048240.1,33747,63
CP048240.1,33817,1
CP048240.1,33953,182
CP048240.1,36744,1
CP048240.1,37511,855
CP048240.1,37657,42
CP048240.1,37671,11
CP048240.1,38071,57
CP048240.1,38094,68
CP048240.1,38101,4
CP048240.1,38106,1
CP048240.1,38958,266
CP048240.1,39504,354
CP048240.1,39533,315
CP048240.1,40138,22
CP048240.1,42385,25
CP048240.1,42434,1654
CP048240.1,42441,12
CP048240.1,42475,1237
CP048240.1,42520,880
CP048240.1,42527,4
CP048240.1,42827,304
CP048240.1,43527,65
CP048240.1,43533,2
CP048240.1,43609,306
CP048240.1,43616,815
CP048240.1,43658,15
CP048240.1,43673,80
CP048240.1,43680,599
CP048240.1,43682,845
CP048240.1,43689,7
CP048240.1,44818,406
CP048240.1,44915,335
CP048240.1,45980,4
CP048240.1,46518,934
CP048240.1,46533,73
CP048240.1,47428,71
CP048240.1,47492,1
CP048240.1,47524,120
CP048240.1,47842,246
CP048240.1,47997,32
CP048240.1,48265,1
CP048240.1,48324,1
CP048240.1,48419,253
CP048240.1,48421,149
CP048240.1,48426,830
CP048240.1,48498,3
CP048240.1,50756,244
CP048240.1,51629,197
CP048240.1,52215,19
CP048240.1,52804,114
CP048240.1,52810,187
CP048240.1,55438,87
CP048240.1,63795,55
CP048240.1,65901,238
CP048240.1,65959,56
CP048240.1,66210,618
CP048240.1,66217,24
CP048240.1,66257,353
CP048240.1,66280,712
CP048240.1,66303,233
CP048240.1,66385,385
CP048240.1,66393,306
CP048240.1,66401,44
CP048240.1,66425,44
CP048240.1,67447,193
CP048240.1,67537,374
CP048240.1,67567,39
CP048240.1,67870,13
CP048240.1,68072,2622
CP048240.1,68079,434
CP048240.1,68134,521
CP048240.1,68180,240
CP048240.1,68211,479
CP048240.1,68218,43
CP048240.1,68229,1623
CP048240.1,68231,349
CP048240.1,68247,523
CP048240.1,68249,1
CP048240.1,68266,657
CP048240.1,68294,1
CP048240.1,68299,1
CP048240.1,68324,66
CP048240.1,68332,820
CP048240.1,68564,1227
CP048240.1,68610,712
CP048240.1,68647,289
CP048240.1,68708,5
CP048240.1,71053,4
CP048240.1,71691,76
CP048240.1,71872,1
CP048240.1,71909,64
CP048240.1,73727,711
CP048240.1,73731,17
CP048240.1,73769,2
CP048240.1,73801,1513
CP048240.1,73808,588
CP048240.1,73824,415
CP048240.1,73936,320
CP048240.1,74104,11
CP048240.1,74144,9
CP048240.1,74185,44
CP048240.1,74544,86
CP048240.1,74549,649
CP048240.1,74573,3
CP048240.1,74673,216
CP048240.1,74691,1116
CP048240.1,74718,204
CP048240.1,74725,516
CP048240.1,74756,254
CP048240.1,74764,75
CP048240.1,74765,433
CP048240.1,74766,396
CP048240.1,74773,5
CP048240.1,74805,2
CP048240.1,74807,4359
CP048240.1,74814,2528
CP048240.1,74837,990
CP048240.1,74909,5
CP048240.1,74939,1
CP048240.1,75024,151
CP048240.1,75138,45
CP048240.1,75230,33
CP048240.1,75458,159
CP048240.1,78496,2
CP048240.1,78576,86
CP048240.1,78642,32
CP048240.1,78655,8
CP048240.1,78674,374
CP048240.1,78735,35
CP048240.1,79004,822
CP048240.1,79015,991
CP048240.1,79022,727
CP048240.1,79026,327
CP048240.1,79048,274
CP048240.1,79054,1140
CP048240.1,79061,29
CP048240.1,79108,488
CP048240.1,79115,1651
CP048240.1,79217,1339
CP048240.1,79244,1530
CP048240.1,79304,795
CP048240.1,79311,1
CP048240.1,79312,772
CP048240.1,79330,95
CP048240.1,79341,285
CP048240.1,79350,555
CP048240.1,79715,1
CP048240.1,79840,7
CP048240.1,80631,2151
CP048240.1,80633,1
CP048240.1,82767,116
CP048240.1,85764,3032
CP048240.1,86207,42
CP048240.1,86231,1
CP048240.1,86234,1265
CP048240.1,86241,562
CP048240.1,86259,557
CP048240.1,86268,754
CP048240.1,86461,968
CP048240.1,86464,103
CP048240.1,86468,48
CP048240.1,86503,1
CP048240.1,86504,611
CP048240.1,86591,91
CP048240.1,88309,402
CP048240.1,88732,2
CP048240.1,91168,76
CP048240.1,91971,489
CP048240.1,92535,153
CP048240.1,92804,1
CP048240.1,92986,1
CP048240.1,94224,615
CP048240.1,94245,1
CP048240.1,94290,4
CP048240.1,94304,517
CP048240.1,94314,74
CP048240.1,94360,3
CP048240.1,94422,13
CP048240.1,94475,55
CP048240.1,94512,168
CP048240.1,94524,322
CP048240.1,94525,2035
CP048240.1,94586,850
CP048240.1,94593,1
CP048240.1,94595,19
CP048240.1,94647,1
CP048240.1,94670,1
CP048240.1,94734,1314
CP048240.1,94823,24
CP048240.1,95205,3076
CP048240.1,99872,255
CP048240.1,100424,198
CP048240.1,100510,488
CP048240.1,104323,635
CP048240.1,104328,16
CP048240.1,107141,3
CP048240.1,108083,2
CP048240.1,108407,1808
CP048240.1,109372,1
CP048240.1,109387,917
CP048240.1,109419,161
CP048240.1,110556,185
CP048240.1,110608,9
CP048240.1,110658,452
CP048240.1,110698,1089
CP048240.1,110703,290
CP048240.1,110705,1797
CP048240.1,110710,11
CP048240.1,110756,595
CP048240.1,111323,47
CP048240.1,111785,255
CP048240.1,111792,27
CP048240.1,111794,31
CP048240.1,113910,73
CP048240.1,114261,1
CP048240.1,114274,114
CP048240.1,114397,3
CP048240.1,114522,133
CP048240.1,114529,49
CP048240.1,114715,74
CP048240.1,116040,721
CP048240.1,116227,850
CP048240.1,116552,177
CP048240.1,116575,30
CP048240.1,116579,456
CP048240.1,116586,186
CP048240.1,117263,173
CP048240.1,119328,139
CP048240.1,121634,4
CP048240.1,121669,1
CP048240.1,121699,531
CP048240.1,121936,1
CP048240.1,122382,30
CP048240.1,122655,76
CP048240.1,122838,37
CP048240.1,124693,243
CP048240.1,124716,6
CP048240.1,127207,310
CP048240.1,127384,25
CP048240.1,127391,506
CP048240.1,129673,450
CP048240.1,129680,45
CP048240.1,129715,195
CP048240.1,129741,321
CP048240.1,130503,28
CP048240.1,131276,492
CP048240.1,131304,487
CP048240.1,132454,10
CP048240.1,132461,26
CP048240.1,134179,2
CP048240.1,134613,306
CP048240.1,134615,166
CP048240.1,134620,2091
CP048240.1,134656,364
CP048240.1,134726,47
CP048240.1,136123,675
CP048240.1,136127,366
CP048240.1,136134,32
CP048240.1,141333,575
CP048240.1,145971,288
CP048240.1,145978,288
CP048240.1,145988,26
CP048240.1,146874,559
CP048240.1,146992,7
CP048240.1,147304,16
CP048240.1,147348,142
CP048240.1,147419,22
CP048240.1,147430,137
CP048240.1,147760,205
CP048240.1,147762,4
CP048240.1,147968,3
CP048240.1,148134,954
CP048240.1,148236,1
CP048240.1,148379,12
CP048240.1,148837,370
CP048240.1,148972,28
CP048240.1,149018,8
CP048240.1,149025,1
CP048240.1,149178,311
CP048240.1,149180,689
CP048240.1,149269,44
CP048240.1,149336,38
CP048240.1,149346,466
CP048240.1,149347,489
CP048240.1,149353,1
CP048240.1,149364,568
CP048240.1,149383,453
CP048240.1,149388,3
CP048240.1,149391,1004
CP048240.1,149433,866
CP048240.1,149437,2521
CP048240.1,149441,1521
CP048240.1,149444,62
CP048240.1,149448,57
CP048240.1,149454,235
CP048240.1,149455,5404
CP048240.1,149462,606
CP048240.1,149504,1355
CP048240.1,149511,2454
CP048240.1,149519,118
CP048240.1,149526,590
CP048240.1,149528,229
CP048240.1,149531,7
CP048240.1,149566,1176
CP048240.1,149573,2839
CP048240.1,149575,4938
CP048240.1,149581,691
CP048240.1,149582,4564
CP048240.1,149588,293
CP048240.1,149611,237
CP048240.1,149612,590
CP048240.1,149712,210
CP048240.1,149730,273
CP048240.1,149750,679
CP048240.1,149757,246
CP048240.1,149777,1
CP048240.1,149786,5
CP048240.1,149813,56
CP048240.1,149828,813
CP048240.1,149872,107
CP048240.1,149873,1175
CP048240.1,149877,806
CP048240.1,149879,290
CP048240.1,149880,1
CP048240.1,149913,35
CP048240.1,149920,2
CP048240.1,150019,1481
CP048240.1,150432,137
CP048240.1,151703,195
CP048240.1,151723,348
CP048240.1,151778,101
CP048240.1,151779,1
CP048240.1,151790,12
CP048240.1,151843,687
CP048240.1,152875,457
CP048240.1,153112,27
CP048240.1,153225,21
CP048240.1,153328,7
CP048240.1,153696,925
CP048240.1,154940,156
CP048240.1,154942,7
CP048240.1,154947,130
CP048240.1,155259,446
CP048240.1,155291,486
CP048240.1,155304,167
CP048240.1,155318,403
CP048240.1,155667,18
CP048240.1,155979,750
CP048240.1,156024,1028
CP048240.1,156195,1
CP048240.1,158810,54
CP048240.1,159110,102
CP048240.1,159285,56
CP048240.1,159300,1611
CP048240.1,160035,1178
CP048240.1,160288,120
CP048240.1,160353,597
CP048240.1,160973,45
CP048240.1,161286,4
CP048240.1,161533,2
CP048240.1,161540,31
CP048240.1,161543,880
CP048240.1,161553,108
CP048240.1,161560,383
CP048240.1,161616,506
CP048240.1,161617,1
CP048240.1,161623,20
CP048240.1,161625,1440
CP048240.1,161645,452
CP048240.1,161735,604
CP048240.1,161757,768
CP048240.1,161809,584
CP048240.1,161810,1059
CP048240.1,161816,1636
CP048240.1,161844,201
CP048240.1,161889,19
CP048240.1,161896,450
CP048240.1,162272,137
CP048240.1,162393,9
CP048240.1,164625,290
CP048240.1,167489,596
CP048240.1,167531,1427
CP048240.1,167596,502
CP048240.1,167640,1
CP048240.1,167649,627
CP048240.1,167693,1
CP048240.1,167808,456
CP048240.1,169789,1216
CP048240.1,169824,1
CP048240.1,170209,6
CP048240.1,170214,147
CP048240.1,170240,430
CP048240.1,170243,75
CP048240.1,170250,103
CP048240.1,170612,38
CP048240.1,170638,53
CP048240.1,172132,64
CP048240.1,172639,570
CP048240.1,173681,434
CP048240.1,173771,859
CP048240.1,173789,14
CP048240.1,173891,995
CP048240.1,175822,2
CP048240.1,175828,6
CP048240.1,175829,36
CP048240.1,176011,189
CP048240.1,176014,151
CP048240.1,176053,79
CP048240.1,176058,289
CP048240.1,176110,405
CP048240.1,176318,5
CP048240.1,176644,21
CP048240.1,177121,1431
CP048240.1,177279,380
CP048240.1,177329,17
CP048240.1,177439,823
CP048240.1,177500,527
CP048240.1,177509,277
CP048240.1,178055,800
CP048240.1,178121,120
CP048240.1,178128,97
CP048240.1,178316,2
CP048240.1,178317,2025
CP048240.1,178318,6
CP048240.1,178319,227
CP048240.1,178322,2
CP048240.1,178323,1
CP048240.1,178324,801
CP048240.1,178326,403
CP048240.1,178387,94
CP048240.1,178438,256
CP048240.1,178475,847
CP048240.1,178598,189
CP048240.1,178639,758
CP048240.1,180488,1
CP048240.1,180940,1
CP048240.1,181023,88
CP048240.1,181043,1243
CP048240.1,181054,117
CP048240.1,181160,473
CP048240.1,181167,505
CP048240.1,181182,606
CP048240.1,181189,672
CP048240.1,181209,17
CP048240.1,181231,312
CP048240.1,181238,672
CP048240.1,181262,485
CP048240.1,181264,848
CP048240.1,181291,932
CP048240.1,181297,917
CP048240.1,181301,250
CP048240.1,181321,270
CP048240.1,181433,371
CP048240.1,181567,2
CP048240.1,181716,1
CP048240.1,181737,120
CP048240.1,181749,498
CP048240.1,181775,1830
CP048240.1,181782,596
CP048240.1,182291,653
CP048240.1,182298,754
CP048240.1,182518,638
CP048240.1,182583,733
CP048240.1,182773,35
CP048240.1,182815,199
CP048240.1,182930,284
CP048240.1,183064,83
CP048240.1,187185,58
CP048240.1,187573,234
CP048240.1,187589,539
CP048240.1,187669,5
CP048240.1,187721,280
CP048240.1,187728,2214
CP048240.1,187973,246
CP048240.1,188036,68
CP048240.1,188271,254
CP048240.1,188275,67
CP048240.1,188282,10
CP048240.1,188383,389
CP048240.1,188388,95
CP048240.1,188395,493
CP048240.1,188455,305
CP048240.1,188473,394
CP048240.1,188502,9
CP048240.1,188534,63
CP048240.1,189522,53
CP048240.1,189556,98
CP048240.1,189574,652
CP048240.1,189635,53
CP048240.1,189647,1
CP048240.1,189668,320
CP048240.1,189675,431
CP048240.1,189726,1570
CP048240.1,189732,607
CP048240.1,189733,135
CP048240.1,189906,25
CP048240.1,189973,33
CP048240.1,190022,421
CP048240.1,190060,1
CP048240.1,190064,11
CP048240.1,190082,573
CP048240.1,190089,73
CP048240.1,190096,1
CP048240.1,190113,93
CP048240.1,190133,40
CP048240.1,190135,3564
CP048240.1,190140,661
CP048240.1,190142,1886
CP048240.1,190144,56
CP048240.1,190146,147
CP048240.1,190151,130
CP048240.1,190156,585
CP048240.1,190158,22
CP048240.1,190163,1196
CP048240.1,190170,811
CP048240.1,190172,22
CP048240.1,190176,739
CP048240.1,190181,10
CP048240.1,190184,97
CP048240.1,190188,1057
CP048240.1,190191,90
CP048240.1,190192,846
CP048240.1,190198,3699
CP048240.1,190199,718
CP048240.1,190224,200
CP048240.1,190230,341
CP048240.1,190231,1
CP048240.1,190233,2
CP048240.1,190235,53
CP048240.1,190262,34
CP048240.1,190266,648
CP048240.1,190303,949
CP048240.1,190310,174
CP048240.1,190330,1448
CP048240.1,190337,6001
CP048240.1,190348,6
CP048240.1,190370,74
CP048240.1,190380,156
CP048240.1,190460,872
CP048240.1,190474,274
CP048240.1,190476,631
CP048240.1,190485,412
CP048240.1,190510,4157
CP048240.1,190517,978
CP048240.1,190518,134
CP048240.1,190542,112
CP048240.1,190550,932
CP048240.1,190555,3
CP048240.1,190557,461
CP048240.1,190639,197
CP048240.1,190643,1230
CP048240.1,190650,275
CP048240.1,190660,172
CP048240.1,190667,670
CP048240.1,190668,109
CP048240.1,190682,34
CP048240.1,190684,156
CP048240.1,190994,1045
CP048240.1,191087,3295
CP048240.1,191161,2816
CP048240.1,192367,959
CP048240.1,193337,562
CP048240.1,195266,14
CP048240.1,196680,92
CP048240.1,196687,56
CP048240.1,196727,376
CP048240.1,197534,504
CP048240.1,197542,267
CP048240.1,197559,439
CP048240.1,197567,442
CP048240.1,197574,207
CP048240.1,197595,367
CP048240.1,200119,1
CP048240.1,203088,1492
CP048240.1,203153,798
CP048240.1,203541,46
CP048240.1,203570,407
CP048240.1,203654,243
CP048240.1,203665,245
CP048240.1,203685,10
CP048240.1,203723,1
CP048240.1,204038,1
CP048240.1,205347,657
CP048240.1,205361,405
CP048240.1,206751,208
CP048240.1,207263,3
CP048240.1,207568,1
CP048240.1,207706,878
CP048240.1,207745,2
CP048240.1,207900,1133
CP048240.1,207931,1315
CP048240.1,208010,486
CP048240.1,209160,843
CP048240.1,209180,147
CP048240.1,209187,1
CP048240.1,209197,781
CP048240.1,209211,217
CP048240.1,209246,219
CP048240.1,209497,70
CP048240.1,209543,861
CP048240.1,211600,97
CP048240.1,212708,636
CP048240.1,212716,593
CP048240.1,212804,684
CP048240.1,213062,278
CP048240.1,213159,129
CP048240.1,213223,264
CP048240.1,213229,546
CP048240.1,213597,240
CP048240.1,214733,22
CP048240.1,215814,1
CP048240.1,215929,1
CP048240.1,216264,106
CP048240.1,216483,205
CP048240.1,216484,283
CP048240.1,216494,325
CP048240.1,218573,1
CP048240.1,219445,14
CP048240.1,219470,358
CP048240.1,219533,199
CP048240.1,219550,220
CP048240.1,219611,1508
CP048240.1,219616,1
CP048240.1,219618,527
CP048240.1,219625,70
CP048240.1,219747,520
CP048240.1,219754,236
CP048240.1,219756,20
CP048240.1,219758,229
CP048240.1,219762,7
CP048240.1,219765,235
CP048240.1,219767,446
CP048240.1,219851,1195
CP048240.1,219874,11
CP048240.1,224940,273
CP048240.1,225162,239
CP048240.1,225445,424
CP048240.1,225452,52
CP048240.1,225488,1
CP048240.1,225672,86
CP048240.1,225683,1
CP048240.1,225754,2
CP048240.1,225761,439
CP048240.1,225775,558
CP048240.1,225823,493
CP048240.1,225825,630
CP048240.1,225832,1
CP048240.1,227212,21
CP048240.1,227739,1310
CP048240.1,227746,144
CP048240.1,227951,10
CP048240.1,228090,19
CP048240.1,228097,1012
CP048240.1,228589,751
CP048240.1,228623,225
CP048240.1,228629,769
CP048240.1,228663,2217
CP048240.1,228666,2
CP048240.1,228670,784
CP048240.1,228823,235
CP048240.1,229063,64
CP048240.1,229143,24
CP048240.1,229146,1074
CP048240.1,229201,1
CP048240.1,229290,844
CP048240.1,229342,4
CP048240.1,229436,214
CP048240.1,229646,927
CP048240.1,229677,545
CP048240.1,229682,1538
CP048240.1,229684,1080
CP048240.1,229689,132
CP048240.1,229691,822
CP048240.1,229762,652
CP048240.1,229807,376
CP048240.1,229814,1
CP048240.1,230026,267
CP048240.1,230077,441
CP048240.1,231757,132
CP048240.1,232278,221
CP048240.1,232475,27
CP048240.1,233647,5
CP048240.1,233718,384
CP048240.1,233742,754
CP048240.1,233760,82
CP048240.1,233767,137
CP048240.1,234673,292
CP048240.1,234680,764
CP048240.1,234841,348
CP048240.1,235195,90
CP048240.1,235220,110
CP048240.1,235266,269
CP048240.1,235284,454
CP048240.1,235291,385
CP048240.1,235298,34
CP048240.1,235317,1
CP048240.1,235335,1049
CP048240.1,235428,17
CP048240.1,235589,215
CP048240.1,235591,6
CP048240.1,235606,752
CP048240.1,235611,1
CP048240.1,235936,21
CP048240.1,236274,11
CP048240.1,236587,116
CP048240.1,236609,802
CP048240.1,236669,82
CP048240.1,236774,1155
CP048240.1,236778,1442
CP048240.1,236822,453
CP048240.1,237774,437
CP048240.1,238138,63
CP048240.1,238187,142
CP048240.1,239308,438
CP048240.1,239574,9
CP048240.1,240590,2
CP048240.1,240611,126
CP048240.1,240730,473
CP048240.1,240738,20
CP048240.1,240794,13
CP048240.1,240936,868
CP048240.1,240940,284
CP048240.1,240956,324
CP048240.1,241051,600
CP048240.1,241109,130
CP048240.1,241110,8
CP048240.1,241111,348
CP048240.1,241112,9
CP048240.1,241116,367
CP048240.1,241119,5
CP048240.1,241187,45
CP048240.1,241196,3
CP048240.1,241222,2109
CP048240.1,241229,2569
CP048240.1,241237,1644
CP048240.1,241244,1358
CP048240.1,241350,45
CP048240.1,241387,201
CP048240.1,241471,99
CP048240.1,241493,4
CP048240.1,241776,417
CP048240.1,241852,253
CP048240.1,241860,23
CP048240.1,241873,288
CP048240.1,241883,730
CP048240.1,241934,133
CP048240.1,241936,529
CP048240.1,241941,1573
CP048240.1,241956,12
CP048240.1,241957,25
CP048240.1,241996,184
CP048240.1,242009,107
CP048240.1,242014,837
CP048240.1,242081,279
CP048240.1,242082,296
CP048240.1,242088,178
CP048240.1,242109,30
CP048240.1,242122,1
CP048240.1,242227,155
CP048240.1,242263,8
CP048240.1,242787,991
CP048240.1,242930,2042
CP048240.1,243896,271
CP048240.1,243941,754
CP048240.1,244371,509
CP048240.1,245103,1
CP048240.1,245167,940
CP048240.1,245182,462
CP048240.1,245510,992
CP048240.1,245517,483
CP048240.1,245759,16
CP048240.1,245766,451
CP048240.1,245883,275
CP048240.1,245906,9526
CP048240.1,245913,2406
CP048240.1,245914,19
CP048240.1,245918,365
CP048240.1,245925,1
CP048240.1,245948,36
CP048240.1,245966,21
CP048240.1,246210,669
CP048240.1,246309,4
CP048240.1,246383,38
CP048240.1,246388,245
CP048240.1,246395,4
CP048240.1,246396,4737
CP048240.1,246398,250
CP048240.1,246403,786
CP048240.1,246444,30
CP048240.1,246478,975
CP048240.1,246485,172
CP048240.1,246510,533
CP048240.1,246517,1
CP048240.1,246576,516
CP048240.1,246579,199
CP048240.1,246586,208
CP048240.1,246739,68
CP048240.1,247314,79
CP048240.1,247456,532
CP048240.1,247502,142
CP048240.1,247872,25
CP048240.1,247881,16
CP048240.1,248443,486
CP048240.1,248502,1055
CP048240.1,249599,1750
CP048240.1,249727,10
CP048240.1,250091,248
CP048240.1,250098,35
CP048240.1,250158,77
CP048240.1,250163,743
CP048240.1,250170,1674
CP048240.1,250205,1
CP048240.1,250211,20
CP048240.1,250257,650
CP048240.1,250264,768
CP048240.1,250272,264
CP048240.1,250273,491
CP048240.1,250278,226
CP048240.1,250285,88
CP048240.1,250317,235
CP048240.1,250342,139
CP048240.1,250347,1055
CP048240.1,250354,877
CP048240.1,250356,680
CP048240.1,250363,554
CP048240.1,250365,639
CP048240.1,250367,272
CP048240.1,250378,581
CP048240.1,250384,1
CP048240.1,250420,557
CP048240.1,250456,849
CP048240.1,250460,2
CP048240.1,250481,563
CP048240.1,250496,291
CP048240.1,250523,171
CP048240.1,250525,10
CP048240.1,250532,185
CP048240.1,250546,14
CP048240.1,250552,46
CP048240.1,250631,144
CP048240.1,250645,343
CP048240.1,250673,583
CP048240.1,250758,526
CP048240.1,250763,144
CP048240.1,250794,870
CP048240.1,250797,83
CP048240.1,250898,98
CP048240.1,250903,490
CP048240.1,250922,1
CP048240.1,251191,777
CP048240.1,251220,3
CP048240.1,251438,280
CP048240.1,251451,56
CP048240.1,251459,150
CP048240.1,252128,75
CP048240.1,252183,459
CP048240.1,252863,2
CP048240.1,252865,462
CP048240.1,253030,152
CP048240.1,253234,53
CP048240.1,253882,1170
CP048240.1,254464,1138
CP048240.1,254468,1749
CP048240.1,254631,99
CP048240.1,254707,147
CP048240.1,254709,1916
CP048240.1,254714,302
CP048240.1,254715,103
CP048240.1,254716,2789
CP048240.1,254738,3232
CP048240.1,254740,108
CP048240.1,254745,352
CP048240.1,254750,1
CP048240.1,254757,482
CP048240.1,254789,1652
CP048240.1,254796,1485
CP048240.1,254806,719
CP048240.1,254827,74
CP048240.1,254833,804
CP048240.1,254840,665
CP048240.1,254871,423
CP048240.1,254876,1
CP048240.1,254878,816
CP048240.1,254888,432
CP048240.1,254909,346
CP048240.1,254916,601
CP048240.1,254917,1083
CP048240.1,254921,141
CP048240.1,254940,424
CP048240.1,254958,171
CP048240.1,254961,38
CP048240.1,254972,194
CP048240.1,254975,73
CP048240.1,254979,1
CP048240.1,255024,192
CP048240.1,255048,1313
CP048240.1,255055,3301
CP048240.1,255088,446
CP048240.1,255094,1
CP048240.1,255101,1947
CP048240.1,255130,140
CP048240.1,255153,33
CP048240.1,255166,1
CP048240.1,255187,36
CP048240.1,255195,199
CP048240.1,255202,28
CP048240.1,255215,3
CP048240.1,255217,685
CP048240.1,255222,1497
CP048240.1,255224,27
CP048240.1,255231,241
CP048240.1,255282,197
CP048240.1,255323,635
CP048240.1,255330,211
CP048240.1,255332,440
CP048240.1,255360,54
CP048240.1,255424,20
CP048240.1,255443,193
CP048240.1,255472,1
CP048240.1,255473,458
CP048240.1,255475,1558
CP048240.1,255484,394
CP048240.1,255502,1056
CP048240.1,255509,500
CP048240.1,255516,414
CP048240.1,255669,273
CP048240.1,255700,14
CP048240.1,255842,3
CP048240.1,256008,153
CP048240.1,256751,541
CP048240.1,256809,709
CP048240.1,256908,13
CP048240.1,256912,492
CP048240.1,257129,981
CP048240.1,257194,189
CP048240.1,257201,1
CP048240.1,257224,105
CP048240.1,257229,513
CP048240.1,257261,3
CP048240.1,258347,374
CP048240.1,258354,96
CP048240.1,258396,210
CP048240.1,258397,1000
CP048240.1,258425,60
CP048240.1,258436,381
CP048240.1,258445,57
CP048240.1,258461,20
CP048240.1,258468,62
CP048240.1,258505,1
CP048240.1,258532,24
CP048240.1,258650,116
CP048240.1,259003,3
CP048240.1,259014,1857
CP048240.1,259021,386
CP048240.1,259147,174
CP048240.1,259195,6
CP048240.1,259522,126
CP048240.1,259534,118
CP048240.1,259601,643
CP048240.1,259719,325
CP048240.1,259751,131
CP048240.1,259758,1
CP048240.1,259761,101
CP048240.1,259768,103
CP048240.1,259852,656
CP048240.1,259918,2
CP048240.1,259962,119
CP048240.1,259969,384
CP048240.1,259991,1
CP048240.1,259994,43
CP048240.1,260053,15
CP048240.1,260060,536
CP048240.1,260093,1055
CP048240.1,260100,569
CP048240.1,260119,408
CP048240.1,260196,491
CP048240.1,260228,12
CP048240.1,260230,274
CP048240.1,260237,34
CP048240.1,260263,1
CP048240.1,260282,1570
CP048240.1,260285,1052
CP048240.1,260289,1224
CP048240.1,260292,178
CP048240.1,260298,283
CP048240.1,260302,279
CP048240.1,260305,346
CP048240.1,260353,146
CP048240.1,260355,301
CP048240.1,260362,862
CP048240.1,260403,62
CP048240.1,260404,2
CP048240.1,260412,503
CP048240.1,260427,14
CP048240.1,260444,275
CP048240.1,260935,86
CP048240.1,261362,1
CP048240.1,261425,1
CP048240.1,261537,2
CP048240.1,261561,135
CP048240.1,261606,27
CP048240.1,261661,1
CP048240.1,262203,3
CP048240.1,262991,2
CP048240.1,263243,115
CP048240.1,263282,49
CP048240.1,263295,899
CP048240.1,263301,5
CP048240.1,263302,262
CP048240.1,263305,82
CP048240.1,263310,2605
CP048240.1,263314,91
CP048240.1,263317,1683
CP048240.1,263522,122
CP048240.1,263544,7
CP048240.1,263549,3
CP048240.1,263552,14
CP048240.1,263558,244
CP048240.1,263582,3
CP048240.1,263678,101
CP048240.1,263682,115
CP048240.1,263685,78
CP048240.1,263897,89
CP048240.1,263953,198
CP048240.1,264008,645
CP048240.1,264012,158
CP048240.1,264040,120
CP048240.1,264078,2
CP048240.1,264085,104
CP048240.1,264116,54
CP048240.1,264156,230
CP048240.1,264163,1574
CP048240.1,264172,5
CP048240.1,264179,361
CP048240.1,264256,84
CP048240.1,264290,154
CP048240.1,264351,2
CP048240.1,264409,62
CP048240.1,264411,21
CP048240.1,264533,1037
CP048240.1,264540,1
CP048240.1,264542,1
CP048240.1,264680,104
CP048240.1,264912,110
CP048240.1,264919,11
CP048240.1,265077,477
CP048240.1,265084,440
CP048240.1,265112,8
CP048240.1,265114,654
CP048240.1,265169,51
CP048240.1,265186,106
CP048240.1,265196,68
CP048240.1,265230,84
CP048240.1,265246,14
CP048240.1,265251,281
CP048240.1,265270,207
CP048240.1,265277,6
CP048240.1,265278,135
CP048240.1,265284,23
CP048240.1,265285,686
CP048240.1,265286,27
CP048240.1,265337,29
CP048240.1,265339,158
CP048240.1,265344,237
CP048240.1,265346,156
CP048240.1,265369,924
CP048240.1,265379,316
CP048240.1,265383,2
CP048240.1,265386,49
CP048240.1,265390,337
CP048240.1,265391,18
CP048240.1,265398,358
CP048240.1,265404,567
CP048240.1,265433,134
CP048240.1,265536,665
CP048240.1,265537,380
CP048240.1,265567,279
CP048240.1,265895,1
CP048240.1,266054,1
CP048240.1,266591,190
CP048240.1,266592,463
CP048240.1,266723,70
CP048240.1,266776,310
CP048240.1,266905,347
CP048240.1,266961,61
CP048240.1,267071,204
CP048240.1,267182,1009
CP048240.1,267385,603
CP048240.1,267392,33
CP048240.1,267646,11
CP048240.1,267746,1435
CP048240.1,267755,830
CP048240.1,267851,2
CP048240.1,267859,1005
CP048240.1,267860,1
CP048240.1,267868,1485
CP048240.1,267875,259
CP048240.1,267877,2
CP048240.1,267914,343
CP048240.1,268025,203
CP048240.1,268039,1
CP048240.1,268082,326
CP048240.1,268130,372
CP048240.1,268191,668
CP048240.1,268198,222
CP048240.1,268301,196
CP048240.1,268302,260
CP048240.1,268308,285
CP048240.1,268309,1
CP048240.1,268353,3
CP048240.1,268358,99
CP048240.1,268362,199
CP048240.1,268368,322
CP048240.1,268370,246
CP048240.1,268377,581
CP048240.1,268390,179
CP048240.1,268397,1
CP048240.1,268450,261
CP048240.1,268544,17
CP048240.1,268560,4
CP048240.1,268573,178
CP048240.1,268972,6
CP048240.1,269675,1
CP048240.1,270373,1497
CP048240.1,270467,13
CP048240.1,270476,27
CP048240.1,270517,64
CP048240.1,270626,8
CP048240.1,270633,1055
CP048240.1,270640,1736
CP048240.1,270712,38
CP048240.1,270719,603
CP048240.1,270796,379
CP048240.1,270815,21
CP048240.1,270819,473
CP048240.1,270821,209
CP048240.1,270822,103
CP048240.1,270826,1270
CP048240.1,270841,36
CP048240.1,270886,265
CP048240.1,271120,228
CP048240.1,271203,278
CP048240.1,271229,151
CP048240.1,271453,491
CP048240.1,271903,3
CP048240.1,272198,943
CP048240.1,272387,30
CP048240.1,272394,514
CP048240.1,272767,25
CP048240.1,272892,5
CP048240.1,272956,25
CP048240.1,272958,220
CP048240.1,272963,120
CP048240.1,273100,76
CP048240.1,273239,488
CP048240.1,273287,6
CP048240.1,273294,156
CP048240.1,273302,208
CP048240.1,273306,103
CP048240.1,273346,315
CP048240.1,273353,808
CP048240.1,273354,546
CP048240.1,273362,47
CP048240.1,273479,558
CP048240.1,274419,1
CP048240.1,274782,495
CP048240.1,274789,729
CP048240.1,274884,493
CP048240.1,274891,340
CP048240.1,274893,2
CP048240.1,274932,1
CP048240.1,274993,866
CP048240.1,275282,4
CP048240.1,275300,6
CP048240.1,275381,734
CP048240.1,275437,168
CP048240.1,275530,259
CP048240.1,275589,4
CP048240.1,275616,117
CP048240.1,275645,14
CP048240.1,275680,275
CP048240.1,275687,2116
CP048240.1,275878,168
CP048240.1,275909,161
CP048240.1,275947,377
CP048240.1,275953,742
CP048240.1,276027,37
CP048240.1,276067,1
CP048240.1,276110,616
CP048240.1,276240,15
CP048240.1,276280,130
CP048240.1,276405,59
CP048240.1,276406,55
CP048240.1,276416,408
CP048240.1,276425,486
CP048240.1,276437,186
CP048240.1,276444,96
CP048240.1,276454,755
CP048240.1,276460,5
CP048240.1,276465,330
CP048240.1,276472,138
CP048240.1,276478,158
CP048240.1,276486,893
CP048240.1,276512,441
CP048240.1,276513,551
CP048240.1,276518,11
CP048240.1,276520,87
CP048240.1,276527,768
CP048240.1,276547,1605
CP048240.1,276554,1798
CP048240.1,276573,241
CP048240.1,276597,1
CP048240.1,276750,17
CP048240.1,276752,1
CP048240.1,276755,98
CP048240.1,276761,636
CP048240.1,276768,157
CP048240.1,276905,1453
CP048240.1,276946,145
CP048240.1,276953,553
CP048240.1,276973,1810
CP048240.1,276980,2
CP048240.1,277024,13
CP048240.1,277110,33
CP048240.1,277152,1
CP048240.1,277280,18
CP048240.1,277319,1
CP048240.1,277320,278
CP048240.1,277339,1
CP048240.1,277358,455
CP048240.1,277367,602
CP048240.1,277397,533
CP048240.1,277414,60
CP048240.1,277482,15
CP048240.1,277615,18
CP048240.1,277658,7
CP048240.1,277686,4
CP048240.1,277756,8
CP048240.1,277885,6
CP048240.1,278011,433
CP048240.1,278130,148
CP048240.1,278249,135
CP048240.1,278324,34
CP048240.1,278419,12
CP048240.1,278485,17
CP048240.1,278492,871
CP048240.1,278752,266
CP048240.1,279084,4
CP048240.1,279091,789
CP048240.1,279098,63
CP048240.1,279134,12
CP048240.1,279212,560
CP048240.1,279241,888
CP048240.1,279309,913
CP048240.1,279345,1
CP048240.1,279363,1584
CP048240.1,279381,846
CP048240.1,279454,92
CP048240.1,279487,2672
CP048240.1,279494,861
CP048240.1,279532,38
CP048240.1,279606,101
CP048240.1,279609,48
CP048240.1,279613,144
CP048240.1,279660,75
CP048240.1,279765,555
CP048240.1,279825,4
CP048240.1,279838,1214
CP048240.1,279842,27
CP048240.1,279891,316
CP048240.1,280009,4
CP048240.1,280046,259
CP048240.1,280094,712
CP048240.1,280147,8
CP048240.1,280178,5
CP048240.1,280210,726
CP048240.1,280370,459
CP048240.1,280402,1259
CP048240.1,280439,20
CP048240.1,280446,8
CP048240.1,280455,449
CP048240.1,280462,660
CP048240.1,280464,755
CP048240.1,280502,649
CP048240.1,280507,433
CP048240.1,280509,544
CP048240.1,280560,27
CP048240.1,280561,616
CP048240.1,280638,1486
CP048240.1,280660,1239
CP048240.1,280669,587
CP048240.1,280702,1
CP048240.1,280772,537
CP048240.1,280874,70
CP048240.1,280949,27
CP048240.1,281090,385
CP048240.1,281097,878
CP048240.1,281123,21
CP048240.1,281205,6
CP048240.1,281235,69
CP048240.1,281338,190
CP048240.1,281549,1
CP048240.1,281551,121
CP048240.1,281553,1
CP048240.1,281694,12
CP048240.1,281839,12
CP048240.1,282000,185
CP048240.1,282795,521
CP048240.1,282940,221
CP048240.1,282941,409
CP048240.1,282986,93
CP048240.1,283040,193
CP048240.1,283054,548
CP048240.1,283095,403
CP048240.1,283097,861
CP048240.1,283105,205
CP048240.1,283106,1
CP048240.1,283123,2794
CP048240.1,283130,606
CP048240.1,283157,70
CP048240.1,284842,77
CP048240.1,285115,30
CP048240.1,285365,18
CP048240.1,285679,41
CP048240.1,286266,418
CP048240.1,286273,27
CP048240.1,286942,1
CP048240.1,287126,752
CP048240.1,287206,1
CP048240.1,287234,1045
CP048240.1,287284,114
CP048240.1,287295,658
CP048240.1,287297,849
CP048240.1,287299,304
CP048240.1,287354,559
CP048240.1,287524,4
CP048240.1,287635,71
CP048240.1,287646,406
CP048240.1,287687,683
CP048240.1,287694,39
CP048240.1,287745,349
CP048240.1,287752,162
CP048240.1,287775,165
CP048240.1,287924,1
CP048240.1,287929,107
CP048240.1,288001,367
CP048240.1,288004,4
CP048240.1,288006,27
CP048240.1,288008,330
CP048240.1,288027,70
CP048240.1,288031,1
CP048240.1,288046,1
CP048240.1,288052,254
CP048240.1,288087,309
CP048240.1,288092,226
CP048240.1,288094,29
CP048240.1,288101,22
CP048240.1,288103,1
CP048240.1,288158,345
CP048240.1,288171,89
CP048240.1,288186,2354
CP048240.1,288193,3114
CP048240.1,288333,352
CP048240.1,288344,35
CP048240.1,288353,8
CP048240.1,288498,394
CP048240.1,288500,70
CP048240.1,288516,11
CP048240.1,288551,30
CP048240.1,288558,3
CP048240.1,288574,7
CP048240.1,288618,390
CP048240.1,288626,388
CP048240.1,288759,2
CP048240.1,289303,243
CP048240.1,289314,1
CP048240.1,289321,4
CP048240.1,289326,312
CP048240.1,289358,96
CP048240.1,289403,444
CP048240.1,289544,2183
CP048240.1,289582,1168
CP048240.1,289590,98
CP048240.1,289597,65
CP048240.1,289643,626
CP048240.1,289647,6
CP048240.1,290476,253
CP048240.1,290839,1872
CP048240.1,291381,1
CP048240.1,291390,42
CP048240.1,291413,33
CP048240.1,291431,91
CP048240.1,291438,1308
CP048240.1,291565,59
CP048240.1,291594,268
CP048240.1,291600,65
CP048240.1,291622,260
CP048240.1,291626,495
CP048240.1,291635,237
CP048240.1,291642,20
CP048240.1,291649,59
CP048240.1,291654,21
CP048240.1,291663,353
CP048240.1,291665,2629
CP048240.1,291672,736
CP048240.1,291687,965
CP048240.1,291694,115
CP048240.1,291698,208
CP048240.1,291705,237
CP048240.1,291709,20
CP048240.1,291734,2707
CP048240.1,291741,866
CP048240.1,291800,1
CP048240.1,291806,250
CP048240.1,291807,699
CP048240.1,291814,74
CP048240.1,291894,800
CP048240.1,291901,336
CP048240.1,291902,47
CP048240.1,291922,1
CP048240.1,291923,119
CP048240.1,291924,455
CP048240.1,291934,2551
CP048240.1,291941,1739
CP048240.1,291965,821
CP048240.1,291969,617
CP048240.1,291976,268
CP048240.1,291978,64
CP048240.1,291987,258
CP048240.1,291992,1962
CP048240.1,292006,110
CP048240.1,292014,1
CP048240.1,292021,1018
CP048240.1,292023,439
CP048240.1,292030,1
CP048240.1,292036,3674
CP048240.1,292043,910
CP048240.1,292055,1212
CP048240.1,292062,6038
CP048240.1,292067,32
CP048240.1,292069,3766
CP048240.1,292076,2867
CP048240.1,292077,670
CP048240.1,292083,560
CP048240.1,292098,42
CP048240.1,292103,676
CP048240.1,292106,336
CP048240.1,292110,6
CP048240.1,292113,47
CP048240.1,292132,2518
CP048240.1,292139,16
CP048240.1,292146,868
CP048240.1,292153,66
CP048240.1,292160,1434
CP048240.1,292161,1
CP048240.1,292168,123
CP048240.1,292189,52
CP048240.1,292196,165
CP048240.1,292210,1295
CP048240.1,292216,944
CP048240.1,292217,835
CP048240.1,292228,172
CP048240.1,292233,5
CP048240.1,292235,4200
CP048240.1,292329,1
CP048240.1,292341,223
CP048240.1,292369,198
CP048240.1,292376,142
CP048240.1,292384,26
CP048240.1,292396,104
CP048240.1,292420,613
CP048240.1,292422,302
CP048240.1,292426,224
CP048240.1,292429,100
CP048240.1,292439,169
CP048240.1,292446,235
CP048240.1,292482,489
CP048240.1,292483,641
CP048240.1,292601,257
CP048240.1,292820,301
CP048240.1,292872,45
CP048240.1,292887,35
CP048240.1,293131,378
CP048240.1,293139,1
CP048240.1,293320,6
CP048240.1,293357,44
CP048240.1,293455,401
CP048240.1,293490,47
CP048240.1,293669,84
CP048240.1,293841,3
CP048240.1,294388,288
CP048240.1,294453,211
CP048240.1,294614,3
CP048240.1,294645,82
CP048240.1,294685,72
CP048240.1,294741,2
CP048240.1,294805,3
CP048240.1,294812,1228
CP048240.1,294835,33
CP048240.1,294908,102
CP048240.1,294915,2156
CP048240.1,295833,80
CP048240.1,295956,80
CP048240.1,295993,3
CP048240.1,295995,550
CP048240.1,296052,5
CP048240.1,296125,1208
CP048240.1,296147,1218
CP048240.1,296154,489
CP048240.1,296167,85
CP048240.1,296221,343
CP048240.1,296240,25
CP048240.1,296245,186
CP048240.1,296266,215
CP048240.1,296282,77
CP048240.1,296284,610
CP048240.1,296291,1507
CP048240.1,296458,675
CP048240.1,297558,3
CP048240.1,298075,216
CP048240.1,298782,1
CP048240.1,298924,935
CP048240.1,298958,4
CP048240.1,298988,274
CP048240.1,299043,298
CP048240.1,299885,17
CP048240.1,299976,61
CP048240.1,300671,38
CP048240.1,300964,1983
CP048240.1,301004,78
CP048240.1,301177,1
CP048240.1,301321,768
CP048240.1,301391,1
CP048240.1,301441,617
CP048240.1,301550,1858
CP048240.1,301557,457
CP048240.1,301680,9
CP048240.1,301738,338
CP048240.1,302461,55
CP048240.1,302468,1251
CP048240.1,302778,125
CP048240.1,303302,66
CP048240.1,304409,1
CP048240.1,305192,92
CP048240.1,305325,99
CP048240.1,305395,944
CP048240.1,307163,414
CP048240.1,307216,3
CP048240.1,307296,1
CP048240.1,307297,1
CP048240.1,307301,363
CP048240.1,307304,161
CP048240.1,307309,1
CP048240.1,307330,1686
CP048240.1,307337,753
CP048240.1,307344,992
CP048240.1,307351,121
CP048240.1,307369,393
CP048240.1,307374,699
CP048240.1,307386,755
CP048240.1,307387,345
CP048240.1,307390,271
CP048240.1,307864,680
CP048240.1,307867,7
CP048240.1,307931,1086
CP048240.1,308038,16
CP048240.1,308175,180
CP048240.1,308619,89
CP048240.1,308783,1
CP048240.1,308805,44
CP048240.1,308825,11
CP048240.1,308864,752
CP048240.1,310911,3
CP048240.1,311879,481
CP048240.1,312074,114
CP048240.1,312265,238
CP048240.1,314118,29
CP048240.1,315734,1
CP048240.1,315741,221
CP048240.1,315890,188
CP048240.1,315897,393
CP048240.1,316061,264
CP048240.1,316077,263
CP048240.1,316098,612
CP048240.1,316107,938
CP048240.1,316120,1416
CP048240.1,316121,27
CP048240.1,316127,3274
CP048240.1,316138,805
CP048240.1,316145,546
CP048240.1,316153,83
CP048240.1,316351,52
CP048240.1,316366,1
CP048240.1,316378,200
CP048240.1,316397,351
CP048240.1,316422,19
CP048240.1,316576,1429
CP048240.1,316577,113
CP048240.1,316581,65
CP048240.1,316600,671
CP048240.1,316617,1619
CP048240.1,316624,1660
CP048240.1,316677,1141
CP048240.1,316806,645
CP048240.1,316841,2591
CP048240.1,319418,290
CP048240.1,319428,398
CP048240.1,319480,38
CP048240.1,319497,751
CP048240.1,319547,785
CP048240.1,319553,2
CP048240.1,319560,310
CP048240.1,319580,57
CP048240.1,319585,26
CP048240.1,319620,799
CP048240.1,319644,559
CP048240.1,319652,1
CP048240.1,319679,1
CP048240.1,319682,601
CP048240.1,319687,99
CP048240.1,319716,1192
CP048240.1,319948,1
CP048240.1,320181,2
CP048240.1,320186,213
CP048240.1,320305,28
CP048240.1,320510,1
CP048240.1,321312,3
CP048240.1,321425,663
CP048240.1,321447,85
CP048240.1,321648,248
CP048240.1,322113,15
CP048240.1,322385,630
CP048240.1,322454,3
CP048240.1,322461,48
CP048240.1,322526,609
CP048240.1,322533,1843
CP048240.1,322551,874
CP048240.1,322560,22
CP048240.1,322562,1
CP048240.1,322587,68
CP048240.1,323061,874
CP048240.1,323087,2379
CP048240.1,324150,1
CP048240.1,324211,1
CP048240.1,324249,701
CP048240.1,324272,1
CP048240.1,324506,1
CP048240.1,324658,1
CP048240.1,324661,13
CP048240.1,324663,373
CP048240.1,324665,161
CP048240.1,324667,44
CP048240.1,324669,13
CP048240.1,324671,2
CP048240.1,324678,25
CP048240.1,324685,242
CP048240.1,324687,88
CP048240.1,324694,3
CP048240.1,324727,593
CP048240.1,324730,3758
CP048240.1,324732,7
CP048240.1,324737,4056
CP048240.1,324739,351
CP048240.1,324767,2274
CP048240.1,324833,1999
CP048240.1,324843,96
CP048240.1,324960,250
CP048240.1,324967,279
CP048240.1,325134,324
CP048240.1,325295,47
CP048240.1,325394,793
CP048240.1,325450,5
CP048240.1,325535,7
CP048240.1,325547,3
CP048240.1,327879,29
CP048240.1,327962,595
CP048240.1,328047,55
CP048240.1,332828,1
CP048240.1,332994,258
CP048240.1,333248,39
CP048240.1,333849,44
CP048240.1,334405,87
CP048240.1,334450,84
CP048240.1,334452,295
CP048240.1,334471,55
CP048240.1,335379,1
CP048240.1,335772,354
CP048240.1,335780,187
CP048240.1,335819,645
CP048240.1,335831,766
CP048240.1,335857,151
CP048240.1,335916,1
CP048240.1,335917,105
CP048240.1,335968,637
CP048240.1,335973,363
CP048240.1,335975,341
CP048240.1,335977,105
CP048240.1,335978,389
CP048240.1,335980,214
CP048240.1,335983,457
CP048240.1,335992,1
CP048240.1,335999,523
CP048240.1,336150,136
CP048240.1,336213,300
CP048240.1,336218,292
CP048240.1,336373,419
CP048240.1,338080,208
CP048240.1,338199,79
CP048240.1,339222,839
CP048240.1,339513,463
CP048240.1,339575,331
CP048240.1,339890,27
CP048240.1,341182,12
CP048240.1,342154,44
CP048240.1,343466,1
CP048240.1,343493,58
CP048240.1,343505,1
CP048240.1,343657,617
CP048240.1,343704,1433
CP048240.1,343711,53
CP048240.1,343773,1
CP048240.1,343860,185
CP048240.1,343865,87
CP048240.1,343949,406
CP048240.1,343964,1569
CP048240.1,343997,688
CP048240.1,344004,352
CP048240.1,344052,1
CP048240.1,344059,274
CP048240.1,344116,356
CP048240.1,344160,15
CP048240.1,344184,844
CP048240.1,344293,630
CP048240.1,344311,722
CP048240.1,344333,1
CP048240.1,344389,714
CP048240.1,344527,772
CP048240.1,344690,217
CP048240.1,344738,1093
CP048240.1,344786,2
CP048240.1,344804,1
CP048240.1,344849,4
CP048240.1,344881,117
CP048240.1,344948,41
CP048240.1,344978,24
CP048240.1,345000,2
CP048240.1,345166,148
CP048240.1,345185,1
CP048240.1,345278,476
CP048240.1,345294,2430
CP048240.1,345312,2018
CP048240.1,345370,4
CP048240.1,345377,747
CP048240.1,345406,338
CP048240.1,345407,2
CP048240.1,345414,1222
CP048240.1,345452,63
CP048240.1,345455,473
CP048240.1,345518,2
CP048240.1,345851,2
CP048240.1,345902,131
CP048240.1,345929,8
CP048240.1,345936,2
CP048240.1,345977,164
CP048240.1,346006,529
CP048240.1,346013,629
CP048240.1,346038,358
CP048240.1,346090,383
CP048240.1,346296,203
CP048240.1,346410,396
CP048240.1,346445,4
CP048240.1,346450,35
CP048240.1,346452,77
CP048240.1,346463,440
CP048240.1,346525,70
CP048240.1,346608,55
CP048240.1,346940,148
CP048240.1,347118,561
CP048240.1,347244,1727
CP048240.1,347408,234
CP048240.1,347896,3
CP048240.1,348544,154
CP048240.1,352888,203
CP048240.1,353697,240
CP048240.1,354312,487
CP048240.1,354357,341
CP048240.1,354368,1
CP048240.1,354406,719
CP048240.1,354409,412
CP048240.1,354414,858
CP048240.1,354480,469
CP048240.1,355767,827
CP048240.1,359904,259
CP048240.1,360028,18
CP048240.1,361026,156
CP048240.1,362406,52
CP048240.1,362470,93
CP048240.1,362662,476
CP048240.1,362801,914
CP048240.1,362980,7
CP048240.1,364559,378
CP048240.1,364586,5
CP048240.1,364806,12
CP048240.1,365171,211
CP048240.1,367754,149
CP048240.1,367874,259
CP048240.1,368085,18
CP048240.1,368198,37
CP048240.1,368564,198
CP048240.1,368928,576
CP048240.1,368973,28
CP048240.1,369306,390
CP048240.1,369313,409
CP048240.1,369771,8
CP048240.1,372855,23
CP048240.1,372885,4
CP048240.1,373379,369
CP048240.1,373432,585
CP048240.1,373712,758
CP048240.1,374863,6
CP048240.1,374994,100
CP048240.1,375118,61
CP048240.1,375657,376
CP048240.1,375794,478
CP048240.1,376561,1
CP048240.1,376568,262
CP048240.1,376698,31
CP048240.1,376814,59
CP048240.1,376834,151
CP048240.1,376922,177
CP048240.1,376926,1
CP048240.1,376939,217
CP048240.1,376971,605
CP048240.1,376979,67
CP048240.1,376986,21
CP048240.1,376987,1423
CP048240.1,376994,2804
CP048240.1,377000,15
CP048240.1,377007,1778
CP048240.1,377028,981
CP048240.1,377065,453
CP048240.1,377072,706
CP048240.1,377204,6
CP048240.1,377290,1
CP048240.1,377297,1
CP048240.1,377364,219
CP048240.1,377428,20
CP048240.1,377670,1294
CP048240.1,377904,150
CP048240.1,378036,6
CP048240.1,378063,1285
CP048240.1,378283,1
CP048240.1,378287,201
CP048240.1,378302,452
CP048240.1,378308,39
CP048240.1,378310,1
CP048240.1,378330,226
CP048240.1,378369,1394
CP048240.1,378370,1
CP048240.1,379316,1
CP048240.1,379926,75
CP048240.1,380269,40
CP048240.1,380325,19
CP048240.1,380332,1
CP048240.1,380406,14
CP048240.1,383308,903
CP048240.1,383627,326
CP048240.1,384358,66
CP048240.1,385034,23
CP048240.1,385488,874
CP048240.1,386055,1
CP048240.1,386104,590
CP048240.1,386108,125
CP048240.1,386123,613
CP048240.1,386145,471
CP048240.1,386159,38
CP048240.1,387272,92
CP048240.1,387479,737
CP048240.1,387486,71
CP048240.1,387944,247
CP048240.1,387986,214
CP048240.1,388180,194
CP048240.1,388254,1
CP048240.1,388333,1504
CP048240.1,388358,88
CP048240.1,388386,135
CP048240.1,388393,447
CP048240.1,388394,445
CP048240.1,388433,2
CP048240.1,388459,1
CP048240.1,388476,2
CP048240.1,388491,62
CP048240.1,388575,26
CP048240.1,388585,4
CP048240.1,388626,532
CP048240.1,388654,26
CP048240.1,389195,827
CP048240.1,389373,36
CP048240.1,389735,48
CP048240.1,389847,548
CP048240.1,389868,32
CP048240.1,389875,425
CP048240.1,389914,1
CP048240.1,390006,578
CP048240.1,390104,1
CP048240.1,390256,704
CP048240.1,390793,1
CP048240.1,390817,318
CP048240.1,390824,197
CP048240.1,390933,25
CP048240.1,390971,45
CP048240.1,391434,603
CP048240.1,391647,599
CP048240.1,391747,247
CP048240.1,391757,973
CP048240.1,391906,34
CP048240.1,392041,127
CP048240.1,392043,8
CP048240.1,392048,1
CP048240.1,392828,1
CP048240.1,393905,231
CP048240.1,394168,386
CP048240.1,394208,43
CP048240.1,394279,396
CP048240.1,394414,6
CP048240.1,395569,117
CP048240.1,396218,121
CP048240.1,396300,464
CP048240.1,396307,3
CP048240.1,396314,546
CP048240.1,396401,147
CP048240.1,396492,18
CP048240.1,396501,9
CP048240.1,396508,25
CP048240.1,396532,308
CP048240.1,396539,9
CP048240.1,396555,313
CP048240.1,396559,430
CP048240.1,396563,583
CP048240.1,396601,431
CP048240.1,396603,193
CP048240.1,396612,44
CP048240.1,396613,5
CP048240.1,396614,609
CP048240.1,396633,1
CP048240.1,396640,554
CP048240.1,396845,247
CP048240.1,396858,49
CP048240.1,396947,783
CP048240.1,397026,394
CP048240.1,399215,567
CP048240.1,399695,340
CP048240.1,399859,892
CP048240.1,399866,1125
CP048240.1,399958,9
CP048240.1,399961,73
CP048240.1,400065,1042
CP048240.1,400070,484
CP048240.1,400076,2492
CP048240.1,400077,6
CP048240.1,400096,1410
CP048240.1,400103,27
CP048240.1,400125,1
CP048240.1,400128,1117
CP048240.1,400132,312
CP048240.1,400136,1000
CP048240.1,400138,623
CP048240.1,400145,142
CP048240.1,400168,1446
CP048240.1,400217,2459
CP048240.1,400224,68
CP048240.1,400282,84
CP048240.1,400284,780
CP048240.1,400291,1821
CP048240.1,400374,431
CP048240.1,400461,43
CP048240.1,400470,1
CP048240.1,400481,699
CP048240.1,400552,461
CP048240.1,400564,1267
CP048240.1,400686,44
CP048240.1,401208,2421
CP048240.1,401318,11
CP048240.1,401658,115
CP048240.1,401877,60
CP048240.1,401881,249
CP048240.1,402405,202
CP048240.1,402417,598
CP048240.1,402606,236
CP048240.1,402723,1584
CP048240.1,402806,186
CP048240.1,402810,140
CP048240.1,402813,1
CP048240.1,402884,67
CP048240.1,402888,18
CP048240.1,402892,122
CP048240.1,402899,963
CP048240.1,402931,412
CP048240.1,402991,61
CP048240.1,403120,9
CP048240.1,404177,936
CP048240.1,404731,709
CP048240.1,404852,91
CP048240.1,405007,549
CP048240.1,405082,310
CP048240.1,405089,973
CP048240.1,407104,102
CP048240.1,407197,100
CP048240.1,407290,120
CP048240.1,407436,1557
CP048240.1,407488,110
CP048240.1,407531,43
CP048240.1,407613,147
CP048240.1,407676,557
CP048240.1,407737,1059
CP048240.1,407965,310
CP048240.1,407972,2
CP048240.1,408466,380
CP048240.1,408646,395
CP048240.1,408699,417
CP048240.1,408706,1055
CP048240.1,408807,342
CP048240.1,408808,1
CP048240.1,408952,682
CP048240.1,408981,799
CP048240.1,409000,1
CP048240.1,409007,179
CP048240.1,409024,74
CP048240.1,409031,5
CP048240.1,409084,618
CP048240.1,409085,827
CP048240.1,409165,1104
CP048240.1,409167,740
CP048240.1,409280,13
CP048240.1,409288,116
CP048240.1,409365,1
CP048240.1,409392,49
CP048240.1,409399,10
CP048240.1,409424,1032
CP048240.1,409483,1830
CP048240.1,409490,1482
CP048240.1,409599,2
CP048240.1,409752,1
CP048240.1,409812,2
CP048240.1,409819,786
CP048240.1,410082,585
CP048240.1,410154,372
CP048240.1,410268,514
CP048240.1,410420,45
CP048240.1,411832,1364
CP048240.1,412219,3
CP048240.1,412900,41
CP048240.1,413608,346
CP048240.1,413750,17
CP048240.1,413805,346
CP048240.1,413842,26
CP048240.1,413849,702
CP048240.1,413856,808
CP048240.1,413959,112
CP048240.1,414011,467
CP048240.1,414151,1
CP048240.1,414387,80
CP048240.1,414494,5
CP048240.1,415580,120
CP048240.1,415886,1
CP048240.1,416911,10
CP048240.1,417004,414
CP048240.1,417047,11
CP048240.1,417069,60
CP048240.1,417093,676
CP048240.1,417226,88
CP048240.1,417457,620
CP048240.1,417489,1060
CP048240.1,417497,304
CP048240.1,417621,94
CP048240.1,417628,1749
CP048240.1,417647,789
CP048240.1,417652,708
CP048240.1,417654,159
CP048240.1,417675,12
CP048240.1,417700,63
CP048240.1,417708,1
CP048240.1,417719,158
CP048240.1,417801,50
CP048240.1,417828,789
CP048240.1,417883,474
CP048240.1,418296,298
CP048240.1,418307,421
CP048240.1,418330,343
CP048240.1,418337,737
CP048240.1,418482,66
CP048240.1,418652,45
CP048240.1,418805,133
CP048240.1,419037,1
CP048240.1,420271,137
CP048240.1,420412,75
CP048240.1,420791,146
CP048240.1,424420,92
CP048240.1,425443,75
CP048240.1,425556,1
CP048240.1,425561,287
CP048240.1,425583,1065
CP048240.1,425590,247
CP048240.1,425664,154
CP048240.1,425672,361
CP048240.1,425707,72
CP048240.1,425789,833
CP048240.1,427247,277
CP048240.1,428124,242
CP048240.1,428886,127
CP048240.1,429017,960
CP048240.1,429295,4
CP048240.1,429323,1
CP048240.1,429356,605
CP048240.1,429363,8
CP048240.1,429370,134
CP048240.1,429377,74
CP048240.1,429379,271
CP048240.1,429384,9
CP048240.1,429386,498
CP048240.1,429533,170
CP048240.1,429550,719
CP048240.1,429551,241
CP048240.1,429727,241
CP048240.1,429809,256
CP048240.1,429923,69
CP048240.1,431747,185
CP048240.1,432114,1
CP048240.1,432763,2
CP048240.1,433476,1
CP048240.1,433758,211
CP048240.1,434121,416
CP048240.1,435219,691
CP048240.1,435299,1
CP048240.1,435312,702
CP048240.1,435538,4
CP048240.1,435653,188
CP048240.1,435655,4
CP048240.1,435754,9
CP048240.1,435835,28
CP048240.1,435920,453
CP048240.1,436000,1390
CP048240.1,436007,1698
CP048240.1,436112,1037
CP048240.1,436119,1213
CP048240.1,436219,926
CP048240.1,436271,32
CP048240.1,436276,1114
CP048240.1,436481,656
CP048240.1,436534,156
CP048240.1,436769,161
CP048240.1,437201,1
CP048240.1,437787,237
CP048240.1,438179,64
CP048240.1,438528,557
CP048240.1,438882,632
CP048240.1,440126,115
CP048240.1,440829,3
CP048240.1,441788,460
CP048240.1,444072,31
CP048240.1,444076,14
CP048240.1,447197,42
CP048240.1,447275,771
CP048240.1,447312,12
CP048240.1,447494,523
CP048240.1,447501,1567
CP048240.1,447544,64
CP048240.1,447546,442
CP048240.1,447551,1
CP048240.1,447702,665
CP048240.1,448185,69
CP048240.1,448339,1
CP048240.1,450074,343
CP048240.1,450100,399
CP048240.1,450161,938
CP048240.1,450168,382
CP048240.1,450192,30
CP048240.1,450330,159
CP048240.1,450387,190
CP048240.1,450704,359
CP048240.1,450745,296
CP048240.1,451292,25
CP048240.1,451293,714
CP048240.1,451349,2977
CP048240.1,451350,291
CP048240.1,451351,223
CP048240.1,451356,618
CP048240.1,451373,12
CP048240.1,451418,5
CP048240.1,451550,1064
CP048240.1,451552,701
CP048240.1,451617,731
CP048240.1,451630,588
CP048240.1,451635,1
CP048240.1,451637,185
CP048240.1,451642,1
CP048240.1,451643,1195
CP048240.1,451650,24
CP048240.1,451711,510
CP048240.1,452076,510
CP048240.1,452464,1119
CP048240.1,452624,949
CP048240.1,454234,665
CP048240.1,454241,548
CP048240.1,454296,82
CP048240.1,454341,769
CP048240.1,454381,287
CP048240.1,454382,536
CP048240.1,454457,175
CP048240.1,454464,478
CP048240.1,454471,270
CP048240.1,454491,55
CP048240.1,455261,6
CP048240.1,455388,9
CP048240.1,455557,214
CP048240.1,455598,66
CP048240.1,455607,77
CP048240.1,455614,85
CP048240.1,455722,264
CP048240.1,455729,511
CP048240.1,457040,31
CP048240.1,457047,36
CP048240.1,459256,427
CP048240.1,461586,54
CP048240.1,461696,48
CP048240.1,461742,50
CP048240.1,461830,755
CP048240.1,461837,828
CP048240.1,462034,91
CP048240.1,462145,133
CP048240.1,462220,611
CP048240.1,462372,1
CP048240.1,462501,1
CP048240.1,462510,56
CP048240.1,463229,1083
CP048240.1,463236,116
CP048240.1,463441,383
CP048240.1,463501,2
CP048240.1,463620,286
CP048240.1,463918,67
CP048240.1,464200,106
CP048240.1,465413,162
CP048240.1,466633,148
CP048240.1,467650,30
CP048240.1,467962,5
CP048240.1,468560,541
CP048240.1,468819,4
CP048240.1,469157,41
CP048240.1,471487,127
CP048240.1,471567,25
CP048240.1,471578,700
CP048240.1,471623,65
CP048240.1,471952,859
CP048240.1,472016,9
CP048240.1,472023,3
CP048240.1,472083,78
CP048240.1,472123,10
CP048240.1,472164,2
CP048240.1,473953,350
CP048240.1,475326,132
CP048240.1,475419,113
CP048240.1,475454,46
CP048240.1,476814,783
CP048240.1,477595,835
CP048240.1,478175,255
CP048240.1,478926,19
CP048240.1,479021,52
CP048240.1,479589,297
CP048240.1,479745,19
CP048240.1,479747,393
CP048240.1,479975,26
CP048240.1,480019,1999
CP048240.1,480071,138
CP048240.1,480078,22
CP048240.1,480164,443
CP048240.1,480181,27
CP048240.1,480251,472
CP048240.1,480340,8
CP048240.1,480347,34
CP048240.1,480416,402
CP048240.1,480592,7
CP048240.1,480669,1585
CP048240.1,480676,969
CP048240.1,480714,17
CP048240.1,480715,838
CP048240.1,481053,443
CP048240.1,481111,4
CP048240.1,481162,1
CP048240.1,482377,1
CP048240.1,482382,1
CP048240.1,482423,221
CP048240.1,486713,40
CP048240.1,486754,656
CP048240.1,486821,5
CP048240.1,488389,126
CP048240.1,488601,780
CP048240.1,490829,191
CP048240.1,490997,683
CP048240.1,491018,694
CP048240.1,491105,326
CP048240.1,492042,2
CP048240.1,494946,85
CP048240.1,495220,8
CP048240.1,495296,412
CP048240.1,495375,251
CP048240.1,495398,467
CP048240.1,498316,115
CP048240.1,499476,390
CP048240.1,500546,740
CP048240.1,500567,1
CP048240.1,500616,937
CP048240.1,500730,23
CP048240.1,500828,128
CP048240.1,500905,80
CP048240.1,500914,1472
CP048240.1,500921,22
CP048240.1,500963,480
CP048240.1,500994,190
CP048240.1,501001,883
CP048240.1,501416,32
CP048240.1,501695,228
CP048240.1,503578,396
CP048240.1,503742,150
CP048240.1,505072,14
CP048240.1,505151,180
CP048240.1,505501,5
CP048240.1,505669,105
CP048240.1,505727,59
CP048240.1,505787,1
CP048240.1,506020,1
CP048240.1,506114,505
CP048240.1,507044,410
CP048240.1,507761,1762
CP048240.1,507804,141
CP048240.1,508162,299
CP048240.1,509001,211
CP048240.1,509483,1
CP048240.1,509897,412
CP048240.1,509949,15
CP048240.1,509952,117
CP048240.1,509972,73
CP048240.1,510018,57
CP048240.1,510019,495
CP048240.1,510026,116
CP048240.1,510348,170
CP048240.1,510515,93
CP048240.1,510555,421
CP048240.1,510556,931
CP048240.1,510567,138
CP048240.1,510587,435
CP048240.1,510606,248
CP048240.1,511657,145
CP048240.1,514442,557
CP048240.1,514528,305
CP048240.1,514689,273
CP048240.1,514742,224
CP048240.1,514893,647
CP048240.1,515067,5
CP048240.1,515085,189
CP048240.1,515089,132
CP048240.1,515090,1
CP048240.1,516558,272
CP048240.1,518471,10
CP048240.1,518807,1
CP048240.1,521517,1
CP048240.1,521667,4
CP048240.1,521676,363
CP048240.1,521726,3
CP048240.1,521899,260
CP048240.1,523601,6
CP048240.1,524820,1
CP048240.1,525429,5
CP048240.1,529161,121
CP048240.1,529176,241
CP048240.1,529354,15
CP048240.1,529409,1
CP048240.1,529445,139
CP048240.1,529701,169
CP048240.1,529756,207
CP048240.1,529995,6
CP048240.1,530437,284
CP048240.1,530450,251
CP048240.1,530545,446
CP048240.1,532629,63
CP048240.1,532842,144
CP048240.1,532882,206
CP048240.1,535233,886
CP048240.1,535264,1
CP048240.1,535349,22
CP048240.1,535352,2749
CP048240.1,535504,1070
CP048240.1,535737,1348
CP048240.1,535831,307
CP048240.1,535986,1206
CP048240.1,535993,1
CP048240.1,536051,1055
CP048240.1,536130,1
CP048240.1,539473,1
CP048240.1,539479,239
CP048240.1,539677,530
CP048240.1,542116,437
CP048240.1,542190,87
CP048240.1,543477,105
CP048240.1,543495,542
CP048240.1,543518,939
CP048240.1,543525,189
CP048240.1,543604,104
CP048240.1,548957,66
CP048240.1,550165,123
CP048240.1,550809,576
CP048240.1,553950,53
CP048240.1,555021,40
CP048240.1,555991,7
CP048240.1,556198,155
CP048240.1,556379,106
CP048240.1,556397,219
CP048240.1,556425,5
CP048240.1,559195,2
CP048240.1,560151,1319
CP048240.1,560158,706
CP048240.1,560170,16
CP048240.1,560192,91
CP048240.1,560199,2
CP048240.1,560279,543
CP048240.1,560362,522
CP048240.1,560654,613
CP048240.1,561833,425
CP048240.1,562090,274
CP048240.1,563091,149
CP048240.1,565786,1
CP048240.1,565923,457
CP048240.1,565975,71
CP048240.1,565983,72
CP048240.1,566045,142
CP048240.1,566052,1661
CP048240.1,566119,7
CP048240.1,566190,26
CP048240.1,566386,15
CP048240.1,566421,457
CP048240.1,566428,813
CP048240.1,567425,235
CP048240.1,567473,278
CP048240.1,567488,631
CP048240.1,567491,9
CP048240.1,567654,1
CP048240.1,567764,37
CP048240.1,567895,411
CP048240.1,567949,10
CP048240.1,568050,51
CP048240.1,568057,148
CP048240.1,568176,489
CP048240.1,568261,324
CP048240.1,568268,104
CP048240.1,568335,21
CP048240.1,568346,14
CP048240.1,568455,5
CP048240.1,568513,1
CP048240.1,568576,3
CP048240.1,568642,777
CP048240.1,568645,226
CP048240.1,568740,14
CP048240.1,568875,839
CP048240.1,568994,2560
CP048240.1,569001,6173
CP048240.1,569035,27
CP048240.1,569435,298
CP048240.1,569500,259
CP048240.1,570240,259
CP048240.1,570298,54
CP048240.1,571466,10
CP048240.1,571825,10
CP048240.1,573349,143
CP048240.1,573447,12
CP048240.1,573454,517
CP048240.1,573503,256
CP048240.1,573517,231
CP048240.1,574589,293
CP048240.1,574919,81
CP048240.1,575011,1
CP048240.1,575034,379
CP048240.1,575058,514
CP048240.1,575160,242
CP048240.1,575203,396
CP048240.1,575244,151
CP048240.1,575274,328
CP048240.1,575360,34
CP048240.1,575380,7
CP048240.1,575397,32
CP048240.1,575405,317
CP048240.1,575461,388
CP048240.1,575467,31
CP048240.1,575474,75
CP048240.1,575536,14
CP048240.1,575555,456
CP048240.1,575562,911
CP048240.1,575969,112
CP048240.1,575976,160
CP048240.1,576069,871
CP048240.1,576216,1
CP048240.1,577903,1346
CP048240.1,577910,254
CP048240.1,577911,42
CP048240.1,578078,2
CP048240.1,578130,1
CP048240.1,578285,34
CP048240.1,578292,385
CP048240.1,578300,310
CP048240.1,578304,3169
CP048240.1,578306,514
CP048240.1,578349,15
CP048240.1,578365,1
CP048240.1,578555,439
CP048240.1,578645,688
CP048240.1,579202,144
CP048240.1,579514,1
CP048240.1,581933,625
CP048240.1,582652,37
CP048240.1,584742,185
CP048240.1,585166,3
CP048240.1,585283,64
CP048240.1,586032,225
CP048240.1,586054,185
CP048240.1,586226,54
CP048240.1,588254,19
CP048240.1,588432,574
CP048240.1,588513,1584
CP048240.1,588534,998
CP048240.1,588540,158
CP048240.1,588541,690
CP048240.1,588560,164
CP048240.1,588569,2
CP048240.1,588575,933
CP048240.1,588583,1
CP048240.1,588585,1035
CP048240.1,588594,173
CP048240.1,588617,1131
CP048240.1,588624,920
CP048240.1,588640,1
CP048240.1,588861,37
CP048240.1,589063,1
CP048240.1,589243,599
CP048240.1,589423,350
CP048240.1,589424,1397
CP048240.1,589430,545
CP048240.1,589431,956
CP048240.1,589576,95
CP048240.1,592175,1
CP048240.1,592381,306
CP048240.1,593522,1
CP048240.1,593599,12
CP048240.1,593608,399
CP048240.1,594284,277
CP048240.1,594291,24
CP048240.1,594307,1
CP048240.1,594314,212
CP048240.1,594334,1592
CP048240.1,594392,565
CP048240.1,594596,254
CP048240.1,596011,18
CP048240.1,598675,1
CP048240.1,598682,119
CP048240.1,598684,1
CP048240.1,598703,496
CP048240.1,598747,520
CP048240.1,598934,465
CP048240.1,599173,713
CP048240.1,599519,6
CP048240.1,600093,32
CP048240.1,600835,57
CP048240.1,601643,69
CP048240.1,602270,5
CP048240.1,602299,1790
CP048240.1,602371,3
CP048240.1,602547,141
CP048240.1,602606,1028
CP048240.1,602608,327
CP048240.1,602721,168
CP048240.1,602728,794
CP048240.1,602846,415
CP048240.1,602853,2958
CP048240.1,602930,1
CP048240.1,602970,1
CP048240.1,603011,2232
CP048240.1,603076,125
CP048240.1,603670,1
CP048240.1,603862,1229
CP048240.1,604183,100
CP048240.1,606273,4
CP048240.1,606280,560
CP048240.1,606425,524
CP048240.1,606430,4
CP048240.1,606432,2
CP048240.1,606467,620
CP048240.1,606521,661
CP048240.1,608561,1227
CP048240.1,608763,5
CP048240.1,610713,6
CP048240.1,610765,13
CP048240.1,611461,33
CP048240.1,612963,442
CP048240.1,613538,17
CP048240.1,613783,53
CP048240.1,614124,498
CP048240.1,614168,69
CP048240.1,614200,925
CP048240.1,614267,41
CP048240.1,614274,1223
CP048240.1,614297,654
CP048240.1,614330,29
CP048240.1,614339,36
CP048240.1,614340,6
CP048240.1,614359,582
CP048240.1,614366,1865
CP048240.1,614377,867
CP048240.1,614410,3349
CP048240.1,614515,21
CP048240.1,614522,1
CP048240.1,614550,33
CP048240.1,614614,5
CP048240.1,614687,350
CP048240.1,614711,33
CP048240.1,614718,1
CP048240.1,614874,613
CP048240.1,614881,9
CP048240.1,614923,57
CP048240.1,614928,892
CP048240.1,614979,464
CP048240.1,615023,471
CP048240.1,615048,275
CP048240.1,615064,2
CP048240.1,615166,323
CP048240.1,615197,2
CP048240.1,615259,217
CP048240.1,615278,3
CP048240.1,615930,300
CP048240.1,616217,2
CP048240.1,616320,1
CP048240.1,616342,577
CP048240.1,616358,185
CP048240.1,616359,35
CP048240.1,616366,2
CP048240.1,616425,43
CP048240.1,616443,98
CP048240.1,622588,114
CP048240.1,624438,452
CP048240.1,624456,651
CP048240.1,625269,237
CP048240.1,625877,40
CP048240.1,626898,5
CP048240.1,627955,254
CP048240.1,627997,142
CP048240.1,629460,30
CP048240.1,629467,429
CP048240.1,629712,1
CP048240.1,629719,1469
CP048240.1,632123,575
CP048240.1,632877,75
CP048240.1,632929,243
CP048240.1,632996,420
CP048240.1,633010,5
CP048240.1,633018,27
CP048240.1,633041,1
CP048240.1,633161,1361
CP048240.1,633924,54
CP048240.1,633933,390
CP048240.1,633951,29
CP048240.1,633958,61
CP048240.1,634121,103
CP048240.1,635387,144
CP048240.1,635606,4
CP048240.1,635620,1068
CP048240.1,641853,239
CP048240.1,649125,623
CP048240.1,651086,381
CP048240.1,651117,415
CP048240.1,651127,787
CP048240.1,652359,35
CP048240.1,652366,2
CP048240.1,652584,257
CP048240.1,652591,362
CP048240.1,652625,3
CP048240.1,652631,58
CP048240.1,653789,1185
CP048240.1,653866,37
CP048240.1,654008,956
CP048240.1,654041,1667
CP048240.1,654051,898
CP048240.1,654269,354
CP048240.1,654318,81
CP048240.1,654412,5
CP048240.1,656760,800
CP048240.1,657475,6
CP048240.1,657495,33
CP048240.1,657572,83
CP048240.1,657584,20
CP048240.1,657705,491
CP048240.1,658079,444
CP048240.1,658186,103
CP048240.1,658384,250
CP048240.1,658634,3
CP048240.1,658641,37
CP048240.1,660993,30
CP048240.1,661068,2
CP048240.1,663721,382
CP048240.1,664493,26
CP048240.1,669477,565
CP048240.1,669586,508
CP048240.1,669804,46
CP048240.1,670688,257
CP048240.1,671523,6
CP048240.1,671787,48
CP048240.1,671794,72
CP048240.1,672416,219
CP048240.1,674051,2565
CP048240.1,675047,22
CP048240.1,675054,88
CP048240.1,675465,26
CP048240.1,675520,185
CP048240.1,675528,394
CP048240.1,675607,253
CP048240.1,675645,654
CP048240.1,675646,909
CP048240.1,675651,30
CP048240.1,675653,1434
CP048240.1,675703,1
CP048240.1,675730,658
CP048240.1,677561,178
CP048240.1,677564,1
CP048240.1,677701,631
CP048240.1,680976,444
CP048240.1,681822,74
CP048240.1,682530,1
CP048240.1,682545,32
CP048240.1,682623,7
CP048240.1,682729,277
CP048240.1,682731,137
CP048240.1,686818,165
CP048240.1,686847,24
CP048240.1,686860,6
CP048240.1,686867,14
CP048240.1,686889,16
CP048240.1,687240,19
CP048240.1,687244,145
CP048240.1,687360,59
CP048240.1,689763,1
CP048240.1,689790,191
CP048240.1,689833,7
CP048240.1,689918,619
CP048240.1,690320,656
CP048240.1,690643,393
CP048240.1,690681,9
CP048240.1,690711,69
CP048240.1,690846,373
CP048240.1,690871,567
CP048240.1,690992,132
CP048240.1,691206,1
CP048240.1,691260,3
CP048240.1,691742,491
CP048240.1,691794,540
CP048240.1,692194,26
CP048240.1,692217,270
CP048240.1,692224,261
CP048240.1,692239,1023
CP048240.1,692375,1
CP048240.1,703056,549
CP048240.1,703211,351
CP048240.1,707017,542
CP048240.1,707600,4
CP048240.1,708242,194
CP048240.1,710660,1
CP048240.1,710755,17
CP048240.1,710873,338
CP048240.1,710889,20
CP048240.1,710896,67
CP048240.1,713287,524
CP048240.1,713996,2
CP048240.1,714209,43
CP048240.1,714340,570
CP048240.1,714347,66
CP048240.1,714367,908
CP048240.1,714433,472
CP048240.1,714500,178
CP048240.1,714553,842
CP048240.1,714554,1
CP048240.1,714713,1513
CP048240.1,714720,628
CP048240.1,714723,507
CP048240.1,714844,262
CP048240.1,714878,542
CP048240.1,714935,1
CP048240.1,715020,130
CP048240.1,715127,45
CP048240.1,716020,101
CP048240.1,716076,94
CP048240.1,716114,37
CP048240.1,717418,206
CP048240.1,717426,2
CP048240.1,717556,1
CP048240.1,718511,167
CP048240.1,719140,25
CP048240.1,720297,724
CP048240.1,720318,146
CP048240.1,720437,131
CP048240.1,720471,2
CP048240.1,720512,189
CP048240.1,720547,188
CP048240.1,720646,473
CP048240.1,720649,44
CP048240.1,720673,267
CP048240.1,720684,8
CP048240.1,720726,155
CP048240.1,720957,829
CP048240.1,721334,1
CP048240.1,721337,446
CP048240.1,722060,1
CP048240.1,722237,404
CP048240.1,722265,594
CP048240.1,722307,2
CP048240.1,722449,2
CP048240.1,722456,1180
CP048240.1,722488,399
CP048240.1,722512,130
CP048240.1,722527,1
CP048240.1,722711,18
CP048240.1,723800,1
CP048240.1,725797,842
CP048240.1,726122,1
CP048240.1,726519,420
CP048240.1,726567,199
CP048240.1,726569,52
CP048240.1,726588,1
CP048240.1,726660,572
CP048240.1,726661,84
CP048240.1,726674,3
CP048240.1,726937,2
CP048240.1,727418,5
CP048240.1,727679,688
CP048240.1,727689,60
CP048240.1,727736,288
CP048240.1,727821,741
CP048240.1,727822,230
CP048240.1,727925,287
CP048240.1,727948,361
CP048240.1,728001,34
CP048240.1,728003,1
CP048240.1,728015,410
CP048240.1,728021,118
CP048240.1,728463,655
CP048240.1,728584,15
CP048240.1,728638,88
CP048240.1,728663,597
CP048240.1,728730,1313
CP048240.1,728737,1170
CP048240.1,728781,42
CP048240.1,728902,74
CP048240.1,728909,208
CP048240.1,729099,1
CP048240.1,729103,1
CP048240.1,729190,113
CP048240.1,729401,41
CP048240.1,729408,29
CP048240.1,729419,224
CP048240.1,729492,10
CP048240.1,729607,669
CP048240.1,729729,293
CP048240.1,729856,670
CP048240.1,730033,2
CP048240.1,730941,151
CP048240.1,731122,235
CP048240.1,732238,527
CP048240.1,732328,14
CP048240.1,732361,49
CP048240.1,733874,302
CP048240.1,734075,143
CP048240.1,734084,10
CP048240.1,734223,358
CP048240.1,734267,115
CP048240.1,734279,30
CP048240.1,734301,53
CP048240.1,734341,105
CP048240.1,734389,745
CP048240.1,734396,33
CP048240.1,734410,958
CP048240.1,734674,1400
CP048240.1,734686,606
CP048240.1,734690,1
CP048240.1,734693,409
CP048240.1,734696,385
CP048240.1,734713,1412
CP048240.1,734720,431
CP048240.1,734722,6
CP048240.1,734731,377
CP048240.1,734822,1
CP048240.1,734914,182
CP048240.1,735030,450
CP048240.1,735100,613
CP048240.1,735108,1
CP048240.1,735173,677
CP048240.1,735487,1
CP048240.1,735540,2
CP048240.1,736157,1
CP048240.1,736256,431
CP048240.1,736263,2
CP048240.1,737447,544
CP048240.1,738277,390
CP048240.1,738286,280
CP048240.1,738358,740
CP048240.1,738365,146
CP048240.1,738369,1
CP048240.1,738376,615
CP048240.1,740977,1191
CP048240.1,741049,103
CP048240.1,741493,466
CP048240.1,741665,427
CP048240.1,741950,23
CP048240.1,742018,529
CP048240.1,742027,499
CP048240.1,742189,344
CP048240.1,742360,1
CP048240.1,742393,379
CP048240.1,742480,498
CP048240.1,743296,71
CP048240.1,744094,55
CP048240.1,744754,29
CP048240.1,745032,615
CP048240.1,745115,953
CP048240.1,745122,2204
CP048240.1,745158,1320
CP048240.1,745253,237
CP048240.1,745441,1351
CP048240.1,745600,14
CP048240.1,745666,194
CP048240.1,745672,10
CP048240.1,745674,777
CP048240.1,745681,771
CP048240.1,745750,137
CP048240.1,745751,991
CP048240.1,745957,109
CP048240.1,746536,32
CP048240.1,747508,845
CP048240.1,747958,1
CP048240.1,748159,983
CP048240.1,748264,1001
CP048240.1,748265,1
CP048240.1,748393,177
CP048240.1,748418,952
CP048240.1,748419,1695
CP048240.1,748425,234
CP048240.1,748488,446
CP048240.1,748496,29
CP048240.1,748572,230
CP048240.1,748885,732
CP048240.1,748892,274
CP048240.1,748894,1028
CP048240.1,749308,9
CP048240.1,749392,52
CP048240.1,749492,90
CP048240.1,749510,1
CP048240.1,751689,59
CP048240.1,751973,103
CP048240.1,751978,150
CP048240.1,751980,1920
CP048240.1,752130,2
CP048240.1,752582,26
CP048240.1,753770,1
CP048240.1,753900,434
CP048240.1,754372,69
CP048240.1,754379,599
CP048240.1,758541,340
CP048240.1,758547,351
CP048240.1,758616,157
CP048240.1,762315,889
CP048240.1,762322,373
CP048240.1,762358,432
CP048240.1,762365,39
CP048240.1,762398,1
CP048240.1,762495,1
CP048240.1,762755,34
CP048240.1,763029,14
CP048240.1,763037,32
CP048240.1,763065,148
CP048240.1,763072,311
CP048240.1,763803,383
CP048240.1,763884,11
CP048240.1,764243,1
CP048240.1,764527,536
CP048240.1,764586,454
CP048240.1,764594,66
CP048240.1,764693,19
CP048240.1,764705,132
CP048240.1,765006,233
CP048240.1,765086,760
CP048240.1,765135,1
CP048240.1,765548,397
CP048240.1,765948,720
CP048240.1,765962,99
CP048240.1,766088,441
CP048240.1,766183,212
CP048240.1,766190,218
CP048240.1,766456,68
CP048240.1,766618,39
CP048240.1,767413,1
CP048240.1,769457,9
CP048240.1,770132,176
CP048240.1,770593,459
CP048240.1,770631,699
CP048240.1,770679,725
CP048240.1,770694,506
CP048240.1,770710,497
CP048240.1,770717,1
CP048240.1,770764,68
CP048240.1,770801,14
CP048240.1,770808,616
CP048240.1,770812,90
CP048240.1,770815,45
CP048240.1,770819,295
CP048240.1,770883,327
CP048240.1,770982,881
CP048240.1,771267,151
CP048240.1,771285,75
CP048240.1,771315,324
CP048240.1,771373,10
CP048240.1,771510,329
CP048240.1,771617,1
CP048240.1,771635,490
CP048240.1,771708,86
CP048240.1,772062,45
CP048240.1,774505,282
CP048240.1,774512,324
CP048240.1,774828,590
CP048240.1,774830,957
CP048240.1,774837,492
CP048240.1,775075,1
CP048240.1,775090,22
CP048240.1,775095,8
CP048240.1,775097,2
CP048240.1,775650,1
CP048240.1,776139,189
CP048240.1,776620,54
CP048240.1,776626,12
CP048240.1,776776,7
CP048240.1,776829,12
CP048240.1,776836,705
CP048240.1,776838,162
CP048240.1,776855,4
CP048240.1,776920,113
CP048240.1,777302,101
CP048240.1,777489,134
CP048240.1,777986,816
CP048240.1,778550,390
CP048240.1,778646,1174
CP048240.1,782176,437
CP048240.1,784359,71
CP048240.1,784413,13
CP048240.1,784488,26
CP048240.1,784568,3
CP048240.1,784579,551
CP048240.1,784706,561
CP048240.1,784737,7
CP048240.1,787444,31
CP048240.1,787578,361
CP048240.1,788421,60
CP048240.1,788426,12
CP048240.1,788611,58
CP048240.1,788617,28
CP048240.1,789820,10
CP048240.1,792903,30
CP048240.1,795506,344
CP048240.1,795553,97
CP048240.1,797749,260
CP048240.1,800785,80
CP048240.1,803181,177
CP048240.1,804727,83
CP048240.1,805289,635
CP048240.1,805290,620
CP048240.1,805296,268
CP048240.1,806790,880
CP048240.1,807288,28
CP048240.1,807413,4
CP048240.1,808279,233
CP048240.1,808552,292
CP048240.1,809078,330
CP048240.1,816674,442
CP048240.1,817235,37
CP048240.1,817236,1
CP048240.1,817536,205
CP048240.1,818276,438
CP048240.1,818309,395
CP048240.1,818701,486
CP048240.1,818714,5
CP048240.1,818763,99
CP048240.1,818770,142
CP048240.1,818799,549
CP048240.1,818825,171
CP048240.1,818868,516
CP048240.1,818926,91
CP048240.1,818933,729
CP048240.1,818957,44
CP048240.1,818958,27
CP048240.1,819004,50
CP048240.1,819018,290
CP048240.1,819025,389
CP048240.1,819029,676
CP048240.1,819055,427
CP048240.1,819078,575
CP048240.1,819101,28
CP048240.1,819138,276
CP048240.1,819641,90
CP048240.1,820020,126
CP048240.1,820593,54
CP048240.1,820600,3
CP048240.1,820979,413
CP048240.1,821877,2
CP048240.1,824207,2
CP048240.1,825732,1
CP048240.1,827687,59
CP048240.1,827712,118
CP048240.1,827763,392
CP048240.1,828442,4
CP048240.1,828446,1
CP048240.1,829704,271
CP048240.1,829713,25
CP048240.1,829752,312
CP048240.1,829759,376
CP048240.1,829866,616
CP048240.1,829873,8
CP048240.1,829877,397
CP048240.1,829971,128
CP048240.1,829980,315
CP048240.1,830191,234
CP048240.1,830193,281
CP048240.1,836696,100
CP048240.1,837636,880
CP048240.1,839174,1
CP048240.1,841326,198
CP048240.1,841607,17
CP048240.1,843480,7
CP048240.1,843487,43
CP048240.1,843492,29
CP048240.1,843527,1
CP048240.1,843617,376
CP048240.1,843641,8
CP048240.1,844171,452
CP048240.1,844178,1
CP048240.1,844276,139
CP048240.1,845361,153
CP048240.1,845776,88
CP048240.1,846357,8
CP048240.1,847269,546
CP048240.1,847273,792
CP048240.1,847284,866
CP048240.1,847303,66
CP048240.1,847519,2
CP048240.1,848033,3
CP048240.1,849837,92
CP048240.1,849841,1
CP048240.1,849888,695
CP048240.1,849895,31
CP048240.1,850210,54
CP048240.1,852107,431
CP048240.1,852142,218
CP048240.1,852149,232
CP048240.1,852292,173
CP048240.1,854944,1
CP048240.1,854948,188
CP048240.1,855859,87
CP048240.1,856936,3
CP048240.1,856938,380
CP048240.1,857019,585
CP048240.1,857409,685
CP048240.1,857416,89
CP048240.1,857512,600
CP048240.1,857516,647
CP048240.1,857523,1460
CP048240.1,858219,41
CP048240.1,858255,4
CP048240.1,859630,211
CP048240.1,859636,431
CP048240.1,859826,78
CP048240.1,861365,156
CP048240.1,864636,603
CP048240.1,864887,54
CP048240.1,864894,44
CP048240.1,865075,822
CP048240.1,865187,173
CP048240.1,865188,150
CP048240.1,865190,337
CP048240.1,865230,286
CP048240.1,865312,3702
CP048240.1,865319,1407
CP048240.1,865345,5
CP048240.1,865674,2
CP048240.1,865759,1
CP048240.1,865808,307
CP048240.1,865830,314
CP048240.1,865883,1091
CP048240.1,866063,666
CP048240.1,871580,130
CP048240.1,872576,14
CP048240.1,873853,136
CP048240.1,874518,1
CP048240.1,875776,160
CP048240.1,876066,505
CP048240.1,876196,2
CP048240.1,876395,30
CP048240.1,876647,125
CP048240.1,876732,123
CP048240.1,876772,1
CP048240.1,876821,153
CP048240.1,876870,3
CP048240.1,877164,20
CP048240.1,877241,57
CP048240.1,877861,394
CP048240.1,877866,6
CP048240.1,878091,1
CP048240.1,878152,161
CP048240.1,879372,6
CP048240.1,879376,3
CP048240.1,879383,1
CP048240.1,879385,13
CP048240.1,879390,1
CP048240.1,879394,703
CP048240.1,879457,3
CP048240.1,879464,89
CP048240.1,879679,544
CP048240.1,879746,16
CP048240.1,879780,37
CP048240.1,879883,2
CP048240.1,879939,250
CP048240.1,880078,1
CP048240.1,880113,1068
CP048240.1,880230,1
CP048240.1,880378,24
CP048240.1,880431,1
CP048240.1,880438,699
CP048240.1,880458,27
CP048240.1,880464,877
CP048240.1,880466,1
CP048240.1,880473,173
CP048240.1,880543,524
CP048240.1,880554,222
CP048240.1,880561,235
CP048240.1,880582,627
CP048240.1,880602,1002
CP048240.1,880656,676
CP048240.1,882052,28
CP048240.1,882241,199
CP048240.1,882317,435
CP048240.1,882490,42
CP048240.1,882683,7
CP048240.1,883286,476
CP048240.1,883719,695
CP048240.1,884007,230
CP048240.1,884292,1
CP048240.1,884671,1294
CP048240.1,884737,686
CP048240.1,884744,817
CP048240.1,884889,671
CP048240.1,884909,1
CP048240.1,884910,861
CP048240.1,884919,433
CP048240.1,884962,820
CP048240.1,885036,1
CP048240.1,885043,855
CP048240.1,885190,2
CP048240.1,885203,1261
CP048240.1,885885,835
CP048240.1,885915,300
CP048240.1,886405,106
CP048240.1,886813,2639
CP048240.1,886901,1202
CP048240.1,887032,420
CP048240.1,887135,697
CP048240.1,887247,1
CP048240.1,887301,1437
CP048240.1,887542,427
CP048240.1,888461,10
CP048240.1,888470,5
CP048240.1,888736,121
CP048240.1,888886,424
CP048240.1,888888,89
CP048240.1,888908,436
CP048240.1,888937,210
CP048240.1,888944,404
CP048240.1,888957,20
CP048240.1,889022,48
CP048240.1,889028,113
CP048240.1,889029,936
CP048240.1,889037,308
CP048240.1,889060,62
CP048240.1,889093,90
CP048240.1,889114,590
CP048240.1,889138,16
CP048240.1,889884,14
CP048240.1,889895,2061
CP048240.1,891820,73
CP048240.1,891894,785
CP048240.1,891933,27
CP048240.1,891950,18
CP048240.1,891965,734
CP048240.1,891976,41
CP048240.1,892075,157
CP048240.1,892092,16
CP048240.1,892136,1
CP048240.1,892179,316
CP048240.1,892293,959
CP048240.1,892353,114
CP048240.1,892374,1132
CP048240.1,892381,809
CP048240.1,892638,34
CP048240.1,893922,6
CP048240.1,894249,207
CP048240.1,894587,622
CP048240.1,894589,889
CP048240.1,894594,36
CP048240.1,894596,328
CP048240.1,896063,234
CP048240.1,896414,166
CP048240.1,896694,3
CP048240.1,899669,604
CP048240.1,900187,14
CP048240.1,900596,10
CP048240.1,902790,164
CP048240.1,903213,332
CP048240.1,903293,3
CP048240.1,903400,191
CP048240.1,905984,128
CP048240.1,906114,90
CP048240.1,906866,460
CP048240.1,906873,544
CP048240.1,906959,184
CP048240.1,909875,70
CP048240.1,912522,442
CP048240.1,912895,13
CP048240.1,914407,63
CP048240.1,914439,285
CP048240.1,914446,192
CP048240.1,914544,902
CP048240.1,914549,528
CP048240.1,914551,1
CP048240.1,914570,218
CP048240.1,914780,184
CP048240.1,914871,400
CP048240.1,915082,883
CP048240.1,915349,4
CP048240.1,915513,1768
CP048240.1,917132,4
CP048240.1,919018,63
CP048240.1,919201,921
CP048240.1,919208,30
CP048240.1,919233,386
CP048240.1,919252,44
CP048240.1,919345,673
CP048240.1,919507,438
CP048240.1,919599,27
CP048240.1,919709,1
CP048240.1,919769,269
CP048240.1,919794,114
CP048240.1,919821,3439
CP048240.1,924024,546
CP048240.1,927666,153
CP048240.1,929354,1
CP048240.1,929603,1
CP048240.1,930139,628
CP048240.1,930599,1
CP048240.1,930710,1
CP048240.1,930834,2
CP048240.1,930902,258
CP048240.1,932887,136
CP048240.1,932928,9
CP048240.1,932978,1076
CP048240.1,933037,15
CP048240.1,933040,1
CP048240.1,933102,100
CP048240.1,933109,70
CP048240.1,933534,289
CP048240.1,933567,787
CP048240.1,933602,19
CP048240.1,933623,628
CP048240.1,933707,42
CP048240.1,933714,20
CP048240.1,933724,966
CP048240.1,933726,139
CP048240.1,933731,1034
CP048240.1,933733,85
CP048240.1,933743,1
CP048240.1,934028,113
CP048240.1,936182,194
CP048240.1,936277,98
CP048240.1,940291,1048
CP048240.1,941601,84
CP048240.1,941603,1
CP048240.1,941636,4043
CP048240.1,953172,1
CP048240.1,954171,254
CP048240.1,954584,715
CP048240.1,954586,804
CP048240.1,954591,322
CP048240.1,954660,51
CP048240.1,954669,2
CP048240.1,954673,2
CP048240.1,954682,408
CP048240.1,955283,1
CP048240.1,955405,1442
CP048240.1,955416,53
CP048240.1,956614,49
CP048240.1,956755,612
CP048240.1,956999,224
CP048240.1,957006,245
CP048240.1,957028,24
CP048240.1,957041,851
CP048240.1,957061,15
CP048240.1,957712,581
CP048240.1,965232,254
CP048240.1,970437,64
CP048240.1,970444,355
CP048240.1,970480,45
CP048240.1,971371,2
CP048240.1,973934,1
CP048240.1,973941,1170
CP048240.1,974606,43
CP048240.1,974776,1734
CP048240.1,974984,536
CP048240.1,975035,2184
CP048240.1,975145,172
CP048240.1,975170,1
CP048240.1,975221,627
CP048240.1,975444,9
CP048240.1,975546,1
CP048240.1,975675,213
CP048240.1,978686,745
CP048240.1,979226,240
CP048240.1,980051,302
CP048240.1,980058,438
CP048240.1,980066,1
CP048240.1,980181,1
CP048240.1,980183,773
CP048240.1,980188,489
CP048240.1,980204,167
CP048240.1,982713,41
CP048240.1,982938,374
CP048240.1,983004,467
CP048240.1,983030,836
CP048240.1,983037,130
CP048240.1,983043,119
CP048240.1,983052,519
CP048240.1,983646,18
CP048240.1,983855,17
CP048240.1,985368,71
CP048240.1,985411,9
CP048240.1,986962,36
CP048240.1,989607,218
CP048240.1,989674,13
CP048240.1,993429,359
CP048240.1,994360,15
CP048240.1,994512,3
CP048240.1,994711,421
CP048240.1,995035,607
CP048240.1,996039,891
CP048240.1,996492,1
CP048240.1,996579,555
CP048240.1,996634,29
CP048240.1,996643,751
CP048240.1,996789,63
CP048240.1,996817,28
CP048240.1,996974,22
CP048240.1,996981,165
CP048240.1,997025,25
CP048240.1,997134,968
CP048240.1,997336,1838
CP048240.1,997555,859
CP048240.1,997783,6098
CP048240.1,997790,1375
CP048240.1,997825,700
CP048240.1,997832,99
CP048240.1,997964,326
CP048240.1,998073,127
CP048240.1,998250,165
CP048240.1,998372,8
CP048240.1,998402,1
CP048240.1,998553,1335
CP048240.1,999799,58
CP048240.1,1000023,569
CP048240.1,1000935,170
CP048240.1,1002151,619
CP048240.1,1003408,15
CP048240.1,1003457,7
CP048240.1,1005352,285
CP048240.1,1005462,279
CP048240.1,1007229,40
CP048240.1,1007711,335
CP048240.1,1007769,27
CP048240.1,1007799,429
CP048240.1,1008862,225
CP048240.1,1008908,790
CP048240.1,1008915,2
CP048240.1,1008980,244
CP048240.1,1009004,225
CP048240.1,1009144,138
CP048240.1,1009885,429
CP048240.1,1014545,17
CP048240.1,1016095,12
CP048240.1,1023340,981
CP048240.1,1023538,533
CP048240.1,1023553,584
CP048240.1,1025972,604
CP048240.1,1026143,86
CP048240.1,1026325,57
CP048240.1,1028860,172
CP048240.1,1028957,349
CP048240.1,1031497,75
CP048240.1,1031546,665
CP048240.1,1031553,448
CP048240.1,1031587,328
CP048240.1,1031875,61
CP048240.1,1032260,83
CP048240.1,1034994,486
CP048240.1,1035003,76
CP048240.1,1036054,340
CP048240.1,1036658,29
CP048240.1,1036760,83
CP048240.1,1036767,1178
CP048240.1,1037016,1000
CP048240.1,1037700,70
CP048240.1,1038407,23
CP048240.1,1038409,2273
CP048240.1,1038414,831
CP048240.1,1038416,542
CP048240.1,1038592,4
CP048240.1,1038709,1
CP048240.1,1039331,418
CP048240.1,1039880,18
CP048240.1,1040276,3
CP048240.1,1040466,339
CP048240.1,1040561,271
CP048240.1,1040577,186
CP048240.1,1040620,17
CP048240.1,1040623,10
CP048240.1,1040639,562
CP048240.1,1040727,981
CP048240.1,1040729,1077
CP048240.1,1040734,5
CP048240.1,1040754,15
CP048240.1,1041183,254
CP048240.1,1041201,110
CP048240.1,1041238,1312
CP048240.1,1041338,243
CP048240.1,1041548,2
CP048240.1,1042218,1
CP048240.1,1044756,746
CP048240.1,1044763,13
CP048240.1,1045181,870
CP048240.1,1045219,991
CP048240.1,1045336,347
CP048240.1,1045343,1
CP048240.1,1045435,47
CP048240.1,1045590,41
CP048240.1,1047436,228
CP048240.1,1047576,100
CP048240.1,1047580,799
CP048240.1,1047582,718
CP048240.1,1047587,4
CP048240.1,1047589,2506
CP048240.1,1050670,43
CP048240.1,1050769,971
CP048240.1,1050925,893
CP048240.1,1050935,673
CP048240.1,1050938,247
CP048240.1,1051044,374
CP048240.1,1051366,1017
CP048240.1,1051368,1
CP048240.1,1052069,307
CP048240.1,1054377,469
CP048240.1,1054384,4298
CP048240.1,1058917,293
CP048240.1,1059062,1
CP048240.1,1060576,50
CP048240.1,1060728,381
CP048240.1,1060730,1
CP048240.1,1060735,1
CP048240.1,1060873,298
CP048240.1,1060879,426
CP048240.1,1060888,1127
CP048240.1,1061059,2
CP048240.1,1061120,372
CP048240.1,1061432,198
CP048240.1,1062052,185
CP048240.1,1062114,674
CP048240.1,1062367,4
CP048240.1,1063129,1
CP048240.1,1064424,357
CP048240.1,1064513,1
CP048240.1,1064591,1
CP048240.1,1064600,23
CP048240.1,1064635,1527
CP048240.1,1064643,1
CP048240.1,1064652,16
CP048240.1,1064707,292
CP048240.1,1064735,1331
CP048240.1,1064740,676
CP048240.1,1064771,80
CP048240.1,1064789,734
CP048240.1,1064876,716
CP048240.1,1064884,1020
CP048240.1,1064914,493
CP048240.1,1064920,584
CP048240.1,1064921,516
CP048240.1,1064956,206
CP048240.1,1064994,1
CP048240.1,1065011,1
CP048240.1,1065022,1351
CP048240.1,1065025,1886
CP048240.1,1065036,252
CP048240.1,1065040,149
CP048240.1,1065043,4662
CP048240.1,1065087,764
CP048240.1,1065104,203
CP048240.1,1065144,198
CP048240.1,1065146,1
CP048240.1,1065197,1163
CP048240.1,1065283,422
CP048240.1,1065284,537
CP048240.1,1065289,41
CP048240.1,1065295,138
CP048240.1,1065352,20
CP048240.1,1065553,116
CP048240.1,1065554,830
CP048240.1,1065585,408
CP048240.1,1065591,143
CP048240.1,1065598,598
CP048240.1,1065600,21
CP048240.1,1065705,2256
CP048240.1,1065707,3
CP048240.1,1065712,68
CP048240.1,1065957,1
CP048240.1,1067660,237
CP048240.1,1067667,640
CP048240.1,1069467,156
CP048240.1,1069548,1
CP048240.1,1070541,112
CP048240.1,1070570,107
CP048240.1,1070577,1499
CP048240.1,1070667,405
CP048240.1,1070672,12
CP048240.1,1070693,437
CP048240.1,1070700,388
CP048240.1,1070744,130
CP048240.1,1070868,393
CP048240.1,1074369,63
CP048240.1,1075969,966
CP048240.1,1076304,161
CP048240.1,1076506,1137
CP048240.1,1076699,178
CP048240.1,1076712,1703
CP048240.1,1076721,2
CP048240.1,1076723,56
CP048240.1,1076728,7
CP048240.1,1076730,682
CP048240.1,1076747,1
CP048240.1,1076748,1
CP048240.1,1076751,504
CP048240.1,1076757,2
CP048240.1,1076764,296
CP048240.1,1076794,295
CP048240.1,1076808,580
CP048240.1,1076810,2301
CP048240.1,1076815,224
CP048240.1,1076817,697
CP048240.1,1076821,154
CP048240.1,1076828,455
CP048240.1,1076837,3
CP048240.1,1076839,376
CP048240.1,1076850,56
CP048240.1,1076965,76
CP048240.1,1076969,237
CP048240.1,1076972,178
CP048240.1,1076979,34
CP048240.1,1076986,1
CP048240.1,1077024,53
CP048240.1,1077108,303
CP048240.1,1077458,1
CP048240.1,1079511,636
CP048240.1,1082251,1
CP048240.1,1084462,771
CP048240.1,1088243,361
CP048240.1,1088975,208
CP048240.1,1090660,7
CP048240.1,1098382,1
CP048240.1,1099566,447
CP048240.1,1099576,608
CP048240.1,1099629,8
CP048240.1,1099656,69
CP048240.1,1099688,1
CP048240.1,1099705,1418
CP048240.1,1099768,953
CP048240.1,1100473,1
CP048240.1,1100735,57
CP048240.1,1100929,12
CP048240.1,1102614,179
CP048240.1,1102951,50
CP048240.1,1103029,678
CP048240.1,1103077,69
CP048240.1,1103083,57
CP048240.1,1103144,336
CP048240.1,1103177,1
CP048240.1,1103595,436
CP048240.1,1104299,258
CP048240.1,1104391,1
CP048240.1,1105242,31
CP048240.1,1109097,68
CP048240.1,1114444,493
CP048240.1,1114451,319
CP048240.1,1114477,8
CP048240.1,1114667,308
CP048240.1,1115581,1
CP048240.1,1115837,345
CP048240.1,1115849,109
CP048240.1,1116927,269
CP048240.1,1117092,86
CP048240.1,1117130,230
CP048240.1,1117131,827
CP048240.1,1117189,13
CP048240.1,1117223,7
CP048240.1,1117224,402
CP048240.1,1117231,38
CP048240.1,1117236,18
CP048240.1,1117273,320
CP048240.1,1117366,37
CP048240.1,1117369,1
CP048240.1,1117376,527
CP048240.1,1117499,2
CP048240.1,1118451,384
CP048240.1,1118458,5
CP048240.1,1118476,364
CP048240.1,1119223,31
CP048240.1,1119237,20
CP048240.1,1119265,1
CP048240.1,1119317,9
CP048240.1,1120202,54
CP048240.1,1120398,1
CP048240.1,1120459,330
CP048240.1,1120775,487
CP048240.1,1122388,38
CP048240.1,1122571,37
CP048240.1,1124027,1
CP048240.1,1124286,482
CP048240.1,1124293,114
CP048240.1,1126471,1
CP048240.1,1127113,539
CP048240.1,1127172,6
CP048240.1,1127274,1938
CP048240.1,1128424,457
CP048240.1,1129403,1317
CP048240.1,1129410,1183
CP048240.1,1129424,1
CP048240.1,1129431,871
CP048240.1,1129442,514
CP048240.1,1129455,3141
CP048240.1,1129462,654
CP048240.1,1129576,426
CP048240.1,1129583,528
CP048240.1,1129589,10
CP048240.1,1129606,497
CP048240.1,1129798,154
CP048240.1,1129858,1000
CP048240.1,1130595,702
CP048240.1,1130751,7
CP048240.1,1131052,1
CP048240.1,1132604,2724
CP048240.1,1133378,646
CP048240.1,1133387,755
CP048240.1,1133501,195
CP048240.1,1133615,26
CP048240.1,1135486,594
CP048240.1,1135557,4
CP048240.1,1135581,386
CP048240.1,1135668,811
CP048240.1,1135675,10
CP048240.1,1135680,509
CP048240.1,1135745,369
CP048240.1,1137899,9
CP048240.1,1137932,93
CP048240.1,1137939,1
CP048240.1,1138022,364
CP048240.1,1143495,176
CP048240.1,1143507,96
CP048240.1,1149915,125
CP048240.1,1150985,547
CP048240.1,1151086,870
CP048240.1,1151093,12
CP048240.1,1151274,499
CP048240.1,1151281,1416
CP048240.1,1151494,1
CP048240.1,1151541,344
CP048240.1,1151712,456
CP048240.1,1151733,42
CP048240.1,1151788,1343
CP048240.1,1152005,382
CP048240.1,1152041,600
CP048240.1,1152048,1
CP048240.1,1152128,1
CP048240.1,1152147,601
CP048240.1,1152154,171
CP048240.1,1152204,523
CP048240.1,1153204,6
CP048240.1,1154679,1
CP048240.1,1157097,32
CP048240.1,1157104,21
CP048240.1,1157147,122
CP048240.1,1157157,1
CP048240.1,1157184,1249
CP048240.1,1157374,559
CP048240.1,1157463,238
CP048240.1,1157689,179
CP048240.1,1157786,38
CP048240.1,1157866,630
CP048240.1,1157882,180
CP048240.1,1157889,6
CP048240.1,1157919,643
CP048240.1,1157924,22
CP048240.1,1157928,19
CP048240.1,1158124,16
CP048240.1,1158271,857
CP048240.1,1158397,3
CP048240.1,1158436,42
CP048240.1,1158522,66
CP048240.1,1158568,399
CP048240.1,1158702,166
CP048240.1,1158788,89
CP048240.1,1159327,74
CP048240.1,1159330,671
CP048240.1,1159895,42
CP048240.1,1161295,274
CP048240.1,1161315,90
CP048240.1,1161338,831
CP048240.1,1161408,162
CP048240.1,1161505,9
CP048240.1,1161897,78
CP048240.1,1164808,688
CP048240.1,1167263,1
CP048240.1,1167356,4
CP048240.1,1167363,429
CP048240.1,1170801,1
CP048240.1,1171224,242
CP048240.1,1171246,841
CP048240.1,1171801,2195
CP048240.1,1171808,50
CP048240.1,1171999,1806
CP048240.1,1172052,347
CP048240.1,1172116,217
CP048240.1,1172136,1
CP048240.1,1172177,1062
CP048240.1,1172179,135
CP048240.1,1172184,819
CP048240.1,1172201,411
CP048240.1,1172208,1420
CP048240.1,1172268,581
CP048240.1,1172326,812
CP048240.1,1172348,806
CP048240.1,1172523,15
CP048240.1,1172527,261
CP048240.1,1172583,1027
CP048240.1,1172600,472
CP048240.1,1172607,1519
CP048240.1,1173609,92
CP048240.1,1174576,83
CP048240.1,1176239,49
CP048240.1,1179153,250
CP048240.1,1179220,329
CP048240.1,1180362,45
CP048240.1,1180538,852
CP048240.1,1180723,8
CP048240.1,1180730,196
CP048240.1,1180975,3
CP048240.1,1181143,1
CP048240.1,1181154,207
CP048240.1,1181430,334
CP048240.1,1181494,2
CP048240.1,1181586,144
CP048240.1,1181588,69
CP048240.1,1181597,55
CP048240.1,1181839,2
CP048240.1,1181920,332
CP048240.1,1182453,396
CP048240.1,1182540,431
CP048240.1,1183703,951
CP048240.1,1186453,12
CP048240.1,1187125,453
CP048240.1,1187521,304
CP048240.1,1187554,13
CP048240.1,1187574,29
CP048240.1,1187707,9
CP048240.1,1187810,473
CP048240.1,1187993,58
CP048240.1,1188495,426
CP048240.1,1188984,38
CP048240.1,1189234,98
CP048240.1,1189311,1149
CP048240.1,1189360,41
CP048240.1,1189442,4
CP048240.1,1189449,865
CP048240.1,1189602,458
CP048240.1,1189609,10
CP048240.1,1189697,273
CP048240.1,1191116,346
CP048240.1,1191422,56
CP048240.1,1194721,625
CP048240.1,1194782,424
CP048240.1,1194828,151
CP048240.1,1194835,10
CP048240.1,1199535,565
CP048240.1,1199544,818
CP048240.1,1199551,101
CP048240.1,1199553,790
CP048240.1,1199598,113
CP048240.1,1199604,100
CP048240.1,1199676,56
CP048240.1,1199798,5
CP048240.1,1199852,1366
CP048240.1,1199886,31
CP048240.1,1199893,1124
CP048240.1,1199911,737
CP048240.1,1199913,1
CP048240.1,1199922,1
CP048240.1,1199938,674
CP048240.1,1200034,591
CP048240.1,1202369,83
CP048240.1,1202483,1
CP048240.1,1202490,423
CP048240.1,1203004,887
CP048240.1,1203463,709
CP048240.1,1204013,173
CP048240.1,1204064,661
CP048240.1,1204109,260
CP048240.1,1204111,47
CP048240.1,1204375,13
CP048240.1,1204382,555
CP048240.1,1204384,198
CP048240.1,1204391,809
CP048240.1,1204578,40
CP048240.1,1204588,448
CP048240.1,1204855,534
CP048240.1,1204862,533
CP048240.1,1205150,406
CP048240.1,1205262,34
CP048240.1,1205267,8
CP048240.1,1205269,540
CP048240.1,1205272,358
CP048240.1,1205384,1
CP048240.1,1205388,6
CP048240.1,1205390,80
CP048240.1,1205392,196
CP048240.1,1205394,83
CP048240.1,1205396,19
CP048240.1,1205398,10
CP048240.1,1205400,3
CP048240.1,1205411,1
CP048240.1,1209704,1
CP048240.1,1209864,41
CP048240.1,1211713,680
CP048240.1,1211720,229
CP048240.1,1211888,93
CP048240.1,1212110,2
CP048240.1,1212117,205
CP048240.1,1212236,4
CP048240.1,1212256,309
CP048240.1,1216357,36
CP048240.1,1223419,394
CP048240.1,1223459,462
CP048240.1,1223469,1
CP048240.1,1223507,375
CP048240.1,1223589,1
CP048240.1,1224538,423
CP048240.1,1224801,1
CP048240.1,1227445,732
CP048240.1,1227536,29
CP048240.1,1227675,1
CP048240.1,1227701,8
CP048240.1,1227844,530
CP048240.1,1228138,134
CP048240.1,1228141,75
CP048240.1,1228153,1
CP048240.1,1228655,222
CP048240.1,1229857,418
CP048240.1,1232598,142
CP048240.1,1232753,743
CP048240.1,1233580,60
CP048240.1,1233880,1049
CP048240.1,1233966,860
CP048240.1,1234126,815
CP048240.1,1234260,42
CP048240.1,1234739,13
CP048240.1,1235969,907
CP048240.1,1236904,726
CP048240.1,1237478,24
CP048240.1,1237608,359
CP048240.1,1238614,17
CP048240.1,1238663,403
CP048240.1,1238876,191
CP048240.1,1238883,365
CP048240.1,1238922,425
CP048240.1,1239974,376
CP048240.1,1240215,1
CP048240.1,1240350,204
CP048240.1,1240377,283
CP048240.1,1240384,766
CP048240.1,1240385,399
CP048240.1,1240579,639
CP048240.1,1240807,558
CP048240.1,1240817,1
CP048240.1,1240830,48
CP048240.1,1240837,3
CP048240.1,1244919,355
CP048240.1,1245076,936
CP048240.1,1245657,1
CP048240.1,1245730,48
CP048240.1,1245813,1
CP048240.1,1245931,12
CP048240.1,1246459,508
CP048240.1,1246601,435
CP048240.1,1249815,31
CP048240.1,1250822,84
CP048240.1,1250829,18
CP048240.1,1250876,5
CP048240.1,1252359,5
CP048240.1,1256923,241
CP048240.1,1257090,66
CP048240.1,1257172,183
CP048240.1,1257231,372
CP048240.1,1257234,317
CP048240.1,1257238,493
CP048240.1,1257241,593
CP048240.1,1257286,1
CP048240.1,1257317,125
CP048240.1,1260217,23
CP048240.1,1260633,388
CP048240.1,1260711,459
CP048240.1,1260734,1
CP048240.1,1260740,377
CP048240.1,1260747,557
CP048240.1,1260758,611
CP048240.1,1260802,56
CP048240.1,1261091,1
CP048240.1,1261109,1375
CP048240.1,1261117,351
CP048240.1,1261118,151
CP048240.1,1261346,708
CP048240.1,1261365,9
CP048240.1,1261370,697
CP048240.1,1261387,1150
CP048240.1,1261448,101
CP048240.1,1261452,52
CP048240.1,1261459,679
CP048240.1,1261580,15
CP048240.1,1261582,309
CP048240.1,1261589,821
CP048240.1,1261623,1
CP048240.1,1263166,492
CP048240.1,1263191,884
CP048240.1,1263197,208
CP048240.1,1263211,1303
CP048240.1,1263348,315
CP048240.1,1263355,1030
CP048240.1,1263403,2
CP048240.1,1263407,41
CP048240.1,1263440,94
CP048240.1,1263446,810
CP048240.1,1263447,190
CP048240.1,1263453,1596
CP048240.1,1263481,11
CP048240.1,1263525,1148
CP048240.1,1263806,11
CP048240.1,1266862,515
CP048240.1,1268486,487
CP048240.1,1268673,2
CP048240.1,1269520,644
CP048240.1,1269794,175
CP048240.1,1270014,24
CP048240.1,1270097,3
CP048240.1,1270142,610
CP048240.1,1270501,403
CP048240.1,1270527,84
CP048240.1,1270549,1
CP048240.1,1270581,248
CP048240.1,1270607,25
CP048240.1,1270614,154
CP048240.1,1270695,413
CP048240.1,1270893,141
CP048240.1,1271203,222
CP048240.1,1272065,85
CP048240.1,1272745,979
CP048240.1,1273006,711
CP048240.1,1273765,374
CP048240.1,1273772,348
CP048240.1,1274987,578
CP048240.1,1275897,1
CP048240.1,1276060,2009
CP048240.1,1276062,128
CP048240.1,1276065,72
CP048240.1,1276067,89
CP048240.1,1276069,1
CP048240.1,1276084,1
CP048240.1,1276138,5
CP048240.1,1276140,3
CP048240.1,1276153,1
CP048240.1,1276154,52
CP048240.1,1276155,4
CP048240.1,1276156,382
CP048240.1,1276157,49
CP048240.1,1276159,282
CP048240.1,1276161,999
CP048240.1,1276163,2273
CP048240.1,1276248,1942
CP048240.1,1276284,2
CP048240.1,1276291,115
CP048240.1,1277323,133
CP048240.1,1277367,10
CP048240.1,1277381,3
CP048240.1,1277596,25
CP048240.1,1277601,28
CP048240.1,1277741,690
CP048240.1,1277752,119
CP048240.1,1277759,361
CP048240.1,1277760,110
CP048240.1,1277768,46
CP048240.1,1277888,6
CP048240.1,1277990,1
CP048240.1,1279198,65
CP048240.1,1279231,333
CP048240.1,1280229,145
CP048240.1,1280253,263
CP048240.1,1280500,62
CP048240.1,1281305,38
CP048240.1,1281808,997
CP048240.1,1281865,687
CP048240.1,1282809,4
CP048240.1,1283056,355
CP048240.1,1283088,323
CP048240.1,1283113,123
CP048240.1,1283120,169
CP048240.1,1283205,565
CP048240.1,1283207,20
CP048240.1,1283212,216
CP048240.1,1284528,589
CP048240.1,1284851,1
CP048240.1,1287761,3
CP048240.1,1288702,399
CP048240.1,1288786,56
CP048240.1,1288831,339
CP048240.1,1288838,614
CP048240.1,1289476,14
CP048240.1,1289624,597
CP048240.1,1290230,168
CP048240.1,1292038,41
CP048240.1,1292238,68
CP048240.1,1292270,14
CP048240.1,1292420,9
CP048240.1,1292427,3
CP048240.1,1292762,1
CP048240.1,1293235,135
CP048240.1,1293264,568
CP048240.1,1293334,149
CP048240.1,1293533,180
CP048240.1,1293627,1
CP048240.1,1293652,1
CP048240.1,1293690,403
CP048240.1,1293691,5
CP048240.1,1293696,835
CP048240.1,1293698,8
CP048240.1,1293736,1
CP048240.1,1293738,23
CP048240.1,1293747,942
CP048240.1,1293859,26
CP048240.1,1293896,133
CP048240.1,1293903,594
CP048240.1,1293905,40
CP048240.1,1293968,8
CP048240.1,1293993,182
CP048240.1,1294010,1545
CP048240.1,1294017,174
CP048240.1,1294224,220
CP048240.1,1294310,70
CP048240.1,1294854,14
CP048240.1,1295056,660
CP048240.1,1295063,158
CP048240.1,1295456,11
CP048240.1,1296383,740
CP048240.1,1298439,429
CP048240.1,1298845,36
CP048240.1,1299617,508
CP048240.1,1299646,332
CP048240.1,1300104,39
CP048240.1,1300155,25
CP048240.1,1300173,251
CP048240.1,1305295,185
CP048240.1,1305503,1
CP048240.1,1305658,1
CP048240.1,1306290,736
CP048240.1,1309906,1
CP048240.1,1309986,469
CP048241.1,7106,1
CP048241.1,7109,2
CP048241.1,7209,2
CP048241.1,7419,4
CP048241.1,10107,42
CP048241.1,11069,275
CP048241.1,13051,24
CP048241.1,19176,15
CP048241.1,20022,5
CP048241.1,20427,386
CP048241.1,20449,719
CP048241.1,20451,391
CP048241.1,20482,38
CP048241.1,20514,1
CP048241.1,20516,172
CP048241.1,20525,1
CP048241.1,21715,213
CP048241.1,23199,132
CP048241.1,23928,1
CP048241.1,24559,1
CP048241.1,24750,31
CP048241.1,25805,1
CP048241.1,26330,18
CP048241.1,26509,1
CP048241.1,27194,1
CP048241.1,28540,698
CP048241.1,28602,61
CP048241.1,28819,1
CP048241.1,29322,825
CP048241.1,29342,442
CP048241.1,29578,232
CP048241.1,29982,363
CP048241.1,29986,1
CP048241.1,32776,4
CP048241.1,32826,1
CP048241.1,32844,67
CP048241.1,32925,32
CP048241.1,33939,301
CP048241.1,35671,97
CP048241.1,36119,220
CP048241.1,36805,577
CP048241.1,36848,2041
CP048241.1,37509,82
CP048241.1,37522,1153
CP048241.1,37523,2
CP048241.1,37529,34
CP048241.1,37549,801
CP048241.1,37814,418
CP048241.1,37878,675
CP048241.1,37895,215
CP048241.1,38261,1020
CP048241.1,38293,52
CP048241.1,38705,9
CP048241.1,38712,992
CP048241.1,39062,92
CP048241.1,39180,27
CP048241.1,39192,1
CP048241.1,39297,271
CP048241.1,40497,377
CP048241.1,40689,519
CP048241.1,41080,98
CP048241.1,42673,92
CP048241.1,42702,1
CP048241.1,42844,59
CP048241.1,43123,487
CP048241.1,43201,426
CP048241.1,43218,80
CP048241.1,43225,542
CP048241.1,43249,359
CP048241.1,43278,234
CP048241.1,43337,659
CP048241.1,43354,420
CP048241.1,43419,179
CP048241.1,43436,15
CP048241.1,43443,648
CP048241.1,43485,940
CP048241.1,43492,81
CP048241.1,43493,1106
CP048241.1,43543,88
CP048241.1,43614,484
CP048241.1,43746,186
CP048241.1,43749,1
CP048241.1,43753,1813
CP048241.1,43780,427
CP048241.1,43872,190
CP048241.1,44111,1622
CP048241.1,44112,1
CP048241.1,44119,175
CP048241.1,44505,35
CP048241.1,46349,41
CP048241.1,46569,240
CP048241.1,46747,163
CP048241.1,53046,1
CP048241.1,53173,15
CP048241.1,53269,215
CP048241.1,53277,344
CP048241.1,53284,34
CP048241.1,53600,57
CP048241.1,53888,486
CP048241.1,53895,982
CP048241.1,53898,1
CP048241.1,54138,195
CP048241.1,54335,42
CP048241.1,54797,21
CP048241.1,55678,586
CP048241.1,57235,66
CP048241.1,57845,179
CP048241.1,58187,220
CP048241.1,58203,1
CP048241.1,58232,8
CP048241.1,58266,1
CP048241.1,58283,58
CP048241.1,58331,2
CP048241.1,58333,474
CP048241.1,58407,146
CP048241.1,60647,2
CP048241.1,60654,610
CP048241.1,60667,28
CP048241.1,60674,712
CP048241.1,60696,511
CP048241.1,61606,8
CP048241.1,61613,8
CP048241.1,61695,476
CP048241.1,61739,230
CP048241.1,62396,140
CP048241.1,62413,1363
CP048241.1,62417,911
CP048241.1,63814,1064
CP048241.1,63876,18
CP048241.1,63975,101
CP048241.1,63982,196
CP048241.1,64948,77
CP048241.1,66778,501
CP048241.1,67108,553
CP048241.1,67637,61
CP048241.1,68310,142
CP048241.1,69066,4
CP048241.1,69852,55
CP048241.1,69872,352
CP048241.1,70193,721
CP048241.1,70294,1
CP048241.1,70305,475
CP048241.1,70490,35
CP048241.1,70507,191
CP048241.1,70615,15
CP048241.1,70628,436
CP048241.1,70694,5
CP048241.1,70832,432
CP048241.1,71608,862
CP048241.1,71714,571
CP048241.1,71766,295
CP048241.1,71773,4
CP048241.1,71809,131
CP048241.1,71913,707
CP048241.1,71927,250
CP048241.1,73026,410
CP048241.1,73033,8
CP048241.1,73291,120
CP048241.1,73389,163
CP048241.1,73534,15
CP048241.1,73561,904
CP048241.1,73568,1885
CP048241.1,73679,318
CP048241.1,74087,160
CP048241.1,74118,222
CP048241.1,74149,447
CP048241.1,74194,194
CP048241.1,74209,44
CP048241.1,74218,55
CP048241.1,74259,1
CP048241.1,74459,540
CP048241.1,74558,394
CP048241.1,75364,24
CP048241.1,75763,13
CP048241.1,75834,30
CP048241.1,75850,1
CP048241.1,76222,12
CP048241.1,76307,1
CP048241.1,76311,779
CP048241.1,76552,2
CP048241.1,76710,1599
CP048241.1,76765,4
CP048241.1,76879,27
CP048241.1,77446,114
CP048241.1,79010,1
CP048241.1,89311,182
CP048241.1,89733,16
CP048241.1,90270,72
CP048241.1,90323,20
CP048241.1,90355,551
CP048241.1,90385,177
CP048241.1,90392,756
CP048241.1,90533,582
CP048241.1,90675,338
CP048241.1,90683,115
CP048241.1,91008,11
CP048241.1,91068,27
CP048241.1,92797,7
CP048241.1,92814,4
CP048241.1,93043,1472
CP048241.1,93056,884
CP048241.1,93057,237
CP048241.1,93148,457
CP048241.1,93214,89
CP048241.1,93646,689
CP048241.1,93647,2
CP048241.1,93674,1
CP048241.1,94037,314
CP048241.1,94109,1681
CP048241.1,94387,775
CP048241.1,94444,488
CP048241.1,94469,1
CP048241.1,94578,1
CP048241.1,94727,12
CP048241.1,94856,842
CP048241.1,94867,313
CP048241.1,95736,586
CP048241.1,95868,458
CP048241.1,95879,2
CP048241.1,95894,46
CP048241.1,95922,181
CP048241.1,95930,7
CP048241.1,96135,684
CP048241.1,96776,9
CP048241.1,96783,839
CP048241.1,96898,359
CP048241.1,97003,1
CP048241.1,97026,1
CP048241.1,97034,481
CP048241.1,97041,208
CP048241.1,97042,1
CP048241.1,97178,17
CP048241.1,97231,7
CP048241.1,97403,4
CP048241.1,97410,565
CP048241.1,97577,17
CP048241.1,100591,689
CP048241.1,101973,1
CP048241.1,102235,4
CP048241.1,103444,5
CP048241.1,103629,2
CP048241.1,103636,199
CP048241.1,103638,327
CP048241.1,103690,11
CP048241.1,105387,105
CP048241.1,106527,152
CP048241.1,106566,64
CP048241.1,106593,164
CP048241.1,106615,116
CP048241.1,106622,2583
CP048241.1,106745,101
CP048241.1,106882,692
CP048241.1,106925,83
CP048241.1,110247,1
CP048241.1,110254,1
CP048241.1,110369,37
CP048241.1,110378,4
CP048241.1,110385,16
CP048241.1,110394,284
CP048241.1,110401,714
CP048241.1,110466,627
CP048241.1,112315,1
CP048241.1,112329,19
CP048241.1,112695,675
CP048241.1,112723,102
CP048241.1,112825,1949
CP048241.1,112858,294
CP048241.1,112957,1
CP048241.1,113059,1603
CP048241.1,113527,3950
CP048241.1,113529,1279
CP048241.1,113536,1
CP048241.1,113545,2007
CP048241.1,113606,1545
CP048241.1,113613,1816
CP048241.1,113627,1402
CP048241.1,115325,92
CP048241.1,115329,304
CP048241.1,115336,700
CP048241.1,115348,1
CP048241.1,115439,2
CP048241.1,116119,234
CP048241.1,116123,998
CP048241.1,116126,215
CP048241.1,116178,209
CP048241.1,116339,48
CP048241.1,116359,627
CP048241.1,116361,1
CP048241.1,116377,334
CP048241.1,116380,8
CP048241.1,116430,491
CP048241.1,116441,495
CP048241.1,116443,94
CP048241.1,116490,1221
CP048241.1,116497,911
CP048241.1,116510,1
CP048241.1,116565,757
CP048241.1,116573,728
CP048241.1,116591,1027
CP048241.1,116647,144
CP048241.1,116652,24
CP048241.1,116654,1584
CP048241.1,116669,533
CP048241.1,116676,98
CP048241.1,116712,43
CP048241.1,116844,65
CP048241.1,118124,5
CP048241.1,118147,404
CP048241.1,118154,265
CP048241.1,118156,241
CP048241.1,118184,27
CP048241.1,118294,422
CP048241.1,118571,413
CP048241.1,118591,24
CP048241.1,118598,2
CP048241.1,118605,55
CP048241.1,118662,15
CP048241.1,120627,380
CP048241.1,120884,501
CP048241.1,120902,133
CP048241.1,120963,3
CP048241.1,120970,377
CP048241.1,121552,1
CP048241.1,123642,453
CP048241.1,123649,393
CP048241.1,123809,49
CP048241.1,125444,247
CP048241.1,133127,497
CP048241.1,135524,3
CP048241.1,135598,2
CP048241.1,135603,899
CP048241.1,135647,25
CP048241.1,137053,15
CP048241.1,139288,747
CP048241.1,144815,36
CP048241.1,146345,220
CP048241.1,146519,35
CP048241.1,146541,3
CP048241.1,146575,750
CP048241.1,146582,154
CP048241.1,146654,43
CP048241.1,146661,55
CP048241.1,146670,1
CP048241.1,146703,16
CP048241.1,146718,1739
CP048241.1,146747,259
CP048241.1,146772,286
CP048241.1,146791,1377
CP048241.1,146798,715
CP048241.1,146840,910
CP048241.1,146843,12
CP048241.1,147010,238
CP048241.1,147088,1
CP048241.1,148273,1
CP048241.1,151510,42
CP048241.1,151535,97
CP048241.1,151701,51
CP048241.1,153487,40
CP048241.1,154940,1
CP048241.1,154941,802
CP048241.1,154945,21
CP048241.1,154948,80
CP048241.1,155003,1513
CP048241.1,155010,2849
CP048241.1,155110,1683
CP048241.1,155117,2122
CP048241.1,155202,1155
CP048241.1,159169,35
CP048241.1,159180,335
CP048241.1,159195,111
CP048241.1,159202,182
CP048241.1,159514,171
CP048241.1,159560,198
CP048241.1,159567,302
CP048241.1,159744,8
CP048241.1,159856,51
CP048241.1,159860,72
CP048241.1,159864,68
CP048241.1,160136,225
CP048241.1,160171,7
CP048241.1,161874,11
CP048241.1,162713,621
CP048241.1,166775,32
CP048241.1,166884,1
CP048241.1,167057,669
CP048241.1,167080,373
CP048241.1,167088,54
CP048241.1,167123,1
CP048241.1,167129,24
CP048241.1,167130,25
CP048241.1,167136,765
CP048241.1,170219,204
CP048241.1,170226,235
CP048241.1,171087,455
CP048241.1,171218,411
CP048241.1,171938,109
CP048241.1,172822,133
CP048241.1,173409,1
CP048241.1,173594,1393
CP048241.1,174286,1
CP048241.1,174502,495
CP048241.1,177001,426
CP048241.1,177119,58
CP048241.1,177151,175
CP048241.1,181552,430
CP048241.1,184245,1
CP048241.1,184639,726
CP048241.1,184646,1
CP048241.1,184694,688
CP048241.1,184729,486
CP048241.1,184958,1
CP048241.1,184979,1315
CP048241.1,184986,76
CP048241.1,185025,1766
CP048241.1,185056,172
CP048241.1,185087,65
CP048241.1,185264,1754
CP048241.1,185315,989
CP048241.1,185348,1
CP048241.1,185366,7
CP048241.1,185371,138
CP048241.1,185624,40
CP048241.1,185936,1
CP048241.1,186572,1
CP048241.1,186734,120
CP048241.1,186911,17
CP048241.1,187871,816
CP048241.1,187989,18
CP048241.1,187998,528
CP048241.1,188021,1326
CP048241.1,188027,1
CP048241.1,188028,221
CP048241.1,188030,584
CP048241.1,188031,797
CP048241.1,188038,801
CP048241.1,188053,334
CP048241.1,188055,415
CP048241.1,188061,993
CP048241.1,188062,591
CP048241.1,188068,172
CP048241.1,188072,5
CP048241.1,188074,3641
CP048241.1,188081,1806
CP048241.1,188128,295
CP048241.1,188161,3
CP048241.1,188187,18
CP048241.1,188211,955
CP048241.1,188214,1
CP048241.1,188232,618
CP048241.1,188469,2142
CP048241.1,188555,906
CP048241.1,188562,588
CP048241.1,188689,544
CP048241.1,188814,551
CP048241.1,188853,1
CP048241.1,189700,4
CP048241.1,196460,801
CP048241.1,196645,299
CP048241.1,196831,361
CP048241.1,196851,26
CP048241.1,206993,1007
CP048241.1,207847,215
CP048241.1,207893,1
CP048241.1,207904,190
CP048241.1,210343,1
CP048241.1,211442,72
CP048241.1,212372,443
CP048241.1,214683,8
CP048241.1,214701,157
CP048241.1,215231,30
CP048241.1,215236,160
CP048241.1,216267,3
CP048241.1,216842,20
CP048241.1,217887,405
CP048241.1,218059,539
CP048241.1,222947,488
CP048241.1,223020,67
CP048241.1,223025,692
CP048241.1,223150,93
CP048241.1,223154,1
CP048241.1,223157,5
CP048241.1,223194,3
CP048241.1,223214,391
CP048241.1,223216,1
CP048241.1,223254,172
CP048241.1,223403,204
CP048241.1,223421,165
CP048241.1,223423,332
CP048241.1,223468,1198
CP048241.1,223509,890
CP048241.1,223547,250
CP048241.1,223550,348
CP048241.1,223580,95
CP048241.1,223587,272
CP048241.1,223628,1
CP048241.1,223801,319
CP048241.1,223872,1897
CP048241.1,223887,526
CP048241.1,223892,1599
CP048241.1,223969,404
CP048241.1,223992,231
CP048241.1,224014,1
CP048241.1,224069,39
CP048241.1,224082,836
CP048241.1,224086,608
CP048241.1,224089,613
CP048241.1,224093,1
CP048241.1,224166,1
CP048241.1,224311,2021
CP048241.1,224333,134
CP048241.1,224340,1392
CP048241.1,224427,156
CP048241.1,225219,547
CP048241.1,225368,1
CP048241.1,225444,125
CP048241.1,225458,1
CP048241.1,226013,216
CP048241.1,226128,130
CP048241.1,226147,648
CP048241.1,226290,2
CP048241.1,226332,97
CP048241.1,226842,590
CP048241.1,226908,819
CP048241.1,226910,320
CP048241.1,226915,1012
CP048241.1,226944,266
CP048241.1,226980,102
CP048241.1,226987,75
CP048241.1,226994,614
CP048241.1,227053,742
CP048241.1,227070,5
CP048241.1,227181,79
CP048241.1,227311,1149
CP048241.1,227575,27
CP048241.1,228537,66
CP048241.1,230722,1
CP048241.1,232769,15
CP048241.1,232857,1
CP048241.1,236921,497
CP048241.1,236975,566
CP048241.1,237086,42
CP048241.1,237124,54
CP048241.1,237129,647
CP048241.1,237844,2
CP048241.1,237851,28
CP048241.1,238021,2
CP048241.1,238166,42
CP048241.1,240460,41
CP048241.1,243474,173
CP048241.1,247798,3
CP048241.1,247924,322
CP048241.1,247995,7
CP048241.1,248147,2
CP048241.1,251651,1
CP048241.1,251771,1593
CP048241.1,253988,267
CP048241.1,254076,71
CP048241.1,255101,336
CP048241.1,259274,57
CP048241.1,259452,1
CP048241.1,262837,19
CP048241.1,262888,538
CP048241.1,264822,704
CP048241.1,264878,947
CP048241.1,264892,838
CP048241.1,266485,205
CP048241.1,271322,1
CP048241.1,271324,432
CP048241.1,271356,393
CP048241.1,271739,320
CP048241.1,271982,6
CP048241.1,273726,1
CP048241.1,273796,1
CP048241.1,274075,889
CP048241.1,274263,25
CP048241.1,274923,1
CP048241.1,275627,1923
CP048241.1,275634,162
CP048241.1,275655,239
CP048241.1,275869,1
CP048241.1,275874,6
CP048241.1,275876,1792
CP048241.1,275886,23
CP048241.1,276470,76
CP048241.1,276622,3
CP048241.1,276783,2
CP048241.1,279242,180
CP048241.1,279292,392
CP048241.1,279422,534
CP048241.1,280361,45
CP048241.1,280429,17
CP048241.1,280777,320
CP048241.1,281824,156
CP048241.1,282143,33
CP048241.1,282173,828
CP048241.1,282179,312
CP048241.1,282347,1357
CP048241.1,282354,225
CP048241.1,282366,207
CP048241.1,286246,402
CP048241.1,286253,245
CP048241.1,292734,136
CP048241.1,292755,991
CP048241.1,292762,10
CP048241.1,295129,86
CP048241.1,297468,10
CP048241.1,297609,203
CP048241.1,297634,1
CP048241.1,297641,878
CP048241.1,297714,245
CP048241.1,297715,1
CP048241.1,297722,517
CP048241.1,297778,204
CP048241.1,297805,168
CP048241.1,297826,193
CP048241.1,297854,403
CP048241.1,297865,1
CP048241.1,297876,1
CP048241.1,297903,647
CP048241.1,297926,364
CP048241.1,297944,1166
CP048241.1,297951,777
CP048241.1,298037,59
CP048241.1,298119,1
CP048241.1,298190,1
CP048241.1,299200,632
CP048241.1,299874,151
CP048241.1,300417,14
CP048241.1,301316,1005
CP048241.1,302300,1
CP048241.1,302395,269
CP048241.1,302615,147
CP048241.1,303378,1212
CP048241.1,314213,1
CP048241.1,314385,1283
CP048241.1,314387,242
CP048241.1,316261,210
CP048241.1,322451,68
CP048241.1,323579,1
CP048241.1,323793,2
CP048241.1,323800,1173
CP048241.1,325849,1
CP048241.1,335823,149
CP048241.1,335831,11
CP048241.1,335838,632
CP048241.1,336869,59
CP048241.1,336946,126
CP048241.1,336968,96
CP048241.1,337276,5
CP048241.1,337376,2689
CP048241.1,337381,155
CP048241.1,337383,2984
CP048241.1,337456,1920
CP048241.1,337546,316
CP048241.1,337564,147
CP048241.1,337907,390
CP048241.1,337948,899
CP048241.1,337950,824
CP048241.1,337955,803
CP048241.1,337957,436
CP048241.1,338007,7
CP048241.1,338014,72
CP048241.1,338021,7
CP048241.1,338034,13
CP048241.1,338093,449
CP048241.1,338135,753
CP048241.1,338251,13
CP048241.1,338284,144
CP048241.1,338337,405
CP048241.1,338489,95
CP048241.1,338496,62
CP048241.1,341140,963
CP048241.1,341213,179
CP048241.1,342944,782
CP048241.1,342983,341
CP048241.1,344712,301
CP048241.1,344730,288
CP048241.1,344795,253
CP048241.1,346319,1
CP048241.1,346686,36
CP048241.1,346798,1972
CP048241.1,346805,209
CP048241.1,349353,4
CP048241.1,350347,12
CP048241.1,350382,130
CP048241.1,350389,12
CP048241.1,350429,78
CP048241.1,350442,67
CP048241.1,350630,17
CP048241.1,350977,303
CP048241.1,351067,581
CP048241.1,351076,1
CP048241.1,351083,395
CP048241.1,351516,726
CP048241.1,351809,180
CP048241.1,351939,30
CP048241.1,352121,59
CP048241.1,352127,91
CP048241.1,352128,95
CP048241.1,352183,581
CP048241.1,352188,5
CP048241.1,352190,2045
CP048241.1,352294,195
CP048241.1,352772,194
CP048241.1,353402,2
CP048241.1,353441,1
CP048241.1,353472,361
CP048241.1,353602,544
CP048241.1,353611,46
CP048241.1,353618,171
CP048241.1,353661,1
CP048241.1,353681,1007
CP048241.1,353688,1205
CP048241.1,353762,970
CP048241.1,354004,303
CP048241.1,354025,37
CP048241.1,354642,934
CP048241.1,354842,317
CP048241.1,354853,158
CP048241.1,354872,1
CP048241.1,354879,920
CP048241.1,354904,1
CP048241.1,355105,434
CP048241.1,355215,751
CP048241.1,355235,161
CP048241.1,355237,1
CP048241.1,355264,391
CP048241.1,355272,1930
CP048241.1,355309,474
CP048241.1,355316,71
CP048241.1,355349,218
CP048241.1,355356,1
CP048241.1,355384,1123
CP048241.1,355391,683
CP048241.1,355606,174
CP048241.1,356381,1495
CP048241.1,356507,176
CP048241.1,356915,76
CP048241.1,358016,1
CP048241.1,358402,12
CP048241.1,358409,31
CP048241.1,358415,678
CP048241.1,358715,117
CP048241.1,358735,1178
CP048241.1,360149,1
CP048241.1,360643,61
CP048241.1,360799,61
CP048241.1,360970,27
CP048241.1,360992,895
CP048241.1,360997,450
CP048241.1,361004,475
CP048241.1,361082,2
CP048241.1,364926,121
CP048241.1,365021,41
CP048241.1,365027,5
CP048241.1,365058,21
CP048241.1,365864,1
CP048241.1,366209,10
CP048241.1,366347,8
CP048241.1,366391,786
CP048241.1,366745,56
CP048241.1,366907,38
CP048241.1,367211,578
CP048241.1,367247,26
CP048241.1,367256,411
CP048241.1,367392,49
CP048241.1,367519,31
CP048241.1,367626,1410
CP048241.1,368080,255
CP048241.1,370429,413
CP048241.1,370436,891
CP048241.1,373591,1
CP048241.1,373756,299
CP048241.1,374389,530
CP048241.1,374495,470
CP048241.1,374773,142
CP048241.1,374800,7
CP048241.1,374932,203
CP048241.1,374940,46
CP048241.1,374941,1
CP048241.1,375012,393
CP048241.1,375665,754
CP048241.1,375802,192
CP048241.1,376005,1
CP048241.1,376155,714
CP048241.1,376268,728
CP048241.1,376269,32
CP048241.1,376303,1
CP048241.1,377174,555
CP048241.1,377247,10
CP048241.1,377269,166
CP048241.1,377491,91
CP048241.1,377563,213
CP048241.1,377609,352
CP048241.1,377616,203
CP048241.1,377822,19
CP048241.1,377964,69
CP048241.1,379313,119
CP048241.1,379851,584
CP048241.1,379944,197
CP048241.1,380058,462
CP048241.1,380373,1
CP048241.1,381031,1
CP048241.1,381056,1
CP048241.1,381059,657
CP048241.1,381096,50
CP048241.1,381146,1
CP048241.1,381153,2
CP048241.1,381240,623
CP048241.1,381369,416
CP048241.1,381454,342
CP048241.1,383405,24
CP048241.1,383689,71
CP048241.1,383968,473
CP048241.1,385069,1
CP048241.1,386484,534
CP048241.1,386486,3
CP048241.1,386627,636
CP048241.1,386632,447
CP048241.1,386834,18
CP048241.1,386846,1
CP048241.1,387033,13
CP048241.1,387052,658
CP048241.1,387059,540
CP048241.1,387205,2
CP048241.1,387279,264
CP048241.1,387286,1
CP048241.1,387311,28
CP048241.1,387724,23
CP048241.1,389017,1887
CP048241.1,389316,507
CP048241.1,389379,75
CP048241.1,389385,602
CP048241.1,389386,886
CP048241.1,389392,709
CP048241.1,389393,67
CP048241.1,389551,162
CP048241.1,389558,115
CP048241.1,389738,322
CP048241.1,391238,28
CP048241.1,391528,298
CP048241.1,391530,3
CP048241.1,391616,159
CP048241.1,391670,851
CP048241.1,392100,75
CP048241.1,392130,106
CP048241.1,392700,1
CP048241.1,392804,7
CP048241.1,393605,22
CP048241.1,393612,17
CP048241.1,394630,16
CP048241.1,394808,229
CP048241.1,396593,3
CP048241.1,396886,698
CP048241.1,397473,1894
CP048241.1,397757,229
CP048241.1,397834,20
CP048241.1,397884,381
CP048241.1,397928,1
CP048241.1,398086,1
CP048241.1,404755,84
CP048241.1,404784,857
CP048241.1,404791,1
CP048241.1,404824,16
CP048241.1,404848,138
CP048241.1,404850,34
CP048241.1,404862,1
CP048241.1,404864,7
CP048241.1,404912,251
CP048241.1,404974,221
CP048241.1,405128,88
CP048241.1,405130,42
CP048241.1,405138,52
CP048241.1,405156,119
CP048241.1,405410,316
CP048241.1,405438,266
CP048241.1,406081,40
CP048241.1,407496,32
CP048241.1,407623,136
CP048241.1,407654,363
CP048241.1,407684,138
CP048241.1,407820,43
CP048241.1,407850,312
CP048241.1,407938,362
CP048241.1,407957,1406
CP048241.1,408024,234
CP048241.1,408044,622
CP048241.1,408236,1
CP048241.1,408243,1
CP048241.1,408259,288
CP048241.1,408266,209
CP048241.1,408275,685
CP048241.1,408297,2
CP048241.1,408304,451
CP048241.1,408480,997
CP048241.1,408681,817
CP048241.1,408725,1
CP048241.1,409468,71
CP048241.1,410729,356
CP048241.1,412659,262
CP048241.1,419670,443
CP048241.1,419677,776
CP048241.1,420865,73
CP048241.1,421116,1
CP048241.1,421900,1
CP048241.1,422043,53
CP048241.1,422258,166
CP048241.1,422267,543
CP048241.1,422344,248
CP048241.1,422859,87
CP048241.1,423999,79
CP048241.1,424176,92
CP048241.1,424251,1
CP048241.1,424376,491
CP048241.1,425852,308
CP048241.1,425885,176
CP048241.1,425892,2
CP048241.1,429393,1
CP048241.1,429782,263
CP048241.1,429786,196
CP048241.1,430005,78
CP048241.1,430397,580
CP048241.1,431674,102
CP048241.1,431689,372
CP048241.1,431712,22
CP048241.1,431793,285
CP048241.1,431861,6
CP048241.1,431903,247
CP048241.1,431928,209
CP048241.1,432009,10
CP048241.1,432150,386
CP048241.1,432157,58
CP048241.1,440286,1
CP048241.1,444235,93
CP048241.1,444320,590
CP048241.1,444685,7
CP048241.1,444692,7
CP048241.1,444768,666
CP048241.1,445008,1
CP048241.1,445047,6
CP048241.1,445056,1187
CP048241.1,445063,243
CP048241.1,445185,664
CP048241.1,445348,72
CP048241.1,445847,5
CP048241.1,445850,23
CP048241.1,445986,2
CP048241.1,446156,3
CP048241.1,446170,1066
CP048241.1,446199,539
CP048241.1,446514,212
CP048241.1,446515,160
CP048241.1,446522,522
CP048241.1,446571,1
CP048241.1,446578,72
CP048241.1,446580,643
CP048241.1,446810,159
CP048241.1,448566,1193
CP048241.1,448573,802
CP048241.1,449779,153
CP048241.1,450163,47
CP048241.1,450661,15
CP048241.1,450668,3
CP048241.1,450669,1
CP048241.1,455420,5
CP048241.1,455907,3
CP048241.1,456236,22
CP048241.1,456295,33
CP048241.1,456406,8
CP048241.1,456438,1
CP048241.1,456439,97
CP048241.1,456529,7
CP048241.1,456555,201
CP048241.1,456563,1373
CP048241.1,456582,322
CP048241.1,456583,12
CP048241.1,456616,15
CP048241.1,456714,50
CP048241.1,456945,1
CP048241.1,456967,1
CP048241.1,457081,21
CP048241.1,457083,456
CP048241.1,457101,122
CP048241.1,457112,1084
CP048241.1,457234,47
CP048241.1,457355,3770
CP048241.1,457362,87
CP048241.1,457409,577
CP048241.1,457424,801
CP048241.1,457434,75
CP048241.1,457466,987
CP048241.1,457472,451
CP048241.1,457493,848
CP048241.1,457604,659
CP048241.1,457613,1125
CP048241.1,460148,141
CP048241.1,460548,16
CP048241.1,460549,293
CP048241.1,460559,100
CP048241.1,460885,7
CP048241.1,460892,486
CP048241.1,460906,76
CP048241.1,461129,959
CP048241.1,461170,471
CP048241.1,461244,252
CP048241.1,461362,1
CP048241.1,461396,18
CP048241.1,461495,9
CP048241.1,461558,64
CP048241.1,462637,236
CP048241.1,462826,3
CP048241.1,462960,14
CP048241.1,462996,30
CP048241.1,463099,267
CP048241.1,463109,138
CP048241.1,466314,11
CP048241.1,467355,1
CP048241.1,467435,222
CP048241.1,467498,51
CP048241.1,467505,337
CP048241.1,467507,493
CP048241.1,467613,448
CP048241.1,467643,62
CP048241.1,468246,29
CP048241.1,468265,86
CP048241.1,469425,72
CP048241.1,470319,210
CP048241.1,470452,503
CP048241.1,470564,1
CP048241.1,471477,339
CP048241.1,472197,1
CP048241.1,472775,12
CP048241.1,473177,410
CP048241.1,473184,707
CP048241.1,473849,25
CP048241.1,473860,36
CP048241.1,476354,83
CP048241.1,476391,98
CP048241.1,476700,147
CP048241.1,476839,448
CP048241.1,477085,542
CP048241.1,477665,448
CP048241.1,477889,120
CP048241.1,478024,171
CP048241.1,478044,528
CP048241.1,478090,734
CP048241.1,478210,12
CP048241.1,478217,86
CP048241.1,478302,810
CP048241.1,478464,916
CP048241.1,478551,544
CP048241.1,478693,1703
CP048241.1,478696,463
CP048241.1,478700,25
CP048241.1,478703,46
CP048241.1,478714,10
CP048241.1,478721,2380
CP048241.1,478853,20
CP048241.1,478871,106
CP048241.1,478949,3
CP048241.1,479984,28
CP048241.1,481591,69
CP048241.1,481660,19
CP048241.1,481667,246
CP048241.1,483138,188
CP048241.1,483944,106
CP048241.1,483951,491
CP048241.1,484004,791
CP048241.1,484261,332
CP048241.1,484776,124
CP048241.1,485811,90
CP048241.1,485931,174
CP048241.1,485986,4
CP048241.1,486055,11
CP048241.1,486085,1227
CP048241.1,486287,193
CP048241.1,486336,59
CP048241.1,486348,1
CP048241.1,486350,67
CP048241.1,486371,299
CP048241.1,486388,79
CP048241.1,486395,1
CP048241.1,486553,112
CP048241.1,486560,887
CP048241.1,486591,249
CP048241.1,486596,45
CP048241.1,486598,699
CP048241.1,486747,236
CP048241.1,486754,647
CP048241.1,486778,40
CP048241.1,486805,606
CP048241.1,486844,317
CP048241.1,486920,43
CP048241.1,486973,502
CP048241.1,486974,184
CP048241.1,487143,641
CP048241.1,487150,69
CP048241.1,487330,274
CP048241.1,487357,1
CP048241.1,487361,18
CP048241.1,489399,281
CP048241.1,489529,810
CP048241.1,489631,271
CP048241.1,489745,1216
CP048241.1,489770,64
CP048241.1,489777,1255
CP048241.1,489922,1
CP048241.1,490070,89
CP048241.1,490112,6
CP048241.1,490163,628
CP048241.1,490184,586
CP048241.1,490222,10
CP048241.1,490241,697
CP048241.1,490259,665
CP048241.1,490274,194
CP048241.1,490316,85
CP048241.1,490336,16
CP048241.1,490412,364
CP048241.1,490414,294
CP048241.1,490417,6
CP048241.1,490419,5
CP048241.1,490423,11
CP048241.1,490425,221
CP048241.1,490484,1
CP048241.1,490493,27
CP048241.1,490667,1
CP048241.1,490685,886
CP048241.1,490687,456
CP048241.1,490692,623
CP048241.1,490732,254
CP048241.1,490820,1
CP048241.1,494041,4
CP048241.1,494242,12
CP048241.1,494756,169
CP048241.1,495559,18
CP048241.1,495566,1
CP048241.1,496183,323
CP048241.1,498356,123
CP048241.1,499163,329
CP048241.1,499174,1119
CP048241.1,499283,634
CP048241.1,499305,37
CP048241.1,499345,138
CP048241.1,499352,87
CP048241.1,499485,1118
CP048241.1,499521,88
CP048241.1,499717,403
CP048241.1,500193,578
CP048241.1,500200,96
CP048241.1,500250,729
CP048241.1,500348,1
CP048241.1,500355,49
CP048241.1,500472,1
CP048241.1,500533,584
CP048241.1,500636,533
CP048241.1,500667,615
CP048241.1,500764,3
CP048241.1,500871,249
CP048241.1,500924,65
CP048241.1,500999,41
CP048241.1,501113,888
CP048241.1,501120,225
CP048241.1,501214,36
CP048241.1,501350,4
CP048241.1,501359,780
CP048241.1,501366,357
CP048241.1,501679,130
CP048241.1,501697,1185
CP048241.1,502330,1
CP048241.1,502695,108
CP048241.1,502848,431
CP048241.1,502884,1
CP048241.1,502934,20
CP048241.1,503082,287
CP048241.1,503261,21
CP048241.1,504925,290
CP048241.1,504981,23
CP048241.1,505007,378
CP048241.1,505011,9
CP048241.1,505018,83
CP048241.1,505033,79
CP048241.1,505050,1
CP048241.1,505901,335
CP048241.1,506650,1
CP048241.1,506877,74
CP048241.1,506917,59
CP048241.1,507654,118
CP048241.1,507690,320
CP048241.1,507736,867
CP048241.1,508989,188
CP048241.1,511366,8
CP048241.1,511425,35
CP048241.1,511432,6
CP048241.1,513596,1
CP048241.1,513834,351
CP048241.1,514046,424
CP048241.1,514360,475
CP048241.1,514546,1059
CP048241.1,515911,75
CP048241.1,518501,273
CP048241.1,518832,1138
CP048241.1,518839,1316
CP048241.1,518870,1
CP048241.1,518965,301
CP048241.1,518970,19
CP048241.1,518972,8
CP048241.1,518979,506
CP048241.1,521305,864
CP048241.1,521306,228
CP048241.1,522598,1225
CP048241.1,522605,176
CP048241.1,522810,554
CP048241.1,526141,96
CP048241.1,526159,402
CP048241.1,526206,410
CP048241.1,526229,152
CP048241.1,526236,23
CP048241.1,533972,310
CP048241.1,534750,294
CP048241.1,534887,25
CP048241.1,535263,355
CP048241.1,540630,6
CP048241.1,541139,512
CP048241.1,541886,1118
CP048241.1,541971,125
CP048241.1,542137,1
CP048241.1,542184,134
CP048241.1,542199,657
CP048241.1,542231,109
CP048241.1,542240,160
CP048241.1,542252,73
CP048241.1,542259,38
CP048241.1,542298,16
CP048241.1,542307,385
CP048241.1,542351,106
CP048241.1,542359,77
CP048241.1,542557,3
CP048241.1,542575,404
CP048241.1,543274,215
CP048241.1,544135,1
CP048241.1,544141,183
CP048241.1,544239,122
CP048241.1,544248,122
CP048241.1,544274,131
CP048241.1,544282,1220
CP048241.1,544308,853
CP048241.1,544369,296
CP048241.1,544371,138
CP048241.1,544393,52
CP048241.1,544475,307
CP048241.1,544488,137
CP048241.1,544540,37
CP048241.1,544570,253
CP048241.1,544577,74
CP048241.1,544842,2
CP048241.1,545909,11
CP048241.1,545916,519
CP048241.1,545983,220
CP048241.1,546274,83
CP048241.1,547164,268
CP048241.1,547285,325
CP048241.1,547289,243
CP048241.1,547292,37
CP048241.1,547296,361
CP048241.1,551083,267
CP048241.1,551111,175
CP048241.1,551196,22
CP048241.1,551466,25
CP048241.1,551672,11
CP048241.1,555129,578
CP048241.1,555186,289
CP048241.1,555241,1
CP048241.1,557875,89
CP048241.1,558289,821
CP048241.1,558354,2
CP048241.1,558586,168
CP048241.1,558620,7
CP048241.1,559378,180
CP048241.1,559651,1
CP048241.1,559771,693
CP048241.1,560992,200
CP048241.1,561149,1366
CP048241.1,561255,1
CP048241.1,561417,1085
CP048241.1,563150,739
CP048241.1,565753,355
CP048241.1,565754,181
CP048241.1,565770,107
CP048241.1,565958,1156
CP048241.1,566139,802
CP048241.1,566246,1279
CP048241.1,566314,179
CP048241.1,566321,1
CP048241.1,566335,311
CP048241.1,566342,316
CP048241.1,566374,132
CP048241.1,567168,848
CP048241.1,567175,50
CP048241.1,569046,47
CP048241.1,569883,519
CP048241.1,570259,16
CP048241.1,570266,825
CP048241.1,570317,355
CP048241.1,570386,345
CP048241.1,570548,10
CP048241.1,570777,1
CP048241.1,570939,604
CP048241.1,570994,527
CP048241.1,571001,814
CP048241.1,571442,629
CP048241.1,571542,259
CP048241.1,571559,620
CP048241.1,571566,1
CP048241.1,571681,376
CP048241.1,571688,976
CP048241.1,571847,8
CP048241.1,573730,308
CP048241.1,574437,10
CP048241.1,575313,700
CP048241.1,576327,173
CP048241.1,576439,405
CP048241.1,576700,1
CP048241.1,577323,696
CP048241.1,577574,29
CP048241.1,579354,331
CP048241.1,580277,265
CP048241.1,581827,7
CP048241.1,581972,1
CP048241.1,582068,932
CP048241.1,582084,321
CP048241.1,583592,142
CP048241.1,583619,474
CP048241.1,585726,18
CP048241.1,585733,21
CP048241.1,586136,83
CP048241.1,586362,12
CP048241.1,588617,40
CP048241.1,589334,115
CP048241.1,589385,383
CP048241.1,589410,766
CP048241.1,589417,243
CP048241.1,589646,392
CP048241.1,589697,80
CP048241.1,589729,475
CP048241.1,589800,6
CP048241.1,589807,52
CP048241.1,589819,368
CP048241.1,589990,3
CP048241.1,590374,69
CP048241.1,590515,186
CP048241.1,590520,1
CP048241.1,590666,398
CP048241.1,594804,543
CP048241.1,594854,1
CP048241.1,595347,38
CP048241.1,595625,1
CP048241.1,595680,7
CP048241.1,598304,79
CP048241.1,598307,303
CP048241.1,598344,2
CP048241.1,599545,379
CP048241.1,600587,687
CP048241.1,600838,527
CP048241.1,601720,227
CP048241.1,602283,679
CP048241.1,606072,5
CP048241.1,608598,128
CP048241.1,608806,396
CP048241.1,609147,152
CP048241.1,609511,602
CP048241.1,609726,2
CP048241.1,609789,3
CP048241.1,609807,48
CP048241.1,609928,1
CP048241.1,610033,575
CP048241.1,610040,32
CP048241.1,610042,48
CP048241.1,610058,1270
CP048241.1,610094,68
CP048241.1,610176,103
CP048241.1,610183,1
CP048241.1,610365,954
CP048241.1,610372,550
CP048241.1,610756,36
CP048241.1,610765,1147
CP048241.1,610849,4
CP048241.1,610857,196
CP048241.1,610860,567
CP048241.1,610985,131
CP048241.1,611116,382
CP048241.1,611150,1
CP048241.1,611157,70
CP048241.1,612975,301
CP048241.1,613397,36
CP048241.1,613478,13
CP048241.1,613728,1312
CP048241.1,613886,1
CP048241.1,613888,583
CP048241.1,613895,240
CP048241.1,613916,111
CP048241.1,613934,246
CP048241.1,613940,25
CP048241.1,615450,638
CP048241.1,615562,1
CP048241.1,615684,5
CP048241.1,615838,396
CP048241.1,615905,85
CP048241.1,615912,5
CP048241.1,616666,2092
CP048241.1,617055,481
CP048241.1,618701,642
CP048241.1,618764,1228
CP048241.1,618791,119
CP048241.1,618946,291
CP048241.1,624556,413
CP048241.1,624932,171
CP048241.1,624946,888
CP048241.1,624953,196
CP048241.1,624956,753
CP048241.1,624965,1360
CP048241.1,624979,30
CP048241.1,624994,220
CP048241.1,625036,1960
CP048241.1,625043,1555
CP048241.1,625068,1
CP048241.1,625117,236
CP048241.1,625124,533
CP048241.1,625126,862
CP048241.1,625378,19
CP048241.1,625380,681
CP048241.1,625385,574
CP048241.1,625387,262
CP048241.1,625449,1152
CP048241.1,625456,479
CP048241.1,626798,336
CP048241.1,630646,516
CP048241.1,636342,24
CP048241.1,636393,109
CP048241.1,636421,2263
CP048241.1,636428,494
CP048241.1,638851,861
CP048241.1,638894,762
CP048241.1,639088,1358
CP048241.1,639093,16
CP048241.1,639095,31
CP048241.1,639126,58
CP048241.1,639182,1
CP048241.1,639243,342
CP048241.1,639269,17
CP048241.1,639274,9
CP048241.1,639291,1123
CP048241.1,639600,64
CP048241.1,640167,1
CP048241.1,640431,360
CP048241.1,640469,596
CP048241.1,640509,5
CP048241.1,640618,15
CP048241.1,645254,431
CP048241.1,646837,60
CP048241.1,647290,291
CP048241.1,647468,6
CP048241.1,647823,4
CP048241.1,647974,335
CP048241.1,648050,263
CP048241.1,648057,332
CP048241.1,648094,36
CP048241.1,648148,235
CP048241.1,648153,815
CP048241.1,648172,619
CP048241.1,648230,711
CP048241.1,648303,829
CP048241.1,648676,121
CP048241.1,649242,362
CP048241.1,649429,883
CP048241.1,649784,469
CP048241.1,650970,321
CP048241.1,651578,9
CP048241.1,651932,257
CP048241.1,652174,397
CP048241.1,652495,566
CP048241.1,652944,96
CP048241.1,652951,866
CP048241.1,653214,58
CP048241.1,653330,493
CP048241.1,655998,501
CP048241.1,656242,214
CP048241.1,656683,482
CP048241.1,656690,2341
CP048241.1,656784,7
CP048241.1,656798,1
CP048241.1,656866,452
CP048241.1,657022,303
CP048241.1,658954,541
CP048241.1,659242,641
CP048241.1,659261,193
CP048241.1,659311,214
CP048241.1,659440,20
CP048241.1,659478,26
CP048241.1,659607,105
CP048241.1,660284,381
CP048241.1,660358,11
CP048241.1,660847,298
CP048241.1,660849,43
CP048241.1,660856,388
CP048241.1,660867,5
CP048241.1,660900,1015
CP048241.1,660907,18
CP048241.1,661482,17
CP048241.1,661494,8
CP048241.1,661792,150
CP048241.1,661933,1561
CP048241.1,662028,770
CP048241.1,662153,2
CP048241.1,662171,78
CP048241.1,662203,789
CP048241.1,662211,475
CP048241.1,662468,590
CP048241.1,662661,52
CP048241.1,662863,606
CP048241.1,662894,480
CP048241.1,662990,1
CP048241.1,664179,387
CP048241.1,664301,520
CP048241.1,664335,711
CP048241.1,664337,423
CP048241.1,664376,1
CP048241.1,664614,129
CP048241.1,664631,467
CP048241.1,664729,13
CP048241.1,664859,1427
CP048241.1,664866,1477
CP048241.1,664954,1359
CP048241.1,665078,622
CP048241.1,665276,1
CP048241.1,665437,98
CP048241.1,665650,63
CP048241.1,665653,570
CP048241.1,668482,3
CP048241.1,668606,303
CP048241.1,668861,70
CP048241.1,669411,208
CP048241.1,670283,8
CP048241.1,670337,4
CP048241.1,670339,29
CP048241.1,670588,142
CP048241.1,670595,1
CP048241.1,670605,415
CP048241.1,670611,910
CP048241.1,670666,49
CP048241.1,670741,819
CP048241.1,670873,59
CP048241.1,671720,126
CP048241.1,671799,278
CP048241.1,671892,152
CP048241.1,671936,425
CP048241.1,671942,646
CP048241.1,671944,340
CP048241.1,672117,30
CP048241.1,672140,3
CP048241.1,672200,2
CP048241.1,672244,31
CP048241.1,672246,212
CP048241.1,672343,702
CP048241.1,672608,148
CP048241.1,676349,40
CP048241.1,676994,1
CP048241.1,677007,6
CP048241.1,677027,510
CP048241.1,677039,2
CP048241.1,677046,559
CP048241.1,679205,6
CP048241.1,679270,175
CP048241.1,681864,8
CP048241.1,682462,85
CP048241.1,682464,2790
CP048241.1,682509,12
CP048241.1,683761,428
CP048241.1,683772,2
CP048241.1,683775,423
CP048241.1,683810,737
CP048241.1,683835,1
CP048241.1,683842,47
CP048241.1,683909,211
CP048241.1,684058,253
CP048241.1,685571,16
CP048241.1,685574,524
CP048241.1,685717,158
CP048241.1,685829,532
CP048241.1,685919,197
CP048241.1,685920,5
CP048241.1,685962,363
CP048241.1,686001,45
CP048241.1,686112,503
CP048241.1,686160,557
CP048241.1,686224,289
CP048241.1,686250,3
CP048241.1,686267,161
CP048241.1,686315,83
CP048241.1,686392,536
CP048241.1,689194,1744
CP048241.1,689373,2
CP048241.1,689379,737
CP048241.1,689386,189
CP048241.1,689486,544
CP048241.1,689487,1
CP048241.1,689543,1
CP048241.1,689550,604
CP048241.1,689672,1
CP048241.1,689866,798
CP048241.1,689882,869
CP048241.1,689919,1
CP048241.1,689928,775
CP048241.1,689942,254
CP048241.1,689958,297
CP048241.1,689968,64
CP048241.1,690023,315
CP048241.1,690030,11
CP048241.1,690087,249
CP048241.1,690125,887
CP048241.1,690131,1
CP048241.1,690378,579
CP048241.1,690381,1
CP048241.1,690433,1735
CP048241.1,690638,1
CP048241.1,690645,56
CP048241.1,690748,568
CP048241.1,690815,748
CP048241.1,690821,2
CP048241.1,690864,323
CP048241.1,690996,258
CP048241.1,691003,2247
CP048241.1,691112,1
CP048241.1,692934,4
CP048241.1,693316,536
CP048241.1,693527,92
CP048241.1,693599,1
CP048241.1,693660,10
CP048241.1,693712,411
CP048241.1,693719,59
CP048241.1,693765,6
CP048241.1,693772,263
CP048241.1,693778,409
CP048241.1,693824,454
CP048241.1,693829,786
CP048241.1,693835,1
CP048241.1,693839,149
CP048241.1,693902,970
CP048241.1,693909,2197
CP048241.1,693952,1
CP048241.1,693953,524
CP048241.1,693969,14
CP048241.1,694003,50
CP048241.1,694008,62
CP048241.1,694009,153
CP048241.1,694026,1
CP048241.1,694084,1211
CP048241.1,694158,7
CP048241.1,695271,352
CP048241.1,696474,50
CP048241.1,699358,22
CP048241.1,699509,62
CP048241.1,699550,1
CP048241.1,699558,1211
CP048241.1,700639,26
CP048241.1,700707,1
CP048241.1,700730,108
CP048241.1,702390,4
CP048241.1,704715,1
CP048241.1,704795,1
CP048241.1,704799,15
CP048241.1,704802,195
CP048241.1,705083,131
CP048241.1,705268,7
CP048241.1,711255,16
CP048241.1,711262,310
CP048241.1,714813,533
CP048241.1,714821,33
CP048241.1,714908,337
CP048241.1,714962,49
CP048241.1,715036,142
CP048241.1,715125,61
CP048241.1,715257,523
CP048241.1,723773,40
CP048241.1,724755,181
CP048241.1,725416,68
CP048241.1,726198,1
CP048241.1,726406,9
CP048241.1,726491,167
CP048241.1,726588,27
CP048241.1,726595,6
CP048241.1,726609,3
CP048241.1,726665,1444
CP048241.1,726669,187
CP048241.1,726676,641
CP048241.1,726678,64
CP048241.1,726929,999
CP048241.1,726936,134
CP048241.1,727165,8
CP048241.1,727255,14
CP048241.1,727365,5
CP048241.1,731079,36
CP048241.1,731216,1064
CP048241.1,731374,92
CP048241.1,732698,30
CP048241.1,733598,1
CP048241.1,733738,1058
CP048241.1,736512,76
CP048241.1,736697,23
CP048241.1,737618,931
CP048241.1,743292,180
CP048241.1,743665,420
CP048241.1,744628,6
CP048241.1,744894,351
CP048241.1,745125,479
CP048241.1,745508,64
CP048241.1,745515,441
CP048241.1,745565,527
CP048241.1,745889,2
CP048241.1,746181,60
CP048241.1,746196,389
CP048241.1,746230,99
CP048241.1,746287,47
CP048241.1,746329,965
CP048241.1,746351,284
CP048241.1,746358,195
CP048241.1,746454,986
CP048241.1,746468,37
CP048241.1,747269,342
CP048241.1,747520,397
CP048241.1,748366,373
CP048241.1,748401,453
CP048241.1,748455,1
CP048241.1,748547,31
CP048241.1,748549,38
CP048241.1,749877,143
CP048241.1,750652,1
CP048241.1,751884,196
CP048241.1,752203,469
CP048241.1,752665,7
CP048241.1,752686,111
CP048241.1,752702,1016
CP048241.1,752708,163
CP048241.1,752709,447
CP048241.1,752777,510
CP048241.1,757182,461
CP048241.1,757972,1
CP048241.1,757978,1307
CP048241.1,758211,512
CP048241.1,758254,359
CP048241.1,758256,638
CP048241.1,758263,514
CP048241.1,758362,913
CP048241.1,758369,787
CP048241.1,758409,1
CP048241.1,758442,308
CP048241.1,758509,1247
CP048241.1,758516,398
CP048241.1,759345,1
CP048241.1,760098,185
CP048241.1,762293,111
CP048241.1,763697,19
CP048241.1,764304,453
CP048241.1,764311,599
CP048241.1,764379,15
CP048241.1,764439,1
CP048241.1,764537,1232
CP048241.1,764544,420
CP048241.1,764548,2
CP048241.1,764558,522
CP048241.1,764582,4
CP048241.1,764595,2
CP048241.1,764598,6
CP048241.1,764643,1
CP048241.1,764695,1
CP048241.1,764735,123
CP048241.1,764791,235
CP048241.1,764820,1121
CP048241.1,764827,791
CP048241.1,764847,25
CP048241.1,764854,1926
CP048241.1,764884,1131
CP048241.1,765040,17
CP048241.1,766328,339
CP048241.1,767002,67
CP048241.1,767141,23
CP048241.1,767982,1
CP048241.1,768159,106
CP048241.1,768544,902
CP048241.1,768614,13
CP048241.1,768716,31
CP048241.1,770658,687
CP048241.1,771029,449
CP048241.1,771033,664
CP048241.1,771898,15
CP048241.1,772633,117
CP048241.1,775345,1
CP048241.1,775445,155
CP048241.1,776072,447
CP048241.1,776325,219
CP048241.1,776332,176
CP048241.1,777368,54
CP048241.1,779962,575
CP048241.1,781093,379
CP048241.1,782265,395
CP048241.1,782292,3
CP048241.1,782293,1461
CP048241.1,782300,109
CP048241.1,782613,96
CP048241.1,782634,571
CP048241.1,782641,1417
CP048241.1,782656,82
CP048241.1,782785,61
CP048241.1,783082,20
CP048241.1,783212,361
CP048241.1,783219,118
CP048241.1,783369,1
CP048241.1,783400,1123
CP048241.1,783471,139
CP048241.1,783548,211
CP048241.1,783869,1175
CP048241.1,783958,23
CP048241.1,784008,38
CP048241.1,784030,37
CP048241.1,784037,1073
CP048241.1,784045,623
CP048241.1,784066,2
CP048241.1,784070,464
CP048241.1,784083,1
CP048241.1,784126,1
CP048241.1,784163,47
CP048241.1,784232,27
CP048241.1,784836,1124
CP048241.1,784843,572
CP048241.1,784888,617
CP048241.1,784895,225
CP048241.1,784959,239
CP048241.1,786492,85
CP048241.1,787125,683
CP048241.1,787276,90
CP048241.1,787464,625
CP048241.1,788301,761
CP048241.1,788644,1
CP048241.1,788651,4
CP048241.1,788708,88
CP048241.1,788886,815
CP048241.1,788997,971
CP048241.1,789005,32
CP048241.1,789153,1
CP048241.1,789261,195
CP048241.1,789930,30
CP048241.1,789966,20
CP048241.1,790278,1
CP048241.1,790308,1
CP048241.1,790356,51
CP048241.1,790554,2
CP048241.1,790691,22
CP048241.1,790697,224
CP048241.1,790698,48
CP048241.1,790751,241
CP048241.1,790884,1
CP048241.1,790983,289
CP048241.1,792396,2
CP048241.1,792444,62
CP048241.1,792482,469
CP048241.1,792485,16
CP048241.1,792516,52
CP048241.1,792561,59
CP048241.1,792654,727
CP048241.1,792697,72
CP048241.1,792764,797
CP048241.1,792784,1
CP048241.1,793029,157
CP048241.1,793281,8
CP048241.1,793704,207
CP048241.1,793783,45
CP048241.1,793793,5
CP048241.1,793917,507
CP048241.1,793977,323
CP048241.1,794005,505
CP048241.1,794102,11
CP048241.1,794269,3
CP048241.1,794427,16
CP048241.1,794585,144
CP048241.1,794587,60
CP048241.1,794592,1681
CP048241.1,794635,883
CP048241.1,794642,11
CP048241.1,794691,32
CP048241.1,794762,2
CP048241.1,794874,90
CP048241.1,796318,298
CP048241.1,796362,297
CP048241.1,796399,381
CP048241.1,798017,40
CP048241.1,798632,115
CP048241.1,798676,138
CP048241.1,798878,275
CP048241.1,799472,374
CP048241.1,799602,99
CP048241.1,799795,1
CP048241.1,799818,134
CP048241.1,799840,1456
CP048241.1,799847,1221
CP048241.1,799872,1
CP048241.1,800036,260
CP048241.1,800140,1276
CP048241.1,800160,1225
CP048241.1,802689,375
CP048241.1,810375,212
CP048241.1,811536,801
CP048241.1,811544,666
CP048241.1,815572,526
CP048241.1,815579,5
CP048241.1,815712,569
CP048241.1,815719,974
CP048241.1,815761,1
CP048241.1,816035,16
CP048241.1,817916,230
CP048241.1,818382,1
CP048241.1,818840,390
CP048241.1,818981,33
CP048241.1,818988,170
CP048241.1,819000,444
CP048241.1,819091,233
CP048241.1,819105,427
CP048241.1,819144,5
CP048241.1,819147,3
CP048241.1,819174,435
CP048241.1,822925,1
CP048241.1,823755,1
CP048241.1,823867,638
CP048241.1,824601,707
CP048241.1,824658,16
CP048241.1,825502,2
CP048241.1,826491,180
CP048241.1,826530,116
CP048241.1,826728,394
CP048241.1,827991,9
CP048241.1,829384,43
CP048241.1,829458,545
CP048241.1,830635,340
CP048241.1,830901,643
CP048241.1,832768,250
CP048241.1,834421,7
CP048241.1,834671,677
CP048241.1,834673,479
CP048241.1,834704,6
CP048241.1,834712,690
CP048241.1,834719,1254
CP048241.1,834734,683
CP048241.1,834741,355
CP048241.1,834765,148
CP048241.1,834805,1
CP048241.1,834913,7
CP048241.1,835045,119
CP048241.1,836174,79
CP048241.1,838142,1
CP048241.1,838183,608
CP048241.1,838253,3
CP048241.1,838288,446
CP048241.1,838351,11
CP048241.1,838372,817
CP048241.1,838379,273
CP048241.1,838761,1
CP048241.1,838775,446
CP048241.1,838852,155
CP048241.1,838856,3
CP048241.1,838891,7
CP048241.1,838901,173
CP048241.1,838905,6
CP048241.1,838921,52
CP048241.1,838929,227
CP048241.1,838953,665
CP048241.1,840994,9
CP048241.1,841162,90
CP048241.1,841220,456
CP048241.1,841227,27
CP048241.1,841255,527
CP048241.1,841291,6000
CP048241.1,841297,1677
CP048241.1,841298,928
CP048241.1,841304,691
CP048241.1,843605,205
CP048241.1,843710,57
CP048241.1,844264,44
CP048241.1,845666,1
CP048241.1,845931,95
CP048241.1,846062,434
CP048241.1,846068,33
CP048241.1,846180,278
CP048241.1,847990,1
CP048241.1,848517,125
CP048241.1,848743,1
CP048241.1,848769,325
CP048241.1,848955,24
CP048241.1,848988,1
CP048241.1,849109,417
CP048241.1,849536,1
CP048241.1,849609,15
CP048241.1,851476,10
CP048241.1,851988,446
CP048241.1,852057,27
CP048241.1,852060,981
CP048241.1,852064,1
CP048241.1,852072,552
CP048241.1,852091,4
CP048241.1,852101,248
CP048241.1,852112,271
CP048241.1,852116,3
CP048241.1,852161,1258
CP048241.1,852173,127
CP048241.1,852226,1
CP048241.1,852936,33
CP048241.1,853577,1477
CP048241.1,853584,45
CP048241.1,853774,2
CP048241.1,853868,5
CP048241.1,853905,17
CP048241.1,853940,70
CP048241.1,853943,85
CP048241.1,853951,31
CP048241.1,854029,1060
CP048241.1,854031,4482
CP048241.1,854033,122
CP048241.1,854036,1564
CP048241.1,854038,3675
CP048241.1,854040,574
CP048241.1,854115,71
CP048241.1,854169,102
CP048241.1,854413,97
CP048241.1,854628,367
CP048241.1,854756,183
CP048241.1,854768,520
CP048241.1,854830,1
CP048241.1,854837,40
CP048241.1,854927,1
CP048241.1,855276,38
CP048241.1,855466,3
CP048241.1,859294,25
CP048241.1,859301,56
CP048241.1,860733,168
CP048241.1,861620,403
CP048241.1,862906,72
CP048241.1,863353,192
CP048241.1,864692,60
CP048241.1,864699,1383
CP048241.1,864738,29
CP048241.1,864795,116
CP048241.1,864993,510
CP048241.1,865000,1
CP048241.1,865182,413
CP048241.1,865251,148
CP048241.1,865380,1
CP048241.1,865418,1242
CP048241.1,865477,4
CP048241.1,865480,1480
CP048241.1,866347,176
CP048241.1,866458,389
CP048241.1,866552,509
CP048241.1,866553,48
CP048241.1,866622,24
CP048241.1,866744,432
CP048241.1,866899,966
CP048241.1,867003,383
CP048241.1,867138,90
CP048241.1,867145,229
CP048241.1,867146,102
CP048241.1,867709,675
CP048241.1,868299,64
CP048241.1,869148,310
CP048241.1,869228,30
CP048241.1,869592,3
CP048241.1,869781,178
CP048241.1,870353,177
CP048241.1,874062,631
CP048241.1,874128,500
CP048241.1,874168,1
CP048241.1,874907,12
CP048241.1,875558,284
CP048241.1,875570,210
CP048241.1,875636,361
CP048241.1,875643,395
CP048241.1,876799,10
CP048241.1,878657,121
CP048241.1,878690,336
CP048241.1,878699,314
CP048241.1,878706,127
CP048241.1,881414,1429
CP048241.1,882693,57
CP048241.1,882707,154
CP048241.1,882736,124
CP048241.1,883048,116
CP048241.1,883209,5
CP048241.1,883224,893
CP048241.1,883312,1734
CP048241.1,883313,2
CP048241.1,883349,951
CP048241.1,883366,1218
CP048241.1,883419,328
CP048241.1,883441,1
CP048241.1,883606,584
CP048241.1,883944,482
CP048241.1,885298,429
CP048241.1,885302,278
CP048241.1,885307,116
CP048241.1,885392,6
CP048241.1,885417,570
CP048241.1,886438,60
CP048241.1,887297,92
CP048241.1,887977,11
CP048241.1,889565,17
CP048241.1,889675,245
CP048241.1,889928,303
CP048241.1,890006,114
CP048241.1,890110,264
CP048241.1,890399,565
CP048241.1,890561,2
CP048241.1,890563,18
CP048241.1,890809,27
CP048241.1,892137,729
CP048241.1,892785,361
CP048241.1,892886,980
CP048241.1,893065,476
CP048241.1,893449,1
CP048241.1,893560,190
CP048241.1,893571,40
CP048241.1,893710,685
CP048241.1,893753,894
CP048241.1,893805,106
CP048241.1,893814,255
CP048241.1,893847,3292
CP048241.1,893858,7
CP048241.1,893880,407
CP048241.1,893973,1407
CP048241.1,893983,1068
CP048241.1,893984,1
CP048241.1,893990,3
CP048241.1,893992,3
CP048241.1,894013,1
CP048241.1,894024,1
CP048241.1,894074,1
CP048241.1,894124,33
CP048241.1,894140,98
CP048241.1,894226,1006
CP048241.1,894239,39
CP048241.1,894246,2027
CP048241.1,894564,137
CP048241.1,894748,489
CP048241.1,894838,566
CP048241.1,895738,1
CP048241.1,896626,8
CP048241.1,897132,474
CP048241.1,898094,1
CP048241.1,898149,1009
CP048241.1,899811,1
CP048241.1,899838,120
CP048241.1,899915,158
CP048241.1,899920,18
CP048241.1,899922,919
CP048241.1,900076,9
CP048241.1,900140,3
CP048241.1,900147,429
CP048241.1,900230,1
CP048241.1,900297,127
CP048241.1,900302,2388
CP048241.1,900309,389
CP048241.1,900528,27
CP048241.1,900535,245
CP048241.1,900627,580
CP048241.1,901043,56
CP048241.1,901340,1
CP048241.1,902093,33
CP048241.1,904005,369
CP048241.1,904865,52
CP048241.1,905412,386
CP048241.1,905460,57
CP048241.1,905609,67
CP048241.1,905681,1
CP048241.1,905748,139
CP048241.1,905781,142
CP048241.1,908595,9
CP048241.1,908615,1
CP048241.1,908647,694
CP048241.1,908696,960
CP048241.1,908703,97
CP048241.1,908885,143
CP048241.1,910157,637
CP048241.1,910223,221
CP048241.1,910373,259
CP048241.1,910380,376
CP048241.1,910411,3013
CP048241.1,910413,573
CP048241.1,910418,146
CP048241.1,910420,1236
CP048241.1,910422,1758
CP048241.1,910429,1321
CP048241.1,910441,565
CP048241.1,910467,906
CP048241.1,910718,275
CP048241.1,910723,2
CP048241.1,910740,5
CP048241.1,910746,14
CP048241.1,910753,428
CP048241.1,911547,37
CP048241.1,911561,326
CP048241.1,911571,210
CP048241.1,911601,85
CP048241.1,911655,20
CP048241.1,911832,90
CP048241.1,912006,328
CP048241.1,912011,278
CP048241.1,912151,160
CP048241.1,912201,27
CP048241.1,912208,4
CP048241.1,912367,21
CP048241.1,913268,34
CP048241.1,914666,80
CP048241.1,914775,153
CP048241.1,914849,239
CP048241.1,914856,166
CP048241.1,914885,1
CP048241.1,914894,798
CP048241.1,914906,31
CP048241.1,918438,319
CP048241.1,919358,1
CP048241.1,919394,1091
CP048241.1,919464,420
CP048241.1,919509,190
CP048241.1,919514,306
CP048241.1,919516,187
CP048241.1,919538,32
CP048241.1,919621,440
CP048241.1,919646,54
CP048241.1,919665,3
CP048241.1,919666,183
CP048241.1,919699,960
CP048241.1,919706,891
CP048241.1,919707,960
CP048241.1,919711,1
CP048241.1,919714,135
CP048241.1,919730,5084
CP048241.1,919732,1
CP048241.1,919737,1133
CP048241.1,919738,710
CP048241.1,919754,341
CP048241.1,919761,1430
CP048241.1,919911,178
CP048241.1,919940,89
CP048241.1,919952,46
CP048241.1,919984,58
CP048241.1,919986,4826
CP048241.1,919993,3132
CP048241.1,920203,1
CP048241.1,920233,4072
CP048241.1,922972,23
CP048241.1,923087,1266
CP048241.1,923128,678
CP048241.1,923162,297
CP048241.1,923205,409
CP048241.1,923236,14
CP048241.1,923243,118
CP048241.1,923268,30
CP048241.1,923279,1699
CP048241.1,923286,68
CP048241.1,923334,1
CP048241.1,923335,2594
CP048241.1,923388,1
CP048241.1,923451,412
CP048241.1,923472,482
CP048241.1,923479,1034
CP048241.1,923591,432
CP048241.1,923655,716
CP048241.1,924762,748
CP048241.1,924768,1
CP048241.1,925082,5
CP048241.1,925113,420
CP048241.1,925138,7
CP048241.1,925182,8
CP048241.1,925407,185
CP048241.1,925561,47
CP048241.1,926667,58
CP048241.1,926680,954
CP048241.1,927010,43
CP048241.1,927044,614
CP048241.1,927204,473
CP048241.1,927206,686
CP048241.1,927208,1674
CP048241.1,927213,120
CP048241.1,927215,182
CP048241.1,927253,245
CP048241.1,927254,574
CP048241.1,927259,106
CP048241.1,927263,7
CP048241.1,927315,746
CP048241.1,927380,1166
CP048241.1,927441,6051
CP048241.1,927448,5582
CP048241.1,927449,1178
CP048241.1,927456,296
CP048241.1,927470,18
CP048241.1,927477,258
CP048241.1,927496,361
CP048241.1,927503,1
CP048241.1,927557,200
CP048241.1,927559,4
CP048241.1,927561,794
CP048241.1,927572,142
CP048241.1,927574,1132
CP048241.1,927579,2662
CP048241.1,927583,13
CP048241.1,927594,897
CP048241.1,927612,92
CP048241.1,927636,1656
CP048241.1,927638,1558
CP048241.1,927640,858
CP048241.1,927645,1184
CP048241.1,927647,189
CP048241.1,927727,871
CP048241.1,927779,2
CP048241.1,927924,431
CP048241.1,927931,451
CP048241.1,928281,2
CP048241.1,928318,572
CP048241.1,928415,497
CP048241.1,928479,193
CP048241.1,928762,1
CP048241.1,928816,249
CP048241.1,929985,573
CP048241.1,930110,1
CP048241.1,930774,553
CP048241.1,931268,1
CP048241.1,931398,610
CP048241.1,931404,710
CP048241.1,931636,1
CP048241.1,931723,1
CP048241.1,931728,1
CP048241.1,931730,734
CP048241.1,931737,1394
CP048241.1,931744,1049
CP048241.1,932205,369
CP048241.1,932402,109
CP048241.1,932434,124
CP048241.1,932477,452
CP048241.1,932724,427
CP048241.1,933086,1
CP048241.1,933278,62
CP048241.1,933325,29
CP048241.1,933491,61
CP048241.1,933495,1
CP048241.1,933766,388
CP048241.1,934328,744
CP048241.1,934496,21
CP048241.1,934534,903
CP048241.1,934792,464
CP048241.1,934964,537
CP048241.1,934971,163
CP048241.1,935632,13
CP048241.1,936250,976
CP048241.1,936325,40
CP048241.1,936332,78
CP048241.1,936504,401
CP048241.1,937046,146
CP048241.1,938036,114
CP048241.1,939958,528
CP048241.1,940059,271
CP048241.1,940274,955
CP048241.1,940281,637
CP048241.1,940286,1461
CP048241.1,940293,40
CP048241.1,940330,19
CP048241.1,940405,11
CP048241.1,940425,612
CP048241.1,940432,1247
CP048241.1,940587,1177
CP048241.1,940677,455
CP048241.1,940687,18
CP048241.1,940694,22
CP048241.1,940843,523
CP048241.1,941787,689
CP048241.1,942097,1
CP048241.1,942139,1203
CP048241.1,942469,181
CP048241.1,942707,995
CP048241.1,942937,109
CP048241.1,942966,1070
CP048241.1,943008,747
CP048241.1,943075,166
CP048241.1,943082,455
CP048241.1,943153,1803
CP048241.1,943160,2318
CP048241.1,943855,243
CP048241.1,945224,9
CP048241.1,946838,2
CP048241.1,947714,161
CP048241.1,948019,20
CP048241.1,948023,41
CP048241.1,948030,125
CP048241.1,948835,159
CP048241.1,949148,431
CP048241.1,949251,133
CP048241.1,949426,34
CP048241.1,949634,1177
CP048241.1,949641,204
CP048241.1,949808,1
CP048241.1,949815,132
CP048241.1,949913,12
CP048241.1,950117,609
CP048241.1,950272,2
CP048241.1,950564,9
CP048241.1,950715,1
CP048241.1,950839,1
CP048241.1,950865,208
CP048241.1,950972,805
CP048241.1,950980,619
CP048241.1,951099,1
CP048241.1,951164,1
CP048241.1,951299,3
CP048241.1,951345,1
CP048241.1,951349,135
CP048241.1,951427,25
CP048241.1,951492,310
CP048241.1,951612,232
CP048241.1,951957,1
CP048241.1,954044,1
CP048241.1,956182,56
CP048241.1,959365,1
CP048241.1,959537,18
CP048241.1,959545,121
CP048241.1,965691,46
CP048241.1,968196,49
CP048241.1,969325,258
CP048241.1,969327,7
CP048241.1,969585,2
CP048241.1,969657,340
CP048241.1,974708,537
CP048241.1,974917,237
CP048241.1,975064,1
CP048241.1,975682,312
CP048241.1,976028,152
CP048241.1,976865,150
CP048241.1,977709,1
CP048241.1,978109,483
CP048241.1,978561,2
CP048241.1,978815,99
CP048241.1,978869,13
CP048241.1,978943,405
CP048241.1,979184,11
CP048241.1,979201,548
CP048241.1,979579,75
CP048241.1,979592,21
CP048241.1,979597,45
CP048241.1,979661,10
CP048241.1,979973,1724
CP048241.1,980016,11
CP048241.1,980330,419
CP048241.1,980587,347
CP048241.1,981010,1
CP048241.1,981080,23
CP048241.1,981582,78
CP048241.1,982363,440
CP048241.1,982448,388
CP048241.1,982482,1
CP048241.1,982514,166
CP048241.1,982740,9
CP048241.1,982951,67
CP048241.1,983176,320
CP048241.1,983305,60
CP048241.1,983583,32
CP048241.1,983625,372
CP048241.1,984065,24
CP048241.1,984069,1
CP048241.1,984073,3
CP048241.1,984116,70
CP048241.1,984150,473
CP048241.1,984155,113
CP048241.1,984196,4
CP048241.1,984308,1
CP048241.1,984562,150
CP048241.1,984569,1
CP048241.1,984650,196
CP048241.1,984745,706
CP048241.1,984766,1023
CP048241.1,984806,11
CP048241.1,984916,1
CP048241.1,985019,399
CP048241.1,985026,682
CP048241.1,985028,61
CP048241.1,985102,40
CP048241.1,985104,543
CP048241.1,985105,1178
CP048241.1,985151,519
CP048241.1,985159,4
CP048241.1,985168,403
CP048241.1,985228,67
CP048241.1,985255,7
CP048241.1,985798,6
CP048241.1,985806,263
CP048241.1,985813,66
CP048241.1,985902,441
CP048241.1,985916,582
CP048241.1,985927,2
CP048241.1,985934,162
CP048241.1,985943,154
CP048241.1,985950,361
CP048241.1,985960,1
CP048241.1,985973,88
CP048241.1,986002,789
CP048241.1,986038,170
CP048241.1,986104,15
CP048241.1,986132,2
CP048241.1,986134,92
CP048241.1,986136,94
CP048241.1,986137,329
CP048241.1,986138,18
CP048241.1,986141,36
CP048241.1,986147,8
CP048241.1,986149,33
CP048241.1,986151,38
CP048241.1,986153,7
CP048241.1,986163,3
CP048241.1,986355,3
CP048241.1,986436,1
CP048241.1,986691,1347
CP048241.1,986744,540
CP048241.1,986791,1
CP048241.1,987193,21
CP048241.1,987202,65
CP048241.1,987755,1
CP048241.1,987756,452
CP048241.1,988286,665
CP048241.1,990322,12
CP048241.1,991334,478
CP048241.1,991419,60
CP048241.1,991426,2
CP048241.1,991434,197
CP048241.1,991895,745
CP048241.1,992484,700
CP048241.1,992859,421
CP048241.1,993658,79
CP048241.1,994157,261
CP048241.1,994182,1942
CP048241.1,994807,1
CP048241.1,998824,720
CP048241.1,999255,5
CP048241.1,999654,22
CP048241.1,999818,213
CP048241.1,999825,222
CP048241.1,999826,279
CP048241.1,1000045,8
CP048241.1,1000079,6
CP048241.1,1000082,112
CP048241.1,1000111,25
CP048241.1,1000191,62
CP048241.1,1000221,666
CP048241.1,1000240,33
CP048241.1,1000247,905
CP048241.1,1000298,58
CP048241.1,1000317,94
CP048241.1,1000328,321
CP048241.1,1000347,297
CP048241.1,1000356,171
CP048241.1,1000421,1
CP048241.1,1000549,550
CP048241.1,1005051,13
CP048241.1,1005065,1651
CP048241.1,1005119,16
CP048241.1,1005134,587
CP048241.1,1005138,869
CP048241.1,1005145,992
CP048241.1,1005290,140
CP048241.1,1008274,2778
CP048241.1,1008281,220
CP048241.1,1008367,3
CP048241.1,1008379,314
CP048241.1,1008386,484
CP048241.1,1008410,331
CP048241.1,1008412,32
CP048241.1,1008913,1
CP048241.1,1008954,1
CP048241.1,1011851,107
CP048241.1,1013319,359
CP048241.1,1013326,96
CP048241.1,1013328,3
CP048241.1,1014296,331
CP048241.1,1014423,3
CP048241.1,1015885,1795
CP048241.1,1016197,49
CP048241.1,1016199,255
CP048241.1,1016768,6
CP048241.1,1016772,5
CP048241.1,1016777,60
CP048241.1,1018210,716
CP048241.1,1018212,308
CP048241.1,1018339,81
CP048241.1,1018404,1
CP048241.1,1018491,210
CP048241.1,1018548,3
CP048241.1,1019533,276
CP048241.1,1020264,1
CP048241.1,1021090,183
CP048241.1,1021110,2897
CP048241.1,1021596,11
CP048241.1,1021597,85
CP048241.1,1021689,500
CP048241.1,1021699,49
CP048241.1,1021706,11
CP048241.1,1021721,120
CP048241.1,1021728,21
CP048241.1,1021774,1039
CP048241.1,1021823,61
CP048241.1,1021830,90
CP048241.1,1021886,1151
CP048241.1,1021910,349
CP048241.1,1022123,1498
CP048241.1,1022151,809
CP048241.1,1022158,728
CP048241.1,1022188,127
CP048241.1,1022195,1
CP048241.1,1022207,843
CP048241.1,1022249,268
CP048241.1,1022256,98
CP048241.1,1022296,303
CP048241.1,1022302,118
CP048241.1,1022307,406
CP048241.1,1022310,4
CP048241.1,1022311,95
CP048241.1,1022312,18
CP048241.1,1022325,164
CP048241.1,1022540,728
CP048241.1,1022541,470
CP048241.1,1022546,370
CP048241.1,1023845,359
CP048241.1,1024765,395
CP048241.1,1027635,6
CP048241.1,1027667,32
CP048241.1,1028401,4
CP048241.1,1030407,106
CP048241.1,1030419,6
CP048241.1,1031405,331
CP048241.1,1031409,856
CP048241.1,1031416,572
CP048241.1,1031499,19
CP048241.1,1031509,829
CP048241.1,1031572,2
CP048241.1,1031593,158
CP048241.1,1031597,526
CP048241.1,1031608,168
CP048241.1,1031612,1716
CP048241.1,1031619,644
CP048241.1,1031645,369
CP048241.1,1031655,397
CP048241.1,1031662,123
CP048241.1,1031669,369
CP048241.1,1031684,592
CP048241.1,1031834,299
CP048241.1,1032033,2182
CP048241.1,1032040,34
CP048241.1,1032088,127
CP048241.1,1032174,184
CP048241.1,1032301,1007
CP048241.1,1032532,35
CP048241.1,1032612,153
CP048241.1,1032662,3409
CP048241.1,1033046,15
CP048241.1,1033347,18
CP048241.1,1033633,141
CP048241.1,1034626,9
CP048241.1,1034639,370
CP048241.1,1037167,1
CP048241.1,1037268,31
CP048241.1,1037338,451
CP048241.1,1037366,347
CP048241.1,1037396,220
CP048241.1,1037427,1
CP048241.1,1037448,1192
CP048241.1,1037497,33
CP048241.1,1037504,89
CP048241.1,1038069,14
CP048241.1,1038758,714
CP048241.1,1039019,484
CP048241.1,1039129,257
CP048241.1,1039171,8
CP048241.1,1039177,29
CP048241.1,1039188,410
CP048241.1,1040831,725
CP048241.1,1042940,9
CP048241.1,1043060,1090
CP048241.1,1043334,8
CP048241.1,1044698,134
CP048241.1,1046580,6
CP048241.1,1046646,264
CP048241.1,1046696,1
CP048241.1,1048456,1431
CP048241.1,1048634,661
CP048241.1,1050563,245
CP048241.1,1051841,252
CP048241.1,1052246,224
CP048241.1,1052304,28
CP048241.1,1052311,474
CP048241.1,1052655,375
CP048241.1,1052837,586
CP048241.1,1053001,91
CP048241.1,1055826,2057
CP048241.1,1055833,1335
CP048241.1,1058256,186
CP048241.1,1059121,26
CP048241.1,1059373,26
CP048241.1,1059488,17
CP048241.1,1059619,23
CP048241.1,1059626,376
CP048241.1,1059825,311
CP048241.1,1059909,31
CP048241.1,1059948,1
CP048241.1,1063382,371
CP048241.1,1063417,349
CP048241.1,1063484,11
CP048241.1,1063495,2
CP048241.1,1063501,396
CP048241.1,1063507,384
CP048241.1,1063518,240
CP048241.1,1063523,1
CP048241.1,1063529,129
CP048241.1,1063534,34
CP048241.1,1063576,97
CP048241.1,1063603,1
CP048241.1,1063633,296
CP048241.1,1063640,1081
CP048241.1,1066063,362
CP048241.1,1066068,1148
CP048241.1,1066075,1817
CP048241.1,1066250,134
CP048241.1,1066252,75
CP048241.1,1066259,739
CP048241.1,1066322,18
CP048241.1,1066398,673
CP048241.1,1067037,156
CP048241.1,1069643,918
CP048241.1,1074524,1
CP048241.1,1074532,8
CP048241.1,1077489,22
CP048241.1,1077496,1772
CP048241.1,1077758,1
CP048241.1,1079078,216
CP048241.1,1079107,751
CP048241.1,1079143,29
CP048241.1,1079150,426
CP048241.1,1079151,732
CP048241.1,1079154,566
CP048241.1,1079190,102
CP048241.1,1079197,385
CP048241.1,1079230,406
CP048241.1,1079262,254
CP048241.1,1079382,375
CP048241.1,1079519,343
CP048241.1,1079635,2
CP048241.1,1079658,633
CP048241.1,1079679,40
CP048241.1,1080362,90
CP048241.1,1081244,794
CP048241.1,1082966,840
CP048241.1,1083051,18
CP048241.1,1083203,339
CP048241.1,1083314,51
CP048241.1,1084544,15
CP048241.1,1085524,658
CP048241.1,1087537,378
CP048241.1,1087552,367
CP048241.1,1087565,234
CP048241.1,1087581,1
CP048241.1,1087588,1006
CP048241.1,1087590,1
CP048241.1,1087623,1106
CP048241.1,1087720,1032
CP048241.1,1087856,179
CP048241.1,1088149,1
CP048241.1,1088306,94
CP048241.1,1088360,118
CP048241.1,1088466,422
CP048241.1,1088469,172
CP048241.1,1088658,4082
CP048241.1,1088665,326
CP048241.1,1088878,1581
CP048241.1,1089878,32
CP048241.1,1090744,448
CP048241.1,1091346,289
CP048241.1,1091905,809
CP048241.1,1093497,115
CP048241.1,1096923,44
CP048241.1,1096943,81
CP048241.1,1096950,21
CP048241.1,1097382,84
CP048241.1,1097389,32
CP048241.1,1097409,183
CP048241.1,1098384,275
CP048241.1,1098436,319
CP048241.1,1101103,112
CP048241.1,1102521,172
CP048241.1,1102656,40
CP048241.1,1102663,640
CP048241.1,1102854,741
CP048241.1,1102865,644
CP048241.1,1102866,1
CP048241.1,1102873,81
CP048241.1,1102971,638
CP048241.1,1103014,112
CP048241.1,1103053,1
CP048241.1,1103109,1
CP048241.1,1103169,253
CP048241.1,1103176,501
CP048241.1,1103178,6
CP048241.1,1103213,854
CP048241.1,1103230,38
CP048241.1,1103259,10
CP048241.1,1105869,857
CP048241.1,1106680,3259
CP048241.1,1106687,1127
CP048241.1,1106731,182
CP048241.1,1106743,9
CP048241.1,1106749,1
CP048241.1,1106750,6
CP048241.1,1106773,878
CP048241.1,1106780,980
CP048241.1,1106784,300
CP048241.1,1107022,2
CP048241.1,1107029,634
CP048241.1,1107355,396
CP048241.1,1107362,69
CP048241.1,1107420,2
CP048241.1,1114294,8
CP048241.1,1114305,15
CP048241.1,1114312,286
CP048241.1,1114340,532
CP048241.1,1114437,1
CP048241.1,1114466,104
CP048241.1,1115692,1773
CP048241.1,1116112,488
CP048241.1,1117217,481
CP048241.1,1117490,785
CP048241.1,1117825,1
CP048241.1,1118938,4
CP048241.1,1118961,279
CP048241.1,1119934,29
CP048241.1,1119944,350
CP048241.1,1120160,797
CP048241.1,1120363,25
CP048241.1,1120533,547
CP048241.1,1120637,488
CP048241.1,1120697,420
CP048241.1,1120760,380
CP048241.1,1120906,4
CP048241.1,1120913,68
CP048241.1,1122728,684
CP048241.1,1123082,146
CP048241.1,1125726,11
CP048241.1,1125807,151
CP048241.1,1126548,4
CP048241.1,1127956,618
CP048241.1,1129284,179
CP048241.1,1129396,151
CP048241.1,1129809,40
CP048241.1,1130620,37
CP048241.1,1130994,1
CP048241.1,1135466,43
CP048241.1,1135468,43
CP048241.1,1135607,2
CP048241.1,1137658,380
CP048241.1,1137695,374
CP048241.1,1137702,5
CP048241.1,1137757,7
CP048241.1,1137769,10
CP048241.1,1138755,3
CP048241.1,1139498,582
CP048241.1,1141228,1
CP048241.1,1141248,72
CP048241.1,1141674,436
CP048241.1,1141877,1
CP048241.1,1143970,23
CP048241.1,1143991,977
CP048241.1,1144008,759
CP048241.1,1144044,1161
CP048241.1,1144051,185
CP048241.1,1144073,137
CP048241.1,1144092,909
CP048241.1,1144096,1
CP048241.1,1149764,41
CP048241.1,1150324,348
CP048241.1,1150326,257
CP048241.1,1150343,75
CP048241.1,1150346,466
CP048241.1,1150347,115
CP048241.1,1150376,1
CP048241.1,1150384,56
CP048241.1,1150389,120
CP048241.1,1150396,328
CP048241.1,1150524,1055
CP048241.1,1150533,719
CP048241.1,1150538,173
CP048241.1,1151099,645
CP048241.1,1151151,653
CP048241.1,1151234,277
CP048241.1,1151254,196
CP048241.1,1151266,1256
CP048241.1,1151376,455
CP048241.1,1151514,389
CP048241.1,1152793,1000
CP048241.1,1153828,231
CP048241.1,1153907,1
CP048241.1,1153912,3
CP048241.1,1153957,474
CP048241.1,1154075,30
CP048241.1,1156767,486
CP048241.1,1157020,1
CP048241.1,1158861,2
CP048241.1,1158898,69
CP048241.1,1158928,207
CP048241.1,1159018,4
CP048241.1,1159030,7
CP048241.1,1159124,10
CP048241.1,1159184,1665
CP048241.1,1159210,250
CP048241.1,1159337,105
CP048241.1,1159390,1
CP048241.1,1159396,782
CP048241.1,1159528,173
CP048241.1,1159535,237
CP048241.1,1159588,385
CP048241.1,1159704,51
CP048241.1,1159728,320
CP048241.1,1159735,2
CP048241.1,1159771,280
CP048241.1,1159773,215
CP048241.1,1159803,1
CP048241.1,1159869,5
CP048241.1,1159948,336
CP048241.1,1159955,50
CP048241.1,1160014,354
CP048241.1,1160490,57
CP048241.1,1161781,1519
CP048241.1,1161788,52
CP048241.1,1161827,121
CP048241.1,1161895,783
CP048241.1,1161953,947
CP048241.1,1161971,220
CP048241.1,1162124,107
CP048241.1,1162165,835
CP048241.1,1162172,520
CP048241.1,1162230,342
CP048241.1,1162712,178
CP048241.1,1162735,4
CP048241.1,1163083,627
CP048241.1,1163105,29
CP048241.1,1163301,813
CP048241.1,1163386,2
CP048241.1,1163704,1
CP048241.1,1164525,59
CP048241.1,1165511,482
CP048241.1,1165687,339
CP048241.1,1166151,142
CP048241.1,1166594,106
CP048241.1,1166860,2
CP048241.1,1168373,1
CP048241.1,1170572,237
CP048241.1,1170871,499
CP048241.1,1170986,36
CP048241.1,1171042,145
CP048241.1,1171067,312
CP048241.1,1171074,233
CP048241.1,1171225,9
CP048241.1,1171355,31
CP048241.1,1171467,148
CP048241.1,1171480,3
CP048241.1,1171501,1
CP048241.1,1171560,236
CP048241.1,1171674,53
CP048241.1,1171681,46
CP048241.1,1171714,1270
CP048241.1,1171721,231
CP048241.1,1171775,781
CP048241.1,1171782,497
CP048241.1,1171786,165
CP048241.1,1171837,243
CP048241.1,1171865,896
CP048241.1,1171868,1
CP048241.1,1171877,607
CP048241.1,1171884,1361
CP048241.1,1171907,516
CP048241.1,1171914,1314
CP048241.1,1171921,1206
CP048241.1,1171922,76
CP048241.1,1171929,907
CP048241.1,1171995,59
CP048241.1,1172035,1
CP048241.1,1172044,345
CP048241.1,1172193,104
CP048241.1,1173286,377
CP048241.1,1173288,105
CP048241.1,1173295,138
CP048241.1,1173339,85
CP048241.1,1173433,1
CP048241.1,1173521,412
CP048241.1,1176946,15
CP048241.1,1177727,7
CP048241.1,1177778,2
CP048241.1,1177796,227
CP048241.1,1177827,58
CP048241.1,1177844,394
CP048241.1,1177851,1974
CP048241.1,1177858,5
CP048241.1,1177859,3
CP048241.1,1177992,42
CP048241.1,1178002,5
CP048241.1,1178021,106
CP048241.1,1178077,202
CP048241.1,1178136,12
CP048241.1,1178181,709
CP048241.1,1178190,7
CP048241.1,1178199,3
CP048241.1,1178240,196
CP048241.1,1178326,468
CP048241.1,1178341,9
CP048241.1,1178348,392
CP048241.1,1178404,63
CP048241.1,1178512,40
CP048241.1,1178652,1
CP048241.1,1178690,91
CP048241.1,1179837,1580
CP048241.1,1179906,725
CP048241.1,1180109,78
CP048241.1,1180250,331
CP048241.1,1183021,405
CP048241.1,1183028,387
CP048241.1,1183150,236
CP048241.1,1183335,1
CP048241.1,1183341,1
CP048241.1,1183691,33
CP048241.1,1183803,175
CP048241.1,1183824,9
CP048241.1,1183923,649
CP048241.1,1184068,107
CP048241.1,1184116,1
CP048241.1,1184179,350
CP048241.1,1184185,1
CP048241.1,1184266,159
CP048241.1,1184454,314
CP048241.1,1184476,77
CP048241.1,1184527,1
CP048241.1,1186050,49
CP048241.1,1186351,1207
CP048241.1,1187269,13
CP048241.1,1190809,1
CP048241.1,1191532,556
CP048241.1,1192141,316
CP048241.1,1192848,69
CP048241.1,1193218,519
CP048241.1,1193225,244
CP048241.1,1193727,401
CP048241.1,1193734,1070
CP048241.1,1193960,283
CP048241.1,1193964,413
CP048241.1,1193965,606
CP048241.1,1193967,1
CP048241.1,1194197,12
CP048241.1,1194358,1479
CP048241.1,1194378,194
CP048241.1,1194385,20
CP048241.1,1194432,739
CP048241.1,1194439,2
CP048241.1,1194444,453
CP048241.1,1194451,5
CP048241.1,1194488,16
CP048241.1,1194515,140
CP048241.1,1194535,396
CP048241.1,1194567,65
CP048241.1,1194572,281
CP048241.1,1194579,1141
CP048241.1,1194611,366
CP048241.1,1194652,797
CP048241.1,1194684,6
CP048241.1,1194733,547
CP048241.1,1194762,145
CP048241.1,1194792,8
CP048241.1,1195141,53
CP048241.1,1195217,2
CP048241.1,1195304,398
CP048241.1,1195422,457
CP048241.1,1195943,1
CP048241.1,1196979,113
CP048241.1,1197622,174
CP048241.1,1197633,526
CP048241.1,1197747,1
CP048241.1,1200356,18
CP048241.1,1200703,1
CP048241.1,1202569,169
CP048241.1,1202628,1726
CP048241.1,1202690,21
CP048241.1,1202797,1356
CP048241.1,1202869,3
CP048241.1,1203124,17
CP048241.1,1203131,257
CP048241.1,1203160,1108
CP048241.1,1203164,1
CP048241.1,1203217,1219
CP048241.1,1203224,4
CP048241.1,1203829,1136
CP048241.1,1204710,1
CP048241.1,1204719,5
CP048241.1,1205581,465
CP048241.1,1205901,992
CP048241.1,1205903,1060
CP048241.1,1205908,7
CP048241.1,1205910,445
CP048241.1,1205919,55
CP048241.1,1205972,223
CP048241.1,1206001,243
CP048241.1,1209614,3
CP048241.1,1210569,141
CP048241.1,1211545,252
CP048241.1,1211626,216
CP048241.1,1212747,290
CP048241.1,1218217,101
CP048241.1,1218874,491
CP048241.1,1219409,487
CP048241.1,1219611,100
CP048241.1,1220111,9
CP048241.1,1220118,331
CP048241.1,1220397,1272
CP048241.1,1228239,69
CP048241.1,1228349,5
CP048241.1,1230816,275
CP048241.1,1230869,78
CP048241.1,1230874,795
CP048241.1,1230959,38
CP048241.1,1230982,5087
CP048241.1,1230988,418
CP048241.1,1230989,4416
CP048241.1,1231007,26
CP048241.1,1231022,374
CP048241.1,1231062,2
CP048241.1,1231119,3928
CP048241.1,1231126,1759
CP048241.1,1231152,1
CP048241.1,1231175,58
CP048241.1,1231263,1
CP048241.1,1231311,1
CP048241.1,1232094,839
CP048241.1,1232304,834
CP048241.1,1233383,571
CP048241.1,1234192,1
CP048241.1,1235112,72
CP048241.1,1235446,175
CP048241.1,1235465,5
CP048241.1,1235517,425
CP048241.1,1235531,140
CP048241.1,1235558,622
CP048241.1,1235723,674
CP048241.1,1235888,281
CP048241.1,1236370,222
CP048241.1,1236726,258
CP048241.1,1237544,337
CP048241.1,1237551,496
CP048241.1,1237661,4
CP048241.1,1237698,51
CP048241.1,1238173,1287
CP048241.1,1238330,440
CP048241.1,1238350,343
CP048241.1,1238357,2
CP048241.1,1238359,770
CP048241.1,1238364,538
CP048241.1,1238404,1
CP048241.1,1238421,483
CP048241.1,1238544,398
CP048241.1,1238688,824
CP048241.1,1239345,1113
CP048241.1,1239431,1210
CP048241.1,1239616,397
CP048241.1,1239683,20
CP048241.1,1240179,302
CP048241.1,1240345,784
CP048241.1,1240745,1
CP048241.1,1241908,6
CP048241.1,1242553,669
CP048241.1,1242633,1501
CP048241.1,1242636,53
CP048241.1,1242741,379
CP048241.1,1242771,1
CP048241.1,1242829,8
CP048241.1,1242947,800
CP048241.1,1243071,1
CP048241.1,1243073,3014
CP048241.1,1243112,1
CP048241.1,1243211,369
CP048241.1,1243223,656
CP048241.1,1243230,503
CP048241.1,1243265,11
CP048241.1,1243305,355
CP048241.1,1243325,1009
CP048241.1,1243398,118
CP048241.1,1243405,347
CP048241.1,1243433,491
CP048241.1,1243446,297
CP048241.1,1243453,236
CP048241.1,1243460,313
CP048241.1,1243497,214
CP048241.1,1243563,421
CP048241.1,1243568,142
CP048241.1,1243571,227
CP048241.1,1243574,796
CP048241.1,1243586,1975
CP048241.1,1243588,9
CP048241.1,1243593,559
CP048241.1,1243595,151
CP048241.1,1243632,1997
CP048241.1,1243664,30
CP048241.1,1243670,1
CP048241.1,1243684,518
CP048241.1,1243691,2
CP048241.1,1243766,26
CP048241.1,1243796,2587
CP048241.1,1243838,1337
CP048241.1,1243985,833
CP048241.1,1244159,2427
CP048241.1,1244416,1101
CP048241.1,1244424,707
CP048241.1,1244566,1
CP048241.1,1244680,195
CP048241.1,1244713,14
CP048241.1,1244764,58
CP048241.1,1244810,1
CP048241.1,1244942,557
CP048241.1,1245675,68
CP048241.1,1245682,1
CP048241.1,1245694,6
CP048241.1,1245767,177
CP048241.1,1245837,503
CP048241.1,1245843,799
CP048241.1,1245844,1012
CP048241.1,1245859,4
CP048241.1,1245880,1466
CP048241.1,1245936,1
CP048241.1,1245953,37
CP048241.1,1246050,701
CP048241.1,1246137,147
CP048241.1,1246144,745
CP048241.1,1246151,357
CP048241.1,1246194,2185
CP048241.1,1246198,136
CP048241.1,1246255,200
CP048241.1,1246273,1
CP048241.1,1246327,193
CP048241.1,1246336,218
CP048241.1,1246401,627
CP048241.1,1246408,634
CP048241.1,1246435,496
CP048241.1,1246442,1680
CP048241.1,1246468,1
CP048241.1,1246477,217
CP048241.1,1246494,816
CP048241.1,1246514,461
CP048241.1,1246551,983
CP048241.1,1246598,1
CP048241.1,1246660,497
CP048241.1,1246667,145
CP048241.1,1246722,1
CP048241.1,1249417,25
CP048241.1,1249466,241
CP048241.1,1250191,1
CP048241.1,1251266,339
CP048241.1,1252245,317
CP048241.1,1252253,105
CP048241.1,1252295,267
CP048241.1,1252338,80
CP048241.1,1252546,137
CP048241.1,1252581,299
CP048241.1,1253053,478
CP048241.1,1253063,65
CP048241.1,1253070,18
CP048241.1,1253095,1644
CP048241.1,1253139,2
CP048241.1,1253358,483
CP048241.1,1253365,344
CP048241.1,1253428,1
CP048241.1,1253449,1
CP048241.1,1253456,3
CP048241.1,1253479,1
CP048241.1,1253506,1237
CP048241.1,1253523,1355
CP048241.1,1253530,2099
CP048241.1,1253533,1
CP048241.1,1253544,147
CP048241.1,1253598,1012
CP048241.1,1253631,52
CP048241.1,1253638,1308
CP048241.1,1253741,4
CP048241.1,1253747,35
CP048241.1,1253748,716
CP048241.1,1253804,954
CP048241.1,1253815,1201
CP048241.1,1253927,860
CP048241.1,1253950,653
CP048241.1,1253957,37
CP048241.1,1253991,39
CP048241.1,1254012,301
CP048241.1,1254023,181
CP048241.1,1254030,86
CP048241.1,1254047,470
CP048241.1,1254063,89
CP048241.1,1254070,1
CP048241.1,1254078,1
CP048241.1,1254137,109
CP048241.1,1254143,3415
CP048241.1,1254150,871
CP048241.1,1254304,4850
CP048241.1,1254311,1670
CP048241.1,1254643,50
CP048241.1,1256031,676
CP048241.1,1257490,569
CP048241.1,1258000,354
CP048241.1,1258227,898
CP048241.1,1259849,923
CP048241.1,1260271,918
CP048241.1,1260284,28
CP048241.1,1260296,280
CP048241.1,1260336,11
CP048241.1,1260362,1
CP048241.1,1260634,6
CP048241.1,1260671,1119
CP048241.1,1260678,139
CP048241.1,1260732,19
CP048241.1,1260764,468
CP048241.1,1260769,7
CP048241.1,1260771,509
CP048241.1,1260792,798
CP048241.1,1260865,231
CP048241.1,1260879,8
CP048241.1,1260883,2
CP048241.1,1260885,377
CP048241.1,1260886,164
CP048241.1,1260902,1
CP048241.1,1260910,1
CP048241.1,1260912,99
CP048241.1,1260914,1064
CP048241.1,1260915,44
CP048241.1,1260916,1679
CP048241.1,1260917,119
CP048241.1,1260918,4198
CP048241.1,1260919,626
CP048241.1,1260921,1253
CP048241.1,1260923,2526
CP048241.1,1260925,260
CP048241.1,1260926,1294
CP048241.1,1260927,115
CP048241.1,1260933,2
CP048241.1,1261040,1
CP048241.1,1261066,1
CP048241.1,1261122,570
CP048241.1,1261129,325
CP048241.1,1261176,1
CP048241.1,1261178,458
CP048241.1,1261183,1
CP048241.1,1261204,64
CP048241.1,1261279,360
CP048241.1,1261286,11
CP048241.1,1261288,1
CP048241.1,1261379,136
CP048241.1,1262280,3
CP048241.1,1262282,13
CP048241.1,1262915,72
CP048241.1,1264003,908
CP048241.1,1264240,75
CP048241.1,1264247,335
CP048241.1,1266157,13
CP048241.1,1268265,127
CP048241.1,1269418,129
CP048241.1,1269532,173
CP048241.1,1269788,44
CP048241.1,1270132,13
CP048241.1,1270244,25
CP048241.1,1270250,3
CP048241.1,1271378,70
CP048241.1,1272741,19
CP048241.1,1273179,188
CP048241.1,1273264,98
CP048241.1,1273603,38
CP048241.1,1273655,1522
CP048241.1,1273662,631
CP048241.1,1273705,153
CP048241.1,1273726,4825
CP048241.1,1273727,546
CP048241.1,1273728,1
CP048241.1,1273733,5986
CP048241.1,1273737,863
CP048241.1,1273754,107
CP048241.1,1273792,617
CP048241.1,1273871,548
CP048241.1,1273878,181
CP048241.1,1273929,241
CP048241.1,1273944,1322
CP048241.1,1273951,107
CP048241.1,1274085,921
CP048241.1,1274092,4468
CP048241.1,1274108,783
CP048241.1,1274253,642
CP048241.1,1274317,515
CP048241.1,1274325,1154
CP048241.1,1275043,87
CP048241.1,1275090,16
CP048241.1,1275123,165
CP048241.1,1275195,60
CP048241.1,1275820,13
CP048241.1,1279304,1
CP048241.1,1279989,439
CP048241.1,1282580,552
CP048241.1,1286263,32
CP048241.1,1286265,1
CP048241.1,1286269,1104
CP048241.1,1286276,117
CP048241.1,1286282,103
CP048241.1,1286287,900
CP048241.1,1286294,1671
CP048241.1,1286306,605
CP048241.1,1286313,92
CP048241.1,1286320,419
CP048241.1,1286327,243
CP048241.1,1286365,614
CP048241.1,1286409,705
CP048241.1,1286491,359
CP048241.1,1286507,1
CP048241.1,1286590,913
CP048241.1,1286597,225
CP048241.1,1286598,691
CP048241.1,1286680,76
CP048241.1,1286688,1
CP048241.1,1286695,13
CP048241.1,1286718,2
CP048241.1,1286740,523
CP048241.1,1286897,403
CP048241.1,1286944,1069
CP048241.1,1286955,254
CP048241.1,1286956,16
CP048241.1,1286964,2
CP048241.1,1287043,171
CP048241.1,1287048,545
CP048241.1,1287070,276
CP048241.1,1287090,36
CP048241.1,1287099,466
CP048241.1,1287106,601
CP048241.1,1287156,80
CP048241.1,1287333,8
CP048241.1,1287338,74
CP048241.1,1287411,1
CP048241.1,1287453,340
CP048241.1,1287682,2
CP048241.1,1289460,1
CP048241.1,1289496,333
CP048241.1,1289684,69
CP048241.1,1291377,45
CP048241.1,1291412,8
CP048241.1,1291472,769
CP048241.1,1291479,187
CP048241.1,1291480,51
CP048241.1,1291523,1
CP048241.1,1292358,1
CP048241.1,1292486,171
CP048241.1,1295413,3
CP048241.1,1295521,8
CP048241.1,1296025,444
CP048241.1,1296726,1
CP048241.1,1298080,426
CP048241.1,1298098,79
CP048241.1,1300527,112
CP048241.1,1300562,397
CP048241.1,1300920,1
CP048241.1,1306249,36
CP048241.1,1307084,81
CP048241.1,1307471,8
CP048241.1,1307521,43
CP048241.1,1307772,630
CP048241.1,1307927,51
CP048241.1,1307949,11
CP048241.1,1307975,699
CP048241.1,1307982,107
CP048241.1,1307990,118
CP048241.1,1307992,261
CP048241.1,1307999,152
CP048241.1,1308068,713
CP048241.1,1308077,1
CP048241.1,1308082,657
CP048241.1,1308101,1
CP048241.1,1308148,1
CP048241.1,1308427,57
CP048241.1,1308448,30
CP048241.1,1309061,27
CP048241.1,1311235,31
CP048241.1,1311237,13
CP048241.1,1311242,13
CP048241.1,1311259,16
CP048241.1,1311274,268
CP048241.1,1311282,296
CP048241.1,1311342,444
CP048241.1,1311349,74
CP048241.1,1311365,128
CP048241.1,1311366,240
CP048241.1,1311372,387
CP048241.1,1311392,517
CP048241.1,1311399,104
CP048241.1,1311415,76
CP048241.1,1312070,289
CP048241.1,1312564,1042
CP048241.1,1312745,29
CP048241.1,1314172,1
CP048241.1,1315176,1
CP048241.1,1316709,743
CP048241.1,1316761,119
CP048241.1,1317884,327
CP048241.1,1317891,7
CP048241.1,1318214,65
CP048241.1,1318222,7
CP048241.1,1320490,32
CP048241.1,1320621,5
CP048241.1,1321392,1
CP048241.1,1321516,1761
CP048241.1,1321523,1612
CP048241.1,1321550,1
CP048241.1,1321574,288
CP048241.1,1321578,619
CP048241.1,1321581,122
CP048241.1,1321585,18
CP048241.1,1321603,37
CP048241.1,1321610,276
CP048241.1,1321612,329
CP048241.1,1321625,106
CP048241.1,1321645,13
CP048241.1,1321659,311
CP048241.1,1321671,450
CP048241.1,1321712,7
CP048241.1,1321719,422
CP048241.1,1321727,24
CP048241.1,1321787,1
CP048241.1,1321845,481
CP048241.1,1322072,14
CP048241.1,1322378,389
CP048241.1,1322405,1
CP048241.1,1322407,90
CP048241.1,1322419,397
CP048241.1,1322456,430
CP048241.1,1322498,21
CP048241.1,1322502,5
CP048241.1,1322611,217
CP048241.1,1322654,109
CP048241.1,1322740,26
CP048241.1,1322926,2
CP048241.1,1322942,15
CP048241.1,1322969,578
CP048241.1,1323009,425
CP048241.1,1323047,23
CP048241.1,1323054,1430
CP048241.1,1323116,88
CP048241.1,1323144,8
CP048241.1,1323158,364
CP048241.1,1323165,36
CP048241.1,1323178,521
CP048241.1,1323179,65
CP048241.1,1323188,938
CP048241.1,1323189,1
CP048241.1,1323196,3495
CP048241.1,1323205,1592
CP048241.1,1323233,19
CP048241.1,1323278,172
CP048241.1,1323291,92
CP048241.1,1323293,1719
CP048241.1,1323297,9
CP048241.1,1323304,160
CP048241.1,1323311,2833
CP048241.1,1323314,251
CP048241.1,1323325,201
CP048241.1,1323332,3
CP048241.1,1323340,958
CP048241.1,1323372,223
CP048241.1,1323407,21
CP048241.1,1323444,1019
CP048241.1,1323469,1483
CP048241.1,1323481,1189
CP048241.1,1323488,4514
CP048241.1,1323495,1
CP048241.1,1323503,76
CP048241.1,1323538,237
CP048241.1,1323545,378
CP048241.1,1323572,603
CP048241.1,1323580,254
CP048241.1,1323622,446
CP048241.1,1323736,581
CP048241.1,1323743,204
CP048241.1,1323807,80
CP048241.1,1323820,6
CP048241.1,1323880,88
CP048241.1,1323965,1
CP048241.1,1324108,1097
CP048241.1,1324361,2
CP048241.1,1324583,17
CP048241.1,1324618,2
CP048241.1,1325550,71
CP048241.1,1326287,204
CP048241.1,1330486,158
CP048241.1,1330562,110
CP048241.1,1330678,1
CP048241.1,1331674,68
CP048241.1,1331743,1082
CP048241.1,1331803,18
CP048241.1,1331807,407
CP048241.1,1331995,389
CP048241.1,1332094,14
CP048241.1,1332130,764
CP048241.1,1332747,1
CP048241.1,1333048,72
CP048241.1,1333141,239
CP048241.1,1333521,6
CP048241.1,1334221,405
CP048241.1,1334306,65
CP048241.1,1334429,1958
CP048241.1,1335445,1
CP048241.1,1336102,3
CP048241.1,1336109,143
CP048241.1,1336389,52
CP048241.1,1336410,131
CP048241.1,1336498,33
CP048241.1,1336520,3609
CP048241.1,1336553,28
CP048241.1,1336584,129
CP048241.1,1339205,70
CP048241.1,1339295,167
CP048241.1,1341311,105
CP048241.1,1341535,136
CP048241.1,1341674,343
CP048241.1,1341691,29
CP048241.1,1342190,185
CP048241.1,1342323,1296
CP048241.1,1342599,452
CP048241.1,1342606,142
CP048241.1,1342657,814
CP048241.1,1343056,506
CP048241.1,1343096,114
CP048241.1,1343847,630
CP048241.1,1344113,733
CP048241.1,1344258,539
CP048241.1,1344336,4
CP048241.1,1344484,16
CP048241.1,1344635,38
CP048241.1,1344668,163
CP048241.1,1345133,89
CP048241.1,1345189,87
CP048241.1,1345204,129
CP048241.1,1345212,30
CP048241.1,1345228,2
CP048241.1,1345281,2
CP048241.1,1345471,23
CP048241.1,1345633,911
CP048241.1,1348566,1
CP048241.1,1348699,3
CP048241.1,1348767,102
CP048241.1,1348828,52
CP048241.1,1348912,24
CP048241.1,1348972,214
CP048241.1,1348985,73
CP048241.1,1349004,130
CP048241.1,1349014,259
CP048241.1,1349020,352
CP048241.1,1349025,542
CP048241.1,1349039,756
CP048241.1,1349046,1679
CP048241.1,1349054,588
CP048241.1,1349057,559
CP048241.1,1349097,626
CP048241.1,1349104,820
CP048241.1,1349111,1331
CP048241.1,1349147,518
CP048241.1,1349154,886
CP048241.1,1349176,866
CP048241.1,1349225,549
CP048241.1,1349231,910
CP048241.1,1349239,405
CP048241.1,1349246,2142
CP048241.1,1349355,987
CP048241.1,1349362,655
CP048241.1,1349368,163
CP048241.1,1349398,681
CP048241.1,1349455,152
CP048241.1,1349462,700
CP048241.1,1349474,7
CP048241.1,1349518,169
CP048241.1,1349566,212
CP048241.1,1349573,1889
CP048241.1,1349647,1248
CP048241.1,1349660,267
CP048241.1,1349676,1173
CP048241.1,1349719,2726
CP048241.1,1349730,1
CP048241.1,1349756,8
CP048241.1,1349783,1
CP048241.1,1349792,6240
CP048241.1,1349799,5991
CP048241.1,1349836,991
CP048241.1,1349837,288
CP048241.1,1349838,489
CP048241.1,1349844,849
CP048241.1,1349872,8
CP048241.1,1349903,209
CP048241.1,1349910,566
CP048241.1,1349963,1
CP048241.1,1349978,8
CP048241.1,1349990,360
CP048241.1,1349993,1
CP048241.1,1350007,249
CP048241.1,1350012,479
CP048241.1,1350014,1
CP048241.1,1350015,596
CP048241.1,1350022,153
CP048241.1,1350031,263
CP048241.1,1350057,150
CP048241.1,1350058,3
CP048241.1,1350062,683
CP048241.1,1350064,719
CP048241.1,1350065,72
CP048241.1,1350066,584
CP048241.1,1350073,1
CP048241.1,1350079,151
CP048241.1,1350090,4512
CP048241.1,1350097,540
CP048241.1,1350109,566
CP048241.1,1350117,535
CP048241.1,1350118,191
CP048241.1,1350124,5
CP048241.1,1350131,1
CP048241.1,1350172,9
CP048241.1,1350177,259
CP048241.1,1350184,1217
CP048241.1,1350186,1252
CP048241.1,1350194,871
CP048241.1,1350199,1191
CP048241.1,1350403,396
CP048241.1,1350407,181
CP048241.1,1350468,244
CP048241.1,1350679,7
CP048241.1,1350681,388
CP048241.1,1350818,305
CP048241.1,1350829,19
CP048241.1,1350857,313
CP048241.1,1351018,1019
CP048241.1,1351020,101
CP048241.1,1351025,655
CP048241.1,1351027,654
CP048241.1,1351078,59
CP048241.1,1351080,10
CP048241.1,1351082,380
CP048241.1,1351085,70
CP048241.1,1351143,934
CP048241.1,1351150,297
CP048241.1,1351164,406
CP048241.1,1351259,267
CP048241.1,1351266,869
CP048241.1,1351280,1
CP048241.1,1351455,96
CP048241.1,1351920,115
CP048241.1,1352092,20
CP048241.1,1352424,69
CP048241.1,1352472,21
CP048241.1,1352582,771
CP048241.1,1354528,155
CP048241.1,1356060,1
CP048241.1,1356403,1
CP048241.1,1356410,9
CP048241.1,1356480,254
CP048241.1,1356502,343
CP048241.1,1356539,143
CP048241.1,1356693,133
CP048241.1,1356851,315
CP048241.1,1356854,15
CP048241.1,1356958,624
CP048241.1,1356962,342
CP048241.1,1356964,109
CP048241.1,1356965,411
CP048241.1,1356972,32
CP048241.1,1356981,4
CP048241.1,1357170,331
CP048241.1,1357178,273
CP048241.1,1357309,1
CP048241.1,1357369,678
CP048241.1,1357373,517
CP048241.1,1357375,40
CP048241.1,1357376,1
CP048241.1,1357399,479
CP048241.1,1357400,134
CP048241.1,1357406,417
CP048241.1,1357407,185
CP048241.1,1357428,12
CP048241.1,1357436,359
CP048241.1,1358022,488
CP048241.1,1358052,11
CP048241.1,1358054,3744
CP048241.1,1358061,497
CP048241.1,1358190,679
CP048241.1,1358197,477
CP048241.1,1358202,3803
CP048241.1,1358209,2138
CP048241.1,1358214,6601
CP048241.1,1358220,99
CP048241.1,1358221,3580
CP048241.1,1358227,311
CP048241.1,1358272,1
CP048241.1,1358293,418
CP048241.1,1358305,804
CP048241.1,1358316,880
CP048241.1,1358323,3072
CP048241.1,1358326,10
CP048241.1,1358334,32
CP048241.1,1358338,292
CP048241.1,1358468,370
CP048241.1,1358548,9
CP048241.1,1358975,513
CP048241.1,1358982,78
CP048241.1,1358985,172
CP048241.1,1358995,21
CP048241.1,1358998,1968
CP048241.1,1359005,259
CP048241.1,1359007,42
CP048241.1,1359029,1188
CP048241.1,1359036,182
CP048241.1,1359045,1
CP048241.1,1359068,233
CP048241.1,1359071,61
CP048241.1,1359074,2
CP048241.1,1359076,370
CP048241.1,1359079,9
CP048241.1,1359083,22
CP048241.1,1359092,1
CP048241.1,1359119,127
CP048241.1,1359129,250
CP048241.1,1359146,119
CP048241.1,1359178,47
CP048241.1,1359185,307
CP048241.1,1359201,321
CP048241.1,1359209,35
CP048241.1,1359215,160
CP048241.1,1359220,28
CP048241.1,1359227,26
CP048241.1,1359242,773
CP048241.1,1359309,423
CP048241.1,1359321,6
CP048241.1,1359343,1166
CP048241.1,1359365,4
CP048241.1,1359367,159
CP048241.1,1359369,258
CP048241.1,1359372,761
CP048241.1,1359374,2567
CP048241.1,1359379,1
CP048241.1,1359396,150
CP048241.1,1359397,29
CP048241.1,1359414,77
CP048241.1,1359433,1334
CP048241.1,1359436,420
CP048241.1,1359440,685
CP048241.1,1359460,385
CP048241.1,1359475,10
CP048241.1,1359486,33
CP048241.1,1359494,518
CP048241.1,1359504,391
CP048241.1,1359515,35
CP048241.1,1359547,218
CP048241.1,1359563,1
CP048241.1,1359624,946
CP048241.1,1359631,1459
CP048241.1,1359633,743
CP048241.1,1359645,350
CP048241.1,1359649,635
CP048241.1,1359811,1
CP048241.1,1359812,49
CP048241.1,1359836,53
CP048241.1,1359869,1
CP048241.1,1359882,334
CP048241.1,1359887,1
CP048241.1,1359893,494
CP048241.1,1359951,3
CP048241.1,1360118,903
CP048241.1,1360345,34
CP048241.1,1360396,22
CP048241.1,1360403,72
CP048241.1,1360415,1
CP048241.1,1360423,126
CP048241.1,1360448,249
CP048241.1,1360455,1
CP048241.1,1360494,96
CP048241.1,1360631,75
CP048241.1,1360643,1
CP048241.1,1360650,3
CP048241.1,1360679,127
CP048241.1,1360682,850
CP048241.1,1360684,344
CP048241.1,1360689,1913
CP048241.1,1360691,560
CP048241.1,1360704,33
CP048241.1,1360805,201
CP048241.1,1360809,43
CP048241.1,1360815,116
CP048241.1,1361181,53
CP048241.1,1361218,51
CP048241.1,1361240,38
CP048241.1,1361273,385
CP048241.1,1361280,1
CP048241.1,1361283,281
CP048241.1,1361285,73
CP048241.1,1361290,405
CP048241.1,1361292,169
CP048241.1,1361299,320
CP048241.1,1361306,962
CP048241.1,1361310,269
CP048241.1,1361340,26
CP048241.1,1361405,55
CP048241.1,1361447,838
CP048241.1,1361451,84
CP048241.1,1361458,359
CP048241.1,1361463,113
CP048241.1,1361498,3
CP048241.1,1361533,516
CP048241.1,1361535,100
CP048241.1,1361540,54
CP048241.1,1361542,131
CP048241.1,1361545,210
CP048241.1,1361546,514
CP048241.1,1361553,68
CP048241.1,1361567,444
CP048241.1,1361683,1168
CP048241.1,1361690,88
CP048241.1,1361700,152
CP048241.1,1361723,565
CP048241.1,1361730,416
CP048241.1,1361794,1
CP048241.1,1361872,666
CP048241.1,1361875,205
CP048241.1,1361879,154
CP048241.1,1361897,298
CP048241.1,1361904,482
CP048241.1,1361942,3133
CP048241.1,1361949,628
CP048241.1,1361981,318
CP048241.1,1361983,239
CP048241.1,1362202,111
CP048241.1,1362205,57
CP048241.1,1362370,2276
CP048241.1,1362377,572
CP048241.1,1362391,1034
CP048241.1,1362667,62
CP048241.1,1362675,8
CP048241.1,1362716,141
CP048241.1,1362725,68
CP048241.1,1362883,688
CP048241.1,1363358,1048
CP048241.1,1363365,1161
CP048241.1,1363558,666
CP048241.1,1363733,1661
CP048241.1,1363740,48
CP048241.1,1366752,1
CP048241.1,1366794,101
CP048241.1,1368006,978
CP048241.1,1368034,106
CP048241.1,1368339,27
CP048241.1,1368533,364
CP048241.1,1369197,699
CP048241.1,1369486,1
CP048241.1,1369598,511
CP048241.1,1369600,288
CP048241.1,1369605,427
CP048241.1,1370045,83
CP048241.1,1370803,54
CP048241.1,1370923,307
CP048241.1,1371368,267
CP048241.1,1371510,498
CP048241.1,1371558,120
CP048241.1,1372091,21
CP048241.1,1372452,271
CP048241.1,1372635,100
CP048241.1,1372693,345
CP048241.1,1373311,1
CP048241.1,1373504,100
CP048241.1,1373519,558
CP048241.1,1373656,71
CP048241.1,1373677,455
CP048241.1,1373690,354
CP048241.1,1374383,162
CP048241.1,1374854,1
CP048241.1,1375010,169
CP048241.1,1375011,385
CP048241.1,1375019,477
CP048241.1,1375029,106
CP048241.1,1375032,214
CP048241.1,1375043,951
CP048241.1,1375045,245
CP048241.1,1375057,796
CP048241.1,1375084,144
CP048241.1,1375103,291
CP048241.1,1375110,193
CP048241.1,1375119,481
CP048241.1,1375126,280
CP048241.1,1376154,430
CP048241.1,1376201,29
CP048241.1,1376727,128
CP048241.1,1376744,81
CP048241.1,1376773,710
CP048241.1,1376775,2
CP048241.1,1376784,13
CP048241.1,1376792,712
CP048241.1,1376813,62
CP048241.1,1376833,2411
CP048241.1,1376840,1166
CP048241.1,1376842,328
CP048241.1,1376855,173
CP048241.1,1376896,683
CP048241.1,1377114,1
CP048241.1,1377121,97
CP048241.1,1377157,10
CP048241.1,1377200,92
CP048241.1,1377254,728
CP048241.1,1377261,723
CP048241.1,1377333,11
CP048241.1,1377380,1769
CP048241.1,1377385,552
CP048241.1,1377394,849
CP048241.1,1377412,23
CP048241.1,1377419,398
CP048241.1,1377430,833
CP048241.1,1377437,953
CP048241.1,1377450,1469
CP048241.1,1377457,1
CP048241.1,1377502,695
CP048241.1,1377512,325
CP048241.1,1377520,426
CP048241.1,1377546,529
CP048241.1,1377550,1347
CP048241.1,1377557,1200
CP048241.1,1377593,8
CP048241.1,1377613,726
CP048241.1,1377674,1
CP048241.1,1377687,862
CP048241.1,1377999,196
CP048241.1,1378340,596
CP048241.1,1378508,602
CP048241.1,1378745,58
CP048241.1,1378821,1
CP048241.1,1379392,2738
CP048241.1,1379511,1
CP048241.1,1379671,16
CP048241.1,1379799,1000
CP048241.1,1379890,337
CP048241.1,1379952,12
CP048241.1,1379956,266
CP048241.1,1379959,427
CP048241.1,1379963,386
CP048241.1,1380029,512
CP048241.1,1380053,62
CP048241.1,1380097,370
CP048241.1,1380120,25
CP048241.1,1380298,400
CP048241.1,1380305,21
CP048241.1,1380881,357
CP048241.1,1382499,1184
CP048241.1,1382548,2090
CP048241.1,1382617,8
CP048241.1,1382624,1866
CP048241.1,1382647,582
CP048241.1,1382821,46
CP048241.1,1383000,8
CP048241.1,1383041,1
CP048241.1,1383133,216
CP048241.1,1383354,465
CP048241.1,1383491,241
CP048241.1,1383500,5
CP048241.1,1383505,50
CP048241.1,1383515,458
CP048241.1,1383519,823
CP048241.1,1383532,810
CP048241.1,1383554,320
CP048241.1,1383588,492
CP048241.1,1383592,446
CP048241.1,1383595,577
CP048241.1,1383604,243
CP048241.1,1383615,21
CP048241.1,1383622,690
CP048241.1,1383728,79
CP048241.1,1383733,282
CP048241.1,1383739,336
CP048241.1,1383740,559
CP048241.1,1383746,29
CP048241.1,1383748,34
CP048241.1,1383755,1025
CP048241.1,1383768,139
CP048241.1,1383775,4
CP048241.1,1383833,791
CP048241.1,1383840,122
CP048241.1,1383864,88
CP048241.1,1383934,888
CP048241.1,1383974,47
CP048241.1,1383975,11
CP048241.1,1383982,59
CP048241.1,1384037,277
CP048241.1,1384052,9
CP048241.1,1384107,196
CP048241.1,1384114,337
CP048241.1,1384268,963
CP048241.1,1384296,1
CP048241.1,1384303,68
CP048241.1,1384380,1
CP048241.1,1384388,918
CP048241.1,1384395,923
CP048241.1,1384460,1109
CP048241.1,1384478,168
CP048241.1,1384485,1225
CP048241.1,1384496,838
CP048241.1,1384532,123
CP048241.1,1384538,1885
CP048241.1,1384545,1752
CP048241.1,1384560,632
CP048241.1,1384561,8
CP048241.1,1384567,26
CP048241.1,1384569,22
CP048241.1,1384586,1426
CP048241.1,1384587,600
CP048241.1,1384591,853
CP048241.1,1384593,1610
CP048241.1,1384598,398
CP048241.1,1384639,1
CP048241.1,1384698,1267
CP048241.1,1384717,84
CP048241.1,1384740,575
CP048241.1,1384780,335
CP048241.1,1384786,10
CP048241.1,1384814,130
CP048241.1,1384879,239
CP048241.1,1384960,685
CP048241.1,1385045,553
CP048241.1,1385061,523
CP048241.1,1385087,878
CP048241.1,1385109,574
CP048241.1,1385111,1
CP048241.1,1385118,4
CP048241.1,1385130,1329
CP048241.1,1385131,273
CP048241.1,1385132,43
CP048241.1,1385138,161
CP048241.1,1385140,357
CP048241.1,1385363,32
CP048241.1,1385449,2
CP048241.1,1385867,315
CP048241.1,1386540,825
CP048241.1,1386809,903
CP048241.1,1388315,6
CP048241.1,1388457,359
CP048241.1,1388511,11
CP048241.1,1388522,66
CP048241.1,1388632,277
CP048241.1,1388836,761
CP048241.1,1388895,1
CP048241.1,1389076,194
CP048241.1,1389100,404
CP048241.1,1389119,788
CP048241.1,1389147,541
CP048241.1,1389150,211
CP048241.1,1389173,29
CP048241.1,1389175,2
CP048241.1,1389199,494
CP048241.1,1389282,1056
CP048241.1,1389338,1147
CP048241.1,1389387,146
CP048241.1,1389468,141
CP048241.1,1389475,550
CP048241.1,1389510,909
CP048241.1,1389595,6
CP048241.1,1389661,1
CP048241.1,1389733,675
CP048241.1,1389764,1
CP048241.1,1389825,284
CP048241.1,1389829,1
CP048241.1,1389832,176
CP048241.1,1389836,172
CP048241.1,1389868,127
CP048241.1,1389917,516
CP048241.1,1389952,113
CP048241.1,1389980,605
CP048241.1,1389998,4
CP048241.1,1390000,149
CP048241.1,1390014,1280
CP048241.1,1390021,194
CP048241.1,1390045,800
CP048241.1,1390048,474
CP048241.1,1390056,612
CP048241.1,1390071,1
CP048241.1,1390078,86
CP048241.1,1390087,751
CP048241.1,1390094,375
CP048241.1,1390140,3115
CP048241.1,1390145,712
CP048241.1,1390147,1540
CP048241.1,1390172,31
CP048241.1,1390303,563
CP048241.1,1390458,25
CP048241.1,1390485,262
CP048241.1,1390492,46
CP048241.1,1390517,26
CP048241.1,1390656,367
CP048241.1,1390696,1532
CP048241.1,1390740,74
CP048241.1,1390754,65
CP048241.1,1390958,942
CP048241.1,1391111,220
CP048241.1,1391113,1
CP048241.1,1391350,151
CP048241.1,1391547,833
CP048241.1,1391556,335
CP048241.1,1391731,132
CP048241.1,1391893,307
CP048241.1,1391897,578
CP048241.1,1391972,101
CP048241.1,1392135,7
CP048241.1,1392205,1
CP048241.1,1392218,202
CP048241.1,1392223,321
CP048241.1,1392239,2
CP048241.1,1392463,1
CP048241.1,1393355,2
CP048241.1,1393850,586
CP048241.1,1394123,41
CP048241.1,1394136,1
CP048241.1,1394157,545
CP048241.1,1394171,109
CP048241.1,1394366,368
CP048241.1,1394371,1
CP048241.1,1394373,72
CP048241.1,1394445,128
CP048241.1,1394449,4
CP048241.1,1394461,16
CP048241.1,1394468,386
CP048241.1,1394495,410
CP048241.1,1394521,31
CP048241.1,1394530,1
CP048241.1,1394536,338
CP048241.1,1394543,164
CP048241.1,1394552,413
CP048241.1,1394554,191
CP048241.1,1394558,294
CP048241.1,1394559,330
CP048241.1,1394561,18
CP048241.1,1394562,28
CP048241.1,1394565,14
CP048241.1,1394567,1
CP048241.1,1394586,444
CP048241.1,1394802,8
CP048241.1,1394954,58
CP048241.1,1397235,1
CP048241.1,1397295,99
CP048241.1,1398616,509
CP048241.1,1399150,210
CP048241.1,1399385,126
CP048241.1,1399490,134
CP048241.1,1399515,8
CP048241.1,1399517,860
CP048241.1,1399522,29
CP048241.1,1399524,19
CP048241.1,1399595,5
CP048241.1,1399822,164
CP048241.1,1399826,107
CP048241.1,1399924,7
CP048241.1,1399962,35
CP048241.1,1399984,460
CP048241.1,1399993,1
CP048241.1,1399996,425
CP048241.1,1400003,361
CP048241.1,1400032,320
CP048241.1,1400146,234
CP048241.1,1400500,28
CP048241.1,1400796,660
CP048241.1,1401069,658
CP048241.1,1401570,33
CP048241.1,1402084,358
CP048241.1,1402106,518
CP048241.1,1404858,22
CP048241.1,1406235,327
CP048241.1,1407924,854
CP048241.1,1407937,988
CP048241.1,1407944,63
CP048241.1,1407954,1540
CP048241.1,1407996,24
CP048241.1,1413920,168
CP048241.1,1414208,370
CP048241.1,1414639,348
CP048241.1,1414705,14
CP048241.1,1414823,11
CP048241.1,1415304,378
CP048241.1,1415731,14
CP048241.1,1415831,5
CP048241.1,1416114,908
CP048241.1,1416121,553
CP048241.1,1416127,265
CP048241.1,1416149,85
CP048241.1,1416170,3
CP048241.1,1416255,75
CP048241.1,1416401,365
CP048241.1,1416463,454
CP048241.1,1416477,420
CP048241.1,1416489,722
CP048241.1,1416496,180
CP048241.1,1416559,195
CP048241.1,1416584,393
CP048241.1,1416586,588
CP048241.1,1416593,891
CP048241.1,1416594,1
CP048241.1,1416605,891
CP048241.1,1416609,167
CP048241.1,1417201,18
CP048241.1,1418172,250
CP048241.1,1418179,411
CP048241.1,1418210,2
CP048241.1,1418906,653
CP048241.1,1419565,159
CP048241.1,1419810,507
CP048241.1,1420017,195
CP048241.1,1420203,753
CP048241.1,1420444,55
CP048241.1,1421807,165
CP048241.1,1421837,288
CP048241.1,1422160,192
CP048241.1,1423171,1
CP048241.1,1426792,8
CP048241.1,1427608,56
CP048241.1,1427757,6
CP048241.1,1428412,1114
CP048241.1,1428416,2
CP048241.1,1430036,626
CP048241.1,1430592,552
CP048241.1,1430655,1
CP048241.1,1431938,4
CP048241.1,1432135,395
CP048241.1,1432143,273
CP048241.1,1432152,461
CP048241.1,1432158,1
CP048241.1,1432159,131
CP048241.1,1432720,28
CP048241.1,1432783,528
CP048241.1,1432788,89
CP048241.1,1432790,708
CP048241.1,1432820,56
CP048241.1,1432855,370
CP048241.1,1432889,22
CP048241.1,1433022,285
CP048241.1,1433024,4
CP048241.1,1433032,561
CP048241.1,1433035,2
CP048241.1,1433037,15
CP048241.1,1433039,510
CP048241.1,1433042,439
CP048241.1,1433051,3
CP048241.1,1433139,1
CP048241.1,1433270,680
CP048241.1,1433334,601
CP048241.1,1433367,13
CP048241.1,1433368,75
CP048241.1,1433374,332
CP048241.1,1433451,1
CP048241.1,1433498,552
CP048241.1,1433499,436
CP048241.1,1433505,20
CP048241.1,1433506,547
CP048241.1,1433589,191
CP048241.1,1433607,91
CP048241.1,1433660,1
CP048241.1,1433681,17
CP048241.1,1433815,84
CP048241.1,1433866,14
CP048241.1,1433873,2305
CP048241.1,1433932,583
CP048241.1,1433935,1261
CP048241.1,1433939,445
CP048241.1,1433942,253
CP048241.1,1434074,45
CP048241.1,1434104,10
CP048241.1,1434275,718
CP048241.1,1434282,1134
CP048241.1,1434283,2
CP048241.1,1434284,372
CP048241.1,1434291,713
CP048241.1,1434294,43
CP048241.1,1434314,752
CP048241.1,1434321,201
CP048241.1,1434463,1
CP048241.1,1434562,213
CP048241.1,1436004,1
CP048241.1,1436637,1
CP048241.1,1436710,592
CP048241.1,1436776,14
CP048241.1,1437226,83
CP048241.1,1437267,1
CP048241.1,1437282,856
CP048241.1,1437299,591
CP048241.1,1437301,1515
CP048241.1,1437308,918
CP048241.1,1437322,17
CP048241.1,1439303,2
CP048241.1,1439603,1
CP048241.1,1440681,1
CP048241.1,1442412,1
CP048241.1,1442465,1
CP048241.1,1443595,1
CP048241.1,1445245,1
CP048241.1,1447495,1
CP048241.1,1448102,1
CP048241.1,1449295,1
CP048241.1,1451570,1
CP048241.1,1452479,1
CP048241.1,1452791,1408
CP048241.1,1453776,71
CP048241.1,1454120,230
CP048241.1,1454124,1272
CP048241.1,1454131,1291
CP048241.1,1454132,1
CP048241.1,1454182,250
CP048241.1,1454280,4
CP048241.1,1454419,1
CP048241.1,1454420,597
CP048241.1,1454505,1
CP048241.1,1454521,11
CP048241.1,1455906,547
CP048241.1,1455981,435
CP048241.1,1456416,739
CP048241.1,1456424,727
CP048241.1,1456426,4159
CP048241.1,1456431,209
CP048241.1,1456432,4
CP048241.1,1456434,851
CP048241.1,1456437,1
CP048241.1,1456439,2554
CP048241.1,1456447,8
CP048241.1,1456452,231
CP048241.1,1456476,1
CP048241.1,1456724,547
CP048241.1,1456725,31
CP048241.1,1456757,1053
CP048241.1,1456759,251
CP048241.1,1456799,1209
CP048241.1,1456803,1135
CP048241.1,1456806,911
CP048241.1,1456807,2633
CP048241.1,1456814,773
CP048241.1,1456839,101
CP048241.1,1456855,658
CP048241.1,1456986,423
CP048241.1,1456993,47
CP048241.1,1456995,1122
CP048241.1,1457204,296
CP048241.1,1457277,836
CP048241.1,1457302,893
CP048241.1,1457339,2324
CP048241.1,1457362,840
CP048241.1,1457522,279
CP048241.1,1457618,296
CP048241.1,1457641,492
CP048241.1,1457646,1179
CP048241.1,1457668,133
CP048241.1,1457997,900
CP048241.1,1458080,2987
CP048241.1,1458099,37
CP048241.1,1458121,2673
CP048241.1,1458268,67
CP048241.1,1458275,4701
CP048241.1,1458302,1455
CP048241.1,1458309,2434
CP048241.1,1458315,4
CP048241.1,1458317,233
CP048241.1,1458464,927
CP048241.1,1458477,1
CP048241.1,1458488,862
CP048241.1,1458505,575
CP048241.1,1458514,1329
CP048241.1,1458521,136
CP048241.1,1458837,255
CP048241.1,1458916,28
CP048241.1,1458923,914
CP048241.1,1459124,332
CP048241.1,1460141,1
CP048241.1,1460327,92
CP048241.1,1460332,43
CP048241.1,1460432,281
CP048241.1,1462767,97
CP048241.1,1463260,1
CP048241.1,1463434,465
CP048241.1,1463804,278
CP048241.1,1465040,21
CP048241.1,1465107,713
CP048241.1,1465149,466
CP048241.1,1465165,24
CP048241.1,1465214,125
CP048241.1,1465274,100
CP048241.1,1465291,4
CP048241.1,1465355,59
CP048241.1,1465378,22
CP048241.1,1465809,1
CP048241.1,1465814,387
CP048241.1,1465873,1402
CP048241.1,1465910,314
CP048241.1,1466027,235
CP048241.1,1466035,1
CP048241.1,1466049,21
CP048241.1,1466084,91
CP048241.1,1466238,253
CP048241.1,1466278,19
CP048241.1,1466312,24
CP048241.1,1466921,306
CP048241.1,1467694,381
CP048241.1,1467782,4
CP048241.1,1468063,103
CP048241.1,1468070,11
CP048241.1,1468071,260
CP048241.1,1468209,204
CP048241.1,1468214,246
CP048241.1,1468221,367
CP048241.1,1468227,129
CP048241.1,1468249,488
CP048241.1,1468256,1240
CP048241.1,1468305,2
CP048241.1,1468470,142
CP048241.1,1468494,1661
CP048241.1,1469361,65
CP048241.1,1469366,253
CP048241.1,1469402,74
CP048241.1,1469411,304
CP048241.1,1470012,450
CP048241.1,1470307,126
CP048241.1,1470475,963
CP048241.1,1470527,4
CP048241.1,1470529,77
CP048241.1,1470568,379
CP048241.1,1471653,2636
CP048241.1,1471674,1653
CP048241.1,1471691,1
CP048241.1,1471702,1526
CP048241.1,1471711,147
CP048241.1,1471905,582
CP048241.1,1471910,1603
CP048241.1,1471917,24
CP048241.1,1472003,1
CP048241.1,1472040,8
CP048241.1,1472079,2371
CP048241.1,1472085,1
CP048241.1,1472091,71
CP048241.1,1472148,343
CP048241.1,1472150,4934
CP048241.1,1472152,1024
CP048241.1,1472161,479
CP048241.1,1472257,481
CP048241.1,1472266,1
CP048241.1,1472287,1381
CP048241.1,1472295,10
CP048241.1,1472409,126
CP048241.1,1472411,133
CP048241.1,1472454,1
CP048241.1,1472456,2720
CP048241.1,1472458,420
CP048241.1,1472467,78
CP048241.1,1472572,2332
CP048241.1,1472593,941
CP048241.1,1472596,266
CP048241.1,1472645,47
CP048241.1,1472668,6
CP048241.1,1472713,515
CP048241.1,1472715,611
CP048241.1,1472834,1328
CP048241.1,1472857,1060
CP048241.1,1472863,2257
CP048241.1,1472870,1868
CP048241.1,1472901,3
CP048241.1,1472991,1
CP048241.1,1473014,80
CP048241.1,1473041,675
CP048241.1,1473096,1089
CP048241.1,1473103,257
CP048241.1,1473123,3951
CP048241.1,1473130,753
CP048241.1,1473195,898
CP048241.1,1473218,552
CP048241.1,1473243,124
CP048241.1,1473249,45
CP048241.1,1473250,2073
CP048241.1,1473316,5
CP048241.1,1473374,25
CP048241.1,1473382,1179
CP048241.1,1473438,277
CP048241.1,1473448,1
CP048241.1,1473457,1
CP048241.1,1473464,23
CP048241.1,1473551,15
CP048241.1,1473588,584
CP048241.1,1473595,385
CP048241.1,1473635,1363
CP048241.1,1473926,237
CP048241.1,1474098,378
CP048241.1,1477413,13
CP048241.1,1477414,22
CP048241.1,1477419,420
CP048241.1,1477432,371
CP048241.1,1477601,39
CP048241.1,1477947,226
CP048241.1,1477954,29
CP048241.1,1477974,745
CP048241.1,1479099,737
CP048241.1,1479123,302
CP048241.1,1479130,217
CP048241.1,1479133,146
CP048241.1,1479168,813
CP048241.1,1479735,1
CP048241.1,1479768,76
CP048241.1,1479779,7
CP048241.1,1479786,283
CP048241.1,1479909,170
CP048241.1,1479916,1604
CP048241.1,1479923,2664
CP048241.1,1479954,957
CP048241.1,1479988,568
CP048241.1,1480095,2
CP048241.1,1480167,182
CP048241.1,1480447,509
CP048241.1,1480728,884
CP048241.1,1481432,1
CP048241.1,1481449,4442
CP048241.1,1481456,1598
CP048241.1,1481458,265
CP048241.1,1481534,1
CP048241.1,1481608,532
CP048241.1,1481621,202
CP048241.1,1482616,37
CP048241.1,1482716,19
CP048241.1,1482717,1437
CP048241.1,1482749,263
CP048241.1,1482750,1
CP048241.1,1482779,341
CP048241.1,1482783,2020
CP048241.1,1482790,316
CP048241.1,1482808,3595
CP048241.1,1482815,2913
CP048241.1,1482817,182
CP048241.1,1482862,746
CP048241.1,1482869,273
CP048241.1,1482880,39
CP048241.1,1482893,446
CP048241.1,1482900,510
CP048241.1,1482924,762
CP048241.1,1482931,663
CP048241.1,1482945,267
CP048241.1,1482966,1561
CP048241.1,1482973,1568
CP048241.1,1482975,89
CP048241.1,1482976,6
CP048241.1,1482977,1
CP048241.1,1483035,974
CP048241.1,1483041,962
CP048241.1,1483042,2021
CP048241.1,1483048,592
CP048241.1,1483050,751
CP048241.1,1483055,72
CP048241.1,1483075,11
CP048241.1,1483082,224
CP048241.1,1483089,32
CP048241.1,1483103,13
CP048241.1,1483132,185
CP048241.1,1483198,877
CP048241.1,1483205,15
CP048241.1,1483206,454
CP048241.1,1483213,218
CP048241.1,1483224,292
CP048241.1,1483242,408
CP048241.1,1483311,231
CP048241.1,1483464,1028
CP048241.1,1483585,806
CP048241.1,1483763,99
CP048241.1,1483949,137
CP048241.1,1484459,31
CP048241.1,1484618,1
CP048241.1,1485266,912
CP048241.1,1485277,1076
CP048241.1,1486917,168
CP048241.1,1490196,301
CP048241.1,1490217,561
CP048241.1,1490219,1002
CP048241.1,1490253,10
CP048241.1,1490267,737
CP048241.1,1490333,1
CP048241.1,1490336,92
CP048241.1,1490338,601
CP048241.1,1490418,38
CP048241.1,1490447,218
CP048241.1,1490459,970
CP048241.1,1490467,428
CP048241.1,1490486,86
CP048241.1,1490645,9
CP048241.1,1490886,860
CP048241.1,1491073,42
CP048241.1,1491398,8
CP048241.1,1491562,345
CP048241.1,1491875,1
CP048241.1,1492396,999
CP048241.1,1492403,578
CP048241.1,1492407,72
CP048241.1,1492408,188
CP048241.1,1492433,560
CP048241.1,1492453,49
CP048241.1,1492493,107
CP048241.1,1492500,1456
CP048241.1,1493403,120
CP048241.1,1493410,330
CP048241.1,1493425,8
CP048241.1,1493487,5
CP048241.1,1493523,179
CP048241.1,1493539,469
CP048241.1,1494262,62
CP048241.1,1494709,383
CP048241.1,1494856,90
CP048241.1,1494886,421
CP048241.1,1494942,138
CP048241.1,1494943,467
CP048241.1,1494950,89
CP048241.1,1495352,199
CP048241.1,1495454,439
CP048241.1,1495459,676
CP048241.1,1495504,61
CP048241.1,1495535,1
CP048241.1,1495539,276
CP048241.1,1495884,149
CP048241.1,1495891,13
CP048241.1,1495966,681
CP048241.1,1496072,46
CP048241.1,1496155,548
CP048241.1,1496194,18
CP048241.1,1496205,13
CP048241.1,1496215,92
CP048241.1,1496250,8
CP048241.1,1496273,27
CP048241.1,1496280,190
CP048241.1,1496306,155
CP048241.1,1496313,49
CP048241.1,1496546,2223
CP048241.1,1496585,1129
CP048241.1,1497074,55
CP048241.1,1497080,100
CP048241.1,1497094,366
CP048241.1,1497101,1524
CP048241.1,1497196,9
CP048241.1,1497259,547
CP048241.1,1497601,244
CP048241.1,1497616,500
CP048241.1,1497685,115
CP048241.1,1497720,172
CP048241.1,1497740,17
CP048241.1,1497742,243
CP048241.1,1497751,729
CP048241.1,1497794,1
CP048241.1,1497818,1
CP048241.1,1497831,188
CP048241.1,1497837,1756
CP048241.1,1497868,7
CP048241.1,1497919,45
CP048241.1,1497947,554
CP048241.1,1497951,14
CP048241.1,1497958,144
CP048241.1,1498102,599
CP048241.1,1498108,244
CP048241.1,1498115,23
CP048241.1,1498246,21
CP048241.1,1498253,481
CP048241.1,1498502,532
CP048241.1,1499905,460
CP048241.1,1499924,39
CP048241.1,1500196,1277
CP048241.1,1500204,528
CP048241.1,1500241,147
CP048241.1,1500283,224
CP048241.1,1500289,128
CP048241.1,1500318,30
CP048241.1,1500415,11
CP048241.1,1500506,2
CP048241.1,1500598,239
CP048241.1,1501363,734
CP048241.1,1504194,47
CP048241.1,1504751,1
CP048241.1,1504802,541
CP048241.1,1504829,1
CP048241.1,1505034,408
CP048241.1,1507073,54
CP048241.1,1509439,1
CP048241.1,1509579,16
CP048241.1,1509633,1
CP048241.1,1511222,349
CP048241.1,1511869,358
CP048241.1,1512355,404
CP048241.1,1512549,1
CP048241.1,1512550,20
CP048241.1,1512556,477
CP048241.1,1512557,514
CP048241.1,1512679,41
CP048241.1,1512713,37
CP048241.1,1512801,523
CP048241.1,1512845,262
CP048241.1,1514724,1
CP048241.1,1515477,6
CP048241.1,1515503,40
CP048241.1,1515564,853
CP048241.1,1515580,1126
CP048241.1,1515587,498
CP048241.1,1515608,506
CP048241.1,1515662,1
CP048241.1,1515665,2507
CP048241.1,1515669,237
CP048241.1,1515672,6920
CP048241.1,1515785,10
CP048241.1,1515817,38
CP048241.1,1515943,73
CP048241.1,1515981,4
CP048241.1,1516014,380
CP048241.1,1516021,73
CP048241.1,1516118,28
CP048241.1,1516215,23
CP048241.1,1516996,582
CP048241.1,1517153,597
CP048241.1,1522677,558
CP048241.1,1522716,637
CP048241.1,1522743,5
CP048241.1,1522834,349
CP048241.1,1522918,538
CP048241.1,1522925,2
CP048241.1,1523147,1
CP048241.1,1523192,1029
CP048241.1,1523680,156
CP048241.1,1523685,316
CP048241.1,1523701,630
CP048241.1,1523824,344
CP048241.1,1524316,1
CP048241.1,1524830,5
CP048241.1,1524852,842
CP048241.1,1525561,1343
CP048241.1,1526073,461
CP048241.1,1526075,52
CP048241.1,1526096,2
CP048241.1,1526214,33
CP048241.1,1528004,2
CP048241.1,1528020,197
CP048241.1,1529006,18
CP048241.1,1529160,528
CP048241.1,1529161,108
CP048241.1,1529308,453
CP048241.1,1530274,329
CP048241.1,1530346,71
CP048241.1,1530446,18
CP048241.1,1530966,409
CP048241.1,1531122,885
CP048241.1,1531300,622
CP048241.1,1531638,737
CP048241.1,1531645,19
CP048241.1,1531704,21
CP048241.1,1531865,34
CP048241.1,1532094,38
CP048241.1,1532104,3
CP048241.1,1532281,124
CP048241.1,1535655,71
CP048241.1,1535728,2
CP048241.1,1535733,27
CP048241.1,1535934,541
CP048241.1,1536187,2367
CP048241.1,1536194,235
CP048241.1,1536215,20
CP048241.1,1536324,435
CP048241.1,1536518,246
CP048241.1,1536546,225
CP048241.1,1536579,120
CP048241.1,1536599,451
CP048241.1,1536614,279
CP048241.1,1536675,1
CP048241.1,1536834,3
CP048241.1,1543973,569
CP048241.1,1544112,1308
CP048241.1,1544138,1
CP048241.1,1544154,603
CP048241.1,1544225,323
CP048241.1,1544355,10
CP048241.1,1544392,984
CP048241.1,1544424,639
CP048241.1,1544580,970
CP048241.1,1544588,1390
CP048241.1,1544768,1
CP048241.1,1544813,776
CP048241.1,1544846,64
CP048241.1,1544858,31
CP048241.1,1544899,1734
CP048241.1,1544999,42
CP048241.1,1545009,250
CP048241.1,1545069,3195
CP048241.1,1545076,1893
CP048241.1,1545112,108
CP048241.1,1545133,1076
CP048241.1,1545140,1
CP048241.1,1545163,64
CP048241.1,1545166,1529
CP048241.1,1545178,175
CP048241.1,1545238,30
CP048241.1,1545242,39
CP048241.1,1545250,884
CP048241.1,1545274,1144
CP048241.1,1545296,263
CP048241.1,1545306,10
CP048241.1,1545309,2
CP048241.1,1545318,27
CP048241.1,1545378,1
CP048241.1,1545504,17
CP048241.1,1545530,1
CP048241.1,1545822,456
CP048241.1,1546720,288
CP048241.1,1546836,1
CP048241.1,1548475,90
CP048241.1,1548477,128
CP048241.1,1549006,57
CP048241.1,1549257,20
CP048241.1,1549470,883
CP048241.1,1549523,312
CP048241.1,1549861,269
CP048241.1,1549889,285
CP048241.1,1549985,907
CP048241.1,1549992,105
CP048241.1,1549996,111
CP048241.1,1549998,54
CP048241.1,1550016,269
CP048241.1,1550034,503
CP048241.1,1553901,500
CP048241.1,1554194,18
CP048241.1,1554278,2
CP048241.1,1554507,442
CP048241.1,1554510,247
CP048241.1,1554517,512
CP048241.1,1554736,30
CP048241.1,1554764,1
CP048241.1,1554803,818
CP048241.1,1554807,1663
CP048241.1,1554810,271
CP048241.1,1554814,1377
CP048241.1,1555115,14
CP048241.1,1557159,70
CP048241.1,1558245,199
CP048241.1,1558465,280
CP048241.1,1558797,357
CP048241.1,1560080,35
CP048241.1,1560122,2
CP048241.1,1560142,147
CP048241.1,1560153,208
CP048241.1,1560160,23
CP048241.1,1560171,42
CP048241.1,1560175,643
CP048241.1,1560184,22
CP048241.1,1560313,208
CP048241.1,1560315,410
CP048241.1,1560347,60
CP048241.1,1560359,5
CP048241.1,1560798,261
CP048241.1,1560825,458
CP048241.1,1560894,17
CP048241.1,1560981,240
CP048241.1,1560986,1
CP048241.1,1560988,559
CP048241.1,1561050,570
CP048241.1,1561078,707
CP048241.1,1563669,1
CP048241.1,1563686,3
CP048241.1,1563689,1032
CP048241.1,1564162,14
CP048241.1,1564278,312
CP048241.1,1564655,1
CP048241.1,1564659,535
CP048241.1,1564710,434
CP048241.1,1564725,471
CP048241.1,1566514,818
CP048241.1,1569195,738
CP048241.1,1569196,728
CP048241.1,1569211,240
CP048241.1,1569371,119
CP048241.1,1569378,430
CP048241.1,1570093,331
CP048241.1,1570119,480
CP048241.1,1570207,359
CP048241.1,1570214,345
CP048241.1,1570244,1
CP048241.1,1570261,65
CP048241.1,1570332,441
CP048241.1,1570410,624
CP048241.1,1570725,811
CP048241.1,1570850,249
CP048241.1,1570914,1739
CP048241.1,1571065,1
CP048241.1,1571121,562
CP048241.1,1571128,214
CP048241.1,1571148,360
CP048241.1,1571243,168
CP048241.1,1571250,557
CP048241.1,1571280,35
CP048241.1,1572253,16
CP048241.1,1573320,166
CP048241.1,1573560,1
CP048241.1,1574164,6
CP048241.1,1574742,109
CP048241.1,1575723,1
CP048241.1,1576500,284
CP048241.1,1576797,323
CP048241.1,1577212,135
CP048241.1,1580481,422
CP048241.1,1581728,138
CP048241.1,1583325,350
CP048241.1,1589088,506
CP048241.1,1590177,576
CP048241.1,1590203,46
CP048241.1,1590210,252
CP048241.1,1590233,298
CP048241.1,1592084,19
CP048241.1,1593040,871
CP048241.1,1593234,104
CP048241.1,1593260,237
CP048241.1,1593264,51
CP048241.1,1595413,1
CP048241.1,1597485,214
CP048241.1,1597686,7
CP048241.1,1597693,4
CP048241.1,1598106,15
CP048241.1,1598152,292
CP048241.1,1598161,149
CP048241.1,1598168,889
CP048241.1,1600041,13
CP048241.1,1600517,1
CP048241.1,1601198,1058
CP048241.1,1601202,1339
CP048241.1,1601205,807
CP048241.1,1601574,365
CP048241.1,1603734,219
CP048241.1,1603902,721
CP048241.1,1604341,57
CP048241.1,1604544,1461
CP048241.1,1605083,82
CP048241.1,1605112,29
CP048241.1,1605140,595
CP048241.1,1605257,82
CP048241.1,1607306,50
CP048241.1,1607315,601
CP048241.1,1607342,7
CP048241.1,1607418,136
CP048241.1,1607435,136
CP048241.1,1607446,36
CP048241.1,1607450,277
CP048241.1,1607453,123
CP048241.1,1607478,21
CP048241.1,1607526,142
CP048241.1,1607632,615
CP048241.1,1607684,334
CP048241.1,1608814,213
CP048241.1,1609922,3
CP048241.1,1610035,113
CP048241.1,1610042,160
CP048241.1,1610103,1
CP048241.1,1610122,479
CP048241.1,1610366,1388
CP048241.1,1610369,622
CP048241.1,1610373,1095
CP048241.1,1610416,4
CP048241.1,1610423,5
CP048241.1,1610518,7
CP048241.1,1610563,770
CP048241.1,1610621,1
CP048241.1,1610882,442
CP048241.1,1611025,593
CP048241.1,1611051,104
CP048241.1,1611061,5
CP048241.1,1615076,391
CP048241.1,1616288,220
CP048241.1,1620062,25
CP048241.1,1620143,112
CP048241.1,1620146,134
CP048241.1,1620183,499
CP048241.1,1620218,5
CP048241.1,1620255,59
CP048241.1,1620317,223
CP048241.1,1620342,9
CP048241.1,1620369,156
CP048241.1,1620398,1
CP048241.1,1620405,15
CP048241.1,1620431,889
CP048241.1,1620438,1048
CP048241.1,1620525,915
CP048241.1,1620939,556
CP048241.1,1620967,804
CP048241.1,1620974,628
CP048241.1,1621020,276
CP048241.1,1621531,125
CP048241.1,1624148,110
CP048241.1,1625506,558
CP048241.1,1625575,40
CP048241.1,1627224,231
CP048241.1,1627421,38
CP048241.1,1627474,328
CP048241.1,1627584,509
CP048241.1,1634894,210
CP048241.1,1635283,252
CP048241.1,1636483,261
CP048241.1,1636813,19
CP048241.1,1636860,52
CP048241.1,1637331,1
CP048241.1,1639581,149
CP048241.1,1639584,738
CP048241.1,1639588,210
CP048241.1,1640129,331
CP048241.1,1640235,11
CP048241.1,1640527,157
CP048241.1,1645725,416
CP048241.1,1647795,1
CP048241.1,1648697,379
CP048241.1,1652100,70
CP048241.1,1653600,623
CP048241.1,1653720,9
CP048241.1,1653778,47
CP048241.1,1654144,74
CP048241.1,1654493,264
CP048241.1,1654560,1032
CP048241.1,1662840,1259
CP048241.1,1662894,2725
CP048241.1,1662901,1277
CP048241.1,1662973,79
CP048241.1,1664278,125
CP048241.1,1664290,98
CP048241.1,1677042,35
CP048241.1,1677098,152
CP048241.1,1677186,1
CP048241.1,1677236,178
CP048241.1,1677250,576
CP048241.1,1677336,38
CP048241.1,1677341,99
CP048241.1,1677343,333
CP048241.1,1677390,9
CP048241.1,1677395,32
CP048241.1,1677397,354
CP048241.1,1677404,73
CP048241.1,1677511,1065
CP048241.1,1677701,235
CP048241.1,1677913,72
CP048241.1,1678058,159
CP048241.1,1678165,233
CP048241.1,1678185,21
CP048241.1,1678850,41
CP048241.1,1678855,45
CP048241.1,1678886,152
CP048241.1,1678890,20
CP048241.1,1678999,14
CP048241.1,1679038,708
CP048241.1,1679674,2
CP048241.1,1679681,16
CP048241.1,1681241,1179
CP048241.1,1681329,55
CP048241.1,1682064,3260
CP048241.1,1682533,1
CP048241.1,1682622,1
CP048241.1,1682727,1806
CP048241.1,1682771,1558
CP048241.1,1682794,1746
CP048241.1,1682833,606
CP048241.1,1682839,129
CP048241.1,1682853,55
CP048241.1,1683105,2
CP048241.1,1683273,520
CP048241.1,1683280,136
CP048241.1,1683288,1140
CP048241.1,1683615,895
CP048241.1,1683748,372
CP048241.1,1684585,114
CP048241.1,1684740,263
CP048241.1,1686795,292
CP048241.1,1689285,451
CP048241.1,1691780,1
CP048241.1,1692643,200
CP048241.1,1693365,56
CP048241.1,1693372,392
CP048241.1,1693482,342
CP048241.1,1695227,676
CP048241.1,1707421,29
CP048241.1,1713814,2305
CP048241.1,1713821,2996
CP048241.1,1713857,13
CP048241.1,1713903,1151
CP048241.1,1713910,49
CP048241.1,1714087,5
CP048241.1,1714094,1
CP048241.1,1714256,2128
CP048241.1,1714263,53
CP048241.1,1716991,208
CP048241.1,1717051,2292
CP048241.1,1717798,2658
CP048241.1,1717819,736
CP048241.1,1717853,2798
CP048241.1,1718324,589
CP048241.1,1718434,851
CP048241.1,1718509,2095
CP048241.1,1718549,450
CP048241.1,1718551,67
CP048241.1,1718622,657
CP048241.1,1718722,28
CP048241.1,1719141,354
CP048241.1,1719719,1007
CP048241.1,1720954,823
CP048241.1,1721220,540
CP048241.1,1721380,25
CP048241.1,1721431,90
CP048241.1,1721463,28
CP048241.1,1721509,923
CP048241.1,1721517,19
CP048241.1,1721642,447
CP048241.1,1721721,340
CP048241.1,1721728,356
CP048241.1,1721784,46
CP048241.1,1721799,126
CP048241.1,1723204,134
CP048241.1,1723211,639
CP048241.1,1725350,271
CP048241.1,1725404,418
CP048241.1,1725815,220
CP048241.1,1725839,163
CP048241.1,1726737,317
CP048241.1,1727229,330
CP048241.1,1727581,2842
CP048241.1,1727588,7
CP048241.1,1727765,730
CP048241.1,1728628,97
CP048241.1,1728707,54
CP048241.1,1728822,417
CP048241.1,1728825,1019
CP048241.1,1728832,263
CP048241.1,1729053,26
CP048241.1,1731987,544
CP048241.1,1732201,1
CP048241.1,1732467,1622
CP048241.1,1733353,1
CP048241.1,1735210,767
CP048241.1,1737135,1219
CP048241.1,1737150,948
CP048241.1,1737155,438
CP048241.1,1737225,3
CP048241.1,1737279,795
CP048241.1,1737291,1840
CP048241.1,1737295,2
CP048241.1,1737299,1028
CP048241.1,1737306,831
CP048241.1,1737329,321
CP048241.1,1738131,4
CP048241.1,1739136,114
CP048241.1,1739170,13
CP048241.1,1739223,336
CP048241.1,1739848,869
CP048241.1,1740524,12
CP048241.1,1740615,907
CP048241.1,1743717,38
CP048241.1,1743791,77
CP048241.1,1743850,21
CP048241.1,1744076,1
CP048241.1,1744308,367
CP048241.1,1744387,620
CP048241.1,1744489,719
CP048241.1,1744874,61
CP048241.1,1744900,1
CP048241.1,1744907,89
CP048241.1,1746309,38
CP048241.1,1747008,174
CP048241.1,1752648,7
CP048241.1,1753434,637
CP048241.1,1753441,283
CP048241.1,1753497,33
CP048241.1,1754043,565
CP048241.1,1754802,13
CP048241.1,1754858,1
CP048241.1,1755175,709
CP048241.1,1756378,234
CP048241.1,1756385,3388
CP048241.1,1758985,54
CP048241.1,1759116,40
CP048241.1,1759303,33
CP048241.1,1759577,34
CP048241.1,1761250,477
CP048241.1,1761257,1
CP048241.1,1761260,1378
CP048241.1,1762584,122
CP048241.1,1762588,735
CP048241.1,1762596,85
CP048241.1,1762624,11
CP048241.1,1763010,564
CP048241.1,1763017,20
CP048241.1,1763147,443
CP048241.1,1763376,1728
CP048241.1,1763545,12
CP048241.1,1763626,2
CP048241.1,1764822,66
CP048241.1,1765868,1
CP048241.1,1766866,1025
CP048241.1,1767181,7
CP048241.1,1767365,21
CP048241.1,1767435,70
CP048241.1,1767530,1260
CP048241.1,1767669,131
CP048241.1,1767671,228
CP048241.1,1767678,179
CP048241.1,1767736,1
CP048241.1,1767741,736
CP048241.1,1767761,483
CP048241.1,1771442,199
CP048241.1,1772113,1
CP048241.1,1775363,352
CP048241.1,1775741,127
CP048241.1,1778527,219
CP048241.1,1779421,671
CP048241.1,1779451,787
CP048241.1,1779706,6
CP048241.1,1780306,793
CP048241.1,1780308,52
CP048241.1,1780317,452
CP048241.1,1780324,1162
CP048241.1,1780338,738
CP048241.1,1780378,1080
CP048241.1,1780406,1
CP048241.1,1780426,100
CP048241.1,1780433,212
CP048241.1,1780494,38
CP048241.1,1780502,745
CP048241.1,1780769,71
CP048241.1,1783048,154
CP048241.1,1784321,220
CP048241.1,1785499,131
CP048241.1,1785742,535
CP048241.1,1785962,216
CP048241.1,1790722,428
CP048241.1,1791056,999
CP048241.1,1791843,641
CP048241.1,1793693,190
CP048241.1,1793714,395
CP048241.1,1794680,15
CP048241.1,1794760,93
CP048241.1,1794915,1
CP048241.1,1794959,1
CP048241.1,1794967,574
CP048241.1,1794990,47
CP048241.1,1795031,2
CP048241.1,1795048,390
CP048241.1,1795051,906
CP048241.1,1795059,413
CP048241.1,1795073,807
CP048241.1,1795193,469
CP048241.1,1800171,15
CP048241.1,1801532,55
CP048241.1,1802688,282
CP048241.1,1803771,8
CP048241.1,1822379,1
CP048241.1,1832114,1
CP048241.1,1839844,1310
CP048241.1,1839974,237
CP048241.1,1841630,23
CP048242.1,1651,47
CP048242.1,3236,335
CP048242.1,3313,98
CP048242.1,21982,1
CP048242.1,28308,912
CP048242.1,28478,398
CP048242.1,28691,1
CP048242.1,28706,931
CP048242.1,28779,724
CP048242.1,28786,67
CP048242.1,28950,313
CP048242.1,29174,677
CP048242.1,29405,18
CP048242.1,29806,12
CP048242.1,29950,1
CP048242.1,29957,5
CP048242.1,30209,4
CP048242.1,30258,1
CP048242.1,30500,139
CP048242.1,34057,636
CP048242.1,34105,1
CP048242.1,34429,115
CP048242.1,34484,555
CP048242.1,34586,55
CP048242.1,34599,7
CP048242.1,34601,1
CP048242.1,34610,74
CP048242.1,34718,536
CP048242.1,34720,471
CP048242.1,34774,518
CP048242.1,34980,14
CP048242.1,34989,22
CP048242.1,35739,1125
CP048242.1,36118,1342
CP048242.1,36125,50
CP048242.1,36185,4
CP048242.1,36199,73
CP048242.1,36225,1
CP048242.1,36295,453
CP048242.1,36387,14
CP048242.1,36390,588
CP048242.1,36418,452
CP048242.1,36425,486
CP048242.1,36438,42
CP048242.1,36530,535
CP048242.1,36546,30
CP048242.1,39485,22
CP048242.1,39947,223
CP048242.1,39963,160
CP048242.1,39968,127
CP048242.1,40715,42
CP048242.1,40717,30
CP048242.1,46222,220
CP048242.1,46997,109
CP048242.1,47129,79
CP048242.1,47194,154
CP048242.1,47201,3
CP048242.1,47256,87
CP048242.1,47263,631
CP048242.1,47333,170
CP048242.1,47370,99
CP048242.1,47377,554
CP048242.1,47384,411
CP048242.1,47389,114
CP048242.1,47453,1
CP048242.1,47477,325
CP048242.1,47478,234
CP048242.1,47493,718
CP048242.1,47617,1
CP048242.1,47621,40
CP048242.1,47642,1092
CP048242.1,47661,635
CP048242.1,47731,343
CP048242.1,47738,538
CP048242.1,48558,1
CP048242.1,49060,638
CP048242.1,49123,316
CP048242.1,53923,58
CP048242.1,54400,494
CP048242.1,54405,125
CP048242.1,55850,112
CP048242.1,56279,5
CP048242.1,56434,1672
CP048242.1,56441,427
CP048242.1,56608,1
CP048242.1,56622,1
CP048242.1,56666,658
CP048242.1,56871,13
CP048242.1,57022,413
CP048242.1,57107,81
CP048242.1,57114,187
CP048242.1,57123,1
CP048242.1,57181,1
CP048242.1,57202,2
CP048242.1,57375,355
CP048242.1,57382,381
CP048242.1,57397,417
CP048242.1,57423,1570
CP048242.1,57589,60
CP048242.1,57687,34
CP048242.1,57713,311
CP048242.1,57728,1
CP048242.1,57735,1
CP048242.1,57754,283
CP048242.1,57826,83
CP048242.1,58361,17
CP048242.1,58467,51
CP048242.1,58571,169
CP048242.1,60134,575
CP048242.1,60688,137
CP048242.1,60817,2
CP048242.1,60974,157
CP048242.1,60994,361
CP048242.1,61267,23
CP048242.1,61336,167
CP048242.1,61390,630
CP048242.1,61424,211
CP048242.1,61732,496
CP048242.1,61897,459
CP048242.1,61912,2
CP048242.1,62035,1078
CP048242.1,62064,901
CP048242.1,62133,687
CP048242.1,62289,133
CP048242.1,62294,673
CP048242.1,62296,1070
CP048242.1,62361,628
CP048242.1,62362,23
CP048242.1,62438,187
CP048242.1,62440,1
CP048242.1,62445,800
CP048242.1,65501,984
CP048242.1,65509,868
CP048242.1,65628,56
CP048242.1,65683,480
CP048242.1,67537,68
CP048242.1,68175,61
CP048242.1,68528,11
CP048242.1,68601,1
CP048242.1,68614,231
CP048242.1,68626,462
CP048242.1,68679,678
CP048242.1,68685,126
CP048242.1,68843,342
CP048242.1,70217,1
CP048242.1,70559,1
CP048242.1,70851,1
CP048242.1,72779,351
CP048242.1,72930,1
CP048242.1,73652,10
CP048242.1,74260,7
CP048242.1,74309,1181
CP048242.1,74482,338
CP048242.1,74511,537
CP048242.1,74687,7
CP048242.1,74852,9
CP048242.1,74875,578
CP048242.1,75088,82
CP048242.1,75326,328
CP048242.1,76658,231
CP048242.1,77396,2
CP048242.1,77993,167
CP048242.1,78223,1
CP048242.1,78340,628
CP048242.1,78395,2
CP048242.1,78402,340
CP048242.1,78411,1403
CP048242.1,78422,1391
CP048242.1,78486,2086
CP048242.1,78496,1
CP048242.1,78504,131
CP048242.1,78532,59
CP048242.1,78778,72
CP048242.1,78796,1
CP048242.1,78803,42
CP048242.1,78878,727
CP048242.1,78945,49
CP048242.1,82381,920
CP048242.1,82949,23
CP048242.1,86180,62
CP048242.1,86700,4
CP048242.1,86886,6
CP048242.1,86893,7
CP048242.1,88357,346
CP048242.1,89868,359
CP048242.1,90490,464
CP048242.1,90960,1145
CP048242.1,91220,11
CP048242.1,91976,555
CP048242.1,94283,58
CP048242.1,94344,94
CP048242.1,94422,3
CP048242.1,94429,282
CP048242.1,94652,794
CP048242.1,94697,618
CP048242.1,94994,1065
CP048242.1,95863,1
CP048242.1,95891,1348
CP048242.1,96182,142
CP048242.1,98358,22
CP048242.1,98534,382
CP048242.1,98559,1
CP048242.1,98566,9
CP048242.1,98642,88
CP048242.1,98649,49
CP048242.1,98667,1
CP048242.1,98672,230
CP048242.1,98674,149
CP048242.1,98710,1072
CP048242.1,98717,1
CP048242.1,98729,17
CP048242.1,98731,230
CP048242.1,98738,1682
CP048242.1,98748,2062
CP048242.1,98755,1160
CP048242.1,98802,615
CP048242.1,98828,1
CP048242.1,98844,69
CP048242.1,98935,6
CP048242.1,101380,1
CP048242.1,101594,559
CP048242.1,106543,456
CP048242.1,107002,4
CP048242.1,107948,69
CP048242.1,107962,1136
CP048242.1,108032,37
CP048242.1,108096,114
CP048242.1,108100,3
CP048242.1,108156,958
CP048242.1,108235,214
CP048242.1,108422,643
CP048242.1,108423,154
CP048242.1,108429,1443
CP048242.1,108494,98
CP048242.1,108501,591
CP048242.1,108508,382
CP048242.1,108546,1
CP048242.1,108562,1530
CP048242.1,110099,299
CP048242.1,110159,1
CP048242.1,110525,338
CP048242.1,110563,6
CP048242.1,110590,96
CP048242.1,110608,750
CP048242.1,110825,157
CP048242.1,110847,62
CP048242.1,116405,155
CP048242.1,116609,401
CP048242.1,124876,554
CP048242.1,124947,379
CP048242.1,125007,26
CP048242.1,125014,39
CP048242.1,125123,18
CP048242.1,125234,42
CP048242.1,125322,86
CP048242.1,125408,105
CP048242.1,125518,14
CP048242.1,126487,1
CP048242.1,131318,34
CP048242.1,131622,365
CP048242.1,131638,20
CP048242.1,136540,21
CP048242.1,136613,279
CP048242.1,136648,508
CP048242.1,136702,34
CP048242.1,136709,2
CP048242.1,136722,24
CP048242.1,136729,45
CP048242.1,136812,17
CP048242.1,136985,433
CP048242.1,137002,1252
CP048242.1,137012,192
CP048242.1,138399,67
CP048242.1,138529,12
CP048242.1,138536,697
CP048242.1,138572,102
CP048242.1,138581,289
CP048242.1,139063,8
CP048242.1,140018,12
CP048242.1,140247,25
CP048242.1,146111,196
CP048242.1,146133,1
CP048242.1,146148,344
CP048242.1,146153,361
CP048242.1,146340,3
CP048242.1,148026,352
CP048242.1,148313,472
CP048242.1,148511,1
CP048242.1,150476,446
CP048242.1,151489,363
CP048242.1,151496,1858
CP048242.1,152378,370
CP048242.1,152973,261
CP048242.1,153801,241
CP048242.1,155439,58
CP048242.1,155510,415
CP048242.1,157049,1166
CP048242.1,157097,200
CP048242.1,158391,566
CP048242.1,158664,2
CP048242.1,158888,4
CP048242.1,158944,499
CP048242.1,158951,643
CP048242.1,160664,109
CP048242.1,160729,1
CP048242.1,160805,1
CP048242.1,160812,1350
CP048242.1,160927,944
CP048242.1,161001,26
CP048242.1,161025,798
CP048242.1,161027,785
CP048242.1,161030,353
CP048242.1,161034,115
CP048242.1,161098,1014
CP048242.1,161115,1544
CP048242.1,161135,967
CP048242.1,161142,957
CP048242.1,161181,10
CP048242.1,161202,754
CP048242.1,161209,2
CP048242.1,161261,1
CP048242.1,161268,13
CP048242.1,161406,1
CP048242.1,161443,1
CP048242.1,161519,170
CP048242.1,161623,622
CP048242.1,161735,74
CP048242.1,161815,33
CP048242.1,164178,1
CP048242.1,168054,495
CP048242.1,171740,2
CP048242.1,172825,81
CP048242.1,172927,93
CP048242.1,175649,2
CP048242.1,177335,739
CP048242.1,177517,950
CP048242.1,177688,691
CP048242.1,177705,1
CP048242.1,177737,215
CP048242.1,177753,133
CP048242.1,177852,569
CP048242.1,177886,491
CP048242.1,177893,94
CP048242.1,177916,299
CP048242.1,177918,256
CP048242.1,178362,771
CP048242.1,183007,217
CP048242.1,183429,1
CP048242.1,184345,4
CP048242.1,184403,145
CP048242.1,184555,1
CP048242.1,185762,4
CP048242.1,185769,1002
CP048242.1,185779,229
CP048242.1,185812,14
CP048242.1,185974,862
CP048242.1,185981,248
CP048242.1,186002,344
CP048242.1,186085,189
CP048242.1,186089,24
CP048242.1,186213,513
CP048242.1,187066,600
CP048242.1,187392,1
CP048242.1,187393,549
CP048242.1,187436,36
CP048242.1,189160,2
CP048242.1,191953,1
CP048242.1,192087,427
CP048242.1,192349,443
CP048242.1,192494,1
CP048242.1,192605,57
CP048242.1,192669,1
CP048242.1,192693,772
CP048242.1,193215,1706
CP048242.1,193246,776
CP048242.1,194679,402
CP048242.1,194846,1
CP048242.1,195386,3
CP048242.1,196231,1
CP048242.1,198553,7
CP048242.1,198931,944
CP048242.1,199566,118
CP048242.1,199900,342
CP048242.1,199993,468
CP048242.1,200017,1259
CP048242.1,200117,1
CP048242.1,200195,190
CP048242.1,200213,36
CP048242.1,200295,468
CP048242.1,200336,1184
CP048242.1,201032,202
CP048242.1,201885,2
CP048242.1,201898,49
CP048242.1,202059,566
CP048242.1,202388,151
CP048242.1,202392,1
CP048242.1,202754,58
CP048242.1,203589,907
CP048242.1,203596,624
CP048242.1,203880,1
CP048242.1,204267,487
CP048242.1,205594,84
CP048242.1,205601,1
CP048242.1,205783,1
CP048242.1,210425,15
CP048242.1,210667,1
CP048242.1,210706,310
CP048242.1,210728,324
CP048242.1,210737,628
CP048242.1,210795,722
CP048242.1,210830,1
CP048242.1,211016,109
CP048242.1,211082,1
CP048242.1,211089,13
CP048242.1,211396,52
CP048242.1,212092,457
CP048242.1,212189,84
CP048242.1,212350,385
CP048242.1,212452,1
CP048242.1,212459,11
CP048242.1,212582,973
CP048242.1,212674,158
CP048242.1,212679,2
CP048242.1,212681,2
CP048242.1,215373,227
CP048242.1,216515,4
CP048242.1,216921,248
CP048242.1,219827,577
CP048242.1,219829,48
CP048242.1,222940,1112
CP048242.1,222947,20
CP048242.1,223135,59
CP048242.1,223214,233
CP048242.1,223762,10
CP048242.1,223830,22
CP048242.1,224423,708
CP048242.1,224757,195
CP048242.1,225320,648
CP048242.1,225324,423
CP048242.1,225785,2235
CP048242.1,225787,1
CP048242.1,225792,1
CP048242.1,227105,1063
CP048242.1,227128,1
CP048242.1,227165,606
CP048242.1,227473,815
CP048242.1,230145,548
CP048242.1,230529,4
CP048242.1,230890,1759
CP048242.1,231852,1
CP048242.1,232124,21
CP048242.1,232266,46
CP048242.1,232271,273
CP048242.1,232337,835
CP048242.1,232848,1
CP048242.1,233106,318
CP048242.1,233215,25
CP048242.1,233515,103
CP048242.1,233560,7
CP048242.1,234322,401
CP048242.1,235251,1084
CP048242.1,235662,41
CP048242.1,235670,648
CP048242.1,235699,661
CP048242.1,235990,69
CP048242.1,236070,1204
CP048242.1,236958,525
CP048242.1,237142,61
CP048242.1,238094,44
CP048242.1,238143,13
CP048242.1,238185,466
CP048242.1,238307,9
CP048242.1,238407,314
CP048242.1,238519,2
CP048242.1,238526,327
CP048242.1,238527,20
CP048242.1,238571,76
CP048242.1,238574,230
CP048242.1,238578,104
CP048242.1,238592,518
CP048242.1,239324,514
CP048242.1,239442,1
CP048242.1,239537,1
CP048242.1,239540,974
CP048242.1,240081,35
CP048242.1,240627,1
CP048242.1,240820,5
CP048242.1,240845,76
CP048242.1,241070,1
CP048242.1,242054,83
CP048242.1,243545,546
CP048242.1,243822,5
CP048242.1,249817,400
CP048242.1,252295,43
CP048242.1,252301,257
CP048242.1,252304,42
CP048242.1,252405,2
CP048242.1,253483,441
CP048242.1,254352,400
CP048242.1,256245,131
CP048242.1,256440,4
CP048242.1,256449,1
CP048242.1,260198,30
CP048242.1,262271,149
CP048242.1,262332,198
CP048242.1,263547,45
CP048242.1,263740,757
CP048242.1,263847,153
CP048242.1,263947,1
CP048242.1,266370,99
CP048242.1,266441,1825
CP048242.1,268522,467
CP048242.1,268524,2
CP048242.1,268733,379
CP048242.1,268767,31
CP048242.1,268805,73
CP048242.1,268847,12
CP048242.1,268851,812
CP048242.1,269286,87
CP048242.1,269293,100
CP048242.1,269472,1831
CP048242.1,269511,38
CP048242.1,269518,739
CP048242.1,269577,102
CP048242.1,269723,80
CP048242.1,269732,834
CP048242.1,269748,46
CP048242.1,269792,90
CP048242.1,269799,187
CP048242.1,269860,6
CP048242.1,269933,1
CP048242.1,269968,173
CP048242.1,270116,118
CP048242.1,270135,81
CP048242.1,270154,5
CP048242.1,270182,1
CP048242.1,270213,88
CP048242.1,270228,640
CP048242.1,270243,9
CP048242.1,270417,156
CP048242.1,270430,1
CP048242.1,272184,382
CP048242.1,272191,11
CP048242.1,272206,606
CP048242.1,272442,9
CP048242.1,272633,322
CP048242.1,273146,20
CP048242.1,274328,1
CP048242.1,274330,1
CP048242.1,274412,1
CP048242.1,274419,1004
CP048242.1,274512,1
CP048242.1,274561,136
CP048242.1,275722,3
CP048242.1,275748,556
CP048242.1,278575,1
CP048242.1,278720,21
CP048242.1,279227,531
CP048242.1,284801,1
CP048242.1,286850,654
CP048242.1,287042,223
CP048242.1,288482,246
CP048242.1,288700,571
CP048242.1,288712,954
CP048242.1,288716,653
CP048242.1,288719,1
CP048242.1,288834,65
CP048242.1,288841,8
CP048242.1,288845,535
CP048242.1,288846,8
CP048242.1,289182,205
CP048242.1,293367,520
CP048242.1,294569,163
CP048242.1,295447,63
CP048242.1,295586,52
CP048242.1,295588,87
CP048242.1,295648,406
CP048242.1,295711,2
CP048242.1,295736,49
CP048242.1,295762,500
CP048242.1,295769,3355
CP048242.1,295785,911
CP048242.1,295792,676
CP048242.1,295819,15
CP048242.1,295879,260
CP048242.1,295962,240
CP048242.1,295969,1654
CP048242.1,296005,501
CP048242.1,296012,17
CP048242.1,296024,1268
CP048242.1,296225,14
CP048242.1,296246,707
CP048242.1,296341,878
CP048242.1,296384,846
CP048242.1,296499,1
CP048242.1,296716,235
CP048242.1,297124,370
CP048242.1,297131,108
CP048242.1,298141,1
CP048242.1,301567,15
CP048242.1,301795,72
CP048242.1,302385,509
CP048242.1,302491,249
CP048242.1,302593,720
CP048242.1,302624,39
CP048242.1,302813,395
CP048242.1,302907,542
CP048242.1,302961,317
CP048242.1,303227,19
CP048242.1,305494,8
CP048242.1,307393,229
CP048242.1,308875,1
CP048242.1,310956,4131
CP048242.1,311112,118
CP048242.1,311189,13687
CP048242.1,311193,1
CP048242.1,311196,7392
CP048242.1,311197,191
CP048242.1,311204,2379
CP048242.1,311262,614
CP048242.1,311292,1170
CP048242.1,311294,191
CP048242.1,311352,18
CP048242.1,311497,1
CP048242.1,311630,228
CP048242.1,311718,1
CP048242.1,311728,2505
CP048242.1,311746,1009
CP048242.1,311922,65
CP048242.1,312787,94
CP048242.1,312812,194
CP048242.1,312819,265
CP048242.1,312847,1
CP048242.1,313245,233
CP048242.1,313288,875
CP048242.1,313292,2
CP048242.1,313329,75
CP048242.1,313385,847
CP048242.1,313392,380
CP048242.1,315094,39
CP048242.1,315573,10
CP048242.1,316063,677
CP048242.1,316182,1379
CP048242.1,317932,1
CP048242.1,317937,23
CP048242.1,318085,7
CP048242.1,318092,82
CP048242.1,318112,56
CP048242.1,318977,478
CP048242.1,319353,68
CP048242.1,321199,106
CP048242.1,321706,596
CP048242.1,321879,16
CP048242.1,322462,171
CP048242.1,322736,551
CP048242.1,322768,645
CP048242.1,322774,3
CP048242.1,322785,42
CP048242.1,324289,121
CP048242.1,324627,4
CP048242.1,324669,23
CP048242.1,324713,602
CP048242.1,324809,17
CP048242.1,328776,35
CP048242.1,331483,121
CP048242.1,331491,2851
CP048242.1,331498,585
CP048242.1,331565,271
CP048242.1,331588,44
CP048242.1,331591,307
CP048242.1,331598,257
CP048242.1,331869,131
CP048242.1,331982,18
CP048242.1,332010,257
CP048242.1,332017,604
CP048242.1,332109,58
CP048242.1,332125,1
CP048242.1,332132,5
CP048242.1,332168,26
CP048242.1,332170,3
CP048242.1,332256,1
CP048242.1,332276,65
CP048242.1,332346,55
CP048242.1,332399,390
CP048242.1,332422,183
CP048242.1,332526,1
CP048242.1,332562,254
CP048242.1,332573,416
CP048242.1,332580,294
CP048242.1,332686,55
CP048242.1,332757,1
CP048242.1,333271,209
CP048242.1,334852,32
CP048242.1,334953,475
CP048242.1,336075,4
CP048242.1,336542,69
CP048242.1,336884,20
CP048242.1,339017,62
CP048242.1,339020,238
CP048242.1,339128,74
CP048242.1,339249,1
CP048242.1,339353,533
CP048242.1,339421,849
CP048242.1,339428,397
CP048242.1,339640,48
CP048242.1,339698,433
CP048242.1,340712,11
CP048242.1,342132,59
CP048242.1,344439,2
CP048242.1,345462,17
CP048242.1,349611,582
CP048242.1,349627,310
CP048242.1,354469,1
CP048242.1,355047,141
CP048242.1,355054,128
CP048242.1,355129,306
CP048242.1,358148,77
CP048242.1,364208,1
CP048242.1,364231,784
CP048242.1,366767,127
CP048242.1,366842,34
CP048242.1,366889,2027
CP048242.1,366910,885
CP048242.1,366917,104
CP048242.1,367157,3
CP048242.1,367400,730
CP048242.1,367694,1
CP048242.1,370106,195
CP048242.1,370802,495
CP048242.1,370860,1622
CP048242.1,372115,421
CP048242.1,373280,414
CP048242.1,373453,229
CP048242.1,375173,383
CP048242.1,375693,6
CP048242.1,375732,35
CP048242.1,379510,73
CP048242.1,379520,20
CP048242.1,379745,833
CP048242.1,379839,49
CP048242.1,379875,620
CP048242.1,379878,393
CP048242.1,379949,2249
CP048242.1,379976,687
CP048242.1,380087,1292
CP048242.1,380097,197
CP048242.1,380328,183
CP048242.1,380414,6
CP048242.1,380547,427
CP048242.1,380975,606
CP048242.1,381142,1
CP048242.1,381381,67
CP048242.1,382318,281
CP048242.1,382736,1956
CP048242.1,382738,202
CP048242.1,382743,191
CP048242.1,382779,117
CP048242.1,382896,16
CP048242.1,382912,1503
CP048242.1,383019,332
CP048242.1,383246,732
CP048242.1,385309,1
CP048242.1,385375,1
CP048242.1,385471,1
CP048242.1,385484,63
CP048242.1,385489,8
CP048242.1,385509,455
CP048242.1,385560,75
CP048242.1,385678,621
CP048242.1,385693,184
CP048242.1,385989,1570
CP048242.1,385996,60
CP048242.1,385998,169
CP048242.1,386067,76
CP048242.1,388406,90
CP048242.1,388421,191
CP048242.1,388469,458
CP048242.1,390712,532
CP048242.1,392876,284
CP048242.1,393538,317
CP048242.1,393546,482
CP048242.1,395758,1
CP048242.1,396875,66
CP048242.1,396882,2
CP048242.1,396884,1
CP048242.1,397132,3
CP048242.1,397313,1
CP048242.1,397416,343
CP048242.1,397418,1
CP048242.1,397446,3
CP048242.1,397525,594
CP048242.1,397700,399
CP048242.1,397739,482
CP048242.1,397772,166
CP048242.1,397828,229
CP048242.1,398038,1
CP048242.1,399072,184
CP048242.1,399359,1
CP048242.1,400953,538
CP048242.1,400963,12
CP048242.1,400984,4
CP048242.1,400999,56
CP048242.1,401000,621
CP048242.1,401070,854
CP048242.1,401119,67
CP048242.1,401553,1
CP048242.1,401882,11
CP048242.1,402021,115
CP048242.1,402367,116
CP048242.1,403692,836
CP048242.1,404272,20
CP048242.1,404320,1716
CP048242.1,404409,1
CP048242.1,404434,1
CP048242.1,404622,391
CP048242.1,410356,105
CP048242.1,410367,390
CP048242.1,410537,248
CP048242.1,410705,573
CP048242.1,410867,1025
CP048242.1,411805,1
CP048242.1,411831,14
CP048242.1,411838,158
CP048242.1,411892,247
CP048242.1,412017,1
CP048242.1,412187,68
CP048242.1,412216,341
CP048242.1,412369,2
CP048242.1,416934,443
CP048242.1,416936,561
CP048242.1,416994,362
CP048242.1,417190,735
CP048242.1,417278,334
CP048242.1,419921,342
CP048242.1,423542,496
CP048242.1,423790,48
CP048242.1,427186,39
CP048242.1,431970,1
CP048242.1,432376,313
CP048242.1,434920,3
CP048242.1,439823,20
CP048242.1,440792,264
CP048242.1,441352,268
CP048242.1,441493,3290
CP048242.1,441500,548
CP048242.1,441550,28
CP048242.1,441795,23
CP048242.1,441816,495
CP048242.1,442854,10
CP048242.1,445238,108
CP048242.1,445348,256
CP048242.1,445364,761
CP048242.1,445368,105
CP048242.1,445375,509
CP048242.1,445376,91
CP048242.1,446356,84
CP048242.1,446361,385
CP048242.1,446365,778
CP048242.1,448341,383
CP048242.1,449080,1
CP048242.1,450404,145
CP048242.1,450416,1
CP048242.1,450420,70
CP048242.1,450517,1
CP048242.1,451158,346
CP048242.1,451160,1
CP048242.1,451599,147
CP048242.1,451610,155
CP048242.1,452232,58
CP048242.1,453948,358
CP048242.1,453967,610
CP048242.1,458017,293
CP048242.1,461110,102
CP048242.1,461283,23
CP048242.1,461504,370
CP048242.1,463671,355
CP048242.1,464147,3
CP048242.1,464180,325
CP048242.1,464262,226
CP048242.1,464295,1575
CP048242.1,464303,839
CP048242.1,464310,102
CP048242.1,464321,99
CP048242.1,464385,1
CP048242.1,464408,488
CP048242.1,464486,1
CP048242.1,464493,1329
CP048242.1,464519,301
CP048242.1,464554,328
CP048242.1,464596,40
CP048242.1,464956,675
CP048242.1,465540,591
CP048242.1,465585,489
CP048242.1,467768,4
CP048242.1,467951,74
CP048242.1,472222,3
CP048242.1,472358,297
CP048242.1,472429,63
CP048242.1,472449,1
CP048242.1,472592,1614
CP048242.1,472598,29
CP048242.1,472710,388
CP048242.1,472812,415
CP048242.1,472874,10348
CP048242.1,472890,298
CP048242.1,473170,98
CP048242.1,473409,364
CP048242.1,473486,4078
CP048242.1,473493,2499
CP048242.1,473522,101
CP048242.1,473524,264
CP048242.1,473531,465
CP048242.1,473566,10
CP048242.1,473885,83
CP048242.1,477454,77
CP048242.1,482941,249
CP048242.1,485297,141
CP048242.1,485694,210
CP048242.1,485711,1
CP048242.1,486156,311
CP048242.1,486298,2539
CP048242.1,487424,346
CP048242.1,487997,28
CP048242.1,490041,86
CP048242.1,490052,3
CP048242.1,490307,417
CP048242.1,493191,595
CP048242.1,493964,520
CP048242.1,494255,7
CP048242.1,495416,211
CP048242.1,502186,1
CP048242.1,502265,560
CP048242.1,502267,115
CP048242.1,502274,1395
CP048242.1,502390,1164
CP048242.1,502586,183
CP048242.1,503205,1
CP048242.1,504771,1
CP048242.1,506832,13
CP048242.1,507022,2
CP048242.1,507060,347
CP048242.1,507097,29
CP048242.1,507104,377
CP048242.1,507291,289
CP048242.1,510920,402
CP048242.1,511015,4
CP048242.1,511099,32
CP048242.1,514972,1
CP048242.1,517836,43
CP048242.1,517843,3
CP048242.1,517944,7
CP048242.1,518240,246
CP048242.1,518412,27
CP048242.1,518747,1197
CP048242.1,518829,28
CP048242.1,521675,1
CP048242.1,521715,163
CP048242.1,522026,85
CP048242.1,522462,21
CP048242.1,523266,40
CP048242.1,529461,116
CP048242.1,529504,428
CP048242.1,529523,10
CP048242.1,529633,68
CP048242.1,529709,107
CP048242.1,529891,69
CP048242.1,530213,491
CP048242.1,530250,34
CP048242.1,530253,945
CP048242.1,530285,617
CP048242.1,530345,130
CP048242.1,530465,1069
CP048242.1,530467,9
CP048242.1,530605,4
CP048242.1,530814,639
CP048242.1,530917,167
CP048242.1,530967,60
CP048242.1,530992,92
CP048242.1,531007,1
CP048242.1,531041,25
CP048242.1,531048,61
CP048242.1,531109,1
CP048242.1,531111,1
CP048242.1,531118,2
CP048242.1,531126,176
CP048242.1,531300,1180
CP048242.1,531305,15
CP048242.1,531307,1
CP048242.1,531371,656
CP048242.1,531378,783
CP048242.1,531448,143
CP048242.1,531455,623
CP048242.1,531477,256
CP048242.1,531482,1
CP048242.1,531638,2
CP048242.1,531745,11
CP048242.1,531915,104
CP048242.1,532152,677
CP048242.1,532154,1
CP048242.1,532262,4
CP048242.1,533109,62
CP048242.1,533111,13
CP048242.1,533321,167
CP048242.1,539192,37
CP048242.1,539194,694
CP048242.1,539748,2
CP048242.1,539984,35
CP048242.1,540002,8
CP048242.1,540051,537
CP048242.1,540076,5
CP048242.1,540085,899
CP048242.1,540154,375
CP048242.1,540158,612
CP048242.1,540170,18
CP048242.1,540177,874
CP048242.1,540203,1885
CP048242.1,540289,1084
CP048242.1,540311,1372
CP048242.1,540313,26
CP048242.1,542618,60
CP048242.1,542623,91
CP048242.1,542635,135
CP048242.1,542639,449
CP048242.1,542646,159
CP048242.1,542667,249
CP048242.1,542705,516
CP048242.1,542713,308
CP048242.1,546039,470
CP048242.1,547442,333
CP048242.1,548092,25
CP048242.1,548444,384
CP048242.1,548452,160
CP048242.1,551032,317
CP048242.1,552835,503
CP048242.1,553870,6
CP048242.1,557680,41
CP048242.1,557718,807
CP048242.1,558475,1
CP048242.1,559126,30
CP048242.1,559442,656
CP048242.1,559978,12
CP048242.1,560509,544
CP048242.1,562598,135
CP048242.1,564149,798
CP048242.1,566660,413
CP048242.1,566671,7
CP048242.1,567255,92
CP048242.1,568637,1
CP048242.1,568644,18
CP048242.1,568722,38
CP048242.1,568771,121
CP048242.1,568778,1879
CP048242.1,568780,129
CP048242.1,568847,51
CP048242.1,568854,918
CP048242.1,574961,2
CP048242.1,575119,5
CP048242.1,576025,23
CP048242.1,576494,1
CP048242.1,576501,624
CP048242.1,576553,397
CP048242.1,576563,5
CP048242.1,577499,6
CP048242.1,583238,1
CP048242.1,583462,241
CP048242.1,583815,1662
CP048242.1,584470,1
CP048242.1,584773,1
CP048242.1,585133,125
CP048242.1,585381,126
CP048242.1,585422,6
CP048242.1,585434,420
CP048242.1,585513,378
CP048242.1,588824,22
CP048242.1,588848,416
CP048242.1,588855,160
CP048242.1,588898,361
CP048242.1,588913,119
CP048242.1,589047,2
CP048242.1,589078,106
CP048242.1,589085,149
CP048242.1,589096,146
CP048242.1,589104,573
CP048242.1,589158,642
CP048242.1,589169,448
CP048242.1,589534,1
CP048242.1,590235,1396
CP048242.1,593812,132
CP048242.1,593980,45
CP048242.1,594027,1
CP048242.1,595509,12
CP048242.1,595747,119
CP048242.1,595794,602
CP048242.1,596281,522
CP048242.1,598009,1866
CP048242.1,598016,490
CP048242.1,598242,57
CP048242.1,601770,13
CP048242.1,603189,1
CP048242.1,603382,416
CP048242.1,603454,243
CP048242.1,603532,36
CP048242.1,603568,1
CP048242.1,603575,649
CP048242.1,603843,41
CP048242.1,603850,349
CP048242.1,603971,35
CP048242.1,603978,362
CP048242.1,604281,1
CP048242.1,604317,60
CP048242.1,604336,188
CP048242.1,604356,5
CP048242.1,604370,23
CP048242.1,604390,193
CP048242.1,606257,99
CP048242.1,606599,453
CP048242.1,607088,634
CP048242.1,607105,91
CP048242.1,607112,45
CP048242.1,607253,92
CP048242.1,607257,23
CP048242.1,607262,1
CP048242.1,607282,1024
CP048242.1,607305,1163
CP048242.1,607322,239
CP048242.1,607340,38
CP048242.1,607910,1
CP048242.1,611211,507
CP048242.1,612181,240
CP048242.1,612192,204
CP048242.1,612490,2208
CP048242.1,612497,8
CP048242.1,612498,3441
CP048242.1,612546,55
CP048242.1,613489,1
CP048242.1,613493,74
CP048242.1,613557,462
CP048242.1,613560,67
CP048242.1,613564,664
CP048242.1,613614,78
CP048242.1,613644,8
CP048242.1,615671,654
CP048242.1,615678,38
CP048242.1,617695,887
CP048242.1,619407,105
CP048242.1,619472,1
CP048242.1,619479,55
CP048242.1,620756,153
CP048242.1,621435,183
CP048242.1,622402,988
CP048242.1,622421,37
CP048242.1,622427,953
CP048242.1,622602,1
CP048242.1,622609,294
CP048242.1,622759,1
CP048242.1,623101,848
CP048242.1,623150,178
CP048242.1,623538,11
CP048242.1,623571,144
CP048242.1,623580,497
CP048242.1,623838,747
CP048242.1,623948,887
CP048242.1,623999,178
CP048242.1,624524,1
CP048242.1,624528,90
CP048242.1,626195,498
CP048242.1,627837,191
CP048242.1,627874,140
CP048242.1,627892,599
CP048242.1,627914,78
CP048242.1,630493,778
CP048242.1,630517,1
CP048242.1,632113,57
CP048242.1,632532,254
CP048242.1,634530,1
CP048242.1,634554,410
CP048242.1,634928,47
CP048242.1,634985,65
CP048242.1,634988,1
CP048242.1,634995,735
CP048242.1,635017,342
CP048242.1,635129,278
CP048242.1,635132,1
CP048242.1,635299,48
CP048242.1,635885,307
CP048242.1,635933,45
CP048242.1,635954,94
CP048242.1,636106,1
CP048242.1,636914,1
CP048242.1,637582,178
CP048242.1,637590,56
CP048242.1,637644,1
CP048242.1,637656,1306
CP048242.1,637663,416
CP048242.1,637815,170
CP048242.1,637838,10
CP048242.1,637842,182
CP048242.1,637860,95
CP048242.1,637912,37
CP048242.1,637956,279
CP048242.1,637966,148
CP048242.1,637973,2117
CP048242.1,638033,508
CP048242.1,638061,55
CP048242.1,638620,654
CP048242.1,639411,772
CP048242.1,641651,12
CP048242.1,641749,432
CP048242.1,643211,355
CP048242.1,648165,45
CP048242.1,648670,96
CP048242.1,648706,631
CP048242.1,649640,13
CP048242.1,650620,211
CP048242.1,651296,697
CP048242.1,651522,693
CP048242.1,651529,29
CP048242.1,651620,19
CP048242.1,651637,64
CP048242.1,651659,229
CP048242.1,653274,1
CP048242.1,653661,112
CP048242.1,653716,57
CP048242.1,653739,428
CP048242.1,655106,151
CP048242.1,655833,156
CP048242.1,656126,63
CP048242.1,656458,2
CP048242.1,656690,62
CP048242.1,656697,135
CP048242.1,656788,2
CP048242.1,656869,849
CP048242.1,657049,274
CP048242.1,657119,12
CP048242.1,657198,305
CP048242.1,657261,4
CP048242.1,660181,1
CP048242.1,660701,62
CP048242.1,664528,4
CP048242.1,664796,1199
CP048242.1,664804,590
CP048242.1,664872,2582
CP048242.1,665149,2285
CP048242.1,665156,622
CP048242.1,665217,248
CP048242.1,665266,678
CP048242.1,667393,4
CP048242.1,667566,780
CP048242.1,668220,1
CP048242.1,668232,350
CP048242.1,668265,181
CP048242.1,668279,462
CP048242.1,668340,302
CP048242.1,668370,673
CP048242.1,668397,652
CP048242.1,668398,8
CP048242.1,668405,3
CP048242.1,668410,1
CP048242.1,668414,21
CP048242.1,668417,75
CP048242.1,668422,23
CP048242.1,668429,1630
CP048242.1,668434,62
CP048242.1,668441,89
CP048242.1,668443,263
CP048242.1,668449,42
CP048242.1,668479,230
CP048242.1,668553,1780
CP048242.1,668555,1612
CP048242.1,668560,152
CP048242.1,668562,1848
CP048242.1,668563,1
CP048242.1,668570,895
CP048242.1,668668,591
CP048242.1,668669,1290
CP048242.1,668675,1695
CP048242.1,668723,5
CP048242.1,668768,1
CP048242.1,668781,304
CP048242.1,668796,154
CP048242.1,668810,1446
CP048242.1,668819,768
CP048242.1,668864,78
CP048242.1,668994,236
CP048242.1,669472,142
CP048242.1,669535,49
CP048242.1,669937,1755
CP048242.1,673367,25
CP048242.1,673452,265
CP048242.1,677265,3
CP048242.1,678308,10
CP048242.1,678572,6
CP048242.1,678792,242
CP048242.1,678798,38
CP048242.1,678799,153
CP048242.1,678805,1
CP048242.1,678829,306
CP048242.1,678881,31
CP048242.1,678888,436
CP048242.1,678965,365
CP048242.1,678982,766
CP048242.1,678989,121
CP048242.1,679058,522
CP048242.1,680009,16
CP048242.1,680659,30
CP048242.1,680686,139
CP048242.1,680739,18
CP048242.1,680748,684
CP048242.1,680811,565
CP048242.1,680835,275
CP048242.1,680935,329
CP048242.1,680995,16
CP048242.1,681037,648
CP048242.1,683143,12
CP048242.1,683212,594
CP048242.1,683219,1
CP048242.1,683253,254
CP048242.1,683293,210
CP048242.1,685570,1
CP048242.1,685619,673
CP048242.1,685649,2
CP048242.1,687092,50
CP048242.1,689309,57
CP048242.1,689686,1
CP048242.1,690196,25
CP048242.1,690270,110
CP048242.1,693009,290
CP048242.1,693521,120
CP048242.1,693571,11
CP048242.1,694378,35
CP048242.1,695654,1
CP048242.1,697983,210
CP048242.1,698056,1285
CP048242.1,698072,436
CP048242.1,698153,2
CP048242.1,698283,22
CP048242.1,698359,92
CP048242.1,698511,656
CP048242.1,698596,91
CP048242.1,698839,520
CP048242.1,698846,2
CP048242.1,700330,163
CP048242.1,701543,433
CP048242.1,701917,13
CP048242.1,701918,574
CP048242.1,701924,453
CP048242.1,701973,154
CP048242.1,702194,627
CP048242.1,702722,890
CP048242.1,702856,569
CP048242.1,702903,1
CP048242.1,703062,42
CP048242.1,703269,671
CP048242.1,703274,109
CP048242.1,703281,393
CP048242.1,703381,652
CP048242.1,703431,1
CP048242.1,703438,47
CP048242.1,704875,1
CP048242.1,706084,10
CP048242.1,707096,1
CP048242.1,708846,464
CP048242.1,709244,323
CP048242.1,710243,49
CP048242.1,710713,19
CP048242.1,711108,12
CP048242.1,711961,343
CP048242.1,711981,112
CP048242.1,712116,164
CP048242.1,712192,42
CP048242.1,714167,19
CP048242.1,715462,21
CP048242.1,715532,307
CP048242.1,717294,39
CP048242.1,717419,19
CP048242.1,719022,1
CP048242.1,720353,2
CP048242.1,720360,1
CP048242.1,720380,472
CP048242.1,725378,217
CP048242.1,725415,61
CP048242.1,725912,55
CP048242.1,726257,207
CP048242.1,728395,853
CP048242.1,729211,371
CP048242.1,731479,93
CP048242.1,731488,17
CP048242.1,732437,402
CP048242.1,733096,13
CP048242.1,733116,1
CP048242.1,733129,9
CP048242.1,733136,334
CP048242.1,733252,368
CP048242.1,733270,1108
CP048242.1,733278,611
CP048242.1,733779,566
CP048242.1,734988,140
CP048242.1,735197,376
CP048242.1,735212,153
CP048242.1,736446,68
CP048242.1,738456,368
CP048242.1,738488,139
CP048242.1,738674,79
CP048242.1,740006,13
CP048242.1,740044,2
CP048242.1,740251,115
CP048242.1,740258,72
CP048242.1,742007,60
CP048242.1,744115,691
CP048242.1,746321,7
CP048242.1,746889,226
CP048242.1,746990,387
CP048242.1,747096,1
CP048242.1,747332,42
CP048242.1,747368,500
CP048242.1,747405,1373
CP048242.1,747426,1
CP048242.1,747466,232
CP048242.1,747473,16
CP048242.1,747582,319
CP048242.1,748059,435
CP048242.1,748067,406
CP048242.1,748087,694
CP048242.1,748132,23
CP048242.1,748249,35
CP048242.1,748791,184
CP048242.1,749274,784
CP048242.1,749357,796
CP048242.1,749631,415
CP048242.1,749734,1760
CP048242.1,749869,148
CP048242.1,749905,1317
CP048242.1,750403,363
CP048242.1,750461,435
CP048242.1,750511,199
CP048242.1,750513,142
CP048242.1,750791,1
CP048242.1,750915,281
CP048242.1,751147,1
CP048242.1,751155,114
CP048242.1,751325,30
CP048242.1,751374,10
CP048242.1,751404,1
CP048242.1,751526,3
CP048242.1,751580,432
CP048242.1,751599,403
CP048242.1,751860,1
CP048242.1,753307,987
CP048242.1,754406,36
CP048242.1,755239,5
CP048242.1,755336,338
CP048242.1,755340,20
CP048242.1,755343,1451
CP048242.1,755527,598
CP048242.1,755529,144
CP048242.1,755534,113
CP048242.1,755536,1504
CP048242.1,755538,453
CP048242.1,755545,773
CP048242.1,755619,41
CP048242.1,755679,7
CP048242.1,755690,12
CP048242.1,755697,26
CP048242.1,755729,19
CP048242.1,755733,714
CP048242.1,755736,102
CP048242.1,755740,19
CP048242.1,755744,710
CP048242.1,755752,8
CP048242.1,755763,29
CP048242.1,755768,543
CP048242.1,755816,910
CP048242.1,755818,133
CP048242.1,755823,235
CP048242.1,755845,316
CP048242.1,755946,169
CP048242.1,755975,120
CP048242.1,756004,1
CP048242.1,756079,157
CP048242.1,756098,341
CP048242.1,756103,445
CP048242.1,756105,850
CP048242.1,756110,124
CP048242.1,756114,435
CP048242.1,756117,777
CP048242.1,756133,187
CP048242.1,756182,1
CP048242.1,756185,632
CP048242.1,756188,50
CP048242.1,756189,1200
CP048242.1,756195,1101
CP048242.1,756268,25
CP048242.1,756443,474
CP048242.1,756490,1119
CP048242.1,756608,7
CP048242.1,756869,42
CP048242.1,756899,215
CP048242.1,758521,1
CP048242.1,758526,312
CP048242.1,759105,46
CP048242.1,760103,912
CP048242.1,760341,54
CP048242.1,760348,378
CP048242.1,760630,262
CP048242.1,760658,597
CP048242.1,760665,898
CP048242.1,760778,402
CP048242.1,760921,622
CP048242.1,762558,139
CP048242.1,764812,147
CP048242.1,765012,1
CP048242.1,765019,6
CP048242.1,765146,113
CP048242.1,765191,290
CP048242.1,767371,29
CP048242.1,769675,1
CP048242.1,769682,65
CP048242.1,770266,1
CP048242.1,770273,590
CP048242.1,770433,726
CP048242.1,770747,10
CP048242.1,770754,1
CP048242.1,770962,1
CP048242.1,770968,613
CP048242.1,771312,331
CP048242.1,771363,287
CP048242.1,771370,698
CP048242.1,771410,975
CP048242.1,771468,149
CP048242.1,771675,1150
CP048242.1,771678,157
CP048242.1,771703,614
CP048242.1,771704,1
CP048242.1,771979,65
CP048242.1,772050,182
CP048242.1,772185,1234
CP048242.1,773155,1
CP048242.1,775402,614
CP048242.1,775741,522
CP048242.1,775768,884
CP048242.1,777968,10
CP048242.1,778070,1
CP048242.1,778112,32
CP048242.1,778119,27
CP048242.1,778150,62
CP048242.1,778171,1
CP048242.1,778180,587
CP048242.1,778203,537
CP048242.1,778309,130
CP048242.1,778566,135
CP048242.1,779298,1
CP048242.1,782366,340
CP048242.1,784576,266
CP048242.1,785401,1
CP048242.1,785930,476
CP048242.1,786217,103
CP048242.1,786363,290
CP048242.1,786366,2112
CP048242.1,786392,1072
CP048242.1,786514,1684
CP048242.1,786517,374
CP048242.1,786521,1396
CP048242.1,786551,812
CP048242.1,786558,309
CP048242.1,786579,4
CP048242.1,786585,2
CP048242.1,786603,253
CP048242.1,786617,62
CP048242.1,786661,2280
CP048242.1,786752,383
CP048242.1,786846,63
CP048242.1,787015,34
CP048242.1,787150,452
CP048242.1,787231,11
CP048242.1,787289,46
CP048242.1,788486,560
CP048242.1,788837,32
CP048242.1,789059,272
CP048242.1,789766,67
CP048242.1,789872,690
CP048242.1,790355,288
CP048242.1,791382,376
CP048242.1,791427,560
CP048242.1,791564,2
CP048242.1,791685,115
CP048242.1,791801,33
CP048242.1,792140,139
CP048242.1,793202,62
CP048242.1,795100,8
CP048242.1,795123,395
CP048242.1,795134,104
CP048242.1,795168,207
CP048242.1,795173,6
CP048242.1,798159,306
CP048242.1,800691,1
CP048242.1,800722,146
CP048242.1,800766,912
CP048242.1,800776,2
CP048242.1,800778,76
CP048242.1,800786,2
CP048242.1,800788,410
CP048242.1,800796,1
CP048242.1,800798,2
CP048242.1,800815,1
CP048242.1,800823,1
CP048242.1,800833,220
CP048242.1,800858,594
CP048242.1,800888,301
CP048242.1,800894,1
CP048242.1,800916,1
CP048242.1,800920,1
CP048242.1,801032,783
CP048242.1,801035,170
CP048242.1,801089,3460
CP048242.1,801097,1
CP048242.1,801172,3062
CP048242.1,801188,3492
CP048242.1,801195,2509
CP048242.1,801209,2650
CP048242.1,801283,473
CP048242.1,801731,2343
CP048242.1,801988,1
CP048242.1,802984,72
CP048242.1,803169,511
CP048242.1,803180,1
CP048242.1,803217,59
CP048242.1,803288,5799
CP048242.1,803290,302
CP048242.1,803295,3397
CP048242.1,803297,639
CP048242.1,803322,254
CP048242.1,803334,6
CP048242.1,803344,67
CP048242.1,803490,1
CP048242.1,803615,1031
CP048242.1,803627,252
CP048242.1,803634,222
CP048242.1,803660,49
CP048242.1,803984,237
CP048242.1,804031,172
CP048242.1,804581,360
CP048242.1,810266,36
CP048242.1,810393,534
CP048242.1,810591,255
CP048242.1,811500,469
CP048242.1,812112,12
CP048242.1,814278,827
CP048242.1,814740,60
CP048242.1,817407,298
CP048242.1,817453,56
CP048242.1,817460,659
CP048242.1,817619,21
CP048242.1,817761,380
CP048242.1,817843,272
CP048242.1,817910,104
CP048242.1,817980,188
CP048242.1,820354,59
CP048242.1,820361,9
CP048242.1,820378,119
CP048242.1,822969,1012
CP048242.1,823748,543
CP048242.1,823760,555
CP048242.1,824863,83
CP048242.1,824865,283
CP048242.1,824901,2
CP048242.1,824940,11
CP048242.1,824955,398
CP048242.1,825132,135
CP048242.1,825764,796
CP048242.1,826734,522
CP048242.1,826832,80
CP048242.1,829541,218
CP048242.1,829548,692
CP048242.1,829656,55
CP048242.1,831441,782
CP048242.1,831474,827
CP048242.1,831531,1010
CP048242.1,832074,878
CP048242.1,837109,20
CP048242.1,838420,427
CP048242.1,840137,25
CP048242.1,841095,65
CP048242.1,842468,1
CP048242.1,843899,2
CP048242.1,843975,433
CP048242.1,844109,1670
CP048242.1,844610,353
CP048242.1,844624,22
CP048242.1,844795,274
CP048242.1,844806,1
CP048242.1,845328,364
CP048242.1,845337,1
CP048242.1,845577,48
CP048242.1,845922,15
CP048242.1,849027,38
CP048242.1,849694,236
CP048242.1,849871,255
CP048242.1,849898,1
CP048242.1,849926,392
CP048242.1,850120,459
CP048242.1,853324,370
CP048242.1,853616,54
CP048242.1,853695,19
CP048242.1,854455,996
CP048242.1,854699,34
CP048242.1,854781,11
CP048242.1,854788,61
CP048242.1,854816,2
CP048242.1,854825,226
CP048242.1,854857,452
CP048242.1,854864,974
CP048242.1,854909,167
CP048242.1,855044,518
CP048242.1,855242,345
CP048242.1,855632,1
CP048242.1,855639,1037
CP048242.1,855655,1
CP048242.1,855672,363
CP048242.1,855693,376
CP048242.1,855940,202
CP048242.1,856111,624
CP048242.1,856391,6
CP048242.1,856423,314
CP048242.1,856428,1
CP048242.1,856460,17
CP048242.1,856480,77
CP048242.1,856507,670
CP048242.1,856510,175
CP048242.1,856547,26
CP048242.1,856638,60
CP048242.1,856649,16
CP048242.1,856656,560
CP048242.1,856712,26
CP048242.1,856714,695
CP048242.1,856721,3239
CP048242.1,857023,569
CP048242.1,857643,47
CP048242.1,857787,753
CP048242.1,858005,9
CP048242.1,858184,145
CP048242.1,858401,72
CP048242.1,858555,271
CP048242.1,858828,728
CP048242.1,858861,3362
CP048242.1,858868,188
CP048242.1,858875,1
CP048242.1,859136,197
CP048242.1,859159,1
CP048242.1,859166,788
CP048242.1,859495,1319
CP048242.1,859615,408
CP048242.1,859807,278
CP048242.1,859816,434
CP048242.1,859820,18
CP048242.1,859824,1
CP048242.1,859851,117
CP048242.1,859853,139
CP048242.1,859860,170
CP048242.1,859908,184
CP048242.1,859927,1957
CP048242.1,859978,1
CP048242.1,859998,31
CP048242.1,860043,51
CP048242.1,860050,804
CP048242.1,860052,272
CP048242.1,860077,986
CP048242.1,860204,33
CP048242.1,860220,1067
CP048242.1,860293,1
CP048242.1,860440,1815
CP048242.1,860447,331
CP048242.1,860479,1
CP048242.1,860593,7
CP048242.1,860639,19
CP048242.1,860657,11
CP048242.1,860701,183
CP048242.1,860724,277
CP048242.1,860832,10
CP048242.1,860878,1127
CP048242.1,860885,1
CP048242.1,860898,451
CP048242.1,860904,1475
CP048242.1,860911,590
CP048242.1,860915,449
CP048242.1,860916,1
CP048242.1,860918,3181
CP048242.1,860922,2943
CP048242.1,860924,1247
CP048242.1,860926,1
CP048242.1,860927,1
CP048242.1,860929,786
CP048242.1,860992,360
CP048242.1,861057,2
CP048242.1,861143,527
CP048242.1,861154,1504
CP048242.1,861167,1252
CP048242.1,861169,400
CP048242.1,861199,865
CP048242.1,861206,442
CP048242.1,861319,1241
CP048242.1,861379,1488
CP048242.1,861501,1
CP048242.1,861546,289
CP048242.1,861564,1805
CP048242.1,861716,553
CP048242.1,861835,161
CP048242.1,861862,6
CP048242.1,861899,2
CP048242.1,862184,117
CP048242.1,862217,1
CP048242.1,862251,1
CP048242.1,862276,1
CP048242.1,862283,650
CP048242.1,862321,744
CP048242.1,862443,1
CP048242.1,862444,883
CP048242.1,862451,38
CP048242.1,862455,58
CP048242.1,862462,1104
CP048242.1,862506,5177
CP048242.1,862513,120
CP048242.1,862534,2586
CP048242.1,862541,492
CP048242.1,862545,1138
CP048242.1,862602,480
CP048242.1,862680,1
CP048242.1,863044,536
CP048242.1,863124,1
CP048242.1,863271,2
CP048242.1,863324,738
CP048242.1,863572,209
CP048242.1,863872,1169
CP048242.1,863906,29
CP048242.1,863977,944
CP048242.1,864304,65
CP048242.1,864444,1575
CP048242.1,864460,1
CP048242.1,864467,3
CP048242.1,864500,660
CP048242.1,864535,16
CP048242.1,864623,1216
CP048242.1,864638,57
CP048242.1,864651,13
CP048242.1,864685,27
CP048242.1,864878,14
CP048242.1,865243,122
CP048242.1,868322,2
CP048242.1,868373,1664
CP048242.1,868417,2
CP048242.1,868503,148
CP048242.1,868504,1532
CP048242.1,868515,480
CP048242.1,868605,405
CP048242.1,869811,395
CP048242.1,869899,109
CP048242.1,871392,2
CP048242.1,871489,21
CP048242.1,871495,29
CP048242.1,871500,115
CP048242.1,871502,113
CP048242.1,871504,272
CP048242.1,871533,49
CP048242.1,871608,911
CP048242.1,872060,361
CP048242.1,873592,341
CP048242.1,873599,2323
CP048242.1,875068,1075
CP048242.1,875075,2
CP048242.1,875111,64
CP048242.1,875364,835
CP048242.1,878244,427
CP048242.1,878725,467
CP048242.1,878761,65
CP048242.1,878774,1124
CP048242.1,879072,21
CP048242.1,879091,332
CP048242.1,879219,2
CP048242.1,879244,614
CP048242.1,880152,1
CP048242.1,880958,3
CP048242.1,881173,34
CP048242.1,881217,1
CP048242.1,881333,79
CP048242.1,881400,934
CP048242.1,881468,21
CP048242.1,881470,792
CP048242.1,881482,534
CP048242.1,881503,72
CP048242.1,881540,791
CP048242.1,881563,122
CP048242.1,881611,399
CP048242.1,881623,127
CP048242.1,881640,186
CP048242.1,881669,308
CP048242.1,881721,306
CP048242.1,881766,1
CP048242.1,881773,227
CP048242.1,881805,690
CP048242.1,881812,44
CP048242.1,881913,212
CP048242.1,881963,321
CP048242.1,882010,200
CP048242.1,882553,755
CP048242.1,882567,885
CP048242.1,882841,37
CP048242.1,882990,9
CP048242.1,883107,159
CP048242.1,883265,169
CP048242.1,883283,444
CP048242.1,883497,559
CP048242.1,883541,56
CP048242.1,883740,6
CP048242.1,883767,158
CP048242.1,883805,7
CP048242.1,885232,45
CP048242.1,885496,675
CP048242.1,885616,424
CP048242.1,885707,264
CP048242.1,885780,312
CP048242.1,885885,3
CP048242.1,886027,91
CP048242.1,886230,219
CP048242.1,887266,22
CP048242.1,887279,812
CP048242.1,887723,234
CP048242.1,888095,3
CP048242.1,888295,336
CP048242.1,888423,24
CP048242.1,888530,1
CP048242.1,888538,716
CP048242.1,888757,56
CP048242.1,888957,2
CP048242.1,889084,1
CP048242.1,889098,1
CP048242.1,889109,442
CP048242.1,889126,670
CP048242.1,889136,136
CP048242.1,889524,2
CP048242.1,889617,385
CP048242.1,891565,519
CP048242.1,891572,7
CP048242.1,891573,1
CP048242.1,891588,153
CP048242.1,891615,601
CP048242.1,891622,482
CP048242.1,891628,15
CP048242.1,891831,466
CP048242.1,892985,66
CP048242.1,893021,196
CP048242.1,893123,44
CP048242.1,893371,173
CP048242.1,893411,233
CP048242.1,893418,1412
CP048242.1,893437,246
CP048242.1,893446,245
CP048242.1,895102,1
CP048242.1,896263,942
CP048242.1,896314,29
CP048242.1,898316,10
CP048242.1,898554,2344
CP048242.1,898561,1
CP048242.1,898633,1
CP048242.1,898829,1
CP048242.1,899445,248
CP048242.1,899477,1923
CP048242.1,899484,33
CP048242.1,900296,60
CP048242.1,900311,525
CP048242.1,902513,1
CP048242.1,902569,2
CP048242.1,904042,321
CP048242.1,904375,240
CP048242.1,904423,37
CP048242.1,904780,271
CP048242.1,905149,915
CP048242.1,905685,848
CP048242.1,907019,742
CP048242.1,907026,1297
CP048242.1,907030,118
CP048242.1,907076,1299
CP048242.1,907140,358
CP048242.1,907173,856
CP048242.1,907175,2455
CP048242.1,907178,705
CP048242.1,907265,752
CP048242.1,907336,1
CP048242.1,907369,54
CP048242.1,907740,71
CP048242.1,908209,2
CP048242.1,908414,164
CP048242.1,908585,207
CP048242.1,908590,402
CP048242.1,911511,185
CP048242.1,913477,151
CP048242.1,918085,46
CP048242.1,918241,6
CP048242.1,918471,710
CP048242.1,918483,855
CP048242.1,918488,179
CP048242.1,918490,1428
CP048242.1,918492,1
CP048242.1,918499,240
CP048242.1,918500,4304
CP048242.1,918503,1
CP048242.1,918523,517
CP048242.1,918643,439
CP048242.1,918652,145
CP048242.1,918674,2
CP048242.1,918749,70
CP048242.1,918776,1206
CP048242.1,919609,23
CP048242.1,922865,263
CP048242.1,930570,89
CP048242.1,930875,220
CP048242.1,931060,310
CP048242.1,931311,139
CP048242.1,931684,442
CP048242.1,933374,2
CP048242.1,933455,47
CP048242.1,933858,1709
CP048242.1,933926,1173
CP048242.1,934254,1
CP048242.1,934424,1
CP048242.1,934435,81
CP048242.1,934442,3055
CP048242.1,934584,678
CP048242.1,934835,1
CP048242.1,934937,2
CP048242.1,935057,92
CP048242.1,935366,223
CP048242.1,935925,802
CP048242.1,937011,2
CP048242.1,937035,1083
CP048242.1,937042,2
CP048242.1,937097,412
CP048242.1,941229,367
CP048242.1,941768,867
CP048242.1,943509,233
CP048242.1,943691,1
CP048242.1,944182,327
CP048242.1,944197,1
CP048242.1,944384,56
CP048242.1,944444,5
CP048242.1,944612,153
CP048242.1,945854,5
CP048242.1,945881,353
CP048242.1,945916,2572
CP048242.1,946146,232
CP048242.1,947428,1597
CP048242.1,947794,1032
CP048242.1,947918,1623
CP048242.1,947933,7
CP048242.1,948298,585
CP048242.1,948495,1230
CP048242.1,948831,238
CP048242.1,949796,874
CP048242.1,950278,358
CP048242.1,950301,1
CP048242.1,950306,1
CP048242.1,950322,256
CP048242.1,950574,10
CP048242.1,950626,624
CP048242.1,950633,40
CP048242.1,950638,995
CP048242.1,950640,301
CP048242.1,950685,21
CP048242.1,950724,713
CP048242.1,950734,52
CP048242.1,950738,1198
CP048242.1,950741,527
CP048242.1,950745,1984
CP048242.1,950749,1993
CP048242.1,950777,2289
CP048242.1,950784,1464
CP048242.1,950790,253
CP048242.1,950792,21
CP048242.1,950834,408
CP048242.1,950835,247
CP048242.1,950837,3
CP048242.1,950839,57
CP048242.1,950841,1
CP048242.1,951052,74
CP048242.1,951354,2
CP048242.1,951741,761
CP048242.1,953100,133
CP048242.1,953705,102
CP048242.1,953931,331
CP048242.1,953938,992
CP048242.1,953949,1856
CP048242.1,953965,43
CP048242.1,954044,2
CP048242.1,954386,1
CP048242.1,956201,80
CP048242.1,958824,100
CP048242.1,959391,516
CP048242.1,961645,50
CP048242.1,961671,3
CP048242.1,961705,297
CP048242.1,962092,40
CP048242.1,963985,177
CP048242.1,964096,7
CP048242.1,964332,873
CP048242.1,964484,1
CP048242.1,964506,560
CP048242.1,964583,1
CP048242.1,964979,45
CP048242.1,966607,124
CP048242.1,967667,10
CP048242.1,967942,118
CP048242.1,967944,161
CP048242.1,967965,138
CP048242.1,968077,163
CP048242.1,968284,1258
CP048242.1,969157,78
CP048242.1,970782,514
CP048242.1,970867,200
CP048242.1,971135,1
CP048242.1,971265,99
CP048242.1,971432,246
CP048242.1,971596,185
CP048242.1,971774,1
CP048242.1,971781,1225
CP048242.1,971804,149
CP048242.1,971855,288
CP048242.1,971859,382
CP048242.1,971862,680
CP048242.1,972349,38
CP048242.1,972395,89
CP048242.1,973247,83
CP048242.1,973299,453
CP048242.1,973306,718
CP048242.1,973312,1
CP048242.1,973346,485
CP048242.1,974851,237
CP048242.1,974898,1061
CP048242.1,974905,170
CP048242.1,975736,15
CP048242.1,976017,14
CP048242.1,976039,421
CP048242.1,976064,103
CP048242.1,976227,57
CP048242.1,976244,301
CP048242.1,976362,684
CP048242.1,976363,9
CP048242.1,979169,109
CP048242.1,979495,1091
CP048242.1,979668,223
CP048242.1,979787,101
CP048242.1,980100,1115
CP048242.1,980130,68
CP048242.1,980324,6
CP048242.1,980442,166
CP048242.1,986379,511
CP048242.1,986386,480
CP048242.1,986431,52
CP048242.1,986456,293
CP048242.1,986522,247
CP048242.1,986529,239
CP048242.1,986545,17
CP048242.1,986694,351
CP048242.1,986701,1
CP048242.1,986702,346
CP048242.1,986733,18
CP048242.1,986841,2
CP048242.1,987577,61
CP048242.1,987733,50
CP048242.1,988369,89
CP048242.1,988376,95
CP048242.1,988398,8
CP048242.1,988405,697
CP048242.1,988473,659
CP048242.1,988477,1
CP048242.1,989349,94
CP048242.1,989402,77
CP048242.1,989688,680
CP048242.1,989726,355
CP048242.1,989778,420
CP048242.1,989785,1563
CP048242.1,989812,57
CP048242.1,989887,231
CP048242.1,989919,382
CP048242.1,992906,2
CP048242.1,992940,786
CP048242.1,992967,1
CP048242.1,992975,374
CP048242.1,993057,360
CP048242.1,993064,1445
CP048242.1,993082,7
CP048242.1,993107,1903
CP048242.1,993197,547
CP048242.1,993198,1
CP048242.1,993204,116
CP048242.1,993320,26
CP048242.1,993345,5
CP048242.1,993446,732
CP048242.1,993455,867
CP048242.1,993505,194
CP048242.1,993717,1
CP048242.1,993795,1086
CP048242.1,995186,801
CP048242.1,995577,4
CP048242.1,995579,1445
CP048242.1,995583,5136
CP048242.1,995584,426
CP048242.1,995586,1370
CP048242.1,995589,178
CP048242.1,995590,8454
CP048242.1,995691,1
CP048242.1,995706,304
CP048242.1,995712,309
CP048242.1,995877,1
CP048242.1,996021,1
CP048242.1,996027,100
CP048242.1,996153,2
CP048242.1,996167,934
CP048242.1,996273,142
CP048242.1,996311,512
CP048242.1,996465,1
CP048242.1,996681,1596
CP048242.1,996792,94
CP048242.1,996941,188
CP048242.1,996948,519
CP048242.1,997093,1
CP048242.1,997573,1
CP048242.1,997583,533
CP048242.1,997737,76
CP048242.1,997744,859
CP048242.1,997925,84
CP048242.1,997932,763
CP048242.1,998036,2
CP048242.1,998043,1
CP048242.1,998196,166
CP048242.1,998577,70
CP048242.1,998840,1
CP048242.1,998847,503
CP048242.1,998964,107
CP048242.1,999185,765
CP048242.1,999234,363
CP048242.1,999893,589
CP048242.1,999936,34
CP048242.1,999943,438
CP048242.1,1000768,1
CP048242.1,1000770,306
CP048242.1,1000808,1
CP048242.1,1000867,62
CP048242.1,1000985,1
CP048242.1,1000990,567
CP048242.1,1001134,54
CP048242.1,1001300,1
CP048242.1,1001415,1599
CP048242.1,1001488,319
CP048242.1,1001495,127
CP048242.1,1001559,62
CP048242.1,1001574,348
CP048242.1,1001784,2
CP048242.1,1001790,2
CP048242.1,1001933,47
CP048242.1,1002092,1
CP048242.1,1002095,158
CP048242.1,1002159,418
CP048242.1,1002382,1
CP048242.1,1002389,2
CP048242.1,1002443,1
CP048242.1,1002454,572
CP048242.1,1002617,1
CP048242.1,1002618,1
CP048242.1,1002725,682
CP048242.1,1002806,131
CP048242.1,1002813,1
CP048242.1,1003283,77
CP048242.1,1003367,1
CP048242.1,1003447,126
CP048242.1,1003454,101
CP048242.1,1003500,1
CP048242.1,1003789,2
CP048242.1,1003796,2
CP048242.1,1003932,565
CP048242.1,1003943,3
CP048242.1,1004133,1
CP048242.1,1004241,4
CP048242.1,1004243,1
CP048242.1,1004308,415
CP048242.1,1004405,2
CP048242.1,1004412,2
CP048242.1,1004607,326
CP048242.1,1004674,15
CP048242.1,1004825,636
CP048242.1,1005010,11
CP048242.1,1005081,62
CP048242.1,1005088,185
CP048242.1,1005211,1
CP048242.1,1005249,283
CP048242.1,1005661,34
CP048242.1,1005666,18
CP048242.1,1005668,203
CP048242.1,1005774,377
CP048242.1,1005797,56
CP048242.1,1006044,194
CP048242.1,1006157,58
CP048242.1,1006284,1307
CP048242.1,1006935,32
CP048242.1,1006980,335
CP048242.1,1007139,1
CP048242.1,1007288,555
CP048242.1,1007475,117
CP048242.1,1007482,626
CP048242.1,1007483,45
CP048242.1,1007786,153
CP048242.1,1008231,1
CP048242.1,1008492,107
CP048242.1,1008495,5
CP048242.1,1009839,304
CP048242.1,1010145,1
CP048242.1,1010210,105
CP048242.1,1010341,37
CP048242.1,1010503,1211
CP048242.1,1010519,442
CP048242.1,1010543,168
CP048242.1,1010580,8
CP048242.1,1010595,244
CP048242.1,1011100,323
CP048242.1,1011423,698
CP048242.1,1012293,1
CP048242.1,1012344,371
CP048242.1,1012390,101
CP048242.1,1012399,3
CP048242.1,1012472,576
CP048242.1,1012476,397
CP048242.1,1012479,872
CP048242.1,1012551,16
CP048242.1,1012554,525
CP048242.1,1012560,173
CP048242.1,1012605,7
CP048242.1,1012607,6
CP048242.1,1012620,81
CP048242.1,1012628,225
CP048242.1,1012631,379
CP048242.1,1012639,1
CP048242.1,1012646,553
CP048242.1,1012672,1476
CP048242.1,1012679,1
CP048242.1,1012683,2672
CP048242.1,1012690,1674
CP048242.1,1012782,757
CP048242.1,1012791,10
CP048242.1,1012800,682
CP048242.1,1012818,66
CP048242.1,1012840,274
CP048242.1,1012843,15
CP048242.1,1012879,1
CP048242.1,1012914,49
CP048242.1,1012917,5
CP048242.1,1012919,182
CP048242.1,1012921,1
CP048242.1,1012924,198
CP048242.1,1012926,820
CP048242.1,1012934,589
CP048242.1,1012944,65
CP048242.1,1012947,1323
CP048242.1,1012977,8
CP048242.1,1013031,56
CP048242.1,1013084,385
CP048242.1,1013112,1
CP048242.1,1013124,41
CP048242.1,1013130,175
CP048242.1,1013132,209
CP048242.1,1013136,446
CP048242.1,1013139,121
CP048242.1,1013143,484
CP048242.1,1013257,105
CP048242.1,1013310,315
CP048242.1,1013319,229
CP048242.1,1013325,17
CP048242.1,1013336,46
CP048242.1,1013338,63
CP048242.1,1013388,1
CP048242.1,1013390,6
CP048242.1,1013427,40
CP048242.1,1014523,17
CP048242.1,1017099,562
CP048242.1,1022566,13
CP048242.1,1022637,30
CP048242.1,1022708,31
CP048242.1,1022741,56
CP048242.1,1022911,392
CP048242.1,1022986,1
CP048242.1,1023074,1754
CP048242.1,1023120,58
CP048242.1,1023629,505
CP048242.1,1024111,36
CP048242.1,1026468,20
CP048242.1,1027651,95
CP048242.1,1027658,31
CP048242.1,1027665,302
CP048242.1,1027672,871
CP048242.1,1027775,1
CP048242.1,1027955,278
CP048242.1,1027962,435
CP048242.1,1028103,636
CP048242.1,1029133,32
CP048242.1,1029138,2
CP048242.1,1029225,46
CP048242.1,1029402,36
CP048242.1,1029492,10
CP048242.1,1029496,1025
CP048242.1,1029519,326
CP048242.1,1029698,41
CP048242.1,1029742,15
CP048242.1,1029749,92
CP048242.1,1030591,1
CP048242.1,1030805,28
CP048242.1,1030888,140
CP048242.1,1030932,281
CP048242.1,1030981,900
CP048242.1,1031081,82
CP048242.1,1031086,497
CP048242.1,1031088,87
CP048242.1,1031105,1
CP048242.1,1031216,368
CP048242.1,1031304,210
CP048242.1,1031305,1067
CP048242.1,1031338,131
CP048242.1,1031345,1370
CP048242.1,1031359,1098
CP048242.1,1031395,430
CP048242.1,1031400,902
CP048242.1,1031404,454
CP048242.1,1031415,58
CP048242.1,1031640,2
CP048242.1,1031646,276
CP048242.1,1031647,135
CP048242.1,1031653,1
CP048242.1,1031668,1
CP048242.1,1031802,4
CP048242.1,1031811,390
CP048242.1,1032393,67
CP048242.1,1032421,175
CP048242.1,1032459,452
CP048242.1,1032470,4
CP048242.1,1032475,669
CP048242.1,1032510,3782
CP048242.1,1032517,329
CP048242.1,1032586,609
CP048242.1,1032624,18
CP048242.1,1032668,138
CP048242.1,1032708,575
CP048242.1,1032742,3
CP048242.1,1032744,2071
CP048242.1,1032749,13
CP048242.1,1032751,3617
CP048242.1,1032772,111
CP048242.1,1032930,772
CP048242.1,1034713,36
CP048242.1,1034720,377
CP048242.1,1034757,390
CP048242.1,1034942,237
CP048242.1,1035292,3
CP048242.1,1035313,263
CP048242.1,1035363,33
CP048242.1,1035759,833
CP048242.1,1036074,21
CP048242.1,1036214,455
CP048242.1,1036924,862
CP048242.1,1036937,2
CP048242.1,1037052,479
CP048242.1,1037069,24
CP048242.1,1037078,561
CP048242.1,1037236,13
CP048242.1,1037743,1331
CP048242.1,1037874,120
CP048242.1,1037898,5
CP048242.1,1037905,92
CP048242.1,1037916,37
CP048242.1,1037923,474
CP048242.1,1037949,570
CP048242.1,1038418,675
CP048242.1,1038504,744
CP048242.1,1038737,135
CP048242.1,1038794,105
CP048242.1,1039208,9
CP048242.1,1039282,672
CP048242.1,1039304,164
CP048242.1,1039623,35
CP048242.1,1039630,128
CP048242.1,1039662,117
CP048242.1,1039889,4853
CP048242.1,1039890,1
CP048242.1,1039896,4359
CP048242.1,1039993,62
CP048242.1,1039995,2
CP048242.1,1040002,437
CP048242.1,1040046,1
CP048242.1,1040127,345
CP048242.1,1040132,482
CP048242.1,1040158,1
CP048242.1,1040169,3
CP048242.1,1040182,416
CP048242.1,1040189,1552
CP048242.1,1040197,73
CP048242.1,1040198,556
CP048242.1,1040204,37
CP048242.1,1040220,38
CP048242.1,1040358,1
CP048242.1,1042326,7
CP048242.1,1042333,76
CP048242.1,1042436,49
CP048242.1,1043028,95
CP048242.1,1043072,116
CP048242.1,1043074,229
CP048242.1,1043097,1221
CP048242.1,1043098,501
CP048242.1,1043111,26
CP048242.1,1043116,1118
CP048242.1,1043123,94
CP048242.1,1043297,130
CP048242.1,1043399,28
CP048242.1,1043404,1
CP048242.1,1043441,627
CP048242.1,1043443,8
CP048242.1,1043454,269
CP048242.1,1045002,390
CP048242.1,1045009,121
CP048242.1,1045182,1
CP048242.1,1045217,34
CP048242.1,1046817,139
CP048242.1,1046822,287
CP048242.1,1046824,126
CP048242.1,1046826,45
CP048242.1,1046831,1019
CP048242.1,1046833,170
CP048242.1,1046876,18
CP048242.1,1046889,72
CP048242.1,1047930,5
CP048242.1,1047943,87
CP048242.1,1048247,23
CP048242.1,1048288,37
CP048242.1,1048476,999
CP048242.1,1048555,18
CP048242.1,1048681,1215
CP048242.1,1049317,635
CP048242.1,1049449,141
CP048242.1,1050101,466
CP048242.1,1050346,5
CP048242.1,1050500,1
CP048242.1,1050543,642
CP048242.1,1050550,44
CP048242.1,1050595,361
CP048242.1,1050618,19
CP048242.1,1050625,445
CP048242.1,1050633,84
CP048242.1,1050642,1
CP048242.1,1050901,710
CP048242.1,1050990,85
CP048242.1,1051174,4
CP048242.1,1051465,5
CP048242.1,1051503,346
CP048242.1,1051830,543
CP048242.1,1051921,177
CP048242.1,1052122,158
CP048242.1,1052245,42
CP048242.1,1052276,403
CP048242.1,1052292,115
CP048242.1,1052299,1685
CP048242.1,1052408,196
CP048242.1,1052458,4
CP048242.1,1052588,33
CP048242.1,1053434,277
CP048242.1,1053474,58
CP048242.1,1053560,233
CP048242.1,1053585,114
CP048242.1,1053718,1249
CP048242.1,1053723,215
CP048242.1,1053725,1656
CP048242.1,1053852,257
CP048242.1,1053854,1
CP048242.1,1053925,770
CP048242.1,1053985,354
CP048242.1,1054011,738
CP048242.1,1054020,445
CP048242.1,1054023,877
CP048242.1,1054025,29
CP048242.1,1054040,52
CP048242.1,1054049,67
CP048242.1,1054073,1435
CP048242.1,1054079,116
CP048242.1,1054080,2354
CP048242.1,1054137,413
CP048242.1,1054154,110
CP048242.1,1054159,2
CP048242.1,1054227,1
CP048242.1,1054234,30
CP048242.1,1054235,224
CP048242.1,1054242,175
CP048242.1,1054249,70
CP048242.1,1054271,569
CP048242.1,1054272,1993
CP048242.1,1054273,676
CP048242.1,1054274,243
CP048242.1,1054280,62
CP048242.1,1054282,3
CP048242.1,1054283,3
CP048242.1,1054290,18
CP048242.1,1054299,1199
CP048242.1,1054306,1368
CP048242.1,1054313,638
CP048242.1,1054320,1047
CP048242.1,1054328,687
CP048242.1,1054342,650
CP048242.1,1054344,1284
CP048242.1,1054351,26
CP048242.1,1054360,136
CP048242.1,1054364,277
CP048242.1,1054371,951
CP048242.1,1054403,1
CP048242.1,1054404,217
CP048242.1,1054405,1
CP048242.1,1054410,555
CP048242.1,1054411,649
CP048242.1,1054417,82
CP048242.1,1054426,594
CP048242.1,1054492,283
CP048242.1,1054511,4
CP048242.1,1054525,829
CP048242.1,1054526,737
CP048242.1,1054533,35
CP048242.1,1054540,11
CP048242.1,1054547,1
CP048242.1,1054562,498
CP048242.1,1054583,6879
CP048242.1,1054590,5008
CP048242.1,1054612,61
CP048242.1,1054618,466
CP048242.1,1054619,33
CP048242.1,1054620,45
CP048242.1,1054625,1654
CP048242.1,1054627,682
CP048242.1,1054645,59
CP048242.1,1054647,48
CP048242.1,1054652,552
CP048242.1,1054654,257
CP048242.1,1054656,756
CP048242.1,1054664,91
CP048242.1,1054667,530
CP048242.1,1054668,812
CP048242.1,1054672,1263
CP048242.1,1054674,4688
CP048242.1,1054675,5856
CP048242.1,1054679,1751
CP048242.1,1054681,3719
CP048242.1,1054688,6
CP048242.1,1054690,67
CP048242.1,1054695,13
CP048242.1,1054699,161
CP048242.1,1054702,89
CP048242.1,1054706,9182
CP048242.1,1054711,701
CP048242.1,1054713,2491
CP048242.1,1054720,10043
CP048242.1,1054727,4224
CP048242.1,1054742,171
CP048242.1,1054748,587
CP048242.1,1054749,948
CP048242.1,1054756,5105
CP048242.1,1054757,3491
CP048242.1,1054760,2
CP048242.1,1054764,1921
CP048242.1,1054766,19
CP048242.1,1054773,472
CP048242.1,1054777,40
CP048242.1,1054816,388
CP048242.1,1054839,1116
CP048242.1,1054846,509
CP048242.1,1054917,312
CP048242.1,1054932,442
CP048242.1,1054939,41
CP048242.1,1054957,1
CP048242.1,1055019,215
CP048242.1,1055081,230
CP048242.1,1055156,261
CP048242.1,1055202,209
CP048242.1,1055260,68
CP048242.1,1055317,122
CP048242.1,1055320,179
CP048242.1,1055387,34
CP048242.1,1055429,249
CP048242.1,1055436,1
CP048242.1,1055502,90
CP048242.1,1055525,2
CP048242.1,1055529,98
CP048242.1,1055964,7
CP048242.1,1056085,299
CP048242.1,1056300,829
CP048242.1,1056543,889
CP048242.1,1056785,787
CP048242.1,1056954,1
CP048242.1,1057088,682
CP048242.1,1057091,47
CP048242.1,1057115,197
CP048242.1,1057167,1
CP048242.1,1057235,148
CP048242.1,1057465,1
CP048242.1,1057470,1104
CP048242.1,1057494,281
CP048242.1,1057544,12
CP048242.1,1057549,328
CP048242.1,1057613,75
CP048242.1,1057619,41
CP048242.1,1057620,149
CP048242.1,1057625,25
CP048242.1,1057626,2
CP048242.1,1057706,7
CP048242.1,1057712,83
CP048242.1,1057727,96
CP048242.1,1057730,28
CP048242.1,1057741,2274
CP048242.1,1057748,1797
CP048242.1,1057789,1
CP048242.1,1057793,40
CP048242.1,1057845,449
CP048242.1,1057847,355
CP048242.1,1057852,319
CP048242.1,1057936,145
CP048242.1,1057945,57
CP048242.1,1057975,112
CP048242.1,1058018,22
CP048242.1,1058283,341
CP048242.1,1058290,1
CP048242.1,1058317,1848
CP048242.1,1058323,18
CP048242.1,1058336,871
CP048242.1,1058426,317
CP048242.1,1058524,124
CP048242.1,1058567,1
CP048242.1,1058989,2
CP048242.1,1059015,383
CP048242.1,1059115,1
CP048242.1,1059119,6
CP048242.1,1059122,332
CP048242.1,1059153,286
CP048242.1,1059615,579
CP048242.1,1059646,1
CP048242.1,1059649,5
CP048242.1,1059810,1
CP048242.1,1059883,36
CP048242.1,1059892,523
CP048242.1,1059899,16
CP048242.1,1059908,24
CP048242.1,1060033,16
CP048242.1,1060172,1
CP048242.1,1060219,395
CP048242.1,1060325,531
CP048242.1,1060346,139
CP048242.1,1060617,1
CP048242.1,1060649,103
CP048242.1,1060790,128
CP048242.1,1060793,186
CP048242.1,1060800,804
CP048242.1,1060821,47
CP048242.1,1060828,106
CP048242.1,1060870,88
CP048242.1,1060938,144
CP048242.1,1068724,416
CP048242.1,1068731,1535
CP048242.1,1068888,137
CP048242.1,1068890,1
CP048242.1,1068894,152
CP048242.1,1068896,2446
CP048242.1,1068903,681
CP048242.1,1068904,972
CP048242.1,1068911,288
CP048242.1,1068916,747
CP048242.1,1068926,1
CP048242.1,1068928,376
CP048242.1,1068933,614
CP048242.1,1068935,37
CP048242.1,1068982,982
CP048242.1,1069003,1
CP048242.1,1069098,177
CP048242.1,1069105,1
CP048242.1,1069122,1714
CP048242.1,1069179,1662
CP048242.1,1069470,281
CP048242.1,1069901,1
CP048242.1,1070145,1
CP048242.1,1070168,1184
CP048242.1,1070175,283
CP048242.1,1070182,210
CP048242.1,1070200,874
CP048242.1,1070207,3
CP048242.1,1070214,1249
CP048242.1,1070299,88
CP048242.1,1070768,1
CP048242.1,1070777,20
CP048242.1,1071070,1
CP048242.1,1071095,715
CP048242.1,1073147,1273
CP048242.1,1073155,43
CP048242.1,1073270,38
CP048242.1,1073415,2
CP048242.1,1073544,820
CP048242.1,1073675,1
CP048242.1,1073682,1668
CP048242.1,1073689,739
CP048242.1,1073693,1386
CP048242.1,1073782,1100
CP048242.1,1074123,76
CP048242.1,1074133,186
CP048242.1,1075402,501
CP048242.1,1077249,13
CP048242.1,1077281,477
CP048242.1,1077295,333
CP048242.1,1077365,1
CP048242.1,1077378,905
CP048242.1,1077387,3
CP048242.1,1077394,1178
CP048242.1,1077395,1
CP048242.1,1077541,48
CP048242.1,1077574,640
CP048242.1,1077759,194
CP048242.1,1078301,114
CP048242.1,1079877,717
CP048242.1,1079995,210
CP048242.1,1080512,109
CP048242.1,1080659,27
CP048242.1,1080793,183
CP048242.1,1080796,800
CP048242.1,1080877,248
CP048242.1,1081844,93
CP048242.1,1081935,1195
CP048242.1,1082415,214
CP048242.1,1082470,1429
CP048242.1,1082488,480
CP048242.1,1082527,12
CP048242.1,1082536,625
CP048242.1,1082538,28
CP048242.1,1082543,1
CP048242.1,1082545,1431
CP048242.1,1082705,184
CP048242.1,1084557,6
CP048242.1,1084601,43
CP048242.1,1084648,57
CP048242.1,1084701,121
CP048242.1,1084829,467
CP048242.1,1084865,203
CP048242.1,1084881,746
CP048242.1,1085021,716
CP048242.1,1085131,343
CP048242.1,1085143,1136
CP048242.1,1085312,469
CP048242.1,1085340,421
CP048242.1,1085460,319
CP048242.1,1085714,44
CP048242.1,1085818,89
CP048242.1,1085903,838
CP048242.1,1086074,112
CP048242.1,1086076,125
CP048242.1,1086240,1351
CP048242.1,1086454,1257
CP048242.1,1086474,1176
CP048242.1,1087137,21
CP048242.1,1087611,1422
CP048242.1,1087618,333
CP048242.1,1087686,812
CP048242.1,1087688,6
CP048242.1,1087693,30
CP048242.1,1087981,554
CP048242.1,1088156,42
CP048242.1,1088222,654
CP048242.1,1088597,1835
CP048242.1,1088604,105
CP048242.1,1089083,1227
CP048242.1,1089210,491
CP048242.1,1089217,1001
CP048242.1,1089287,1
CP048242.1,1089380,195
CP048242.1,1089394,5639
CP048242.1,1089523,79
CP048242.1,1089554,1887
CP048242.1,1089581,2573
CP048242.1,1089589,235
CP048242.1,1089592,1
CP048242.1,1089594,3064
CP048242.1,1089683,36
CP048242.1,1089699,5
CP048242.1,1089713,866
CP048242.1,1089719,252
CP048242.1,1089732,438
CP048242.1,1089734,700
CP048242.1,1089741,2627
CP048242.1,1089752,287
CP048242.1,1089902,1
CP048242.1,1089906,501
CP048242.1,1089908,705
CP048242.1,1089915,289
CP048242.1,1090083,431
CP048242.1,1090090,235
CP048242.1,1090114,209
CP048242.1,1090119,950
CP048242.1,1090121,308
CP048242.1,1090128,1707
CP048242.1,1090135,318
CP048242.1,1090149,3
CP048242.1,1090150,1024
CP048242.1,1090151,7338
CP048242.1,1090158,21
CP048242.1,1090160,143
CP048242.1,1090161,1
CP048242.1,1090167,1087
CP048242.1,1090190,1023
CP048242.1,1090217,2584
CP048242.1,1090219,1638
CP048242.1,1090223,19
CP048242.1,1090225,3243
CP048242.1,1090229,4131
CP048242.1,1090232,40
CP048242.1,1090235,1174
CP048242.1,1090248,6223
CP048242.1,1090254,2096
CP048242.1,1090261,740
CP048242.1,1090265,1789
CP048242.1,1090271,6032
CP048242.1,1090276,149
CP048242.1,1090278,3848
CP048242.1,1090287,824
CP048242.1,1090291,2806
CP048242.1,1090315,953
CP048242.1,1090320,836
CP048242.1,1090322,1569
CP048242.1,1090323,106
CP048242.1,1090334,233
CP048242.1,1090343,118
CP048242.1,1090345,65
CP048242.1,1090383,494
CP048242.1,1090393,169
CP048242.1,1090400,5
CP048242.1,1090520,12
CP048242.1,1090555,4
CP048242.1,1090579,1
CP048242.1,1090585,506
CP048242.1,1090586,1
CP048242.1,1090742,93
CP048242.1,1090749,517
CP048242.1,1092490,282
CP048242.1,1093002,3
CP048242.1,1093478,77
CP048242.1,1093824,889
CP048242.1,1094346,1
CP048242.1,1094865,666
CP048242.1,1094872,123
CP048242.1,1094878,192
CP048242.1,1094948,383
CP048242.1,1094949,2
CP048242.1,1094956,6
CP048242.1,1094960,72
CP048242.1,1095374,1049
CP048242.1,1096925,2
CP048242.1,1097139,34
CP048242.1,1097425,175
CP048242.1,1097908,1
CP048242.1,1098405,8
CP048242.1,1098737,66
CP048242.1,1098790,45
CP048242.1,1098823,423
CP048242.1,1098830,54
CP048242.1,1098854,844
CP048242.1,1098861,1608
CP048242.1,1098862,129
CP048242.1,1098887,11
CP048242.1,1098894,4
CP048242.1,1098901,6
CP048242.1,1098949,2
CP048242.1,1098971,4
CP048242.1,1099002,2
CP048242.1,1099045,1201
CP048242.1,1099069,71
CP048242.1,1099083,406
CP048242.1,1099090,1
CP048242.1,1099119,25
CP048242.1,1099184,581
CP048242.1,1099500,548
CP048242.1,1100031,124
CP048242.1,1100353,99
CP048242.1,1100549,433
CP048242.1,1100901,67
CP048242.1,1101072,223
CP048242.1,1101410,6
CP048242.1,1101515,392
CP048242.1,1101701,12
CP048242.1,1101864,202
CP048242.1,1101869,55
CP048242.1,1101905,265
CP048242.1,1102082,560
CP048242.1,1102683,13
CP048242.1,1102969,101
CP048242.1,1102992,4
CP048242.1,1103030,1129
CP048242.1,1103036,1
CP048242.1,1103065,1
CP048242.1,1103146,127
CP048242.1,1103153,605
CP048242.1,1103213,2
CP048242.1,1103235,522
CP048242.1,1103237,2561
CP048242.1,1103242,12
CP048242.1,1103244,110
CP048242.1,1103255,136
CP048242.1,1103257,3868
CP048242.1,1103262,88
CP048242.1,1103264,1054
CP048242.1,1103578,190
CP048242.1,1103625,29
CP048242.1,1103632,507
CP048242.1,1103649,5
CP048242.1,1103654,84
CP048242.1,1103692,1389
CP048242.1,1103733,822
CP048242.1,1103740,114
CP048242.1,1103743,310
CP048242.1,1103906,9
CP048242.1,1103958,866
CP048242.1,1104440,1352
CP048242.1,1104654,592
CP048242.1,1104839,301
CP048242.1,1105278,212
CP048242.1,1105299,2
CP048242.1,1105312,431
CP048242.1,1105358,25
CP048242.1,1106387,300
CP048242.1,1106455,1
CP048242.1,1106580,3
CP048242.1,1106582,249
CP048242.1,1106584,1
CP048242.1,1109961,74
CP048242.1,1110399,1
CP048242.1,1110498,365
CP048242.1,1110885,740
CP048242.1,1110892,6
CP048242.1,1110978,54
CP048242.1,1111002,38
CP048242.1,1112466,17
CP048242.1,1112992,158
CP048242.1,1113149,14
CP048242.1,1114938,232
CP048242.1,1115097,27
CP048242.1,1115677,811
CP048242.1,1115684,1198
CP048242.1,1115847,893
CP048242.1,1116028,193
CP048242.1,1116157,699
CP048242.1,1116343,133
CP048242.1,1116350,142
CP048242.1,1116641,565
CP048242.1,1116650,37
CP048242.1,1116682,2
CP048242.1,1116734,125
CP048242.1,1116740,1
CP048242.1,1116741,82
CP048242.1,1116745,355
CP048242.1,1116752,387
CP048242.1,1116795,817
CP048242.1,1116801,51
CP048242.1,1116807,1
CP048242.1,1116818,730
CP048242.1,1116861,101
CP048242.1,1116883,1086
CP048242.1,1120031,475
CP048242.1,1120110,784
CP048242.1,1120147,632
CP048242.1,1120154,732
CP048242.1,1120208,172
CP048242.1,1120236,131
CP048242.1,1121008,249
CP048242.1,1121363,187
CP048242.1,1121518,194
CP048242.1,1122778,26
CP048242.1,1123016,564
CP048242.1,1123022,408
CP048242.1,1123095,11
CP048242.1,1124904,54
CP048242.1,1124911,2
CP048242.1,1125425,585
CP048242.1,1126128,486
CP048242.1,1126222,232
CP048242.1,1126559,39
CP048242.1,1126811,151
CP048242.1,1127146,69
CP048242.1,1127209,34
CP048242.1,1127211,111
CP048242.1,1127217,1
CP048242.1,1127218,675
CP048242.1,1127405,641
CP048242.1,1130595,3
CP048242.1,1130602,79
CP048242.1,1130643,1
CP048242.1,1131119,20
CP048242.1,1131275,12
CP048242.1,1131282,2
CP048242.1,1131539,963
CP048242.1,1131606,20
CP048242.1,1131865,6
CP048242.1,1132465,38
CP048242.1,1133546,1
CP048242.1,1133627,1
CP048242.1,1133634,1009
CP048242.1,1133700,1
CP048242.1,1133966,726
CP048242.1,1134525,504
CP048242.1,1135494,379
CP048242.1,1135516,271
CP048242.1,1135850,2
CP048242.1,1135857,1094
CP048242.1,1135993,1160
CP048242.1,1136002,1
CP048242.1,1136167,177
CP048242.1,1136770,21
CP048242.1,1137531,1494
CP048242.1,1138575,1
CP048242.1,1138742,1429
CP048242.1,1138749,2711
CP048242.1,1138813,350
CP048242.1,1138820,2
CP048242.1,1138868,539
CP048242.1,1138947,1134
CP048242.1,1138963,1821
CP048242.1,1139061,1
CP048242.1,1139421,769
CP048242.1,1139483,1
CP048242.1,1144562,1
CP048242.1,1144666,17
CP048242.1,1146035,141
CP048242.1,1146876,72
CP048242.1,1146907,47
CP048242.1,1146914,1
CP048242.1,1149161,1012
CP048242.1,1150948,19
CP048242.1,1151097,493
CP048242.1,1151531,315
CP048242.1,1151535,95
CP048242.1,1151594,34
CP048242.1,1166683,93
CP048242.1,1166692,419
CP048242.1,1166699,370
CP048242.1,1166743,43
CP048242.1,1167435,477
CP048242.1,1168033,6
CP048242.1,1168074,225
CP048242.1,1168081,393
CP048242.1,1169923,1020
CP048242.1,1170070,632
CP048242.1,1170087,75
CP048242.1,1170118,171
CP048242.1,1170122,45
CP048242.1,1170243,1
CP048242.1,1170304,126
CP048242.1,1170403,12
CP048242.1,1170922,1
CP048242.1,1171227,503
CP048242.1,1171303,1
CP048242.1,1171410,840
CP048242.1,1171562,4
CP048242.1,1171654,882
CP048242.1,1171734,129
CP048242.1,1171945,610
CP048242.1,1172082,1
CP048242.1,1172150,16
CP048242.1,1172159,7
CP048242.1,1172252,234
CP048242.1,1172300,6
CP048242.1,1172307,6
CP048242.1,1172325,1
CP048242.1,1172383,820
CP048242.1,1172390,748
CP048242.1,1172404,512
CP048242.1,1172406,1
CP048242.1,1172427,1358
CP048242.1,1172435,757
CP048242.1,1172535,1
CP048242.1,1172542,2076
CP048242.1,1172549,677
CP048242.1,1172668,1284
CP048242.1,1172701,1
CP048242.1,1172703,1466
CP048242.1,1172719,3670
CP048242.1,1172871,55
CP048242.1,1172899,135
CP048242.1,1172921,44
CP048242.1,1172923,50
CP048242.1,1172930,599
CP048242.1,1172938,10
CP048242.1,1172964,17
CP048242.1,1172990,359
CP048242.1,1172991,127
CP048242.1,1172997,547
CP048242.1,1173003,2735
CP048242.1,1173084,39
CP048242.1,1173095,52
CP048242.1,1173100,50
CP048242.1,1173102,420
CP048242.1,1173128,237
CP048242.1,1173135,1277
CP048242.1,1173143,47
CP048242.1,1173174,1
CP048242.1,1173283,268
CP048242.1,1173287,110
CP048242.1,1173296,43
CP048242.1,1173334,64
CP048242.1,1173336,508
CP048242.1,1173391,1454
CP048242.1,1173398,425
CP048242.1,1173411,1
CP048242.1,1173566,2597
CP048242.1,1173573,664
CP048242.1,1173631,1
CP048242.1,1173638,3
CP048242.1,1173647,7
CP048242.1,1173649,2924
CP048242.1,1173656,827
CP048242.1,1173694,959
CP048242.1,1173701,1840
CP048242.1,1173721,258
CP048242.1,1173770,529
CP048242.1,1173960,19
CP048242.1,1174287,546
CP048242.1,1174309,1
CP048242.1,1174427,793
CP048242.1,1174431,144
CP048242.1,1174438,12
CP048242.1,1174541,482
CP048242.1,1174671,1
CP048242.1,1175108,473
CP048242.1,1175143,1843
CP048242.1,1175200,763
CP048242.1,1175483,259
CP048242.1,1175514,337
CP048242.1,1175565,3
CP048242.1,1175682,59
CP048242.1,1175878,2
CP048242.1,1175892,487
CP048242.1,1176052,1
CP048242.1,1176059,64
CP048242.1,1176115,441
CP048242.1,1176141,282
CP048242.1,1176163,76
CP048242.1,1176472,91
CP048242.1,1176479,187
CP048242.1,1176641,7
CP048242.1,1176663,9
CP048242.1,1176800,233
CP048242.1,1176807,1105
CP048242.1,1176818,1285
CP048242.1,1176824,45
CP048242.1,1176831,1037
CP048242.1,1176842,248
CP048242.1,1176855,1
CP048242.1,1176867,865
CP048242.1,1176875,36
CP048242.1,1176882,643
CP048242.1,1176884,85
CP048242.1,1176910,118
CP048242.1,1176922,15
CP048242.1,1176929,1526
CP048242.1,1176960,41
CP048242.1,1176967,579
CP048242.1,1177003,285
CP048242.1,1177025,588
CP048242.1,1177046,37
CP048242.1,1177049,883
CP048242.1,1177130,486
CP048242.1,1177132,59
CP048242.1,1177207,145
CP048242.1,1177209,67
CP048242.1,1177214,232
CP048242.1,1177216,63
CP048242.1,1177334,77
CP048242.1,1177392,375
CP048242.1,1177527,2
CP048242.1,1178186,277
CP048242.1,1178606,342
CP048242.1,1178991,33
CP048242.1,1179403,1
CP048242.1,1179624,68
CP048242.1,1180886,116
CP048242.1,1181187,506
CP048242.1,1181372,1
CP048242.1,1181434,39
CP048242.1,1181625,2
CP048242.1,1181641,338
CP048242.1,1181911,81
CP048242.1,1182025,88
CP048242.1,1182037,9
CP048242.1,1182159,61
CP048242.1,1182206,121
CP048242.1,1182227,734
CP048242.1,1184061,1
CP048242.1,1184974,584
CP048242.1,1185051,559
CP048242.1,1188175,44
CP048242.1,1188205,1
CP048242.1,1188276,91
CP048242.1,1189626,1
CP048242.1,1189821,54
CP048242.1,1189966,1
CP048242.1,1189985,884
CP048242.1,1190050,1
CP048242.1,1190242,570
CP048242.1,1190249,3
CP048242.1,1192111,176
CP048242.1,1192148,292
CP048242.1,1193825,84
CP048242.1,1194303,289
CP048242.1,1194639,444
CP048242.1,1197556,135
CP048242.1,1197632,409
CP048242.1,1197709,172
CP048242.1,1197732,23
CP048242.1,1198282,275
CP048242.1,1198427,250
CP048242.1,1198547,3871
CP048242.1,1198815,3184
CP048242.1,1201147,579
CP048242.1,1201924,11
CP048242.1,1201968,1
CP048242.1,1202013,2
CP048242.1,1202022,607
CP048242.1,1202227,619
CP048242.1,1202281,765
CP048242.1,1202294,351
CP048242.1,1202364,229
CP048242.1,1202631,1
CP048242.1,1202635,1
CP048242.1,1202690,174
CP048242.1,1202838,761
CP048242.1,1202845,1
CP048242.1,1202876,690
CP048242.1,1202901,1
CP048242.1,1202945,147
CP048242.1,1203251,53
CP048242.1,1203465,46
CP048242.1,1203494,25
CP048242.1,1203579,11
CP048242.1,1203638,355
CP048242.1,1204107,1
CP048242.1,1205658,2
CP048242.1,1205710,82
CP048242.1,1205870,738
CP048242.1,1205877,155
CP048242.1,1205970,997
CP048242.1,1205975,636
CP048242.1,1205982,634
CP048242.1,1205986,267
CP048242.1,1206058,741
CP048242.1,1206092,53
CP048242.1,1206099,180
CP048242.1,1207623,55
CP048242.1,1207675,58
CP048242.1,1207693,280
CP048242.1,1207832,719
CP048242.1,1207866,63
CP048242.1,1208072,738
CP048242.1,1208150,40
CP048242.1,1208157,3188
CP048242.1,1208158,395
CP048242.1,1208165,2776
CP048242.1,1208301,3
CP048242.1,1208303,1
CP048242.1,1208310,233
CP048242.1,1208390,6
CP048242.1,1208397,264
CP048242.1,1208424,2
CP048242.1,1208425,816
CP048242.1,1208426,76
CP048242.1,1208432,13
CP048242.1,1208464,43
CP048242.1,1208519,2078
CP048242.1,1208526,85
CP048242.1,1208578,289
CP048242.1,1208619,67
CP048242.1,1208634,41
CP048242.1,1208642,649
CP048242.1,1208681,544
CP048242.1,1208692,231
CP048242.1,1208702,7
CP048242.1,1208789,1347
CP048242.1,1208796,2235
CP048242.1,1208797,4
CP048242.1,1208855,4
CP048242.1,1208866,464
CP048242.1,1208872,486
CP048242.1,1208873,779
CP048242.1,1208879,1052
CP048242.1,1208881,645
CP048242.1,1208916,5
CP048242.1,1208974,1
CP048242.1,1209009,79
CP048242.1,1209126,5
CP048242.1,1209151,488
CP048242.1,1209158,1545
CP048242.1,1209171,12
CP048242.1,1209303,263
CP048242.1,1209369,41
CP048242.1,1209543,571
CP048242.1,1209564,202
CP048242.1,1209566,3
CP048242.1,1209721,475
CP048242.1,1211678,93
CP048242.1,1211741,283
CP048242.1,1212651,192
CP048242.1,1212840,461
CP048242.1,1212985,64
CP048242.1,1213084,325
CP048242.1,1213262,206
CP048242.1,1213596,1
CP048242.1,1213643,699
CP048242.1,1213811,5
CP048242.1,1214373,1012
CP048242.1,1214502,802
CP048242.1,1214571,1019
CP048242.1,1214913,1
CP048242.1,1214957,2
CP048242.1,1214964,37
CP048242.1,1215078,794
CP048242.1,1215085,355
CP048242.1,1215124,1
CP048242.1,1215131,553
CP048242.1,1215138,49
CP048242.1,1215350,584
CP048242.1,1215458,48
CP048242.1,1215555,438
CP048242.1,1215704,294
CP048242.1,1215737,267
CP048242.1,1215743,1
CP048242.1,1215901,341
CP048242.1,1216468,58
CP048242.1,1216475,394
CP048242.1,1221095,4
CP048242.1,1224181,92
CP048242.1,1227734,923
CP048242.1,1227849,1
CP048242.1,1227851,1586
CP048242.1,1227944,1
CP048242.1,1228050,27
CP048242.1,1228057,360
CP048242.1,1228062,70
CP048242.1,1228069,239
CP048242.1,1228105,1356
CP048242.1,1228175,1688
CP048242.1,1228182,23
CP048242.1,1228201,770
CP048242.1,1228212,246
CP048242.1,1228219,754
CP048242.1,1228221,226
CP048242.1,1228228,36
CP048242.1,1228252,1
CP048242.1,1228334,7
CP048242.1,1228340,6
CP048242.1,1228343,297
CP048242.1,1228374,225
CP048242.1,1228417,174
CP048242.1,1228570,1003
CP048242.1,1228764,1
CP048242.1,1228771,30
CP048242.1,1228900,65
CP048242.1,1228951,22
CP048242.1,1229723,1128
CP048242.1,1229775,1896
CP048242.1,1229786,282
CP048242.1,1229850,725
CP048242.1,1229904,480
CP048242.1,1229911,1294
CP048242.1,1230770,347
CP048242.1,1234866,1501
CP048242.1,1235520,215
CP048242.1,1236225,250
CP048242.1,1239095,31
CP048242.1,1239146,200
CP048242.1,1241642,545
CP048242.1,1241643,4
CP048242.1,1241644,19
CP048242.1,1242095,100
CP048242.1,1242163,6
CP048242.1,1242170,27
CP048242.1,1242218,234
CP048242.1,1242344,440
CP048242.1,1242358,284
CP048242.1,1242360,18
CP048242.1,1242398,1
CP048242.1,1242459,1738
CP048242.1,1242470,191
CP048242.1,1242477,442
CP048242.1,1244375,282
CP048242.1,1244449,818
CP048242.1,1244451,6
CP048242.1,1244494,32
CP048242.1,1244501,256
CP048242.1,1244534,138
CP048242.1,1244541,308
CP048242.1,1244575,4
CP048242.1,1244597,303
CP048242.1,1244600,786
CP048242.1,1244604,620
CP048242.1,1244760,1
CP048242.1,1244835,619
CP048242.1,1244840,32
CP048242.1,1244874,143
CP048242.1,1244909,6
CP048242.1,1244916,120
CP048242.1,1244960,1
CP048242.1,1245650,180
CP048242.1,1245676,213
CP048242.1,1245689,228
CP048242.1,1245693,485
CP048242.1,1245725,2136
CP048242.1,1245732,25
CP048242.1,1245769,210
CP048242.1,1245776,744
CP048242.1,1245778,192
CP048242.1,1245834,903
CP048242.1,1246167,2096
CP048242.1,1247984,2
CP048242.1,1248292,175
CP048242.1,1248334,48
CP048242.1,1248480,1491
CP048242.1,1248496,168
CP048242.1,1248526,1
CP048242.1,1248565,1
CP048242.1,1248572,1
CP048242.1,1248661,1412
CP048242.1,1248668,163
CP048242.1,1248986,32
CP048242.1,1249090,19
CP048242.1,1249102,37
CP048242.1,1249142,1
CP048242.1,1249465,2427
CP048242.1,1249472,1050
CP048242.1,1249510,534
CP048242.1,1249644,19
CP048242.1,1249723,3032
CP048242.1,1249730,895
CP048242.1,1249947,3
CP048242.1,1250036,772
CP048242.1,1250043,4
CP048242.1,1250080,447
CP048242.1,1250298,4
CP048242.1,1250305,424
CP048242.1,1250320,9
CP048242.1,1250326,323
CP048242.1,1250327,1896
CP048242.1,1250333,236
CP048242.1,1250381,53
CP048242.1,1250472,860
CP048242.1,1250479,908
CP048242.1,1250485,79
CP048242.1,1251886,208
CP048242.1,1252641,248
CP048242.1,1254868,4
CP048242.1,1254870,1007
CP048242.1,1255082,731
CP048242.1,1255147,2
CP048242.1,1255204,1265
CP048242.1,1255316,694
CP048242.1,1255340,477
CP048242.1,1255352,159
CP048242.1,1255355,524
CP048242.1,1255375,559
CP048242.1,1255377,17
CP048242.1,1255385,1681
CP048242.1,1256168,424
CP048242.1,1256258,668
CP048242.1,1257193,850
CP048242.1,1260087,1
CP048242.1,1260183,73
CP048242.1,1260340,398
CP048242.1,1261051,464
CP048242.1,1261126,91
CP048242.1,1261223,11
CP048242.1,1261264,357
CP048242.1,1262579,4
CP048242.1,1263151,227
CP048242.1,1263553,526
CP048242.1,1263555,41
CP048242.1,1263563,503
CP048242.1,1263574,1828
CP048242.1,1263581,1965
CP048242.1,1263582,35
CP048242.1,1263731,1
CP048242.1,1263945,534
CP048242.1,1265477,195
CP048242.1,1265665,303
CP048242.1,1265673,394
CP048242.1,1266205,133
CP048242.1,1267484,81
CP048242.1,1267649,122
CP048242.1,1267852,79
CP048242.1,1268074,1
CP048242.1,1268142,25
CP048242.1,1268929,12
CP048242.1,1270211,1022
CP048242.1,1270218,118
CP048242.1,1270259,6
CP048242.1,1270426,579
CP048242.1,1270548,4
CP048242.1,1270588,1
CP048242.1,1272027,93
CP048242.1,1272225,2
CP048242.1,1273319,91
CP048242.1,1275043,18
CP048242.1,1275222,8
CP048242.1,1275379,11
CP048242.1,1275383,160
CP048242.1,1275390,1
CP048242.1,1275411,594
CP048242.1,1275477,83
CP048242.1,1275484,408
CP048242.1,1275502,146
CP048242.1,1275508,2
CP048242.1,1275509,3
CP048242.1,1275515,803
CP048242.1,1275679,68
CP048242.1,1275689,155
CP048242.1,1275696,127
CP048242.1,1275698,166
CP048242.1,1276908,219
CP048242.1,1277873,861
CP048242.1,1277874,569
CP048242.1,1281372,1
CP048242.1,1283218,1146
CP048242.1,1284615,505
CP048242.1,1284939,190
CP048242.1,1285668,841
CP048242.1,1285746,89
CP048242.1,1285860,182
CP048242.1,1286008,346
CP048242.1,1286402,5
CP048242.1,1286565,72
CP048242.1,1286780,39
CP048242.1,1286798,470
CP048242.1,1286938,135
CP048242.1,1287155,27
CP048242.1,1287222,268
CP048242.1,1287233,59
CP048242.1,1287667,57
CP048242.1,1287689,13
CP048242.1,1288293,358
CP048242.1,1291160,44
CP048242.1,1291349,1
CP048242.1,1291350,99
CP048242.1,1292190,131
CP048242.1,1292486,233
CP048242.1,1293160,1
CP048242.1,1294830,418
CP048242.1,1295170,354
CP048242.1,1295800,482
CP048242.1,1296078,41
CP048242.1,1299197,5
CP048242.1,1303582,4
CP048242.1,1303618,44
CP048242.1,1303625,119
CP048242.1,1303631,304
CP048242.1,1304689,263
CP048242.1,1305586,1
CP048242.1,1305885,482
CP048242.1,1306036,217
CP048242.1,1306065,1
CP048242.1,1306080,1353
CP048242.1,1306104,560
CP048242.1,1306197,500
CP048242.1,1306271,9
CP048242.1,1306281,1
CP048242.1,1306284,560
CP048242.1,1306288,270
CP048242.1,1306289,88
CP048242.1,1306307,120
CP048242.1,1306314,345
CP048242.1,1306394,169
CP048242.1,1306419,174
CP048242.1,1306426,581
CP048242.1,1306473,18
CP048242.1,1306480,71
CP048242.1,1306522,3
CP048242.1,1306582,1278
CP048242.1,1306731,16
CP048242.1,1306789,1
CP048242.1,1306846,456
CP048242.1,1306853,170
CP048242.1,1306868,1
CP048242.1,1306940,1
CP048242.1,1306947,70
CP048242.1,1306967,508
CP048242.1,1306969,749
CP048242.1,1306974,131
CP048242.1,1306976,689
CP048242.1,1307088,1890
CP048242.1,1307104,192
CP048242.1,1307147,60
CP048242.1,1307185,1846
CP048242.1,1307202,145
CP048242.1,1307205,201
CP048242.1,1307209,745
CP048242.1,1307325,2049
CP048242.1,1307332,2999
CP048242.1,1307382,1
CP048242.1,1307383,893
CP048242.1,1307389,32
CP048242.1,1307393,227
CP048242.1,1307395,136
CP048242.1,1307398,322
CP048242.1,1307402,35
CP048242.1,1307462,695
CP048242.1,1307464,283
CP048242.1,1307469,1
CP048242.1,1307471,842
CP048242.1,1307493,349
CP048242.1,1307568,135
CP048242.1,1307577,315
CP048242.1,1307631,69
CP048242.1,1307638,1
CP048242.1,1307713,169
CP048242.1,1307715,478
CP048242.1,1307730,20
CP048242.1,1307734,3042
CP048242.1,1307778,582
CP048242.1,1307795,359
CP048242.1,1307802,458
CP048242.1,1307869,844
CP048242.1,1307875,75
CP048242.1,1307877,2100
CP048242.1,1307879,30
CP048242.1,1307881,823
CP048242.1,1307883,97
CP048242.1,1307885,46
CP048242.1,1307888,750
CP048242.1,1307890,301
CP048242.1,1307891,150
CP048242.1,1307893,1
CP048242.1,1307924,586
CP048242.1,1307931,463
CP048242.1,1307934,35
CP048242.1,1307986,4
CP048242.1,1308000,969
CP048242.1,1308018,6
CP048242.1,1308042,662
CP048242.1,1308209,559
CP048242.1,1308321,502
CP048242.1,1308394,326
CP048242.1,1308493,2
CP048242.1,1313215,27
CP048242.1,1313263,533
CP048242.1,1313270,316
CP048242.1,1313490,1
CP048242.1,1313542,713
CP048242.1,1313566,693
CP048242.1,1313645,449
CP048242.1,1313652,1896
CP048242.1,1313653,231
CP048242.1,1313660,13
CP048242.1,1313738,347
CP048242.1,1316044,145
CP048242.1,1316168,644
CP048242.1,1316377,117
CP048242.1,1316400,518
CP048242.1,1316729,2
CP048242.1,1317435,19
CP048242.1,1317685,91
CP048242.1,1317687,277
CP048242.1,1317711,225
CP048242.1,1317740,1360
CP048242.1,1317745,42
CP048242.1,1317756,157
CP048242.1,1317763,835
CP048242.1,1317769,9
CP048242.1,1317798,6
CP048242.1,1317839,974
CP048242.1,1317866,319
CP048242.1,1317914,28
CP048242.1,1317942,587
CP048242.1,1317986,34
CP048242.1,1317994,2
CP048242.1,1318034,35
CP048242.1,1318150,268
CP048242.1,1318160,44
CP048242.1,1318167,592
CP048242.1,1318170,19
CP048242.1,1318400,716
CP048242.1,1318433,522
CP048242.1,1318479,74
CP048242.1,1318485,187
CP048242.1,1318486,822
CP048242.1,1318498,3
CP048242.1,1318545,33
CP048242.1,1318559,5
CP048242.1,1318563,237
CP048242.1,1318608,5
CP048242.1,1319233,954
CP048242.1,1319259,814
CP048242.1,1319464,68
CP048242.1,1319543,1765
CP048242.1,1319560,603
CP048242.1,1319633,187
CP048242.1,1319704,58
CP048242.1,1319834,243
CP048242.1,1319919,90
CP048242.1,1320109,429
CP048242.1,1320314,591
CP048242.1,1320341,888
CP048242.1,1320343,269
CP048242.1,1320362,731
CP048242.1,1320399,2
CP048242.1,1320406,367
CP048242.1,1320424,774
CP048242.1,1320496,1153
CP048242.1,1320571,3
CP048242.1,1320578,53
CP048242.1,1320620,109
CP048242.1,1320625,708
CP048242.1,1320753,440
CP048242.1,1320789,32
CP048242.1,1320795,20
CP048242.1,1320820,1017
CP048242.1,1320827,44
CP048242.1,1320831,249
CP048242.1,1320838,344
CP048242.1,1322631,2489
CP048242.1,1323370,457
CP048242.1,1337912,22
CP048242.1,1338272,1
CP048242.1,1338975,75
CP048242.1,1339165,8
CP048242.1,1341215,1
CP048242.1,1341223,432
CP048242.1,1341230,571
CP048242.1,1341282,1
CP048242.1,1341397,142
CP048242.1,1341461,44
CP048242.1,1341880,2
CP048242.1,1341902,29
CP048242.1,1341911,178
CP048242.1,1341926,2
CP048242.1,1341941,516
CP048242.1,1341959,696
CP048242.1,1341981,249
CP048242.1,1342061,88
CP048242.1,1342068,450
CP048242.1,1342168,595
CP048242.1,1342771,291
CP048242.1,1343467,39
CP048242.1,1343946,649
CP048242.1,1344536,373
CP048242.1,1345504,631
CP048242.1,1347090,1
CP048242.1,1349004,432
CP048242.1,1349294,111
CP048242.1,1349310,55
CP048242.1,1349323,394
CP048242.1,1349397,69
CP048242.1,1349656,260
CP048242.1,1350547,171
CP048242.1,1351579,4
CP048242.1,1352673,117
CP048242.1,1353029,350
CP048242.1,1353712,298
CP048242.1,1354620,1
CP048242.1,1355322,381
CP048242.1,1355501,219
CP048242.1,1355857,313
CP048242.1,1355888,338
CP048242.1,1355933,37
CP048242.1,1355959,265
CP048242.1,1355971,569
CP048242.1,1355984,31
CP048242.1,1355991,206
CP048242.1,1358676,414
CP048242.1,1358759,802
CP048242.1,1358760,1952
CP048242.1,1358767,1787
CP048242.1,1358847,49
CP048242.1,1358964,207
CP048242.1,1358972,149
CP048242.1,1361884,420
CP048242.1,1361891,1454
CP048242.1,1361920,726
CP048242.1,1361994,572
CP048242.1,1362016,59
CP048242.1,1362131,287
CP048242.1,1362440,169
CP048242.1,1366669,95
CP048242.1,1368239,272
CP048242.1,1368799,636
CP048242.1,1368851,800
CP048242.1,1369113,170
CP048242.1,1369157,1
CP048242.1,1369172,460
CP048242.1,1369210,28
CP048242.1,1369306,707
CP048242.1,1369387,459
CP048242.1,1369436,56
CP048242.1,1369548,150
CP048242.1,1369828,459
CP048242.1,1370797,89
CP048242.1,1371010,459
CP048242.1,1373474,6
CP048242.1,1376284,3
CP048242.1,1376334,355
CP048242.1,1376347,27
CP048242.1,1376370,436
CP048242.1,1376387,9
CP048242.1,1376484,86
CP048242.1,1376564,33
CP048242.1,1376574,37
CP048242.1,1376683,2
CP048242.1,1378107,18
CP048242.1,1382533,84
CP048242.1,1382673,367
CP048242.1,1382691,166
CP048242.1,1383191,32
CP048242.1,1386572,310
CP048242.1,1387512,3
CP048242.1,1387620,11
CP048242.1,1388314,3
CP048242.1,1388957,1
CP048242.1,1389168,1
CP048242.1,1389783,1
CP048242.1,1389967,84
CP048242.1,1391150,1
CP048242.1,1391297,508
CP048242.1,1391793,431
CP048242.1,1393214,675
CP048242.1,1393239,2095
CP048242.1,1393291,555
CP048242.1,1393361,197
CP048242.1,1393425,72
CP048242.1,1393449,121
CP048242.1,1393451,2
CP048242.1,1393453,150
CP048242.1,1393456,711
CP048242.1,1393492,1499
CP048242.1,1393493,49
CP048242.1,1394486,47
CP048242.1,1394931,245
CP048242.1,1394955,81
CP048242.1,1395025,25
CP048242.1,1395218,333
CP048242.1,1396083,13
CP048242.1,1396599,15
CP048242.1,1396627,27
CP048242.1,1396826,1
CP048242.1,1396843,57
CP048242.1,1396844,279
CP048242.1,1396851,197
CP048242.1,1396876,120
CP048242.1,1397828,257
CP048242.1,1398673,236
CP048242.1,1398748,982
CP048242.1,1398853,873
CP048242.1,1398943,91
CP048242.1,1398956,596
CP048242.1,1398963,180
CP048242.1,1399060,59
CP048242.1,1399067,259
CP048242.1,1399103,25
CP048242.1,1400248,452
CP048242.1,1401465,249
CP048242.1,1402210,498
CP048242.1,1402317,252
CP048242.1,1403229,188
CP048242.1,1403243,803
CP048242.1,1403250,1
CP048242.1,1403379,802
CP048242.1,1403386,717
CP048242.1,1403405,908
CP048242.1,1403431,449
CP048242.1,1403444,452
CP048242.1,1403538,1065
CP048242.1,1403903,15
CP048242.1,1403988,24
CP048242.1,1405908,10
CP048242.1,1408413,2
CP048242.1,1408461,59
CP048242.1,1408500,1651
CP048242.1,1408553,673
CP048242.1,1408569,25
CP048242.1,1408574,622
CP048242.1,1408717,33
CP048242.1,1410287,4
CP048242.1,1410874,140
CP048242.1,1410889,702
CP048242.1,1417746,1
CP048242.1,1418591,626
CP048242.1,1418606,906
CP048242.1,1419326,48
CP048242.1,1420240,7
CP048242.1,1421566,8
CP048242.1,1421674,1
CP048242.1,1421772,2
