Chromosome,Position,Reads
CP048230.1,39272,1
CP048230.1,39279,2
CP048230.1,39283,1
CP048230.1,39455,1
CP048230.1,39666,1
CP048230.1,42679,2
CP048230.1,42838,2
CP048230.1,43281,1
CP048230.1,47417,2
CP048230.1,50362,1
CP048230.1,50510,1
CP048230.1,51236,1
CP048230.1,51527,1
CP048230.1,51549,2
CP048230.1,51625,1
CP048230.1,51649,1
CP048230.1,51706,2
CP048230.1,51767,2
CP048230.1,51772,1
CP048230.1,52044,1
CP048230.1,52740,1
CP048230.1,58997,1
CP048230.1,59138,1
CP048230.1,60005,2
CP048230.1,61106,1
CP048230.1,61117,1
CP048230.1,61160,1
CP048230.1,61482,1
CP048230.1,61614,1
CP048230.1,61621,1
CP048230.1,61623,1
CP048230.1,61791,1
CP048230.1,63835,1
CP048230.1,66194,1
CP048230.1,69012,1
CP048230.1,72969,1
CP048230.1,73089,1
CP048230.1,73226,1
CP048230.1,73590,1
CP048230.1,75795,1
CP048230.1,77013,2
CP048230.1,78346,1
CP048230.1,78354,1
CP048230.1,78415,4
CP048230.1,78438,1
CP048230.1,78529,3
CP048230.1,78531,3
CP048230.1,78586,1
CP048230.1,78621,1
CP048230.1,78636,1
CP048230.1,78699,1
CP048230.1,78763,2
CP048230.1,79069,1
CP048230.1,79759,1
CP048230.1,79817,1
CP048230.1,80094,1
CP048230.1,81501,1
CP048230.1,84071,1
CP048230.1,84078,1
CP048230.1,85134,1
CP048230.1,86029,3
CP048230.1,86036,1
CP048230.1,86217,1
CP048230.1,86313,1
CP048230.1,86385,2
CP048230.1,86538,1
CP048230.1,87389,2
CP048230.1,87458,1
CP048230.1,87550,3
CP048230.1,87557,1
CP048230.1,91471,1
CP048230.1,92985,1
CP048230.1,93047,1
CP048230.1,93709,1
CP048230.1,94770,1
CP048230.1,95032,1
CP048230.1,95120,1
CP048230.1,95185,1
CP048230.1,95232,3
CP048230.1,96248,1
CP048230.1,96344,1
CP048230.1,96394,1
CP048230.1,96536,1
CP048230.1,96698,1
CP048230.1,97178,1
CP048230.1,97205,2
CP048230.1,97260,1
CP048230.1,97988,1
CP048230.1,98066,1
CP048230.1,98156,1
CP048230.1,98407,4
CP048230.1,98666,1
CP048230.1,98879,1
CP048230.1,99046,2
CP048230.1,99126,1
CP048230.1,99242,1
CP048230.1,99299,3
CP048230.1,99316,1
CP048230.1,99391,1
CP048230.1,99416,1
CP048230.1,99759,1
CP048230.1,100853,1
CP048230.1,100872,1
CP048230.1,102113,1
CP048230.1,106772,1
CP048230.1,108887,1
CP048230.1,109080,1
CP048230.1,111432,1
CP048230.1,120941,1
CP048230.1,121024,1
CP048230.1,121033,1
CP048230.1,122021,1
CP048230.1,122445,1
CP048230.1,122607,1
CP048230.1,122694,1
CP048230.1,122713,1
CP048230.1,122814,1
CP048230.1,123161,1
CP048230.1,123359,1
CP048230.1,123363,2
CP048230.1,123370,2
CP048230.1,123434,2
CP048230.1,123438,1
CP048230.1,123441,3
CP048230.1,123450,1
CP048230.1,123487,1
CP048230.1,125394,1
CP048230.1,127603,1
CP048230.1,127608,1
CP048230.1,127715,2
CP048230.1,127729,1
CP048230.1,127808,1
CP048230.1,127840,1
CP048230.1,127845,1
CP048230.1,127980,2
CP048230.1,128029,1
CP048230.1,131573,1
CP048230.1,131580,2
CP048230.1,131894,2
CP048230.1,132236,1
CP048230.1,132280,2
CP048230.1,132307,1
CP048230.1,132329,1
CP048230.1,132361,1
CP048230.1,132401,3
CP048230.1,133085,1
CP048230.1,140827,1
CP048230.1,140908,1
CP048230.1,141132,1
CP048230.1,141229,1
CP048230.1,141231,2
CP048230.1,141295,2
CP048230.1,141707,1
CP048230.1,141830,1
CP048230.1,141917,4
CP048230.1,142140,4
CP048230.1,142435,1
CP048230.1,142530,1
CP048230.1,142606,2
CP048230.1,143904,1
CP048230.1,144986,1
CP048230.1,145709,1
CP048230.1,145871,1
CP048230.1,146386,1
CP048230.1,146599,2
CP048230.1,150269,1
CP048230.1,150452,1
CP048230.1,150456,1
CP048230.1,150515,3
CP048230.1,150653,1
CP048230.1,150996,1
CP048230.1,151351,1
CP048230.1,151476,1
CP048230.1,151502,1
CP048230.1,151513,1
CP048230.1,151552,1
CP048230.1,151599,1
CP048230.1,151607,2
CP048230.1,154587,1
CP048230.1,160449,1
CP048230.1,161635,1
CP048230.1,168310,1
CP048230.1,168431,1
CP048230.1,170183,1
CP048230.1,173450,1
CP048230.1,173521,1
CP048230.1,173577,1
CP048230.1,173578,2
CP048230.1,174120,1
CP048230.1,179644,1
CP048230.1,181297,1
CP048230.1,181319,1
CP048230.1,181911,1
CP048230.1,182157,1
CP048230.1,182606,1
CP048230.1,183034,1
CP048230.1,183420,3
CP048230.1,183438,1
CP048230.1,183451,1
CP048230.1,183580,1
CP048230.1,183720,1
CP048230.1,183724,1
CP048230.1,183762,1
CP048230.1,184124,3
CP048230.1,184159,1
CP048230.1,185565,2
CP048230.1,190210,1
CP048230.1,190287,1
CP048230.1,191543,2
CP048230.1,191550,1
CP048230.1,191551,1
CP048230.1,196018,1
CP048230.1,196364,1
CP048230.1,198990,1
CP048230.1,200382,2
CP048230.1,200549,1
CP048230.1,201383,1
CP048230.1,203366,1
CP048230.1,205827,1
CP048230.1,208661,2
CP048230.1,208796,1
CP048230.1,212160,1
CP048230.1,236214,2
CP048230.1,236275,1
CP048230.1,236459,1
CP048230.1,245675,1
CP048230.1,251989,1
CP048230.1,254704,1
CP048230.1,254711,2
CP048230.1,254868,1
CP048230.1,254895,1
CP048230.1,260124,1
CP048230.1,260332,1
CP048230.1,264147,1
CP048230.1,264270,1
CP048230.1,264308,1
CP048230.1,264451,1
CP048230.1,265447,1
CP048230.1,265537,1
CP048230.1,265607,1
CP048230.1,266459,2
CP048230.1,269241,1
CP048230.1,270557,3
CP048230.1,270671,1
CP048230.1,270715,2
CP048230.1,270899,1
CP048230.1,272623,2
CP048230.1,273762,1
CP048230.1,276952,1
CP048230.1,279157,1
CP048230.1,281153,1
CP048230.1,281639,1
CP048230.1,281646,1
CP048230.1,285452,1
CP048230.1,291960,1
CP048230.1,292496,1
CP048230.1,302386,1
CP048230.1,305932,1
CP048230.1,311799,1
CP048230.1,327086,1
CP048230.1,328829,1
CP048230.1,329018,1
CP048230.1,329266,2
CP048230.1,332463,2
CP048230.1,332472,1
CP048230.1,332689,1
CP048230.1,342422,1
CP048230.1,343229,1
CP048230.1,343451,1
CP048230.1,346295,1
CP048230.1,351024,1
CP048230.1,351065,1
CP048230.1,351072,1
CP048230.1,351273,4
CP048230.1,351280,5
CP048230.1,351436,2
CP048230.1,351975,1
CP048230.1,353319,1
CP048230.1,361104,1
CP048230.1,362683,1
CP048230.1,364269,1
CP048230.1,372331,1
CP048230.1,372338,1
CP048230.1,372582,1
CP048230.1,372589,2
CP048230.1,372617,1
CP048230.1,372909,1
CP048230.1,372983,1
CP048230.1,373078,4
CP048230.1,373124,1
CP048230.1,373153,2
CP048230.1,373414,1
CP048230.1,376792,1
CP048230.1,382369,1
CP048230.1,382930,1
CP048230.1,391834,1
CP048230.1,391915,1
CP048230.1,399514,1
CP048230.1,400404,2
CP048230.1,407593,1
CP048230.1,411657,1
CP048230.1,414144,1
CP048230.1,414215,1
CP048230.1,414866,1
CP048230.1,422646,1
CP048230.1,427292,2
CP048230.1,427623,1
CP048230.1,430175,2
CP048230.1,430610,1
CP048230.1,430837,1
CP048230.1,431146,1
CP048230.1,439540,2
CP048230.1,439547,1
CP048230.1,439571,1
CP048230.1,439599,1
CP048230.1,443607,1
CP048230.1,443675,1
CP048230.1,443682,1
CP048230.1,443740,2
CP048230.1,443780,1
CP048230.1,443943,2
CP048230.1,449081,1
CP048230.1,454961,1
CP048230.1,460801,1
CP048230.1,463620,1
CP048230.1,475788,1
CP048230.1,476327,1
CP048230.1,476586,1
CP048230.1,476652,4
CP048230.1,476659,1
CP048230.1,477778,1
CP048230.1,479009,2
CP048230.1,482149,1
CP048230.1,484363,1
CP048230.1,487496,1
CP048230.1,488147,1
CP048231.1,16805,1
CP048231.1,17512,1
CP048231.1,20629,1
CP048231.1,27906,1
CP048231.1,31171,1
CP048231.1,31428,1
CP048231.1,32110,1
CP048231.1,32283,1
CP048231.1,32491,1
CP048231.1,32803,1
CP048231.1,43017,1
CP048231.1,43717,1
CP048231.1,43849,1
CP048231.1,49347,1
CP048231.1,49409,1
CP048231.1,49746,1
CP048231.1,51330,1
CP048231.1,52016,1
CP048231.1,52369,1
CP048231.1,53377,1
CP048231.1,53807,1
CP048231.1,53927,1
CP048231.1,54944,1
CP048231.1,55111,2
CP048231.1,55120,1
CP048231.1,65194,2
CP048231.1,65460,1
CP048231.1,65484,1
CP048231.1,65491,3
CP048231.1,65703,1
CP048231.1,65787,1
CP048231.1,68135,3
CP048231.1,75855,2
CP048231.1,75984,1
CP048231.1,80906,1
CP048231.1,81106,1
CP048231.1,81490,1
CP048231.1,83416,2
CP048231.1,83422,1
CP048231.1,83601,1
CP048231.1,88324,4
CP048231.1,90170,1
CP048231.1,92041,1
CP048231.1,97374,1
CP048231.1,97389,1
CP048231.1,97499,1
CP048231.1,98050,1
CP048231.1,102054,1
CP048231.1,102415,1
CP048231.1,104637,1
CP048231.1,104665,1
CP048231.1,110966,2
CP048231.1,113937,1
CP048231.1,116732,1
CP048231.1,116910,1
CP048231.1,121817,1
CP048231.1,122804,1
CP048231.1,137219,1
CP048231.1,141023,1
CP048231.1,148394,1
CP048231.1,159136,1
CP048231.1,165238,1
CP048231.1,173515,1
CP048231.1,192524,1
CP048231.1,192591,1
CP048231.1,193680,1
CP048231.1,196751,2
CP048231.1,197474,1
CP048231.1,200144,2
CP048231.1,200326,1
CP048231.1,200878,1
CP048231.1,209102,1
CP048231.1,218412,1
CP048231.1,221663,1
CP048231.1,221807,2
CP048231.1,221814,1
CP048231.1,221842,1
CP048231.1,222070,1
CP048231.1,225832,2
CP048231.1,226584,1
CP048231.1,230100,1
CP048231.1,230379,1
CP048231.1,230408,1
CP048231.1,233732,1
CP048231.1,233851,1
CP048231.1,234328,3
CP048231.1,234502,1
CP048231.1,237781,2
CP048231.1,237796,1
CP048231.1,238197,1
CP048231.1,238708,1
CP048231.1,238715,1
CP048231.1,238745,1
CP048231.1,238948,1
CP048231.1,240380,1
CP048231.1,246328,1
CP048231.1,246456,1
CP048231.1,248281,1
CP048231.1,248798,1
CP048231.1,248805,1
CP048231.1,250343,1
CP048231.1,252970,2
CP048231.1,252983,2
CP048231.1,252990,5
CP048231.1,253609,1
CP048231.1,256555,1
CP048231.1,256772,1
CP048231.1,256918,2
CP048231.1,257062,1
CP048231.1,263631,1
CP048231.1,264080,1
CP048231.1,264238,1
CP048231.1,270198,1
CP048231.1,277017,1
CP048231.1,278340,1
CP048231.1,278473,1
CP048231.1,278475,1
CP048231.1,279138,1
CP048231.1,279401,1
CP048231.1,279433,1
CP048231.1,279456,1
CP048231.1,279463,1
CP048231.1,279533,2
CP048231.1,279627,1
CP048231.1,279634,2
CP048231.1,279688,1
CP048231.1,280041,1
CP048231.1,280051,1
CP048231.1,284150,1
CP048231.1,284510,1
CP048231.1,284556,1
CP048231.1,284560,2
CP048231.1,289442,1
CP048231.1,289449,1
CP048231.1,289464,1
CP048231.1,290153,1
CP048231.1,290249,1
CP048231.1,290296,3
CP048231.1,290383,1
CP048231.1,290480,1
CP048231.1,290519,2
CP048231.1,291486,1
CP048231.1,295764,1
CP048231.1,295992,1
CP048231.1,296015,1
CP048231.1,296026,1
CP048231.1,296040,1
CP048231.1,296042,1
CP048231.1,296049,1
CP048231.1,296141,1
CP048231.1,296276,1
CP048231.1,296745,1
CP048231.1,296820,3
CP048231.1,296995,1
CP048231.1,297049,1
CP048231.1,297115,1
CP048231.1,298994,1
CP048231.1,299215,1
CP048231.1,299684,1
CP048231.1,299723,1
CP048231.1,299767,1
CP048231.1,299797,1
CP048231.1,299831,1
CP048231.1,299913,1
CP048231.1,299949,1
CP048231.1,299962,1
CP048231.1,300029,1
CP048231.1,300055,1
CP048231.1,300141,1
CP048231.1,300254,1
CP048231.1,300351,2
CP048231.1,302529,1
CP048231.1,302573,2
CP048231.1,302579,1
CP048231.1,302580,2
CP048231.1,302679,1
CP048231.1,302683,1
CP048231.1,302690,1
CP048231.1,302720,1
CP048231.1,302781,3
CP048231.1,303567,2
CP048231.1,303590,3
CP048231.1,303670,1
CP048231.1,304271,1
CP048231.1,308769,1
CP048231.1,310490,1
CP048231.1,310497,1
CP048231.1,315489,1
CP048231.1,316891,3
CP048231.1,316898,1
CP048231.1,318191,1
CP048231.1,321143,1
CP048231.1,324567,1
CP048231.1,325091,1
CP048231.1,329237,1
CP048231.1,340211,1
CP048231.1,340734,1
CP048231.1,340850,1
CP048231.1,343551,1
CP048231.1,352180,1
CP048231.1,353124,2
CP048231.1,354145,1
CP048231.1,354165,1
CP048231.1,354278,3
CP048231.1,354319,2
CP048231.1,354359,1
CP048231.1,354365,1
CP048231.1,354372,2
CP048231.1,354377,2
CP048231.1,354414,1
CP048231.1,354477,1
CP048231.1,354531,3
CP048231.1,354554,1
CP048231.1,354798,1
CP048231.1,354911,1
CP048231.1,355109,2
CP048231.1,355177,1
CP048231.1,355182,2
CP048231.1,355188,2
CP048231.1,355296,1
CP048231.1,355357,1
CP048231.1,355443,1
CP048231.1,355447,1
CP048231.1,355488,1
CP048231.1,355497,3
CP048231.1,355533,1
CP048231.1,355574,1
CP048231.1,355579,1
CP048231.1,355593,2
CP048231.1,355600,3
CP048231.1,355712,1
CP048231.1,355831,1
CP048231.1,356137,1
CP048231.1,356144,1
CP048231.1,356303,1
CP048231.1,360556,1
CP048231.1,369664,1
CP048231.1,370400,1
CP048231.1,370610,1
CP048231.1,371057,1
CP048231.1,371065,2
CP048231.1,371375,1
CP048231.1,371406,2
CP048231.1,371486,3
CP048231.1,371657,2
CP048231.1,372080,1
CP048231.1,372137,2
CP048231.1,372144,1
CP048231.1,372380,1
CP048231.1,372437,1
CP048231.1,372444,2
CP048231.1,372499,1
CP048231.1,372506,1
CP048231.1,372614,1
CP048231.1,372929,2
CP048231.1,373710,1
CP048231.1,380561,1
CP048231.1,380908,1
CP048231.1,381086,1
CP048231.1,381177,1
CP048231.1,381229,1
CP048231.1,381235,3
CP048231.1,381242,4
CP048231.1,381245,1
CP048231.1,381314,1
CP048231.1,381359,1
CP048231.1,381687,1
CP048231.1,381699,2
CP048231.1,382231,1
CP048231.1,382253,1
CP048231.1,382258,2
CP048231.1,382260,1
CP048231.1,382297,1
CP048231.1,382330,3
CP048231.1,382561,1
CP048231.1,383673,1
CP048231.1,383747,2
CP048231.1,383933,1
CP048231.1,384846,1
CP048231.1,392013,2
CP048231.1,392391,1
CP048231.1,392407,1
CP048231.1,392409,1
CP048231.1,399654,1
CP048231.1,401941,1
CP048231.1,401943,1
CP048231.1,401994,1
CP048231.1,402038,1
CP048231.1,402382,1
CP048231.1,402814,1
CP048231.1,403129,1
CP048231.1,409971,1
CP048231.1,409978,1
CP048231.1,410173,1
CP048231.1,410269,1
CP048231.1,410384,1
CP048231.1,410396,1
CP048231.1,410424,1
CP048231.1,410560,1
CP048231.1,410644,1
CP048231.1,410646,1
CP048231.1,411792,1
CP048231.1,411888,2
CP048231.1,412585,3
CP048231.1,412592,1
CP048231.1,412887,1
CP048231.1,413213,2
CP048231.1,419410,1
CP048231.1,419421,4
CP048231.1,420952,1
CP048231.1,422718,1
CP048231.1,423177,2
CP048231.1,424798,1
CP048231.1,424843,2
CP048231.1,424925,1
CP048231.1,424972,1
CP048231.1,424974,1
CP048231.1,425032,2
CP048231.1,428037,1
CP048231.1,428683,1
CP048231.1,432714,1
CP048231.1,436825,1
CP048231.1,437079,1
CP048231.1,437194,1
CP048231.1,437201,2
CP048231.1,437282,1
CP048231.1,437289,1
CP048231.1,437371,1
CP048231.1,437402,1
CP048231.1,437409,3
CP048231.1,437426,1
CP048231.1,437779,1
CP048231.1,438137,1
CP048231.1,440111,1
CP048231.1,441484,3
CP048231.1,443334,2
CP048231.1,443459,1
CP048231.1,443466,1
CP048231.1,443493,1
CP048231.1,443529,2
CP048231.1,443604,1
CP048231.1,443649,1
CP048231.1,443780,1
CP048231.1,443888,1
CP048231.1,443948,2
CP048231.1,444083,1
CP048231.1,444144,1
CP048231.1,444197,1
CP048231.1,444298,2
CP048231.1,444780,1
CP048231.1,445920,1
CP048231.1,446818,1
CP048231.1,446855,2
CP048231.1,446861,2
CP048231.1,446875,1
CP048231.1,446935,2
CP048231.1,446940,1
CP048231.1,446943,1
CP048231.1,446948,1
CP048231.1,447037,1
CP048231.1,447161,1
CP048231.1,447191,1
CP048231.1,447440,1
CP048231.1,447745,1
CP048231.1,448257,1
CP048231.1,448261,2
CP048231.1,448294,2
CP048231.1,448447,1
CP048231.1,448558,1
CP048231.1,449357,1
CP048231.1,450101,1
CP048231.1,452970,1
CP048231.1,453021,1
CP048231.1,453212,1
CP048231.1,453299,1
CP048231.1,453677,1
CP048231.1,454682,1
CP048231.1,454704,1
CP048231.1,455149,1
CP048231.1,456385,1
CP048231.1,456534,1
CP048231.1,456543,1
CP048231.1,456597,2
CP048231.1,457333,2
CP048231.1,459609,1
CP048231.1,460157,1
CP048231.1,460625,2
CP048231.1,460805,2
CP048231.1,460907,1
CP048231.1,460914,3
CP048231.1,461171,1
CP048231.1,461469,1
CP048231.1,462912,1
CP048231.1,463090,1
CP048231.1,463304,1
CP048231.1,464926,1
CP048231.1,464937,2
CP048231.1,470484,1
CP048231.1,471070,1
CP048231.1,472557,2
CP048231.1,472596,1
CP048231.1,472670,1
CP048231.1,472825,1
CP048231.1,473623,1
CP048231.1,474339,1
CP048231.1,474346,1
CP048231.1,474519,1
CP048231.1,475032,1
CP048231.1,475386,1
CP048231.1,475917,1
CP048231.1,475919,1
CP048231.1,475925,1
CP048231.1,476046,1
CP048231.1,476056,1
CP048231.1,476086,2
CP048231.1,476165,2
CP048231.1,476234,1
CP048231.1,476300,1
CP048231.1,476355,1
CP048231.1,476411,1
CP048231.1,476424,1
CP048231.1,476730,3
CP048231.1,476789,1
CP048231.1,479117,1
CP048231.1,482167,1
CP048231.1,482227,1
CP048231.1,482272,2
CP048231.1,482282,1
CP048231.1,482340,1
CP048231.1,482355,1
CP048231.1,482594,3
CP048231.1,482608,1
CP048231.1,482669,1
CP048231.1,482676,2
CP048231.1,482740,1
CP048231.1,482861,3
CP048231.1,487356,1
CP048231.1,487609,1
CP048231.1,487646,1
CP048231.1,489415,1
CP048231.1,489548,1
CP048231.1,491514,1
CP048231.1,491709,1
CP048231.1,493816,1
CP048232.1,18235,1
CP048232.1,19907,1
CP048232.1,22965,1
CP048232.1,27346,1
CP048232.1,30244,1
CP048232.1,31636,1
CP048232.1,36748,1
CP048232.1,36886,2
CP048232.1,39393,1
CP048232.1,39571,1
CP048232.1,42642,1
CP048232.1,42805,1
CP048232.1,56430,1
CP048232.1,58759,1
CP048232.1,59279,1
CP048232.1,59321,1
CP048232.1,59328,3
CP048232.1,59330,1
CP048232.1,59668,1
CP048232.1,59801,1
CP048232.1,59879,1
CP048232.1,60545,1
CP048232.1,60548,1
CP048232.1,60751,2
CP048232.1,61355,1
CP048232.1,71185,1
CP048232.1,71734,1
CP048232.1,72217,1
CP048232.1,74470,1
CP048232.1,74765,1
CP048232.1,83655,1
CP048232.1,83733,2
CP048232.1,83935,2
CP048232.1,88680,1
CP048232.1,88687,1
CP048232.1,88699,1
CP048232.1,88756,1
CP048232.1,89888,1
CP048232.1,90099,1
CP048232.1,100726,2
CP048232.1,104853,1
CP048232.1,105133,2
CP048232.1,106125,1
CP048232.1,109365,1
CP048232.1,111615,1
CP048232.1,111727,2
CP048232.1,111736,1
CP048232.1,114573,2
CP048232.1,122769,1
CP048232.1,122796,2
CP048232.1,122873,1
CP048232.1,137254,2
CP048232.1,137261,2
CP048232.1,138612,1
CP048232.1,143941,1
CP048232.1,149344,1
CP048232.1,153755,1
CP048232.1,153813,1
CP048232.1,167880,1
CP048232.1,167917,1
CP048232.1,168122,1
CP048232.1,168199,1
CP048232.1,168222,2
CP048232.1,168229,2
CP048232.1,171334,1
CP048232.1,176186,1
CP048232.1,180586,2
CP048232.1,180977,1
CP048232.1,180988,1
CP048232.1,184492,2
CP048232.1,186959,1
CP048232.1,187389,1
CP048232.1,188699,1
CP048232.1,190760,1
CP048232.1,191072,2
CP048232.1,198169,1
CP048232.1,206208,1
CP048232.1,215661,1
CP048232.1,215914,1
CP048232.1,216599,2
CP048232.1,217178,1
CP048232.1,219694,1
CP048232.1,219725,1
CP048232.1,220053,1
CP048232.1,222262,1
CP048232.1,222820,3
CP048232.1,222868,2
CP048232.1,222870,2
CP048232.1,223136,1
CP048232.1,223197,1
CP048232.1,231540,1
CP048232.1,231866,1
CP048232.1,231873,3
CP048232.1,235091,1
CP048232.1,239148,1
CP048232.1,240586,1
CP048232.1,241706,1
CP048232.1,241891,1
CP048232.1,242180,1
CP048232.1,246303,1
CP048232.1,247303,1
CP048232.1,247310,1
CP048232.1,247339,1
CP048232.1,247657,1
CP048232.1,247749,1
CP048232.1,247895,1
CP048232.1,249163,1
CP048232.1,249197,1
CP048232.1,249277,1
CP048232.1,249278,1
CP048232.1,249285,2
CP048232.1,249295,3
CP048232.1,249475,1
CP048232.1,249882,1
CP048232.1,260962,1
CP048232.1,260989,1
CP048232.1,263269,1
CP048232.1,263385,1
CP048232.1,263452,2
CP048232.1,263478,1
CP048232.1,263518,1
CP048232.1,273617,1
CP048232.1,274430,1
CP048232.1,276665,2
CP048232.1,276866,1
CP048232.1,277072,1
CP048232.1,277079,1
CP048232.1,278882,1
CP048232.1,278922,1
CP048232.1,283628,1
CP048232.1,284064,1
CP048232.1,284207,1
CP048232.1,289199,1
CP048232.1,290705,1
CP048232.1,300484,1
CP048232.1,301341,1
CP048232.1,301368,1
CP048232.1,307111,1
CP048232.1,309075,1
CP048232.1,314663,2
CP048232.1,316104,1
CP048232.1,316172,2
CP048232.1,317306,1
CP048232.1,318124,1
CP048232.1,318195,2
CP048232.1,318318,2
CP048232.1,318609,1
CP048232.1,318762,1
CP048232.1,318815,1
CP048232.1,322271,1
CP048232.1,322495,1
CP048232.1,323591,1
CP048232.1,329810,1
CP048232.1,330044,1
CP048232.1,330046,1
CP048232.1,330051,2
CP048232.1,330269,1
CP048232.1,330464,3
CP048232.1,330471,5
CP048232.1,336879,1
CP048232.1,338778,1
CP048232.1,341366,1
CP048232.1,341480,2
CP048232.1,341493,1
CP048232.1,341520,1
CP048232.1,341553,1
CP048232.1,341823,3
CP048232.1,343309,1
CP048232.1,343428,1
CP048232.1,343529,2
CP048232.1,343647,1
CP048232.1,347783,1
CP048232.1,349012,1
CP048232.1,349229,1
CP048232.1,352228,3
CP048232.1,354683,1
CP048232.1,355453,1
CP048232.1,355505,2
CP048232.1,355968,1
CP048232.1,356024,4
CP048232.1,356031,25
CP048232.1,356045,4
CP048232.1,356076,5
CP048232.1,356083,3
CP048232.1,356208,3
CP048232.1,356211,4
CP048232.1,356738,1
CP048232.1,356780,4
CP048232.1,356843,2
CP048232.1,356850,2
CP048232.1,357144,2
CP048232.1,357483,1
CP048232.1,357507,1
CP048232.1,357555,2
CP048232.1,357922,1
CP048232.1,364331,1
CP048232.1,368064,1
CP048232.1,368710,1
CP048232.1,368835,1
CP048232.1,368940,1
CP048232.1,369031,1
CP048232.1,369837,1
CP048232.1,370053,1
CP048232.1,370181,1
CP048232.1,370931,2
CP048232.1,374158,2
CP048232.1,374196,1
CP048232.1,376275,1
CP048232.1,376429,1
CP048232.1,376614,1
CP048232.1,376691,1
CP048232.1,376783,3
CP048232.1,378995,1
CP048232.1,379985,1
CP048232.1,381284,1
CP048232.1,381438,3
CP048232.1,389463,1
CP048232.1,389478,5
CP048232.1,389535,1
CP048232.1,389544,1
CP048232.1,389631,2
CP048232.1,391589,1
CP048232.1,392614,1
CP048232.1,392648,3
CP048232.1,392713,1
CP048232.1,392741,2
CP048232.1,392790,1
CP048232.1,392835,1
CP048232.1,392836,1
CP048232.1,392843,2
CP048232.1,392959,3
CP048232.1,392966,1
CP048232.1,393054,5
CP048232.1,393061,3
CP048232.1,393103,1
CP048232.1,393125,1
CP048232.1,393551,2
CP048232.1,393766,1
CP048232.1,394104,1
CP048232.1,394151,2
CP048232.1,394193,3
CP048232.1,394200,1
CP048232.1,394386,2
CP048232.1,397431,1
CP048232.1,401652,2
CP048232.1,402844,1
CP048232.1,402996,2
CP048232.1,405378,1
CP048232.1,405430,2
CP048232.1,405498,1
CP048232.1,405507,1
CP048232.1,405515,4
CP048232.1,405683,3
CP048232.1,405688,1
CP048232.1,405690,1
CP048232.1,405703,2
CP048232.1,405726,1
CP048232.1,405770,1
CP048232.1,405945,2
CP048232.1,405952,3
CP048232.1,405954,2
CP048232.1,406234,1
CP048232.1,406395,1
CP048232.1,406920,1
CP048232.1,407012,1
CP048232.1,407694,1
CP048232.1,408522,1
CP048232.1,409296,1
CP048232.1,410403,1
CP048232.1,410602,1
CP048232.1,410787,1
CP048232.1,410789,1
CP048232.1,411168,1
CP048232.1,411774,1
CP048232.1,412102,1
CP048232.1,412274,1
CP048232.1,412465,1
CP048232.1,412494,1
CP048232.1,412795,1
CP048232.1,412802,3
CP048232.1,412861,1
CP048232.1,413046,3
CP048232.1,413047,2
CP048232.1,413073,1
CP048232.1,413074,1
CP048232.1,413091,1
CP048232.1,413179,1
CP048232.1,413233,1
CP048232.1,417410,1
CP048232.1,418445,1
CP048232.1,421228,1
CP048232.1,421239,2
CP048232.1,421245,1
CP048232.1,421246,2
CP048232.1,421261,1
CP048232.1,421325,1
CP048232.1,421628,1
CP048232.1,421723,1
CP048232.1,421777,1
CP048232.1,421784,1
CP048232.1,421920,1
CP048232.1,422277,1
CP048232.1,422300,1
CP048232.1,422391,1
CP048232.1,422483,1
CP048232.1,424792,1
CP048232.1,426233,1
CP048232.1,426255,1
CP048232.1,426384,1
CP048232.1,426561,1
CP048232.1,426733,3
CP048232.1,426821,1
CP048232.1,430463,1
CP048232.1,430778,2
CP048232.1,430866,3
CP048232.1,431671,1
CP048232.1,431714,1
CP048232.1,431730,1
CP048232.1,431749,1
CP048232.1,431807,1
CP048232.1,431959,2
CP048232.1,431992,1
CP048232.1,432138,1
CP048232.1,432170,1
CP048232.1,432265,1
CP048232.1,432283,2
CP048232.1,432287,1
CP048232.1,432290,3
CP048232.1,432376,3
CP048232.1,432383,3
CP048232.1,432411,1
CP048232.1,432480,1
CP048232.1,432604,1
CP048232.1,432701,1
CP048232.1,432708,1
CP048232.1,432786,2
CP048232.1,432863,1
CP048232.1,432870,1
CP048232.1,432922,1
CP048232.1,432950,1
CP048232.1,432988,1
CP048232.1,433375,1
CP048232.1,433392,2
CP048232.1,433393,2
CP048232.1,433439,2
CP048232.1,433970,2
CP048232.1,434012,1
CP048232.1,434115,1
CP048232.1,434463,1
CP048232.1,434466,1
CP048232.1,434470,2
CP048232.1,434472,2
CP048232.1,434885,1
CP048232.1,435459,1
CP048232.1,435758,1
CP048232.1,436000,1
CP048232.1,436012,1
CP048232.1,436017,1
CP048232.1,437211,1
CP048232.1,439208,1
CP048232.1,440290,1
CP048232.1,440348,1
CP048232.1,440859,1
CP048232.1,440912,2
CP048232.1,443115,1
CP048232.1,443798,3
CP048232.1,443805,1
CP048232.1,443896,1
CP048232.1,443903,1
CP048232.1,444183,1
CP048232.1,444531,1
CP048232.1,448654,1
CP048232.1,449332,1
CP048232.1,450373,1
CP048232.1,450533,1
CP048232.1,450673,1
CP048232.1,450680,1
CP048232.1,450762,1
CP048232.1,450991,1
CP048232.1,451403,1
CP048232.1,451539,1
CP048232.1,451546,1
CP048232.1,451812,2
CP048232.1,451817,4
CP048232.1,452481,1
CP048232.1,452676,1
CP048232.1,452680,1
CP048232.1,452836,1
CP048232.1,454245,1
CP048232.1,454444,2
CP048232.1,459345,1
CP048232.1,459446,3
CP048232.1,459480,1
CP048232.1,459549,1
CP048232.1,459561,1
CP048232.1,459568,1
CP048232.1,459732,1
CP048232.1,459747,2
CP048232.1,459748,1
CP048232.1,462768,2
CP048232.1,462849,1
CP048232.1,462941,1
CP048232.1,466983,1
CP048232.1,467486,3
CP048232.1,468129,1
CP048232.1,471955,1
CP048232.1,472121,1
CP048232.1,472140,1
CP048232.1,472259,1
CP048232.1,472437,1
CP048232.1,472515,2
CP048232.1,472579,3
CP048232.1,473689,1
CP048232.1,474135,1
CP048232.1,474142,1
CP048232.1,474348,3
CP048232.1,474355,1
CP048232.1,476670,1
CP048232.1,477174,1
CP048232.1,477176,4
CP048232.1,479477,2
CP048232.1,479484,2
CP048232.1,479551,1
CP048232.1,479570,1
CP048232.1,483528,2
CP048232.1,483535,2
CP048232.1,483557,1
CP048232.1,483580,2
CP048232.1,484064,2
CP048232.1,485293,2
CP048232.1,485300,1
CP048232.1,486524,2
CP048232.1,487275,1
CP048232.1,496131,1
CP048232.1,499616,1
CP048232.1,501477,2
CP048232.1,502862,1
CP048232.1,503597,1
CP048232.1,504660,2
CP048232.1,504958,1
CP048232.1,507695,1
CP048232.1,519391,1
CP048232.1,521464,1
CP048232.1,529092,1
CP048232.1,529097,1
CP048232.1,532645,1
CP048233.1,15429,1
CP048233.1,18260,2
CP048233.1,25513,1
CP048233.1,26071,1
CP048233.1,26596,1
CP048233.1,27704,2
CP048233.1,28914,1
CP048233.1,28916,1
CP048233.1,30553,2
CP048233.1,30886,1
CP048233.1,44628,1
CP048233.1,51688,1
CP048233.1,55332,1
CP048233.1,55546,1
CP048233.1,55753,2
CP048233.1,55918,1
CP048233.1,55955,1
CP048233.1,56259,1
CP048233.1,56369,1
CP048233.1,62645,1
CP048233.1,62659,1
CP048233.1,68297,1
CP048233.1,68606,1
CP048233.1,68631,1
CP048233.1,69097,1
CP048233.1,70867,1
CP048233.1,79444,3
CP048233.1,82107,1
CP048233.1,84252,2
CP048233.1,85143,1
CP048233.1,85585,1
CP048233.1,87686,1
CP048233.1,90454,1
CP048233.1,91249,2
CP048233.1,92301,1
CP048233.1,95480,2
CP048233.1,95921,1
CP048233.1,96918,1
CP048233.1,96985,1
CP048233.1,97060,1
CP048233.1,97184,1
CP048233.1,98501,1
CP048233.1,98561,1
CP048233.1,103279,1
CP048233.1,103464,2
CP048233.1,103485,1
CP048233.1,103523,1
CP048233.1,105951,1
CP048233.1,106612,1
CP048233.1,106615,1
CP048233.1,106622,1
CP048233.1,106674,1
CP048233.1,106700,1
CP048233.1,106837,2
CP048233.1,106841,2
CP048233.1,106924,1
CP048233.1,106961,1
CP048233.1,107507,1
CP048233.1,125017,1
CP048233.1,125958,1
CP048233.1,129232,1
CP048233.1,129533,1
CP048233.1,129593,1
CP048233.1,130226,1
CP048233.1,136436,2
CP048233.1,136902,1
CP048233.1,138058,1
CP048233.1,139339,1
CP048233.1,139720,1
CP048233.1,140422,1
CP048233.1,142046,2
CP048233.1,146987,1
CP048233.1,152835,1
CP048233.1,169328,1
CP048233.1,169454,1
CP048233.1,177017,1
CP048233.1,186188,1
CP048233.1,186364,1
CP048233.1,186400,1
CP048233.1,186432,1
CP048233.1,186731,3
CP048233.1,186878,1
CP048233.1,189482,1
CP048233.1,189910,4
CP048233.1,193257,1
CP048233.1,193538,2
CP048233.1,208751,1
CP048233.1,212035,1
CP048233.1,215341,1
CP048233.1,222359,4
CP048233.1,226473,1
CP048233.1,227898,1
CP048233.1,233317,1
CP048233.1,242682,1
CP048233.1,244026,1
CP048233.1,248428,1
CP048233.1,248911,1
CP048233.1,248915,3
CP048233.1,249041,1
CP048233.1,249841,1
CP048233.1,252118,1
CP048233.1,252192,1
CP048233.1,258724,2
CP048233.1,258945,1
CP048233.1,261221,1
CP048233.1,263794,1
CP048233.1,266024,1
CP048233.1,282826,1
CP048233.1,292764,1
CP048233.1,300134,1
CP048233.1,301692,1
CP048233.1,301699,1
CP048233.1,306350,1
CP048233.1,306437,1
CP048233.1,306521,1
CP048233.1,306696,1
CP048233.1,312770,1
CP048233.1,312970,1
CP048233.1,317221,1
CP048233.1,347481,1
CP048233.1,347603,1
CP048233.1,347610,1
CP048233.1,352742,1
CP048233.1,357438,1
CP048233.1,375733,1
CP048233.1,376751,1
CP048233.1,379377,3
CP048233.1,379403,1
CP048233.1,380907,1
CP048233.1,387572,1
CP048233.1,387712,1
CP048233.1,388000,3
CP048233.1,388420,1
CP048233.1,395105,1
CP048233.1,395114,1
CP048233.1,399948,1
CP048233.1,400322,2
CP048233.1,400999,1
CP048233.1,401493,1
CP048233.1,401547,1
CP048233.1,401635,1
CP048233.1,406063,1
CP048233.1,406140,1
CP048233.1,414458,1
CP048233.1,422954,1
CP048233.1,423832,1
CP048233.1,423863,2
CP048233.1,429425,1
CP048233.1,433895,1
CP048233.1,434371,1
CP048233.1,441906,2
CP048233.1,444151,1
CP048233.1,450429,2
CP048233.1,454092,1
CP048233.1,454110,1
CP048233.1,454114,1
CP048233.1,454117,1
CP048233.1,462932,3
CP048233.1,462988,1
CP048233.1,467385,1
CP048233.1,469442,1
CP048233.1,470919,1
CP048233.1,471381,1
CP048233.1,471423,3
CP048233.1,471432,1
CP048233.1,471466,1
CP048233.1,471497,4
CP048233.1,471714,1
CP048233.1,472583,1
CP048233.1,478176,1
CP048233.1,478368,1
CP048233.1,478700,2
CP048233.1,483231,1
CP048233.1,484237,1
CP048233.1,484632,2
CP048233.1,484639,2
CP048233.1,491222,1
CP048233.1,492155,1
CP048233.1,494402,2
CP048233.1,495914,1
CP048233.1,496111,1
CP048233.1,496961,1
CP048233.1,496989,1
CP048233.1,496990,1
CP048233.1,497705,1
CP048233.1,502440,1
CP048233.1,502447,2
CP048233.1,502606,1
CP048233.1,502824,1
CP048233.1,503996,1
CP048233.1,506608,1
CP048233.1,510053,1
CP048233.1,510210,1
CP048233.1,510513,1
CP048233.1,511277,1
CP048233.1,511286,1
CP048233.1,511292,2
CP048233.1,511690,1
CP048233.1,520378,1
CP048233.1,522498,1
CP048233.1,524506,2
CP048233.1,531359,1
CP048233.1,532506,1
CP048233.1,532631,1
CP048233.1,532649,2
CP048233.1,532743,1
CP048233.1,532750,1
CP048233.1,532783,1
CP048233.1,533123,1
CP048233.1,533293,1
CP048233.1,533496,2
CP048233.1,533498,1
CP048233.1,533538,1
CP048233.1,533915,1
CP048233.1,534615,1
CP048233.1,537035,1
CP048233.1,537467,1
CP048233.1,537491,1
CP048233.1,537904,1
CP048233.1,538118,1
CP048233.1,538240,2
CP048233.1,538278,1
CP048233.1,538285,1
CP048233.1,540044,1
CP048233.1,540059,2
CP048233.1,540251,2
CP048233.1,540283,1
CP048233.1,540486,1
CP048233.1,540509,1
CP048233.1,541359,1
CP048233.1,541522,1
CP048233.1,541750,1
CP048233.1,541757,2
CP048233.1,541837,1
CP048233.1,542861,1
CP048233.1,543022,3
CP048233.1,544329,1
CP048233.1,548962,1
CP048233.1,550379,1
CP048233.1,550861,1
CP048233.1,552117,1
CP048233.1,558836,1
CP048233.1,558943,2
CP048233.1,558987,1
CP048233.1,559050,2
CP048233.1,559061,1
CP048233.1,559142,1
CP048233.1,559270,1
CP048233.1,559315,1
CP048233.1,559331,4
CP048233.1,559418,9
CP048233.1,559422,2
CP048233.1,559425,2
CP048233.1,559431,2
CP048233.1,559509,1
CP048233.1,559597,1
CP048233.1,559929,1
CP048233.1,560137,2
CP048233.1,562765,3
CP048233.1,563548,1
CP048233.1,565863,4
CP048233.1,571117,1
CP048233.1,572070,1
CP048233.1,573800,1
CP048233.1,574775,1
CP048233.1,574782,1
CP048233.1,574805,1
CP048233.1,574834,2
CP048233.1,575014,1
CP048233.1,575415,1
CP048233.1,575416,1
CP048233.1,575423,1
CP048233.1,575468,1
CP048233.1,575475,4
CP048233.1,575477,1
CP048233.1,575488,1
CP048233.1,576200,1
CP048233.1,577167,1
CP048233.1,579391,3
CP048233.1,580916,1
CP048233.1,580923,1
CP048233.1,581351,1
CP048233.1,581372,1
CP048233.1,581404,1
CP048233.1,581479,2
CP048233.1,581550,1
CP048233.1,581557,1
CP048233.1,581670,1
CP048233.1,581675,2
CP048233.1,581690,2
CP048233.1,582159,1
CP048233.1,585224,1
CP048233.1,594420,1
CP048233.1,595716,1
CP048233.1,595837,2
CP048233.1,595972,1
CP048233.1,596011,1
CP048233.1,596521,1
CP048233.1,597459,1
CP048233.1,597529,1
CP048233.1,597536,3
CP048233.1,597612,1
CP048233.1,597781,1
CP048233.1,599041,1
CP048233.1,599955,1
CP048233.1,600756,1
CP048233.1,601558,1
CP048233.1,601951,1
CP048233.1,601953,2
CP048233.1,601961,4
CP048233.1,604348,1
CP048233.1,605070,1
CP048233.1,606949,1
CP048233.1,607229,2
CP048233.1,607504,1
CP048233.1,607506,1
CP048233.1,607605,1
CP048233.1,608009,2
CP048233.1,608569,1
CP048233.1,608921,1
CP048233.1,609091,1
CP048233.1,609639,1
CP048233.1,609647,1
CP048233.1,609662,2
CP048233.1,609714,2
CP048233.1,609844,1
CP048233.1,610003,2
CP048233.1,610067,2
CP048233.1,613162,1
CP048233.1,613496,1
CP048233.1,613626,1
CP048233.1,615564,2
CP048233.1,619481,1
CP048233.1,619488,2
CP048233.1,619499,1
CP048233.1,621094,2
CP048233.1,621811,1
CP048233.1,621855,2
CP048233.1,623713,1
CP048233.1,623720,1
CP048233.1,623724,2
CP048233.1,624765,1
CP048233.1,626243,1
CP048233.1,629018,2
CP048233.1,629025,3
CP048233.1,629557,1
CP048233.1,629646,1
CP048233.1,633363,1
CP048233.1,633989,2
CP048233.1,634068,1
CP048233.1,635686,1
CP048233.1,635707,1
CP048233.1,635981,1
CP048233.1,639921,1
CP048233.1,643053,1
CP048233.1,643631,1
CP048233.1,644893,1
CP048233.1,645141,3
CP048233.1,645255,1
CP048233.1,645498,1
CP048233.1,645692,1
CP048233.1,645827,1
CP048233.1,646019,1
CP048233.1,646102,1
CP048233.1,646109,1
CP048233.1,646123,1
CP048233.1,646137,2
CP048233.1,646151,1
CP048233.1,646158,3
CP048233.1,646178,1
CP048233.1,646188,2
CP048233.1,646257,1
CP048233.1,646270,2
CP048233.1,646288,1
CP048233.1,646330,2
CP048233.1,646352,5
CP048233.1,646391,2
CP048233.1,646398,7
CP048233.1,646544,1
CP048233.1,647255,1
CP048233.1,647818,1
CP048233.1,647872,1
CP048233.1,647878,1
CP048233.1,648085,1
CP048233.1,648124,1
CP048233.1,648132,1
CP048233.1,648148,1
CP048233.1,648151,1
CP048233.1,651506,1
CP048233.1,651695,1
CP048233.1,658026,1
CP048233.1,658225,1
CP048233.1,660056,1
CP048233.1,660247,1
CP048233.1,665522,2
CP048233.1,665531,1
CP048233.1,665558,2
CP048233.1,665940,1
CP048233.1,665979,2
CP048233.1,666164,1
CP048233.1,666565,2
CP048233.1,666574,1
CP048233.1,666588,2
CP048233.1,666687,1
CP048233.1,666710,1
CP048233.1,666784,1
CP048233.1,666887,1
CP048233.1,666950,1
CP048233.1,666962,1
CP048233.1,666969,1
CP048233.1,669085,1
CP048233.1,669098,1
CP048233.1,669262,1
CP048233.1,669354,1
CP048233.1,669470,1
CP048233.1,669841,1
CP048233.1,669894,1
CP048233.1,669896,1
CP048233.1,669908,1
CP048233.1,670453,1
CP048233.1,676951,1
CP048233.1,681743,1
CP048233.1,681780,1
CP048233.1,681799,1
CP048233.1,682313,1
CP048233.1,682363,1
CP048233.1,682406,1
CP048233.1,682445,1
CP048233.1,682521,1
CP048233.1,682609,1
CP048233.1,682843,1
CP048233.1,682863,3
CP048233.1,683050,1
CP048234.1,42710,1
CP048234.1,52505,1
CP048234.1,74148,2
CP048234.1,87542,2
CP048234.1,87611,1
CP048234.1,87638,2
CP048234.1,91493,1
CP048234.1,91670,1
CP048234.1,92003,1
CP048234.1,93229,2
CP048234.1,101208,2
CP048234.1,101217,1
CP048234.1,113376,1
CP048234.1,113593,1
CP048234.1,118881,1
CP048234.1,124966,1
CP048234.1,126364,2
CP048234.1,126583,1
CP048234.1,126868,1
CP048234.1,129788,1
CP048234.1,129946,1
CP048234.1,130296,1
CP048234.1,130370,1
CP048234.1,130376,1
CP048234.1,130402,1
CP048234.1,130409,5
CP048234.1,130462,2
CP048234.1,139400,1
CP048234.1,139413,1
CP048234.1,139575,1
CP048234.1,140091,1
CP048234.1,141857,1
CP048234.1,143280,1
CP048234.1,143492,1
CP048234.1,143616,1
CP048234.1,143623,1
CP048234.1,143701,4
CP048234.1,144025,1
CP048234.1,146188,1
CP048234.1,151951,1
CP048234.1,152191,2
CP048234.1,158721,1
CP048234.1,158728,1
CP048234.1,162798,1
CP048234.1,165861,1
CP048234.1,166203,1
CP048234.1,166651,1
CP048234.1,173188,1
CP048234.1,174104,1
CP048234.1,177399,1
CP048234.1,177555,1
CP048234.1,179403,1
CP048234.1,181451,1
CP048234.1,188990,1
CP048234.1,190617,1
CP048234.1,190900,1
CP048234.1,191141,1
CP048234.1,191273,3
CP048234.1,192388,1
CP048234.1,193036,1
CP048234.1,195923,1
CP048234.1,200671,2
CP048234.1,200979,1
CP048234.1,201407,1
CP048234.1,201414,1
CP048234.1,201419,1
CP048234.1,202371,1
CP048234.1,202752,1
CP048234.1,203276,2
CP048234.1,206100,1
CP048234.1,206227,1
CP048234.1,206826,1
CP048234.1,208658,1
CP048234.1,211122,1
CP048234.1,212837,2
CP048234.1,214097,1
CP048234.1,214242,1
CP048234.1,215254,3
CP048234.1,217597,1
CP048234.1,217955,1
CP048234.1,218094,1
CP048234.1,218098,1
CP048234.1,218201,1
CP048234.1,219993,1
CP048234.1,220105,1
CP048234.1,220160,1
CP048234.1,220344,1
CP048234.1,220373,2
CP048234.1,221880,1
CP048234.1,222066,1
CP048234.1,223038,1
CP048234.1,223797,1
CP048234.1,226235,1
CP048234.1,226480,2
CP048234.1,226832,1
CP048234.1,226853,1
CP048234.1,226891,1
CP048234.1,227182,4
CP048234.1,229940,1
CP048234.1,232353,1
CP048234.1,232484,1
CP048234.1,232766,1
CP048234.1,235933,1
CP048234.1,236148,1
CP048234.1,236271,1
CP048234.1,236328,2
CP048234.1,236687,3
CP048234.1,237129,1
CP048234.1,237156,2
CP048234.1,237224,1
CP048234.1,237295,1
CP048234.1,237478,2
CP048234.1,237619,1
CP048234.1,237999,1
CP048234.1,238006,1
CP048234.1,238017,1
CP048234.1,238134,1
CP048234.1,238181,1
CP048234.1,238508,1
CP048234.1,241767,1
CP048234.1,241836,1
CP048234.1,242214,1
CP048234.1,242778,1
CP048234.1,242786,2
CP048234.1,242800,2
CP048234.1,243386,1
CP048234.1,244965,1
CP048234.1,244982,1
CP048234.1,252972,1
CP048234.1,255200,1
CP048234.1,256284,1
CP048234.1,256358,5
CP048234.1,256408,1
CP048234.1,256415,1
CP048234.1,256564,1
CP048234.1,256595,1
CP048234.1,256648,1
CP048234.1,262242,1
CP048234.1,263263,1
CP048234.1,263493,1
CP048234.1,263495,1
CP048234.1,263502,3
CP048234.1,263659,2
CP048234.1,263693,1
CP048234.1,264409,1
CP048234.1,264850,1
CP048234.1,265216,1
CP048234.1,266386,1
CP048234.1,266995,2
CP048234.1,269681,1
CP048234.1,269689,1
CP048234.1,272486,1
CP048234.1,273250,1
CP048234.1,278322,2
CP048234.1,278338,1
CP048234.1,278539,1
CP048234.1,279507,1
CP048234.1,279999,1
CP048234.1,280617,1
CP048234.1,280929,2
CP048234.1,280936,1
CP048234.1,281151,1
CP048234.1,281153,1
CP048234.1,281994,1
CP048234.1,282000,2
CP048234.1,282002,3
CP048234.1,282009,1
CP048234.1,282010,1
CP048234.1,288824,1
CP048234.1,293506,1
CP048234.1,293768,1
CP048234.1,293787,1
CP048234.1,293833,1
CP048234.1,293920,1
CP048234.1,298837,1
CP048234.1,304393,1
CP048234.1,304618,1
CP048234.1,305508,1
CP048234.1,305555,1
CP048234.1,305604,2
CP048234.1,305606,1
CP048234.1,305881,1
CP048234.1,305920,3
CP048234.1,305927,2
CP048234.1,305936,1
CP048234.1,305939,2
CP048234.1,305991,1
CP048234.1,306090,1
CP048234.1,306097,1
CP048234.1,306144,1
CP048234.1,309592,1
CP048234.1,311031,1
CP048234.1,311043,1
CP048234.1,311203,2
CP048234.1,311337,1
CP048234.1,311338,1
CP048234.1,311372,1
CP048234.1,311378,1
CP048234.1,311379,1
CP048234.1,311398,1
CP048234.1,311413,1
CP048234.1,311679,1
CP048234.1,311859,2
CP048234.1,311866,1
CP048234.1,311899,1
CP048234.1,312718,1
CP048234.1,315150,1
CP048234.1,315379,1
CP048234.1,315539,3
CP048234.1,315809,1
CP048234.1,321775,1
CP048234.1,322116,2
CP048234.1,322346,1
CP048234.1,323204,4
CP048234.1,323298,1
CP048234.1,323304,1
CP048234.1,323305,9
CP048234.1,323325,1
CP048234.1,323348,1
CP048234.1,323361,3
CP048234.1,323368,1
CP048234.1,323581,1
CP048234.1,323637,1
CP048234.1,334288,1
CP048234.1,334631,1
CP048234.1,334804,1
CP048234.1,335012,1
CP048234.1,339606,1
CP048234.1,339613,1
CP048234.1,349103,1
CP048234.1,349136,1
CP048234.1,349483,2
CP048234.1,352213,1
CP048234.1,352774,1
CP048234.1,357076,1
CP048234.1,362975,1
CP048234.1,363207,1
CP048234.1,363209,1
CP048234.1,363242,1
CP048234.1,363326,1
CP048234.1,363351,1
CP048234.1,363457,1
CP048234.1,363777,1
CP048234.1,369760,1
CP048234.1,369997,1
CP048234.1,370021,1
CP048234.1,372506,1
CP048234.1,374144,1
CP048234.1,374523,1
CP048234.1,374527,1
CP048234.1,374746,1
CP048234.1,374821,1
CP048234.1,375132,1
CP048234.1,376865,1
CP048234.1,384237,1
CP048234.1,384290,1
CP048234.1,384369,1
CP048234.1,384527,1
CP048234.1,384532,1
CP048234.1,390579,1
CP048234.1,390629,1
CP048234.1,394548,1
CP048234.1,395586,1
CP048234.1,396241,1
CP048234.1,396243,1
CP048234.1,396787,1
CP048234.1,396880,1
CP048234.1,398931,1
CP048234.1,398986,1
CP048234.1,412719,1
CP048234.1,413084,1
CP048234.1,413701,1
CP048234.1,414652,1
CP048234.1,424572,1
CP048234.1,424969,1
CP048234.1,428798,1
CP048234.1,430031,1
CP048234.1,431650,1
CP048234.1,432678,1
CP048234.1,433198,1
CP048234.1,438345,1
CP048234.1,438434,2
CP048234.1,439119,1
CP048234.1,439256,2
CP048234.1,439259,1
CP048234.1,439395,1
CP048234.1,439794,1
CP048234.1,439801,1
CP048234.1,439954,1
CP048234.1,442972,1
CP048234.1,443004,1
CP048234.1,443005,1
CP048234.1,443138,1
CP048234.1,443145,1
CP048234.1,443269,1
CP048234.1,443304,1
CP048234.1,443323,2
CP048234.1,443330,1
CP048234.1,443332,1
CP048234.1,446268,1
CP048234.1,446620,1
CP048234.1,448152,1
CP048234.1,450784,1
CP048234.1,457543,1
CP048234.1,461203,1
CP048234.1,464913,1
CP048234.1,466471,2
CP048234.1,466551,4
CP048234.1,466558,4
CP048234.1,466598,1
CP048234.1,466635,1
CP048234.1,466642,1
CP048234.1,466649,2
CP048234.1,466729,1
CP048234.1,466742,1
CP048234.1,466894,1
CP048234.1,467398,1
CP048234.1,467581,2
CP048234.1,470015,1
CP048234.1,472252,1
CP048234.1,477569,1
CP048234.1,477773,1
CP048234.1,478312,2
CP048234.1,479773,1
CP048234.1,480550,1
CP048234.1,486015,1
CP048234.1,486476,1
CP048234.1,493977,1
CP048234.1,495068,1
CP048234.1,496679,1
CP048234.1,496867,1
CP048234.1,496874,2
CP048234.1,496909,1
CP048234.1,497186,2
CP048234.1,497312,1
CP048234.1,497476,1
CP048234.1,497487,1
CP048234.1,504429,1
CP048234.1,504635,1
CP048234.1,504666,1
CP048234.1,504772,1
CP048234.1,507858,1
CP048234.1,507944,2
CP048234.1,508365,1
CP048234.1,508683,1
CP048234.1,519184,1
CP048234.1,525258,1
CP048234.1,527109,1
CP048234.1,530367,1
CP048234.1,530425,1
CP048234.1,531415,2
CP048234.1,531422,1
CP048234.1,532173,1
CP048234.1,532221,2
CP048234.1,551177,1
CP048234.1,563189,1
CP048234.1,568831,1
CP048234.1,569169,1
CP048234.1,571935,1
CP048234.1,574360,1
CP048234.1,574414,1
CP048234.1,574560,1
CP048234.1,574703,1
CP048234.1,577917,2
CP048234.1,578326,1
CP048234.1,579433,1
CP048234.1,580229,1
CP048234.1,580654,1
CP048234.1,580831,2
CP048234.1,580864,1
CP048234.1,580871,1
CP048234.1,581553,1
CP048234.1,583877,1
CP048234.1,585369,1
CP048234.1,585452,1
CP048234.1,585518,1
CP048234.1,595024,2
CP048234.1,595097,1
CP048234.1,595104,1
CP048234.1,606180,1
CP048234.1,606948,1
CP048234.1,609430,2
CP048234.1,614617,1
CP048234.1,614624,1
CP048234.1,621550,2
CP048234.1,622063,2
CP048234.1,623011,1
CP048234.1,626028,1
CP048234.1,626326,1
CP048234.1,626332,2
CP048234.1,626508,3
CP048234.1,626629,3
CP048234.1,628728,1
CP048234.1,629638,1
CP048234.1,636867,1
CP048234.1,637040,1
CP048234.1,637047,1
CP048234.1,639802,1
CP048234.1,644879,1
CP048234.1,646274,1
CP048234.1,647870,1
CP048234.1,649426,1
CP048234.1,649829,1
CP048234.1,650636,1
CP048234.1,659378,1
CP048234.1,659399,1
CP048234.1,659684,1
CP048234.1,660026,1
CP048234.1,660028,1
CP048234.1,660061,1
CP048234.1,661710,2
CP048234.1,663054,1
CP048234.1,670411,2
CP048234.1,675591,1
CP048234.1,684018,1
CP048235.1,30683,1
CP048235.1,30720,1
CP048235.1,31031,1
CP048235.1,31038,1
CP048235.1,32914,1
CP048235.1,36230,1
CP048235.1,39595,1
CP048235.1,39785,1
CP048235.1,41047,1
CP048235.1,41084,1
CP048235.1,41264,1
CP048235.1,42592,1
CP048235.1,43257,1
CP048235.1,43433,1
CP048235.1,43552,1
CP048235.1,43553,1
CP048235.1,45408,1
CP048235.1,46406,1
CP048235.1,47122,1
CP048235.1,47456,1
CP048235.1,51143,1
CP048235.1,52054,1
CP048235.1,52250,1
CP048235.1,52407,1
CP048235.1,52512,1
CP048235.1,52539,1
CP048235.1,53902,1
CP048235.1,54303,1
CP048235.1,54509,3
CP048235.1,54772,1
CP048235.1,54832,1
CP048235.1,54892,1
CP048235.1,55516,1
CP048235.1,55627,1
CP048235.1,75202,1
CP048235.1,75984,1
CP048235.1,76096,1
CP048235.1,76120,1
CP048235.1,76178,1
CP048235.1,76490,1
CP048235.1,76789,2
CP048235.1,76827,1
CP048235.1,78400,3
CP048235.1,79168,1
CP048235.1,82034,1
CP048235.1,82209,2
CP048235.1,82216,3
CP048235.1,82251,1
CP048235.1,82270,1
CP048235.1,82308,1
CP048235.1,82438,1
CP048235.1,82648,1
CP048235.1,83091,1
CP048235.1,83305,1
CP048235.1,84116,2
CP048235.1,84347,1
CP048235.1,84478,1
CP048235.1,84809,1
CP048235.1,84825,2
CP048235.1,85318,1
CP048235.1,88212,2
CP048235.1,88223,1
CP048235.1,93287,1
CP048235.1,93306,1
CP048235.1,93486,1
CP048235.1,93592,1
CP048235.1,96583,1
CP048235.1,96876,1
CP048235.1,96921,1
CP048235.1,99902,1
CP048235.1,101007,1
CP048235.1,102682,1
CP048235.1,102700,1
CP048235.1,102739,1
CP048235.1,107801,1
CP048235.1,109162,1
CP048235.1,109749,1
CP048235.1,121863,1
CP048235.1,126527,2
CP048235.1,134532,1
CP048235.1,138296,1
CP048235.1,138303,1
CP048235.1,139732,2
CP048235.1,139734,1
CP048235.1,140179,1
CP048235.1,140213,1
CP048235.1,141572,2
CP048235.1,143906,1
CP048235.1,144157,2
CP048235.1,144575,1
CP048235.1,144745,2
CP048235.1,144888,1
CP048235.1,145048,2
CP048235.1,145514,1
CP048235.1,145958,1
CP048235.1,145965,1
CP048235.1,146072,1
CP048235.1,147633,1
CP048235.1,148171,1
CP048235.1,149343,1
CP048235.1,149511,1
CP048235.1,149935,2
CP048235.1,150692,1
CP048235.1,150716,1
CP048235.1,150723,1
CP048235.1,153186,1
CP048235.1,153198,1
CP048235.1,153338,1
CP048235.1,153948,1
CP048235.1,161258,2
CP048235.1,161831,1
CP048235.1,162187,2
CP048235.1,162259,1
CP048235.1,162273,1
CP048235.1,162580,1
CP048235.1,162594,1
CP048235.1,163268,2
CP048235.1,163518,2
CP048235.1,163577,1
CP048235.1,163631,1
CP048235.1,163698,1
CP048235.1,163703,1
CP048235.1,163705,3
CP048235.1,163707,1
CP048235.1,163886,2
CP048235.1,164118,1
CP048235.1,164373,1
CP048235.1,164432,1
CP048235.1,166513,1
CP048235.1,167022,2
CP048235.1,167065,2
CP048235.1,167104,1
CP048235.1,167117,1
CP048235.1,167119,1
CP048235.1,167419,1
CP048235.1,170079,1
CP048235.1,176745,1
CP048235.1,181094,2
CP048235.1,185304,2
CP048235.1,186340,1
CP048235.1,186368,1
CP048235.1,186412,2
CP048235.1,186496,1
CP048235.1,186703,2
CP048235.1,187333,1
CP048235.1,189723,1
CP048235.1,191411,2
CP048235.1,191437,1
CP048235.1,191452,1
CP048235.1,193751,2
CP048235.1,193761,2
CP048235.1,193779,1
CP048235.1,193797,1
CP048235.1,193865,1
CP048235.1,193882,1
CP048235.1,193912,1
CP048235.1,194452,1
CP048235.1,195146,1
CP048235.1,195665,1
CP048235.1,198844,2
CP048235.1,199575,1
CP048235.1,200143,1
CP048235.1,202537,1
CP048235.1,205434,1
CP048235.1,207107,1
CP048235.1,207113,1
CP048235.1,207120,2
CP048235.1,207144,1
CP048235.1,207281,1
CP048235.1,207306,1
CP048235.1,207387,1
CP048235.1,207467,1
CP048235.1,208015,1
CP048235.1,208177,1
CP048235.1,208449,1
CP048235.1,208610,1
CP048235.1,212910,1
CP048235.1,219072,1
CP048235.1,220617,3
CP048235.1,222820,1
CP048235.1,223327,1
CP048235.1,225948,1
CP048235.1,227565,1
CP048235.1,227646,1
CP048235.1,227661,1
CP048235.1,227664,2
CP048235.1,228021,2
CP048235.1,229603,2
CP048235.1,231035,1
CP048235.1,231042,1
CP048235.1,231967,1
CP048235.1,232675,1
CP048235.1,233347,1
CP048235.1,233578,1
CP048235.1,233602,1
CP048235.1,234798,1
CP048235.1,234945,1
CP048235.1,235424,1
CP048235.1,235715,3
CP048235.1,235719,1
CP048235.1,235722,1
CP048235.1,235726,1
CP048235.1,240454,2
CP048235.1,240879,1
CP048235.1,240921,1
CP048235.1,241361,1
CP048235.1,242243,1
CP048235.1,243055,1
CP048235.1,243160,1
CP048235.1,243815,1
CP048235.1,244094,1
CP048235.1,244280,1
CP048235.1,247092,1
CP048235.1,247099,1
CP048235.1,247144,1
CP048235.1,247157,1
CP048235.1,247161,1
CP048235.1,247209,1
CP048235.1,247211,1
CP048235.1,247221,1
CP048235.1,247228,1
CP048235.1,247317,1
CP048235.1,247340,3
CP048235.1,247347,1
CP048235.1,247489,1
CP048235.1,247527,1
CP048235.1,247534,1
CP048235.1,247546,1
CP048235.1,247574,1
CP048235.1,247814,1
CP048235.1,247829,1
CP048235.1,247831,1
CP048235.1,247834,2
CP048235.1,247836,3
CP048235.1,247838,7
CP048235.1,247896,1
CP048235.1,247903,1
CP048235.1,247910,2
CP048235.1,247974,1
CP048235.1,248115,2
CP048235.1,249150,1
CP048235.1,253104,1
CP048235.1,253405,1
CP048235.1,258043,1
CP048235.1,258404,1
CP048235.1,258462,1
CP048235.1,258469,2
CP048235.1,258530,1
CP048235.1,258564,1
CP048235.1,258813,2
CP048235.1,258835,1
CP048235.1,258870,1
CP048235.1,258886,2
CP048235.1,258941,1
CP048235.1,259006,1
CP048235.1,264691,1
CP048235.1,264831,1
CP048235.1,265068,1
CP048235.1,266486,1
CP048235.1,270003,1
CP048235.1,275201,2
CP048235.1,275240,1
CP048235.1,275395,1
CP048235.1,275446,1
CP048235.1,275738,1
CP048235.1,275923,1
CP048235.1,275930,1
CP048235.1,275964,1
CP048235.1,275971,5
CP048235.1,276003,5
CP048235.1,276049,1
CP048235.1,276208,3
CP048235.1,276367,2
CP048235.1,285726,1
CP048235.1,285940,2
CP048235.1,286087,1
CP048235.1,287393,1
CP048235.1,289926,1
CP048235.1,290112,1
CP048235.1,291025,1
CP048235.1,291031,1
CP048235.1,294987,1
CP048235.1,295048,1
CP048235.1,295062,3
CP048235.1,300383,1
CP048235.1,300420,1
CP048235.1,300421,1
CP048235.1,302856,1
CP048235.1,303040,2
CP048235.1,303047,1
CP048235.1,303092,2
CP048235.1,303153,2
CP048235.1,303297,1
CP048235.1,303584,1
CP048235.1,303782,1
CP048235.1,307516,1
CP048235.1,307534,1
CP048235.1,307544,1
CP048235.1,315890,1
CP048235.1,317776,1
CP048235.1,317783,3
CP048235.1,318239,1
CP048235.1,324907,1
CP048235.1,335007,1
CP048235.1,335042,1
CP048235.1,335130,1
CP048235.1,339574,1
CP048235.1,340198,2
CP048235.1,340612,1
CP048235.1,340619,1
CP048235.1,340895,1
CP048235.1,345935,2
CP048235.1,346001,2
CP048235.1,346008,1
CP048235.1,350173,1
CP048235.1,350242,1
CP048235.1,350249,1
CP048235.1,350354,1
CP048235.1,350359,1
CP048235.1,359199,1
CP048235.1,361743,1
CP048235.1,369112,1
CP048235.1,369211,1
CP048235.1,370094,1
CP048235.1,370452,1
CP048235.1,376689,1
CP048235.1,376857,1
CP048235.1,378807,1
CP048235.1,385440,2
CP048235.1,390098,1
CP048235.1,400579,1
CP048235.1,408393,2
CP048235.1,408591,1
CP048235.1,415672,1
CP048235.1,416531,1
CP048235.1,426685,1
CP048235.1,426743,1
CP048235.1,426842,2
CP048235.1,426869,1
CP048235.1,427635,1
CP048235.1,429858,1
CP048235.1,430824,1
CP048235.1,431546,1
CP048235.1,431955,1
CP048235.1,433004,2
CP048235.1,433133,1
CP048235.1,433306,1
CP048235.1,433313,1
CP048235.1,433444,3
CP048235.1,433463,1
CP048235.1,433645,2
CP048235.1,435510,1
CP048235.1,435647,1
CP048235.1,438875,1
CP048235.1,438902,1
CP048235.1,438952,1
CP048235.1,451176,1
CP048235.1,455481,1
CP048235.1,458996,1
CP048235.1,462449,1
CP048235.1,463111,1
CP048235.1,464037,1
CP048235.1,464578,1
CP048235.1,466109,1
CP048235.1,468289,1
CP048235.1,468949,1
CP048235.1,469548,1
CP048235.1,469586,1
CP048235.1,470381,1
CP048235.1,470441,1
CP048235.1,471206,1
CP048235.1,471302,1
CP048235.1,472895,1
CP048235.1,472995,1
CP048235.1,473147,1
CP048235.1,473201,1
CP048235.1,473450,1
CP048235.1,477017,2
CP048235.1,486376,1
CP048235.1,486407,1
CP048235.1,486589,1
CP048235.1,492489,2
CP048235.1,496765,1
CP048235.1,496902,1
CP048235.1,501641,1
CP048235.1,501870,1
CP048235.1,501937,1
CP048235.1,501939,2
CP048235.1,501946,1
CP048235.1,501956,2
CP048235.1,502072,1
CP048235.1,502509,1
CP048235.1,504114,1
CP048235.1,509437,1
CP048235.1,510809,1
CP048235.1,512339,1
CP048235.1,517040,1
CP048235.1,521539,1
CP048235.1,530033,1
CP048235.1,532335,1
CP048235.1,532484,1
CP048235.1,533840,1
CP048235.1,534659,1
CP048235.1,537626,1
CP048235.1,537785,2
CP048235.1,537787,1
CP048235.1,537919,1
CP048235.1,549861,1
CP048235.1,550806,1
CP048235.1,550831,1
CP048235.1,551286,2
CP048235.1,551406,1
CP048235.1,555616,1
CP048235.1,562907,1
CP048235.1,572952,1
CP048235.1,572961,1
CP048235.1,576606,1
CP048235.1,576713,1
CP048235.1,577241,1
CP048235.1,577262,2
CP048235.1,584070,1
CP048235.1,584477,1
CP048235.1,599759,1
CP048235.1,604971,1
CP048235.1,615437,1
CP048235.1,615575,1
CP048235.1,615605,2
CP048235.1,616902,1
CP048235.1,617021,1
CP048235.1,622204,1
CP048235.1,622598,1
CP048235.1,622639,1
CP048235.1,626999,1
CP048235.1,635274,1
CP048235.1,638236,1
CP048235.1,639382,2
CP048235.1,645552,1
CP048235.1,647217,2
CP048235.1,647685,1
CP048235.1,647696,1
CP048235.1,648227,1
CP048235.1,648255,1
CP048235.1,651978,1
CP048235.1,663550,1
CP048235.1,663744,2
CP048235.1,664227,1
CP048235.1,664764,1
CP048235.1,664846,1
CP048235.1,670036,1
CP048235.1,674329,2
CP048235.1,682571,1
CP048235.1,690136,2
CP048235.1,691883,1
CP048235.1,693524,1
CP048235.1,694259,1
CP048235.1,702109,1
CP048235.1,702592,1
CP048235.1,702650,1
CP048235.1,702711,1
CP048235.1,702748,1
CP048235.1,702780,4
CP048235.1,702885,1
CP048235.1,702973,1
CP048235.1,703197,1
CP048235.1,703204,1
CP048235.1,709520,1
CP048235.1,709837,1
CP048235.1,712735,1
CP048235.1,725486,1
CP048235.1,728478,1
CP048235.1,733524,1
CP048235.1,745513,1
CP048235.1,746135,1
CP048235.1,747383,1
CP048235.1,747385,1
CP048235.1,750548,1
CP048235.1,750754,2
CP048235.1,751535,1
CP048235.1,751970,3
CP048235.1,754394,1
CP048235.1,754426,1
CP048235.1,754491,1
CP048235.1,754521,1
CP048235.1,754543,1
CP048235.1,754550,1
CP048235.1,754558,1
CP048235.1,754565,2
CP048235.1,754717,1
CP048235.1,754798,2
CP048235.1,754881,2
CP048235.1,754938,1
CP048235.1,754945,4
CP048235.1,755597,2
CP048235.1,758830,2
CP048235.1,759708,1
CP048235.1,762497,1
CP048235.1,792832,1
CP048235.1,794681,1
CP048235.1,796542,1
CP048235.1,799529,1
CP048235.1,799936,1
CP048235.1,799943,1
CP048235.1,800250,2
CP048235.1,804977,1
CP048235.1,806444,1
CP048235.1,813195,1
CP048235.1,813477,1
CP048235.1,813777,1
CP048235.1,817089,1
CP048235.1,824934,1
CP048235.1,825090,2
CP048235.1,832388,1
CP048235.1,833274,2
CP048235.1,833354,1
CP048235.1,833361,1
CP048235.1,835436,1
CP048235.1,837243,2
CP048235.1,838220,2
CP048235.1,838227,3
CP048235.1,839632,1
CP048235.1,843620,2
CP048235.1,843681,1
CP048235.1,843752,2
CP048235.1,849108,1
CP048235.1,860529,1
CP048235.1,860532,1
CP048235.1,860625,1
CP048235.1,864523,1
CP048235.1,864553,1
CP048235.1,864675,1
CP048235.1,864970,1
CP048235.1,866114,2
CP048235.1,866374,1
CP048235.1,869443,1
CP048235.1,872023,1
CP048235.1,872199,1
CP048235.1,881763,5
CP048235.1,881991,3
CP048235.1,882246,1
CP048235.1,882466,1
CP048235.1,882473,1
CP048235.1,883726,1
CP048235.1,883874,1
CP048235.1,885724,1
CP048235.1,886017,2
CP048235.1,886125,1
CP048235.1,886408,1
CP048235.1,887461,1
CP048235.1,887844,2
CP048235.1,887887,1
CP048235.1,890400,2
CP048235.1,893583,1
CP048235.1,893619,1
CP048235.1,902332,1
CP048235.1,902394,1
CP048235.1,902401,1
CP048235.1,905880,1
CP048235.1,906046,1
CP048235.1,906888,2
CP048235.1,907123,1
CP048235.1,907704,2
CP048235.1,912424,1
CP048235.1,912471,1
CP048235.1,912815,1
CP048235.1,917747,1
CP048235.1,918227,1
CP048235.1,918365,1
CP048235.1,920941,1
CP048235.1,921175,1
CP048235.1,923562,1
CP048235.1,926751,1
CP048236.1,34941,1
CP048236.1,36769,1
CP048236.1,38236,1
CP048236.1,38388,1
CP048236.1,38706,1
CP048236.1,38906,1
CP048236.1,39000,1
CP048236.1,39009,1
CP048236.1,39038,1
CP048236.1,40290,2
CP048236.1,40297,1
CP048236.1,45529,1
CP048236.1,45670,1
CP048236.1,45799,1
CP048236.1,45813,1
CP048236.1,45886,1
CP048236.1,45927,1
CP048236.1,45943,1
CP048236.1,45950,1
CP048236.1,46093,1
CP048236.1,46139,1
CP048236.1,46193,1
CP048236.1,46200,1
CP048236.1,46348,1
CP048236.1,46415,1
CP048236.1,46444,1
CP048236.1,46446,1
CP048236.1,47458,1
CP048236.1,47781,1
CP048236.1,48426,1
CP048236.1,49052,1
CP048236.1,49240,1
CP048236.1,49871,1
CP048236.1,49967,1
CP048236.1,49997,1
CP048236.1,50620,1
CP048236.1,50798,1
CP048236.1,50862,2
CP048236.1,51001,1
CP048236.1,51003,1
CP048236.1,51010,1
CP048236.1,51090,3
CP048236.1,51095,1
CP048236.1,51475,1
CP048236.1,51497,1
CP048236.1,51516,1
CP048236.1,51770,1
CP048236.1,51848,2
CP048236.1,51852,5
CP048236.1,51855,1
CP048236.1,51859,3
CP048236.1,51888,1
CP048236.1,51933,1
CP048236.1,51940,1
CP048236.1,52023,1
CP048236.1,52313,1
CP048236.1,52330,1
CP048236.1,52344,1
CP048236.1,52477,1
CP048236.1,54938,1
CP048236.1,68089,1
CP048236.1,73310,1
CP048236.1,75004,1
CP048236.1,75235,3
CP048236.1,79725,2
CP048236.1,79728,1
CP048236.1,79732,6
CP048236.1,79960,1
CP048236.1,79975,1
CP048236.1,79999,3
CP048236.1,80006,1
CP048236.1,80046,1
CP048236.1,80056,1
CP048236.1,80083,1
CP048236.1,80104,1
CP048236.1,80124,1
CP048236.1,80287,4
CP048236.1,80294,1
CP048236.1,80593,1
CP048236.1,80756,1
CP048236.1,80933,1
CP048236.1,80975,2
CP048236.1,80982,1
CP048236.1,81572,1
CP048236.1,81580,1
CP048236.1,81641,1
CP048236.1,83017,2
CP048236.1,83644,1
CP048236.1,83690,2
CP048236.1,85379,1
CP048236.1,90236,1
CP048236.1,91216,1
CP048236.1,95163,1
CP048236.1,96125,1
CP048236.1,97750,1
CP048236.1,108880,1
CP048236.1,110808,1
CP048236.1,111445,1
CP048236.1,111740,1
CP048236.1,111816,1
CP048236.1,111843,1
CP048236.1,111896,1
CP048236.1,111906,1
CP048236.1,112041,1
CP048236.1,112095,1
CP048236.1,112104,1
CP048236.1,112142,1
CP048236.1,112155,2
CP048236.1,112162,4
CP048236.1,112174,1
CP048236.1,112215,1
CP048236.1,112262,2
CP048236.1,112269,1
CP048236.1,112358,1
CP048236.1,112379,1
CP048236.1,114452,1
CP048236.1,124132,2
CP048236.1,126121,1
CP048236.1,127223,2
CP048236.1,127302,2
CP048236.1,127573,1
CP048236.1,127812,2
CP048236.1,132202,1
CP048236.1,132717,1
CP048236.1,132724,1
CP048236.1,133502,3
CP048236.1,139113,1
CP048236.1,139129,1
CP048236.1,139298,1
CP048236.1,139653,1
CP048236.1,141832,1
CP048236.1,144016,1
CP048236.1,144237,1
CP048236.1,146408,1
CP048236.1,146415,1
CP048236.1,146432,1
CP048236.1,146606,1
CP048236.1,146665,1
CP048236.1,150154,1
CP048236.1,155642,1
CP048236.1,155946,1
CP048236.1,156080,1
CP048236.1,157998,1
CP048236.1,158007,1
CP048236.1,158797,1
CP048236.1,159383,1
CP048236.1,159824,1
CP048236.1,159950,1
CP048236.1,160070,1
CP048236.1,162939,2
CP048236.1,164605,1
CP048236.1,164660,1
CP048236.1,164666,1
CP048236.1,166217,1
CP048236.1,177141,1
CP048236.1,177145,1
CP048236.1,177312,1
CP048236.1,178828,1
CP048236.1,186515,1
CP048236.1,189477,2
CP048236.1,190135,1
CP048236.1,190621,1
CP048236.1,190791,2
CP048236.1,191092,1
CP048236.1,191215,1
CP048236.1,191223,2
CP048236.1,191230,2
CP048236.1,191240,1
CP048236.1,191261,1
CP048236.1,193375,1
CP048236.1,196067,1
CP048236.1,203186,1
CP048236.1,203239,3
CP048236.1,203310,1
CP048236.1,205012,1
CP048236.1,205164,1
CP048236.1,206785,1
CP048236.1,214740,1
CP048236.1,221610,1
CP048236.1,221612,1
CP048236.1,229026,1
CP048236.1,231743,1
CP048236.1,232572,1
CP048236.1,237118,1
CP048236.1,237558,2
CP048236.1,240026,1
CP048236.1,241120,1
CP048236.1,241374,1
CP048236.1,247439,1
CP048236.1,249983,1
CP048236.1,250765,1
CP048236.1,261093,1
CP048236.1,262406,2
CP048236.1,263366,1
CP048236.1,263820,1
CP048236.1,268204,1
CP048236.1,268215,1
CP048236.1,268267,1
CP048236.1,268271,1
CP048236.1,268404,2
CP048236.1,268694,2
CP048236.1,270732,1
CP048236.1,270842,1
CP048236.1,270877,1
CP048236.1,271111,1
CP048236.1,271617,1
CP048236.1,272588,1
CP048236.1,273548,1
CP048236.1,283252,2
CP048236.1,288729,1
CP048236.1,289080,2
CP048236.1,289501,1
CP048236.1,290205,1
CP048236.1,292101,1
CP048236.1,292414,1
CP048236.1,292428,1
CP048236.1,292686,1
CP048236.1,292964,1
CP048236.1,293780,2
CP048236.1,293787,1
CP048236.1,296288,1
CP048236.1,296353,2
CP048236.1,296528,1
CP048236.1,314661,2
CP048236.1,315168,1
CP048236.1,315468,2
CP048236.1,328825,1
CP048236.1,328832,1
CP048236.1,328837,1
CP048236.1,333685,1
CP048236.1,345581,1
CP048236.1,351468,1
CP048236.1,351669,1
CP048236.1,352180,1
CP048236.1,352211,2
CP048236.1,352271,1
CP048236.1,352485,1
CP048236.1,358713,1
CP048236.1,360537,1
CP048236.1,365631,2
CP048236.1,370266,1
CP048236.1,377915,1
CP048236.1,382088,3
CP048236.1,382095,1
CP048236.1,382788,2
CP048236.1,383555,1
CP048236.1,386331,1
CP048236.1,391048,1
CP048236.1,391265,1
CP048236.1,392849,1
CP048236.1,392856,1
CP048236.1,394351,1
CP048236.1,396254,1
CP048236.1,399344,1
CP048236.1,399407,1
CP048236.1,399414,1
CP048236.1,399421,1
CP048236.1,399575,2
CP048236.1,399580,3
CP048236.1,406109,2
CP048236.1,406381,1
CP048236.1,413409,1
CP048236.1,417854,1
CP048236.1,426406,2
CP048236.1,428199,1
CP048236.1,428323,1
CP048236.1,435241,1
CP048236.1,441267,1
CP048236.1,448748,1
CP048236.1,449032,1
CP048236.1,449689,1
CP048236.1,461071,1
CP048236.1,470336,1
CP048236.1,473501,1
CP048236.1,475499,1
CP048236.1,475722,2
CP048236.1,475724,1
CP048236.1,477214,4
CP048236.1,478689,1
CP048236.1,478712,1
CP048236.1,478803,1
CP048236.1,478809,4
CP048236.1,479210,1
CP048236.1,492608,1
CP048236.1,492793,2
CP048236.1,495374,1
CP048236.1,497144,1
CP048236.1,499875,2
CP048236.1,511013,1
CP048236.1,515166,1
CP048236.1,518915,1
CP048236.1,519063,1
CP048236.1,519071,2
CP048236.1,519088,1
CP048236.1,519090,1
CP048236.1,519097,1
CP048236.1,519109,1
CP048236.1,519118,1
CP048236.1,519132,1
CP048236.1,519188,1
CP048236.1,519678,1
CP048236.1,520322,3
CP048236.1,520451,1
CP048236.1,520712,2
CP048236.1,520720,1
CP048236.1,524210,1
CP048236.1,530941,1
CP048236.1,537797,1
CP048236.1,538538,2
CP048236.1,538588,1
CP048236.1,538904,1
CP048236.1,539401,2
CP048236.1,544163,1
CP048236.1,544618,1
CP048236.1,550119,1
CP048236.1,550446,1
CP048236.1,551184,1
CP048236.1,553889,1
CP048236.1,554927,1
CP048236.1,555169,1
CP048236.1,557742,1
CP048236.1,563490,1
CP048236.1,570513,1
CP048236.1,570514,1
CP048236.1,570608,1
CP048236.1,570670,1
CP048236.1,576340,1
CP048236.1,577246,1
CP048236.1,584573,1
CP048236.1,584695,1
CP048236.1,584731,1
CP048236.1,584770,3
CP048236.1,584775,2
CP048236.1,584777,3
CP048236.1,594336,2
CP048236.1,600646,1
CP048236.1,600730,1
CP048236.1,601057,2
CP048236.1,602995,1
CP048236.1,603002,2
CP048236.1,616161,1
CP048236.1,616193,1
CP048236.1,625752,1
CP048236.1,626358,1
CP048236.1,626687,1
CP048236.1,631412,2
CP048236.1,633210,1
CP048236.1,633221,1
CP048236.1,637846,1
CP048236.1,638230,1
CP048236.1,638286,1
CP048236.1,638326,2
CP048236.1,641075,2
CP048236.1,641167,2
CP048236.1,641226,2
CP048236.1,641237,2
CP048236.1,641623,1
CP048236.1,641631,1
CP048236.1,641715,1
CP048236.1,641832,2
CP048236.1,642123,1
CP048236.1,649413,1
CP048236.1,655039,2
CP048236.1,655103,1
CP048236.1,662508,1
CP048236.1,667058,1
CP048236.1,686069,1
CP048236.1,690376,1
CP048236.1,695335,1
CP048236.1,703293,1
CP048236.1,703462,1
CP048236.1,704083,1
CP048236.1,704117,1
CP048236.1,704285,1
CP048236.1,704313,1
CP048236.1,704591,1
CP048236.1,704857,1
CP048236.1,704976,2
CP048236.1,704978,1
CP048236.1,716629,1
CP048236.1,716781,1
CP048236.1,716789,1
CP048236.1,717331,1
CP048236.1,720134,1
CP048236.1,735867,3
CP048236.1,735874,1
CP048236.1,738932,1
CP048236.1,738937,2
CP048236.1,744342,1
CP048236.1,749236,1
CP048236.1,771404,1
CP048236.1,771722,1
CP048236.1,772076,1
CP048236.1,774507,1
CP048236.1,774602,2
CP048236.1,775738,1
CP048236.1,775742,1
CP048236.1,775858,2
CP048236.1,775874,3
CP048236.1,780189,1
CP048236.1,788052,1
CP048236.1,790682,1
CP048236.1,793416,3
CP048236.1,793865,1
CP048236.1,801586,2
CP048236.1,813233,1
CP048236.1,817916,2
CP048236.1,819778,2
CP048236.1,820231,1
CP048236.1,820992,1
CP048236.1,824739,1
CP048236.1,827577,1
CP048236.1,827590,1
CP048236.1,827956,1
CP048236.1,827976,1
CP048236.1,832747,1
CP048236.1,841147,1
CP048236.1,841327,1
CP048236.1,841525,1
CP048236.1,842282,1
CP048236.1,842788,1
CP048236.1,852013,1
CP048236.1,862076,1
CP048236.1,863300,2
CP048236.1,863442,1
CP048236.1,868049,1
CP048236.1,872543,1
CP048236.1,872660,1
CP048236.1,873351,2
CP048236.1,873589,1
CP048236.1,877006,3
CP048236.1,883848,1
CP048236.1,883855,1
CP048236.1,884422,1
CP048236.1,897174,2
CP048236.1,897688,1
CP048236.1,897690,1
CP048236.1,898256,2
CP048236.1,900618,1
CP048236.1,905793,1
CP048236.1,906570,1
CP048236.1,908128,1
CP048236.1,908263,1
CP048236.1,911465,1
CP048236.1,920229,1
CP048236.1,922406,1
CP048236.1,922412,1
CP048236.1,924822,1
CP048236.1,932305,1
CP048236.1,932695,2
CP048236.1,932991,1
CP048236.1,933147,1
CP048236.1,933230,1
CP048236.1,942669,1
CP048236.1,949491,1
CP048236.1,949974,1
CP048236.1,965511,1
CP048236.1,966893,1
CP048236.1,976303,1
CP048236.1,979972,1
CP048236.1,983378,1
CP048236.1,983385,2
CP048236.1,983577,1
CP048236.1,985980,2
CP048236.1,991541,2
CP048236.1,991745,1
CP048236.1,992050,1
CP048236.1,992913,1
CP048237.1,22292,1
CP048237.1,22691,1
CP048237.1,28151,1
CP048237.1,30426,1
CP048237.1,38845,1
CP048237.1,39467,2
CP048237.1,39474,1
CP048237.1,39665,1
CP048237.1,39857,1
CP048237.1,41113,1
CP048237.1,43929,1
CP048237.1,44883,1
CP048237.1,46955,2
CP048237.1,49917,1
CP048237.1,50236,1
CP048237.1,53806,1
CP048237.1,55965,1
CP048237.1,58484,1
CP048237.1,58491,2
CP048237.1,58862,1
CP048237.1,65371,1
CP048237.1,69696,3
CP048237.1,71192,1
CP048237.1,74077,1
CP048237.1,75247,1
CP048237.1,75874,1
CP048237.1,76886,1
CP048237.1,76888,2
CP048237.1,77171,1
CP048237.1,80572,2
CP048237.1,85722,2
CP048237.1,99004,1
CP048237.1,109835,1
CP048237.1,114664,1
CP048237.1,114959,2
CP048237.1,115270,1
CP048237.1,134473,1
CP048237.1,139366,1
CP048237.1,139381,2
CP048237.1,139567,1
CP048237.1,139875,1
CP048237.1,158058,1
CP048237.1,160929,1
CP048237.1,171595,1
CP048237.1,171692,1
CP048237.1,171754,1
CP048237.1,180509,2
CP048237.1,184014,2
CP048237.1,186880,3
CP048237.1,187164,1
CP048237.1,197652,1
CP048237.1,198053,2
CP048237.1,199837,1
CP048237.1,200972,1
CP048237.1,200979,1
CP048237.1,205412,1
CP048237.1,206077,1
CP048237.1,216065,1
CP048237.1,220515,1
CP048237.1,222032,1
CP048237.1,222136,1
CP048237.1,222468,1
CP048237.1,227555,1
CP048237.1,232056,1
CP048237.1,240171,1
CP048237.1,241676,3
CP048237.1,241975,2
CP048237.1,243210,1
CP048237.1,243551,1
CP048237.1,243690,1
CP048237.1,246096,1
CP048237.1,246214,1
CP048237.1,246247,1
CP048237.1,246403,1
CP048237.1,255015,1
CP048237.1,261247,1
CP048237.1,275083,1
CP048237.1,275437,1
CP048237.1,284030,2
CP048237.1,284511,1
CP048237.1,286683,1
CP048237.1,287228,1
CP048237.1,287358,1
CP048237.1,287673,1
CP048237.1,305204,1
CP048237.1,307639,1
CP048237.1,319790,1
CP048237.1,322762,1
CP048237.1,324172,1
CP048237.1,329698,1
CP048237.1,330230,1
CP048237.1,333539,1
CP048237.1,333665,1
CP048237.1,333913,1
CP048237.1,341464,1
CP048237.1,342687,1
CP048237.1,343951,1
CP048237.1,344442,1
CP048237.1,346771,1
CP048237.1,353416,1
CP048237.1,360640,1
CP048237.1,362617,1
CP048237.1,362987,1
CP048237.1,363091,1
CP048237.1,376389,1
CP048237.1,381145,1
CP048237.1,381790,1
CP048237.1,382036,1
CP048237.1,382553,4
CP048237.1,386029,1
CP048237.1,386293,1
CP048237.1,387432,1
CP048237.1,394074,1
CP048237.1,394697,2
CP048237.1,394945,1
CP048237.1,394953,1
CP048237.1,398388,2
CP048237.1,398493,1
CP048237.1,399188,1
CP048237.1,403727,1
CP048237.1,404354,1
CP048237.1,405089,2
CP048237.1,409254,1
CP048237.1,423858,1
CP048237.1,425386,1
CP048237.1,427521,1
CP048237.1,435264,1
CP048237.1,435442,1
CP048237.1,444661,1
CP048237.1,459916,1
CP048237.1,460470,1
CP048237.1,460476,1
CP048237.1,460531,2
CP048237.1,473525,1
CP048237.1,483938,1
CP048237.1,485099,1
CP048237.1,488647,2
CP048237.1,488784,1
CP048237.1,488878,1
CP048237.1,489339,1
CP048237.1,489399,1
CP048237.1,492745,1
CP048237.1,493148,1
CP048237.1,493398,1
CP048237.1,493623,1
CP048237.1,494978,1
CP048237.1,497216,1
CP048237.1,497488,1
CP048237.1,502927,1
CP048237.1,512536,1
CP048237.1,514806,1
CP048237.1,516587,1
CP048237.1,519038,1
CP048237.1,533440,1
CP048237.1,540215,1
CP048237.1,542089,1
CP048237.1,542104,1
CP048237.1,542461,1
CP048237.1,542478,4
CP048237.1,542552,1
CP048237.1,542560,1
CP048237.1,542701,2
CP048237.1,542742,1
CP048237.1,542771,1
CP048237.1,542986,1
CP048237.1,551701,1
CP048237.1,552399,1
CP048237.1,552453,1
CP048237.1,560183,1
CP048237.1,570575,1
CP048237.1,570686,1
CP048237.1,570812,1
CP048237.1,570869,1
CP048237.1,571496,1
CP048237.1,581268,1
CP048237.1,581440,1
CP048237.1,581537,1
CP048237.1,589669,1
CP048237.1,602205,1
CP048237.1,605118,1
CP048237.1,605125,1
CP048237.1,606660,1
CP048237.1,607657,1
CP048237.1,607846,1
CP048237.1,607853,1
CP048237.1,608520,1
CP048237.1,611059,1
CP048237.1,611066,1
CP048237.1,611067,1
CP048237.1,611097,1
CP048237.1,611117,1
CP048237.1,611121,1
CP048237.1,611636,1
CP048237.1,611674,1
CP048237.1,623397,2
CP048237.1,624206,1
CP048237.1,624208,1
CP048237.1,624592,1
CP048237.1,624670,1
CP048237.1,624788,1
CP048237.1,624792,2
CP048237.1,628606,1
CP048237.1,629527,2
CP048237.1,630507,1
CP048237.1,630638,1
CP048237.1,630645,1
CP048237.1,639966,1
CP048237.1,643308,1
CP048237.1,649151,1
CP048237.1,649158,2
CP048237.1,649232,2
CP048237.1,649350,1
CP048237.1,649611,1
CP048237.1,658041,1
CP048237.1,659258,1
CP048237.1,659260,1
CP048237.1,659265,1
CP048237.1,659332,1
CP048237.1,668538,2
CP048237.1,668825,1
CP048237.1,674462,1
CP048237.1,679426,1
CP048237.1,680686,1
CP048237.1,681022,1
CP048237.1,681136,2
CP048237.1,692807,2
CP048237.1,695163,1
CP048237.1,697761,1
CP048237.1,697768,5
CP048237.1,704259,1
CP048237.1,704268,1
CP048237.1,704476,1
CP048237.1,705985,1
CP048237.1,712183,1
CP048237.1,714550,1
CP048237.1,733405,1
CP048237.1,733837,2
CP048237.1,737141,1
CP048237.1,737166,1
CP048237.1,737246,2
CP048237.1,737437,1
CP048237.1,738351,1
CP048237.1,738356,2
CP048237.1,738391,2
CP048237.1,738747,1
CP048237.1,738940,1
CP048237.1,739125,1
CP048237.1,739241,1
CP048237.1,740340,1
CP048237.1,746723,1
CP048237.1,747232,1
CP048237.1,747754,1
CP048237.1,747881,1
CP048237.1,748037,1
CP048237.1,748166,1
CP048237.1,753633,1
CP048237.1,755527,1
CP048237.1,755568,1
CP048237.1,756196,1
CP048237.1,784859,1
CP048237.1,785761,1
CP048237.1,787675,1
CP048237.1,796630,1
CP048237.1,797703,1
CP048237.1,806122,1
CP048237.1,813971,1
CP048237.1,813997,2
CP048237.1,814004,1
CP048237.1,815668,1
CP048237.1,816205,1
CP048237.1,817506,2
CP048237.1,817836,1
CP048237.1,817960,2
CP048237.1,817985,2
CP048237.1,818086,4
CP048237.1,818533,1
CP048237.1,818573,5
CP048237.1,818693,1
CP048237.1,818736,1
CP048237.1,818851,2
CP048237.1,819032,2
CP048237.1,819109,2
CP048237.1,820600,2
CP048237.1,820809,1
CP048237.1,821322,5
CP048237.1,821968,1
CP048237.1,822081,1
CP048237.1,822100,2
CP048237.1,822119,2
CP048237.1,822375,1
CP048237.1,822527,2
CP048237.1,826045,1
CP048237.1,826200,1
CP048237.1,827207,1
CP048237.1,829583,1
CP048237.1,829855,1
CP048237.1,829919,1
CP048237.1,831778,2
CP048237.1,836972,1
CP048237.1,837256,5
CP048237.1,837263,1
CP048237.1,837341,1
CP048237.1,837974,1
CP048237.1,838376,1
CP048237.1,838424,1
CP048237.1,838431,1
CP048237.1,839485,1
CP048237.1,840029,1
CP048237.1,840497,1
CP048237.1,845718,1
CP048237.1,845940,1
CP048237.1,847280,1
CP048237.1,850560,1
CP048237.1,850857,1
CP048237.1,850905,1
CP048237.1,851135,1
CP048237.1,851521,1
CP048237.1,851775,3
CP048237.1,852047,1
CP048237.1,852253,1
CP048237.1,852340,1
CP048237.1,852467,2
CP048237.1,852484,1
CP048237.1,853642,1
CP048237.1,861134,1
CP048237.1,862047,1
CP048237.1,863896,1
CP048237.1,866251,1
CP048237.1,867507,2
CP048237.1,867514,4
CP048237.1,869470,1
CP048237.1,869515,1
CP048237.1,869714,1
CP048237.1,869757,1
CP048237.1,870343,1
CP048237.1,870512,1
CP048237.1,871991,1
CP048237.1,876660,1
CP048237.1,876952,1
CP048237.1,879146,1
CP048237.1,879336,1
CP048237.1,879534,2
CP048237.1,882132,1
CP048237.1,882494,2
CP048237.1,882550,1
CP048237.1,882580,1
CP048237.1,882827,2
CP048237.1,882834,1
CP048237.1,882889,1
CP048237.1,882935,1
CP048237.1,891492,1
CP048237.1,892225,1
CP048237.1,893598,1
CP048237.1,895863,1
CP048237.1,900635,1
CP048237.1,903188,1
CP048237.1,904451,1
CP048237.1,904814,2
CP048237.1,907467,1
CP048237.1,908426,1
CP048237.1,909795,1
CP048237.1,910025,3
CP048237.1,910267,1
CP048237.1,910478,1
CP048237.1,910517,1
CP048237.1,910532,1
CP048237.1,910738,1
CP048237.1,910754,1
CP048237.1,911298,1
CP048237.1,911333,2
CP048237.1,911794,2
CP048237.1,911810,1
CP048237.1,911999,1
CP048237.1,912006,3
CP048237.1,912099,1
CP048237.1,912101,1
CP048237.1,912106,1
CP048237.1,912114,1
CP048237.1,912384,1
CP048237.1,913698,1
CP048237.1,914216,1
CP048237.1,914383,1
CP048237.1,914416,1
CP048237.1,914544,1
CP048237.1,914593,1
CP048237.1,914652,1
CP048237.1,914654,1
CP048237.1,914676,1
CP048237.1,914898,1
CP048237.1,915582,2
CP048237.1,915780,2
CP048237.1,918139,1
CP048237.1,922877,1
CP048237.1,923891,1
CP048237.1,923896,1
CP048237.1,923954,1
CP048237.1,924014,2
CP048237.1,924077,2
CP048237.1,924334,1
CP048237.1,926173,1
CP048237.1,926529,1
CP048237.1,927023,1
CP048237.1,928150,1
CP048237.1,928485,1
CP048237.1,929028,3
CP048237.1,934609,2
CP048237.1,936204,1
CP048237.1,936389,1
CP048237.1,941319,1
CP048237.1,942275,1
CP048237.1,943468,1
CP048237.1,944054,1
CP048237.1,944055,1
CP048237.1,944057,3
CP048237.1,944064,2
CP048237.1,944097,1
CP048237.1,944107,1
CP048237.1,944233,2
CP048237.1,947405,1
CP048237.1,950976,1
CP048237.1,952489,1
CP048237.1,952677,1
CP048237.1,952702,1
CP048237.1,952853,1
CP048237.1,953175,1
CP048237.1,953347,1
CP048237.1,953375,1
CP048237.1,953642,1
CP048237.1,954790,1
CP048237.1,955388,1
CP048237.1,956838,1
CP048237.1,957034,1
CP048237.1,957291,5
CP048237.1,957298,1
CP048237.1,957517,1
CP048237.1,957555,2
CP048237.1,957562,2
CP048237.1,957912,1
CP048237.1,957934,1
CP048237.1,957939,3
CP048237.1,957946,2
CP048237.1,957950,1
CP048237.1,957996,3
CP048237.1,958003,1
CP048237.1,958012,2
CP048237.1,958052,2
CP048237.1,958705,1
CP048237.1,962324,1
CP048237.1,963387,1
CP048237.1,965807,1
CP048237.1,967651,1
CP048237.1,967783,1
CP048237.1,969630,2
CP048237.1,969908,2
CP048237.1,970027,1
CP048237.1,970360,1
CP048237.1,970690,1
CP048237.1,971308,1
CP048237.1,971335,2
CP048237.1,971342,1
CP048237.1,971344,1
CP048237.1,971510,1
CP048237.1,974733,1
CP048237.1,975194,1
CP048237.1,975217,1
CP048237.1,975248,4
CP048237.1,975255,2
CP048237.1,975437,1
CP048237.1,975528,1
CP048237.1,975536,2
CP048237.1,975584,1
CP048237.1,975738,1
CP048237.1,976844,1
CP048237.1,977655,2
CP048237.1,977898,1
CP048237.1,977907,1
CP048237.1,977912,1
CP048237.1,977914,3
CP048237.1,978003,4
CP048237.1,978008,1
CP048237.1,978078,2
CP048237.1,978179,4
CP048237.1,978186,16
CP048237.1,978223,1
CP048237.1,978296,1
CP048237.1,978337,2
CP048237.1,978344,2
CP048237.1,978347,1
CP048237.1,978368,1
CP048237.1,978370,1
CP048237.1,978443,1
CP048237.1,978455,2
CP048237.1,978470,1
CP048237.1,978510,1
CP048237.1,978517,1
CP048237.1,978577,1
CP048237.1,978580,1
CP048237.1,978584,3
CP048237.1,978619,1
CP048237.1,978673,1
CP048237.1,978733,1
CP048237.1,979217,1
CP048237.1,979734,2
CP048237.1,980703,1
CP048237.1,980760,1
CP048237.1,980805,2
CP048237.1,980964,2
CP048237.1,980978,1
CP048237.1,981040,1
CP048237.1,981073,1
CP048237.1,981077,1
CP048237.1,981093,2
CP048237.1,981102,6
CP048237.1,981103,2
CP048237.1,981109,6
CP048237.1,981187,2
CP048237.1,981202,1
CP048237.1,981293,1
CP048237.1,981307,4
CP048237.1,981314,2
CP048237.1,981345,4
CP048237.1,981347,1
CP048237.1,981351,1
CP048237.1,981354,3
CP048237.1,981421,1
CP048237.1,983221,2
CP048237.1,985352,1
CP048237.1,988645,1
CP048237.1,988679,1
CP048237.1,988730,1
CP048237.1,991963,2
CP048237.1,992011,1
CP048237.1,992018,1
CP048237.1,992023,1
CP048237.1,992050,1
CP048237.1,992157,1
CP048237.1,992174,2
CP048237.1,992988,1
CP048237.1,993242,4
CP048237.1,993601,2
CP048237.1,993608,1
CP048237.1,993892,1
CP048237.1,994025,1
CP048237.1,994080,1
CP048237.1,994134,1
CP048237.1,995210,1
CP048237.1,995249,1
CP048237.1,995737,1
CP048237.1,995749,3
CP048237.1,995982,5
CP048237.1,996179,1
CP048237.1,996240,1
CP048237.1,996433,1
CP048237.1,996461,1
CP048237.1,996655,1
CP048237.1,996662,1
CP048237.1,996838,1
CP048237.1,996840,4
CP048237.1,996861,1
CP048237.1,996887,1
CP048237.1,997045,1
CP048237.1,997052,1
CP048237.1,997112,1
CP048237.1,997130,1
CP048237.1,997135,1
CP048237.1,997153,1
CP048237.1,997166,1
CP048237.1,997290,2
CP048237.1,997359,1
CP048237.1,997726,1
CP048237.1,997865,1
CP048237.1,997969,1
CP048237.1,998047,1
CP048237.1,998144,1
CP048237.1,998147,1
CP048237.1,998170,1
CP048237.1,998323,1
CP048237.1,999882,1
CP048237.1,1000053,1
CP048237.1,1005710,1
CP048237.1,1006318,1
CP048237.1,1006321,1
CP048237.1,1007653,1
CP048237.1,1008969,1
CP048237.1,1012713,2
CP048237.1,1014218,1
CP048237.1,1014537,1
CP048237.1,1015092,2
CP048237.1,1018379,2
CP048237.1,1019667,1
CP048237.1,1021552,1
CP048237.1,1024000,1
CP048237.1,1025428,1
CP048237.1,1025463,1
CP048237.1,1025499,1
CP048237.1,1025506,2
CP048237.1,1025546,2
CP048237.1,1026433,1
CP048237.1,1028147,1
CP048237.1,1029057,1
CP048237.1,1031822,1
CP048237.1,1043156,1
CP048237.1,1043387,1
CP048237.1,1050872,1
CP048237.1,1051019,1
CP048237.1,1051120,1
CP048238.1,26189,1
CP048238.1,26385,1
CP048238.1,27342,1
CP048238.1,27457,1
CP048238.1,27497,1
CP048238.1,28748,1
CP048238.1,28784,1
CP048238.1,32313,1
CP048238.1,34017,1
CP048238.1,40679,1
CP048238.1,40765,2
CP048238.1,40882,1
CP048238.1,41037,1
CP048238.1,41181,4
CP048238.1,41320,1
CP048238.1,41352,1
CP048238.1,42918,1
CP048238.1,42985,5
CP048238.1,43016,1
CP048238.1,43095,1
CP048238.1,43441,1
CP048238.1,44098,1
CP048238.1,49926,2
CP048238.1,50177,2
CP048238.1,50192,1
CP048238.1,50779,1
CP048238.1,51217,1
CP048238.1,51224,4
CP048238.1,51333,1
CP048238.1,61998,2
CP048238.1,62138,2
CP048238.1,62237,2
CP048238.1,62710,2
CP048238.1,63498,1
CP048238.1,63523,1
CP048238.1,66253,2
CP048238.1,66395,1
CP048238.1,69413,1
CP048238.1,70432,1
CP048238.1,73840,1
CP048238.1,73872,1
CP048238.1,75080,1
CP048238.1,75115,1
CP048238.1,75166,1
CP048238.1,77564,1
CP048238.1,78780,1
CP048238.1,83751,1
CP048238.1,85466,1
CP048238.1,87764,1
CP048238.1,87835,1
CP048238.1,88162,2
CP048238.1,88215,1
CP048238.1,88368,3
CP048238.1,89223,1
CP048238.1,99476,1
CP048238.1,100666,1
CP048238.1,101067,1
CP048238.1,109369,1
CP048238.1,110682,1
CP048238.1,110862,1
CP048238.1,110869,1
CP048238.1,110888,1
CP048238.1,110906,1
CP048238.1,118820,1
CP048238.1,119278,1
CP048238.1,123408,1
CP048238.1,129414,1
CP048238.1,129816,1
CP048238.1,129900,1
CP048238.1,137759,1
CP048238.1,146869,1
CP048238.1,149152,3
CP048238.1,149781,1
CP048238.1,155720,1
CP048238.1,157179,1
CP048238.1,158204,1
CP048238.1,158209,1
CP048238.1,158441,1
CP048238.1,158918,1
CP048238.1,158924,2
CP048238.1,158929,1
CP048238.1,158949,4
CP048238.1,158950,2
CP048238.1,158956,2
CP048238.1,158958,2
CP048238.1,158978,1
CP048238.1,159096,1
CP048238.1,159302,1
CP048238.1,164027,2
CP048238.1,164767,1
CP048238.1,167219,1
CP048238.1,168548,1
CP048238.1,168571,1
CP048238.1,171083,1
CP048238.1,172978,1
CP048238.1,173054,2
CP048238.1,173241,1
CP048238.1,173285,3
CP048238.1,173292,1
CP048238.1,173305,1
CP048238.1,173313,1
CP048238.1,173320,1
CP048238.1,173339,1
CP048238.1,173365,1
CP048238.1,173576,1
CP048238.1,173709,1
CP048238.1,175554,1
CP048238.1,175757,1
CP048238.1,175764,2
CP048238.1,180741,1
CP048238.1,183559,1
CP048238.1,183832,1
CP048238.1,183893,1
CP048238.1,188503,1
CP048238.1,189194,1
CP048238.1,189322,1
CP048238.1,189463,1
CP048238.1,192638,1
CP048238.1,192789,1
CP048238.1,193540,1
CP048238.1,193758,1
CP048238.1,193888,1
CP048238.1,193922,1
CP048238.1,198045,1
CP048238.1,198197,1
CP048238.1,202736,1
CP048238.1,202781,1
CP048238.1,207158,1
CP048238.1,209432,1
CP048238.1,214127,1
CP048238.1,218578,2
CP048238.1,221438,1
CP048238.1,223338,1
CP048238.1,224224,1
CP048238.1,237089,1
CP048238.1,237555,2
CP048238.1,240701,2
CP048238.1,244566,1
CP048238.1,251039,1
CP048238.1,251083,1
CP048238.1,251085,1
CP048238.1,252015,1
CP048238.1,254140,1
CP048238.1,256247,1
CP048238.1,259959,1
CP048238.1,266433,1
CP048238.1,270965,1
CP048238.1,274427,1
CP048238.1,275993,1
CP048238.1,276882,1
CP048238.1,277011,1
CP048238.1,277080,1
CP048238.1,278516,1
CP048238.1,278545,1
CP048238.1,281329,2
CP048238.1,281338,3
CP048238.1,284067,1
CP048238.1,284591,1
CP048238.1,284660,1
CP048238.1,284698,1
CP048238.1,292389,2
CP048238.1,292434,1
CP048238.1,292700,1
CP048238.1,292707,1
CP048238.1,292797,1
CP048238.1,293883,1
CP048238.1,295472,1
CP048238.1,296399,1
CP048238.1,297109,1
CP048238.1,297593,1
CP048238.1,297643,1
CP048238.1,298499,1
CP048238.1,298866,1
CP048238.1,299069,1
CP048238.1,299084,1
CP048238.1,299782,2
CP048238.1,301853,1
CP048238.1,301869,1
CP048238.1,312735,1
CP048238.1,313599,2
CP048238.1,313896,1
CP048238.1,315566,1
CP048238.1,316630,1
CP048238.1,316935,1
CP048238.1,317420,1
CP048238.1,319606,1
CP048238.1,319613,1
CP048238.1,319622,2
CP048238.1,322190,1
CP048238.1,322229,1
CP048238.1,322252,2
CP048238.1,322259,4
CP048238.1,322316,1
CP048238.1,322400,1
CP048238.1,322896,1
CP048238.1,322917,1
CP048238.1,322994,2
CP048238.1,330906,2
CP048238.1,333723,1
CP048238.1,333960,1
CP048238.1,334070,1
CP048238.1,339623,1
CP048238.1,339625,1
CP048238.1,339628,1
CP048238.1,339703,1
CP048238.1,345675,1
CP048238.1,346862,1
CP048238.1,350251,1
CP048238.1,350533,9
CP048238.1,357058,1
CP048238.1,357127,1
CP048238.1,359472,2
CP048238.1,359473,1
CP048238.1,359474,1
CP048238.1,359479,1
CP048238.1,359497,1
CP048238.1,359627,1
CP048238.1,359695,1
CP048238.1,359753,3
CP048238.1,359756,1
CP048238.1,359761,4
CP048238.1,359815,1
CP048238.1,359839,1
CP048238.1,359860,1
CP048238.1,360197,2
CP048238.1,360451,1
CP048238.1,360508,1
CP048238.1,363294,1
CP048238.1,363577,1
CP048238.1,365029,1
CP048238.1,365080,1
CP048238.1,365108,1
CP048238.1,365159,1
CP048238.1,366325,1
CP048238.1,366822,1
CP048238.1,371188,1
CP048238.1,371464,1
CP048238.1,372847,2
CP048238.1,375814,1
CP048238.1,375861,1
CP048238.1,377621,1
CP048238.1,379645,1
CP048238.1,379885,1
CP048238.1,379892,1
CP048238.1,379902,1
CP048238.1,380355,1
CP048238.1,384562,1
CP048238.1,384746,1
CP048238.1,387612,1
CP048238.1,388202,2
CP048238.1,388875,1
CP048238.1,388903,1
CP048238.1,389487,1
CP048238.1,391351,1
CP048238.1,391579,1
CP048238.1,393577,1
CP048238.1,393743,2
CP048238.1,393777,1
CP048238.1,393786,1
CP048238.1,393843,1
CP048238.1,394375,2
CP048238.1,394382,1
CP048238.1,394460,1
CP048238.1,394472,1
CP048238.1,394567,1
CP048238.1,394696,1
CP048238.1,394713,1
CP048238.1,394742,1
CP048238.1,394773,1
CP048238.1,394780,4
CP048238.1,395547,1
CP048238.1,395581,1
CP048238.1,395676,1
CP048238.1,397320,1
CP048238.1,397355,1
CP048238.1,397624,1
CP048238.1,397652,1
CP048238.1,397668,1
CP048238.1,397762,1
CP048238.1,397769,2
CP048238.1,397801,1
CP048238.1,398033,1
CP048238.1,398383,3
CP048238.1,398601,2
CP048238.1,405118,1
CP048238.1,407462,1
CP048238.1,407469,1
CP048238.1,408740,1
CP048238.1,408840,1
CP048238.1,408856,7
CP048238.1,409046,2
CP048238.1,409086,1
CP048238.1,409172,2
CP048238.1,409175,1
CP048238.1,409218,1
CP048238.1,409233,1
CP048238.1,409240,1
CP048238.1,409241,1
CP048238.1,409254,1
CP048238.1,409255,2
CP048238.1,409257,1
CP048238.1,409259,2
CP048238.1,409360,1
CP048238.1,409417,4
CP048238.1,409458,1
CP048238.1,409536,1
CP048238.1,409567,1
CP048238.1,409642,1
CP048238.1,409670,1
CP048238.1,409700,1
CP048238.1,409701,1
CP048238.1,409993,1
CP048238.1,410785,1
CP048238.1,412738,2
CP048238.1,421937,2
CP048238.1,421944,4
CP048238.1,422486,1
CP048238.1,422780,1
CP048238.1,426089,1
CP048238.1,429331,1
CP048238.1,430545,1
CP048238.1,432733,1
CP048238.1,433400,1
CP048238.1,433803,1
CP048238.1,433807,2
CP048238.1,433863,2
CP048238.1,433870,1
CP048238.1,433871,1
CP048238.1,433892,2
CP048238.1,433956,1
CP048238.1,434870,1
CP048238.1,435844,1
CP048238.1,439349,1
CP048238.1,441579,1
CP048238.1,442194,1
CP048238.1,442835,1
CP048238.1,443165,1
CP048238.1,443502,1
CP048238.1,443985,1
CP048238.1,444135,4
CP048238.1,444139,1
CP048238.1,444144,2
CP048238.1,444921,1
CP048238.1,444941,1
CP048238.1,444944,1
CP048238.1,445049,1
CP048238.1,445056,1
CP048238.1,445089,1
CP048238.1,445093,1
CP048238.1,445937,1
CP048238.1,445944,2
CP048238.1,445946,1
CP048238.1,445952,3
CP048238.1,446278,1
CP048238.1,446337,1
CP048238.1,446438,1
CP048238.1,447068,1
CP048238.1,447280,1
CP048238.1,447332,1
CP048238.1,447339,1
CP048238.1,447419,1
CP048238.1,449066,1
CP048238.1,450544,1
CP048238.1,450612,1
CP048238.1,456945,7
CP048238.1,459413,1
CP048238.1,459639,1
CP048238.1,459672,1
CP048238.1,465098,1
CP048238.1,471612,1
CP048238.1,472515,1
CP048238.1,472760,1
CP048238.1,472795,1
CP048238.1,474963,1
CP048238.1,474970,1
CP048238.1,476035,2
CP048238.1,476271,1
CP048238.1,480906,1
CP048238.1,482620,2
CP048238.1,483051,1
CP048238.1,485688,1
CP048238.1,486106,1
CP048238.1,489059,1
CP048238.1,497012,2
CP048238.1,497189,1
CP048238.1,497608,3
CP048238.1,498004,1
CP048238.1,503484,1
CP048238.1,506964,1
CP048238.1,509316,1
CP048238.1,510057,1
CP048238.1,513692,1
CP048238.1,513709,1
CP048238.1,525160,1
CP048238.1,528456,1
CP048238.1,528673,1
CP048238.1,531025,1
CP048238.1,531603,1
CP048238.1,532014,1
CP048238.1,532472,1
CP048238.1,534710,1
CP048238.1,536044,1
CP048238.1,536117,1
CP048238.1,539449,1
CP048238.1,542076,1
CP048238.1,542666,1
CP048238.1,542708,1
CP048238.1,542779,1
CP048238.1,545123,1
CP048238.1,545370,1
CP048238.1,546717,1
CP048238.1,551249,1
CP048238.1,553325,1
CP048238.1,553989,1
CP048238.1,555858,2
CP048238.1,557122,1
CP048238.1,559375,1
CP048238.1,559597,9
CP048238.1,559604,2
CP048238.1,561593,1
CP048238.1,561946,1
CP048238.1,562164,2
CP048238.1,564027,2
CP048238.1,564708,1
CP048238.1,569159,1
CP048238.1,569224,1
CP048238.1,569788,1
CP048238.1,570997,2
CP048238.1,571007,1
CP048238.1,571013,1
CP048238.1,571027,1
CP048238.1,590403,1
CP048238.1,597476,1
CP048238.1,597716,1
CP048238.1,600097,1
CP048238.1,602334,1
CP048238.1,602597,1
CP048238.1,602604,1
CP048238.1,603071,1
CP048238.1,603534,1
CP048238.1,605563,1
CP048238.1,643738,1
CP048238.1,648283,1
CP048238.1,648838,1
CP048238.1,663696,1
CP048238.1,679390,1
CP048238.1,679752,1
CP048238.1,683960,1
CP048238.1,683967,1
CP048238.1,684038,2
CP048238.1,685619,1
CP048238.1,685702,1
CP048238.1,685720,1
CP048238.1,685777,1
CP048238.1,685810,1
CP048238.1,686480,3
CP048238.1,686522,1
CP048238.1,686534,1
CP048238.1,686535,1
CP048238.1,686707,2
CP048238.1,686871,1
CP048238.1,686880,1
CP048238.1,686894,1
CP048238.1,686901,1
CP048238.1,686968,3
CP048238.1,686986,2
CP048238.1,696398,1
CP048238.1,700312,2
CP048238.1,703512,2
CP048238.1,703519,1
CP048238.1,703744,1
CP048238.1,703765,1
CP048238.1,703888,2
CP048238.1,708253,1
CP048238.1,708378,1
CP048238.1,708387,1
CP048238.1,708438,1
CP048238.1,708731,1
CP048238.1,708925,1
CP048238.1,710231,1
CP048238.1,710340,1
CP048238.1,710559,2
CP048238.1,710705,1
CP048238.1,714248,1
CP048238.1,715237,1
CP048238.1,715693,1
CP048238.1,716511,1
CP048238.1,716520,1
CP048238.1,718821,5
CP048238.1,727095,1
CP048238.1,730731,2
CP048239.1,27950,1
CP048239.1,28876,1
CP048239.1,31054,1
CP048239.1,31219,1
CP048239.1,34539,1
CP048239.1,34711,1
CP048239.1,36040,1
CP048239.1,36704,2
CP048239.1,44370,1
CP048239.1,44377,1
CP048239.1,46977,1
CP048239.1,46984,1
CP048239.1,50696,1
CP048239.1,50902,1
CP048239.1,50909,1
CP048239.1,51120,1
CP048239.1,52528,1
CP048239.1,54968,1
CP048239.1,55578,2
CP048239.1,55593,1
CP048239.1,55649,2
CP048239.1,60596,1
CP048239.1,60603,1
CP048239.1,67413,1
CP048239.1,67421,1
CP048239.1,87102,3
CP048239.1,89149,1
CP048239.1,91665,1
CP048239.1,103868,1
CP048239.1,104455,2
CP048239.1,104867,1
CP048239.1,105728,1
CP048239.1,106070,1
CP048239.1,108892,1
CP048239.1,109075,2
CP048239.1,109131,1
CP048239.1,109145,3
CP048239.1,109229,1
CP048239.1,115321,1
CP048239.1,116057,2
CP048239.1,127390,1
CP048239.1,135571,1
CP048239.1,141765,3
CP048239.1,151605,1
CP048239.1,152166,1
CP048239.1,152173,4
CP048239.1,153304,1
CP048239.1,153355,1
CP048239.1,153608,1
CP048239.1,153629,1
CP048239.1,155501,4
CP048239.1,155593,1
CP048239.1,155601,1
CP048239.1,156093,1
CP048239.1,156565,1
CP048239.1,156655,2
CP048239.1,160882,1
CP048239.1,163581,1
CP048239.1,164037,1
CP048239.1,168279,3
CP048239.1,170479,1
CP048239.1,170577,2
CP048239.1,171218,1
CP048239.1,171555,1
CP048239.1,171754,1
CP048239.1,171800,1
CP048239.1,172595,1
CP048239.1,173294,1
CP048239.1,173539,1
CP048239.1,173595,1
CP048239.1,174106,1
CP048239.1,175977,2
CP048239.1,176454,1
CP048239.1,176703,1
CP048239.1,176974,1
CP048239.1,177340,1
CP048239.1,179486,1
CP048239.1,180514,1
CP048239.1,181316,1
CP048239.1,182567,1
CP048239.1,182672,1
CP048239.1,183176,1
CP048239.1,183216,1
CP048239.1,183249,5
CP048239.1,183256,1
CP048239.1,183342,1
CP048239.1,183349,2
CP048239.1,183397,1
CP048239.1,184076,1
CP048239.1,200666,1
CP048239.1,205018,1
CP048239.1,205092,1
CP048239.1,205332,1
CP048239.1,205877,1
CP048239.1,206202,4
CP048239.1,207786,1
CP048239.1,208949,1
CP048239.1,215520,1
CP048239.1,215704,1
CP048239.1,215777,1
CP048239.1,217718,1
CP048239.1,221038,1
CP048239.1,221914,1
CP048239.1,222110,1
CP048239.1,227773,1
CP048239.1,228380,1
CP048239.1,228512,3
CP048239.1,228527,1
CP048239.1,228531,1
CP048239.1,228538,1
CP048239.1,228541,1
CP048239.1,228550,1
CP048239.1,230745,1
CP048239.1,231149,1
CP048239.1,232020,1
CP048239.1,236212,1
CP048239.1,236358,1
CP048239.1,236890,1
CP048239.1,236939,1
CP048239.1,237001,1
CP048239.1,237191,1
CP048239.1,237283,1
CP048239.1,237358,2
CP048239.1,237699,1
CP048239.1,238926,1
CP048239.1,238998,1
CP048239.1,239039,1
CP048239.1,239129,1
CP048239.1,239348,1
CP048239.1,239457,2
CP048239.1,239605,1
CP048239.1,239630,2
CP048239.1,239677,2
CP048239.1,239684,1
CP048239.1,239730,1
CP048239.1,239746,1
CP048239.1,239764,1
CP048239.1,239771,1
CP048239.1,239775,1
CP048239.1,239780,1
CP048239.1,239813,5
CP048239.1,239818,1
CP048239.1,239820,5
CP048239.1,239850,1
CP048239.1,239901,9
CP048239.1,239908,2
CP048239.1,239940,13
CP048239.1,239947,10
CP048239.1,239961,1
CP048239.1,239997,1
CP048239.1,240009,1
CP048239.1,240014,1
CP048239.1,240065,1
CP048239.1,240090,1
CP048239.1,240118,1
CP048239.1,240501,1
CP048239.1,243453,2
CP048239.1,243693,3
CP048239.1,243796,2
CP048239.1,243799,1
CP048239.1,243806,3
CP048239.1,243987,2
CP048239.1,244002,1
CP048239.1,244004,1
CP048239.1,244011,1
CP048239.1,244442,1
CP048239.1,244670,1
CP048239.1,248302,1
CP048239.1,248420,1
CP048239.1,248480,1
CP048239.1,251320,1
CP048239.1,251467,1
CP048239.1,251534,1
CP048239.1,253861,6
CP048239.1,253868,2
CP048239.1,253913,1
CP048239.1,253931,2
CP048239.1,253935,1
CP048239.1,267010,1
CP048239.1,267310,1
CP048239.1,269548,1
CP048239.1,270900,1
CP048239.1,271473,1
CP048239.1,271670,1
CP048239.1,271719,2
CP048239.1,272093,1
CP048239.1,275294,1
CP048239.1,275377,1
CP048239.1,277932,2
CP048239.1,280183,2
CP048239.1,280250,1
CP048239.1,280880,1
CP048239.1,282292,1
CP048239.1,282449,1
CP048239.1,282731,1
CP048239.1,282738,1
CP048239.1,283267,1
CP048239.1,289394,1
CP048239.1,289421,2
CP048239.1,294452,1
CP048239.1,296027,1
CP048239.1,296095,1
CP048239.1,296194,1
CP048239.1,296358,1
CP048239.1,296435,3
CP048239.1,296448,1
CP048239.1,296477,1
CP048239.1,296496,4
CP048239.1,296502,1
CP048239.1,297056,2
CP048239.1,298525,2
CP048239.1,303584,1
CP048239.1,304138,1
CP048239.1,305684,2
CP048239.1,306697,1
CP048239.1,306901,3
CP048239.1,306913,1
CP048239.1,310406,1
CP048239.1,314081,1
CP048239.1,314215,1
CP048239.1,314380,1
CP048239.1,314543,4
CP048239.1,316403,2
CP048239.1,316411,1
CP048239.1,316642,1
CP048239.1,316739,1
CP048239.1,317125,1
CP048239.1,317450,1
CP048239.1,320380,1
CP048239.1,320384,1
CP048239.1,320491,2
CP048239.1,320612,2
CP048239.1,321606,2
CP048239.1,330948,1
CP048239.1,331172,1
CP048239.1,331573,1
CP048239.1,332091,2
CP048239.1,335825,1
CP048239.1,339993,1
CP048239.1,350509,1
CP048239.1,360153,1
CP048239.1,365016,1
CP048239.1,366791,1
CP048239.1,375619,1
CP048239.1,385722,2
CP048239.1,385752,1
CP048239.1,386134,1
CP048239.1,388401,2
CP048239.1,389395,1
CP048239.1,389566,1
CP048239.1,389575,1
CP048239.1,389781,1
CP048239.1,394270,2
CP048239.1,394428,1
CP048239.1,396141,1
CP048239.1,398146,1
CP048239.1,398686,1
CP048239.1,398804,1
CP048239.1,399502,1
CP048239.1,401484,1
CP048239.1,405235,2
CP048239.1,405242,1
CP048239.1,405366,1
CP048239.1,405561,1
CP048239.1,405993,1
CP048239.1,408030,1
CP048239.1,409738,1
CP048239.1,412192,1
CP048239.1,412397,1
CP048239.1,412438,1
CP048239.1,412446,1
CP048239.1,412496,1
CP048239.1,412525,4
CP048239.1,416033,1
CP048239.1,419282,1
CP048239.1,419316,1
CP048239.1,419351,1
CP048239.1,419376,2
CP048239.1,419460,1
CP048239.1,423226,2
CP048239.1,431809,1
CP048239.1,434169,1
CP048239.1,437641,1
CP048239.1,441180,1
CP048239.1,444916,1
CP048239.1,445877,2
CP048239.1,446174,1
CP048239.1,446209,1
CP048239.1,446329,1
CP048239.1,446336,1
CP048239.1,446364,1
CP048239.1,446571,1
CP048239.1,446589,1
CP048239.1,452814,1
CP048239.1,477365,2
CP048239.1,477420,1
CP048239.1,486253,1
CP048239.1,486775,1
CP048239.1,486782,1
CP048239.1,496785,1
CP048239.1,496796,1
CP048239.1,497242,1
CP048239.1,502421,1
CP048239.1,505317,1
CP048239.1,508834,1
CP048239.1,510212,1
CP048239.1,510291,1
CP048239.1,510516,1
CP048239.1,510567,1
CP048239.1,510647,1
CP048239.1,510684,1
CP048239.1,512590,1
CP048239.1,534455,1
CP048239.1,540423,1
CP048239.1,544755,1
CP048239.1,548013,1
CP048239.1,553008,1
CP048239.1,554142,1
CP048239.1,568844,1
CP048239.1,574564,1
CP048239.1,590525,2
CP048239.1,595895,1
CP048239.1,597679,1
CP048239.1,598482,1
CP048239.1,600180,1
CP048239.1,602762,2
CP048239.1,602908,1
CP048239.1,605786,1
CP048239.1,612626,2
CP048239.1,613675,1
CP048239.1,613925,1
CP048239.1,614551,1
CP048239.1,624299,1
CP048239.1,624782,1
CP048239.1,625955,1
CP048239.1,627320,1
CP048239.1,628247,1
CP048239.1,628254,1
CP048239.1,628508,2
CP048239.1,645001,3
CP048239.1,649289,1
CP048239.1,650460,1
CP048239.1,650585,1
CP048239.1,652993,1
CP048239.1,653069,1
CP048239.1,661325,1
CP048239.1,661712,1
CP048239.1,665604,1
CP048239.1,671108,1
CP048239.1,676936,1
CP048239.1,677602,1
CP048239.1,677988,1
CP048239.1,679944,1
CP048239.1,689633,1
CP048239.1,689669,1
CP048239.1,696928,1
CP048239.1,697432,1
CP048239.1,704504,1
CP048239.1,707639,1
CP048239.1,707968,1
CP048239.1,710364,1
CP048239.1,710929,1
CP048239.1,712379,1
CP048239.1,714538,1
CP048239.1,716500,1
CP048239.1,717623,1
CP048239.1,717630,1
CP048239.1,723470,1
CP048239.1,723494,4
CP048239.1,723686,1
CP048239.1,723694,1
CP048239.1,724051,1
CP048239.1,736969,1
CP048239.1,738361,1
CP048239.1,746786,1
CP048239.1,760171,1
CP048239.1,765590,1
CP048239.1,766697,1
CP048239.1,767313,1
CP048239.1,768890,1
CP048239.1,769366,1
CP048239.1,770739,1
CP048239.1,781018,1
CP048239.1,781144,1
CP048239.1,789629,2
CP048239.1,793159,1
CP048239.1,803717,1
CP048239.1,808447,1
CP048239.1,809437,1
CP048239.1,811680,1
CP048239.1,822548,1
CP048239.1,832668,2
CP048239.1,832692,1
CP048239.1,834877,1
CP048239.1,846221,1
CP048239.1,846523,1
CP048239.1,865769,1
CP048239.1,867364,1
CP048239.1,869184,1
CP048239.1,873220,1
CP048239.1,879765,1
CP048239.1,879812,1
CP048239.1,886468,1
CP048239.1,886483,1
CP048239.1,892850,2
CP048239.1,893779,1
CP048239.1,893808,1
CP048239.1,899324,1
CP048239.1,899428,1
CP048239.1,902596,2
CP048239.1,902722,2
CP048239.1,902729,2
CP048239.1,908360,1
CP048239.1,910037,1
CP048239.1,917446,1
CP048239.1,923651,1
CP048239.1,941923,1
CP048239.1,941934,1
CP048239.1,942307,1
CP048239.1,942312,1
CP048239.1,947781,1
CP048239.1,953448,1
CP048239.1,953877,1
CP048239.1,954594,1
CP048239.1,955711,1
CP048239.1,956469,1
CP048239.1,959124,1
CP048239.1,966021,1
CP048239.1,966028,4
CP048239.1,993691,1
CP048239.1,993867,1
CP048239.1,993910,1
CP048239.1,993936,1
CP048239.1,994083,8
CP048239.1,994085,1
CP048239.1,1006530,1
CP048239.1,1010991,1
CP048239.1,1012953,1
CP048239.1,1014953,1
CP048239.1,1016114,1
CP048239.1,1019813,2
CP048239.1,1021225,1
CP048239.1,1029731,1
CP048239.1,1029797,1
CP048239.1,1033155,1
CP048239.1,1034050,1
CP048239.1,1034257,1
CP048239.1,1036778,1
CP048239.1,1046818,1
CP048239.1,1046825,1
CP048239.1,1048984,1
CP048239.1,1063173,1
CP048239.1,1063527,1
CP048239.1,1063536,1
CP048239.1,1068177,1
CP048239.1,1069018,1
CP048239.1,1069131,1
CP048239.1,1080501,1
CP048239.1,1114136,1
CP048239.1,1125964,1
CP048239.1,1127753,1
CP048239.1,1132460,1
CP048239.1,1133714,1
CP048239.1,1133802,1
CP048239.1,1133873,1
CP048239.1,1134419,1
CP048239.1,1134423,1
CP048239.1,1134879,1
CP048239.1,1146691,1
CP048239.1,1146823,1
CP048239.1,1147113,1
CP048239.1,1155798,1
CP048239.1,1155938,1
CP048239.1,1159858,1
CP048239.1,1162570,1
CP048239.1,1164630,1
CP048239.1,1170910,1
CP048239.1,1174671,1
CP048239.1,1174855,2
CP048239.1,1178774,3
CP048239.1,1178951,3
CP048239.1,1183798,1
CP048239.1,1185431,1
CP048239.1,1187378,1
CP048239.1,1190179,1
CP048239.1,1197267,1
CP048239.1,1198418,1
CP048239.1,1198468,1
CP048239.1,1198512,1
CP048239.1,1201582,1
CP048239.1,1201589,1
CP048239.1,1211644,1
CP048240.1,28452,1
CP048240.1,28459,1
CP048240.1,28498,2
CP048240.1,29017,1
CP048240.1,29356,1
CP048240.1,29446,1
CP048240.1,32196,1
CP048240.1,32946,1
CP048240.1,33459,3
CP048240.1,33477,1
CP048240.1,33632,2
CP048240.1,37429,2
CP048240.1,38473,1
CP048240.1,44915,1
CP048240.1,48421,1
CP048240.1,66217,1
CP048240.1,66223,2
CP048240.1,66224,1
CP048240.1,66392,1
CP048240.1,67489,1
CP048240.1,67715,2
CP048240.1,68167,1
CP048240.1,68266,1
CP048240.1,68273,1
CP048240.1,68295,1
CP048240.1,68564,1
CP048240.1,71031,1
CP048240.1,73801,2
CP048240.1,73894,1
CP048240.1,78105,1
CP048240.1,79022,1
CP048240.1,79026,1
CP048240.1,79054,2
CP048240.1,79061,1
CP048240.1,79115,1
CP048240.1,79311,1
CP048240.1,79330,1
CP048240.1,84798,1
CP048240.1,86238,2
CP048240.1,86921,1
CP048240.1,88781,1
CP048240.1,94647,1
CP048240.1,95050,1
CP048240.1,100068,1
CP048240.1,100380,1
CP048240.1,104330,1
CP048240.1,110705,1
CP048240.1,114722,1
CP048240.1,121989,1
CP048240.1,127207,1
CP048240.1,129673,1
CP048240.1,129714,1
CP048240.1,136127,1
CP048240.1,149056,1
CP048240.1,149353,1
CP048240.1,149391,1
CP048240.1,149426,1
CP048240.1,149441,3
CP048240.1,149462,3
CP048240.1,149528,1
CP048240.1,149582,1
CP048240.1,149721,1
CP048240.1,149913,2
CP048240.1,149926,1
CP048240.1,150075,1
CP048240.1,154947,1
CP048240.1,157669,1
CP048240.1,161714,1
CP048240.1,162080,1
CP048240.1,164378,1
CP048240.1,169439,2
CP048240.1,170059,1
CP048240.1,177831,1
CP048240.1,178324,1
CP048240.1,180940,1
CP048240.1,181269,1
CP048240.1,182808,1
CP048240.1,185326,1
CP048240.1,186246,1
CP048240.1,187966,1
CP048240.1,188395,1
CP048240.1,188465,1
CP048240.1,189733,1
CP048240.1,190096,1
CP048240.1,190135,2
CP048240.1,190142,1
CP048240.1,190149,1
CP048240.1,190181,3
CP048240.1,190199,1
CP048240.1,190330,1
CP048240.1,190337,2
CP048240.1,190376,1
CP048240.1,190485,1
CP048240.1,190510,1
CP048240.1,190511,1
CP048240.1,190517,1
CP048240.1,192474,2
CP048240.1,196164,1
CP048240.1,197567,1
CP048240.1,203060,1
CP048240.1,204056,1
CP048240.1,207923,1
CP048240.1,209167,1
CP048240.1,212195,2
CP048240.1,216484,1
CP048240.1,219463,1
CP048240.1,219851,1
CP048240.1,219858,1
CP048240.1,224940,2
CP048240.1,225005,1
CP048240.1,225488,1
CP048240.1,225713,1
CP048240.1,225754,1
CP048240.1,225832,1
CP048240.1,231764,1
CP048240.1,232278,1
CP048240.1,232669,2
CP048240.1,235226,1
CP048240.1,238149,1
CP048240.1,238703,1
CP048240.1,240920,1
CP048240.1,241116,1
CP048240.1,241222,1
CP048240.1,241229,1
CP048240.1,241244,1
CP048240.1,241806,1
CP048240.1,242025,1
CP048240.1,242088,1
CP048240.1,242414,1
CP048240.1,245906,5
CP048240.1,245961,1
CP048240.1,246338,1
CP048240.1,246403,3
CP048240.1,246444,1
CP048240.1,246448,2
CP048240.1,248774,1
CP048240.1,250097,1
CP048240.1,250151,2
CP048240.1,250163,2
CP048240.1,250186,1
CP048240.1,250278,1
CP048240.1,250282,2
CP048240.1,250347,1
CP048240.1,250351,1
CP048240.1,250354,1
CP048240.1,250371,1
CP048240.1,250380,1
CP048240.1,250385,1
CP048240.1,250449,1
CP048240.1,251289,1
CP048240.1,251452,1
CP048240.1,253650,1
CP048240.1,254707,1
CP048240.1,254714,1
CP048240.1,254716,3
CP048240.1,254745,1
CP048240.1,254789,1
CP048240.1,254796,1
CP048240.1,254928,2
CP048240.1,255055,1
CP048240.1,255195,1
CP048240.1,255224,1
CP048240.1,256008,2
CP048240.1,256751,1
CP048240.1,256919,2
CP048240.1,257135,1
CP048240.1,257234,1
CP048240.1,257236,1
CP048240.1,260282,1
CP048240.1,260285,1
CP048240.1,260355,2
CP048240.1,260410,2
CP048240.1,263286,1
CP048240.1,263310,1
CP048240.1,263317,1
CP048240.1,263985,1
CP048240.1,264040,1
CP048240.1,264116,1
CP048240.1,264156,1
CP048240.1,264163,1
CP048240.1,264912,2
CP048240.1,265114,1
CP048240.1,265346,1
CP048240.1,267748,1
CP048240.1,267868,3
CP048240.1,267932,1
CP048240.1,268301,1
CP048240.1,268370,1
CP048240.1,268393,1
CP048240.1,270631,1
CP048240.1,270640,2
CP048240.1,270712,1
CP048240.1,270717,1
CP048240.1,274986,1
CP048240.1,275282,1
CP048240.1,275311,1
CP048240.1,275715,1
CP048240.1,276406,1
CP048240.1,276444,1
CP048240.1,276460,1
CP048240.1,276554,4
CP048240.1,276575,1
CP048240.1,276757,1
CP048240.1,276793,1
CP048240.1,279096,1
CP048240.1,279098,1
CP048240.1,279103,1
CP048240.1,279368,1
CP048240.1,279413,1
CP048240.1,279487,3
CP048240.1,279500,1
CP048240.1,279552,2
CP048240.1,279606,3
CP048240.1,279765,2
CP048240.1,280147,1
CP048240.1,281097,1
CP048240.1,282426,1
CP048240.1,283123,1
CP048240.1,283157,1
CP048240.1,284152,1
CP048240.1,285679,1
CP048240.1,287691,2
CP048240.1,287694,1
CP048240.1,287777,2
CP048240.1,288006,1
CP048240.1,288098,2
CP048240.1,288101,1
CP048240.1,288186,4
CP048240.1,288193,4
CP048240.1,288280,1
CP048240.1,289544,1
CP048240.1,291420,2
CP048240.1,291622,1
CP048240.1,291807,1
CP048240.1,291814,1
CP048240.1,291999,1
CP048240.1,292031,1
CP048240.1,292036,1
CP048240.1,292062,5
CP048240.1,292067,1
CP048240.1,292146,2
CP048240.1,292233,2
CP048240.1,292329,1
CP048240.1,292427,1
CP048240.1,292439,1
CP048240.1,293071,1
CP048240.1,293848,2
CP048240.1,294031,1
CP048240.1,294678,1
CP048240.1,296197,1
CP048240.1,296233,1
CP048240.1,296284,2
CP048240.1,296905,1
CP048240.1,307260,1
CP048240.1,307344,1
CP048240.1,307351,1
CP048240.1,308379,1
CP048240.1,308798,1
CP048240.1,313779,1
CP048240.1,316091,3
CP048240.1,316114,1
CP048240.1,316120,4
CP048240.1,316127,2
CP048240.1,316314,1
CP048240.1,316398,2
CP048240.1,319497,1
CP048240.1,321986,1
CP048240.1,322526,1
CP048240.1,323333,1
CP048240.1,324286,1
CP048240.1,324661,1
CP048240.1,324682,1
CP048240.1,324737,2
CP048240.1,324741,1
CP048240.1,324834,1
CP048240.1,324998,1
CP048240.1,335975,1
CP048240.1,335978,1
CP048240.1,342091,1
CP048240.1,343325,1
CP048240.1,344035,1
CP048240.1,344052,1
CP048240.1,344073,1
CP048240.1,344527,1
CP048240.1,344795,1
CP048240.1,345406,1
CP048240.1,345902,1
CP048240.1,345936,1
CP048240.1,345974,1
CP048240.1,345977,2
CP048240.1,346195,2
CP048240.1,346330,1
CP048240.1,347971,1
CP048240.1,352581,1
CP048240.1,362633,1
CP048240.1,362844,1
CP048240.1,363264,1
CP048240.1,368570,1
CP048240.1,373616,1
CP048240.1,376994,1
CP048240.1,377007,1
CP048240.1,377065,2
CP048240.1,377072,2
CP048240.1,377197,1
CP048240.1,377346,2
CP048240.1,377619,1
CP048240.1,378070,1
CP048240.1,379480,1
CP048240.1,380399,1
CP048240.1,383337,1
CP048240.1,390817,1
CP048240.1,391213,1
CP048240.1,394175,1
CP048240.1,394453,1
CP048240.1,394504,2
CP048240.1,396563,1
CP048240.1,396845,1
CP048240.1,399965,1
CP048240.1,400125,1
CP048240.1,400289,1
CP048240.1,400351,2
CP048240.1,400641,2
CP048240.1,401208,1
CP048240.1,402426,1
CP048240.1,402718,1
CP048240.1,402789,1
CP048240.1,402899,1
CP048240.1,408586,1
CP048240.1,409007,1
CP048240.1,409483,1
CP048240.1,409609,2
CP048240.1,409819,1
CP048240.1,413849,2
CP048240.1,415115,1
CP048240.1,417652,1
CP048240.1,417717,1
CP048240.1,418296,1
CP048240.1,420297,1
CP048240.1,420784,1
CP048240.1,425583,1
CP048240.1,428011,1
CP048240.1,428626,1
CP048240.1,429207,1
CP048240.1,435902,1
CP048240.1,441788,2
CP048240.1,451349,1
CP048240.1,451563,1
CP048240.1,451637,1
CP048240.1,454293,1
CP048240.1,454457,1
CP048240.1,455557,1
CP048240.1,455722,1
CP048240.1,461057,1
CP048240.1,463236,1
CP048240.1,467978,1
CP048240.1,470671,1
CP048240.1,472016,1
CP048240.1,472099,2
CP048240.1,480803,1
CP048240.1,495175,1
CP048240.1,500737,1
CP048240.1,500961,2
CP048240.1,501024,2
CP048240.1,505299,1
CP048240.1,510696,2
CP048240.1,514480,1
CP048240.1,514886,1
CP048240.1,518543,1
CP048240.1,531110,1
CP048240.1,535257,1
CP048240.1,539695,1
CP048240.1,541263,1
CP048240.1,543482,1
CP048240.1,556418,1
CP048240.1,559785,1
CP048240.1,560158,1
CP048240.1,560230,1
CP048240.1,566047,3
CP048240.1,566052,1
CP048240.1,567482,1
CP048240.1,567488,1
CP048240.1,567762,1
CP048240.1,567922,1
CP048240.1,567927,1
CP048240.1,568574,1
CP048240.1,568994,1
CP048240.1,569001,3
CP048240.1,570395,1
CP048240.1,573542,1
CP048240.1,575351,1
CP048240.1,575405,2
CP048240.1,575486,1
CP048240.1,577918,4
CP048240.1,577935,1
CP048240.1,578298,2
CP048240.1,578365,1
CP048240.1,578555,1
CP048240.1,579514,1
CP048240.1,586219,3
CP048240.1,588576,1
CP048240.1,594334,1
CP048240.1,598675,1
CP048240.1,602299,1
CP048240.1,602683,1
CP048240.1,602728,1
CP048240.1,603964,1
CP048240.1,613434,1
CP048240.1,613441,1
CP048240.1,614200,2
CP048240.1,614223,1
CP048240.1,614575,2
CP048240.1,614972,1
CP048240.1,616366,1
CP048240.1,631090,1
CP048240.1,632789,1
CP048240.1,633161,1
CP048240.1,633226,1
CP048240.1,633938,2
CP048240.1,634121,1
CP048240.1,641855,1
CP048240.1,651991,1
CP048240.1,652591,3
CP048240.1,654324,1
CP048240.1,655143,1
CP048240.1,658653,1
CP048240.1,664493,2
CP048240.1,672874,2
CP048240.1,674444,2
CP048240.1,690113,1
CP048240.1,691171,1
CP048240.1,692132,1
CP048240.1,692375,1
CP048240.1,710746,1
CP048240.1,714347,2
CP048240.1,714461,1
CP048240.1,718474,1
CP048240.1,722519,1
CP048240.1,726653,1
CP048240.1,726655,1
CP048240.1,726672,1
CP048240.1,728536,2
CP048240.1,728737,1
CP048240.1,728909,1
CP048240.1,729245,1
CP048240.1,729408,1
CP048240.1,730045,1
CP048240.1,730699,1
CP048240.1,730747,1
CP048240.1,734279,1
CP048240.1,734303,1
CP048240.1,734316,1
CP048240.1,734713,1
CP048240.1,734720,1
CP048240.1,735281,1
CP048240.1,735337,1
CP048240.1,745150,1
CP048240.1,745674,1
CP048240.1,745955,1
CP048240.1,748892,2
CP048240.1,751973,1
CP048240.1,762315,1
CP048240.1,762660,1
CP048240.1,770523,1
CP048240.1,770669,1
CP048240.1,770679,1
CP048240.1,770812,3
CP048240.1,775097,1
CP048240.1,776116,1
CP048240.1,776317,1
CP048240.1,777098,1
CP048240.1,784574,1
CP048240.1,788428,3
CP048240.1,795576,1
CP048240.1,805394,1
CP048240.1,808162,2
CP048240.1,811742,1
CP048240.1,812021,1
CP048240.1,818473,1
CP048240.1,819018,1
CP048240.1,825371,1
CP048240.1,829573,1
CP048240.1,829866,1
CP048240.1,829980,2
CP048240.1,844409,1
CP048240.1,847284,2
CP048240.1,847335,1
CP048240.1,848327,1
CP048240.1,849888,1
CP048240.1,858850,1
CP048240.1,872392,2
CP048240.1,877006,1
CP048240.1,880326,1
CP048240.1,880438,1
CP048240.1,880466,1
CP048240.1,880536,1
CP048240.1,880582,1
CP048240.1,882241,1
CP048240.1,884580,1
CP048240.1,884744,1
CP048240.1,884916,1
CP048240.1,887207,1
CP048240.1,887301,2
CP048240.1,889022,1
CP048240.1,889024,1
CP048240.1,889029,1
CP048240.1,889034,1
CP048240.1,889060,2
CP048240.1,891894,1
CP048240.1,891975,1
CP048240.1,903213,1
CP048240.1,906394,1
CP048240.1,915349,1
CP048240.1,915369,1
CP048240.1,919241,1
CP048240.1,919507,1
CP048240.1,929824,1
CP048240.1,930599,1
CP048240.1,932853,1
CP048240.1,933724,1
CP048240.1,936070,1
CP048240.1,955495,1
CP048240.1,975076,1
CP048240.1,979139,1
CP048240.1,980046,1
CP048240.1,980058,1
CP048240.1,980066,1
CP048240.1,980188,1
CP048240.1,980190,1
CP048240.1,996690,1
CP048240.1,996789,1
CP048240.1,997783,2
CP048240.1,997790,1
CP048240.1,997945,1
CP048240.1,997948,1
CP048240.1,998459,1
CP048240.1,1016841,1
CP048240.1,1023546,1
CP048240.1,1032256,1
CP048240.1,1032260,1
CP048240.1,1036585,1
CP048240.1,1037009,1
CP048240.1,1037016,4
CP048240.1,1038414,1
CP048240.1,1040602,2
CP048240.1,1040619,1
CP048240.1,1040861,1
CP048240.1,1040942,1
CP048240.1,1041158,1
CP048240.1,1047582,6
CP048240.1,1054377,2
CP048240.1,1054384,1
CP048240.1,1054558,1
CP048240.1,1054746,1
CP048240.1,1059768,1
CP048240.1,1060735,1
CP048240.1,1060886,1
CP048240.1,1064643,2
CP048240.1,1064884,2
CP048240.1,1065036,2
CP048240.1,1065043,1
CP048240.1,1065172,1
CP048240.1,1065263,2
CP048240.1,1065284,1
CP048240.1,1065291,1
CP048240.1,1065528,1
CP048240.1,1065554,1
CP048240.1,1065712,1
CP048240.1,1070703,1
CP048240.1,1070721,1
CP048240.1,1076810,2
CP048240.1,1082539,1
CP048240.1,1098382,1
CP048240.1,1099622,1
CP048240.1,1103090,1
CP048240.1,1114589,1
CP048240.1,1114596,1
CP048240.1,1114618,1
CP048240.1,1117373,1
CP048240.1,1118098,1
CP048240.1,1118391,1
CP048240.1,1118893,3
CP048240.1,1120932,1
CP048240.1,1129403,1
CP048240.1,1129433,1
CP048240.1,1129576,1
CP048240.1,1133385,2
CP048240.1,1133420,1
CP048240.1,1143495,1
CP048240.1,1151504,1
CP048240.1,1151741,2
CP048240.1,1151788,1
CP048240.1,1152048,1
CP048240.1,1153882,1
CP048240.1,1155520,1
CP048240.1,1157315,1
CP048240.1,1157808,2
CP048240.1,1158436,1
CP048240.1,1161267,1
CP048240.1,1171382,1
CP048240.1,1171965,1
CP048240.1,1172208,1
CP048240.1,1172366,1
CP048240.1,1172637,1
CP048240.1,1181143,1
CP048240.1,1187554,1
CP048240.1,1194290,1
CP048240.1,1199551,1
CP048240.1,1199591,1
CP048240.1,1199682,1
CP048240.1,1204288,1
CP048240.1,1211729,2
CP048240.1,1221383,1
CP048240.1,1227675,1
CP048240.1,1233887,1
CP048240.1,1233987,1
CP048240.1,1235984,1
CP048240.1,1238883,1
CP048240.1,1240208,1
CP048240.1,1240377,2
CP048240.1,1240384,1
CP048240.1,1240817,1
CP048240.1,1246152,1
CP048240.1,1250637,1
CP048240.1,1257231,2
CP048240.1,1257438,1
CP048240.1,1257898,1
CP048240.1,1260320,1
CP048240.1,1261035,1
CP048240.1,1261110,1
CP048240.1,1261111,1
CP048240.1,1261202,1
CP048240.1,1261391,1
CP048240.1,1261523,1
CP048240.1,1263361,1
CP048240.1,1263446,2
CP048240.1,1263447,1
CP048240.1,1275275,1
CP048240.1,1276058,1
CP048240.1,1276163,2
CP048240.1,1277591,2
CP048240.1,1283116,1
CP048240.1,1283120,1
CP048240.1,1283212,2
CP048240.1,1292579,1
CP048240.1,1293528,1
CP048240.1,1293601,1
CP048240.1,1293622,1
CP048240.1,1293690,1
CP048240.1,1293691,1
CP048240.1,1299367,1
CP048240.1,1300120,1
CP048241.1,1990,1
CP048241.1,24421,1
CP048241.1,24635,1
CP048241.1,28555,1
CP048241.1,29307,1
CP048241.1,30340,1
CP048241.1,30520,1
CP048241.1,36773,1
CP048241.1,37392,1
CP048241.1,38088,1
CP048241.1,43072,1
CP048241.1,43123,1
CP048241.1,43190,1
CP048241.1,53895,1
CP048241.1,70294,1
CP048241.1,70587,1
CP048241.1,72876,1
CP048241.1,73568,1
CP048241.1,74440,1
CP048241.1,75770,1
CP048241.1,76224,1
CP048241.1,76243,1
CP048241.1,90428,2
CP048241.1,90492,1
CP048241.1,90651,1
CP048241.1,92804,1
CP048241.1,93187,1
CP048241.1,93205,1
CP048241.1,93214,1
CP048241.1,97054,1
CP048241.1,97093,1
CP048241.1,103799,1
CP048241.1,106615,1
CP048241.1,112767,1
CP048241.1,112772,1
CP048241.1,112837,1
CP048241.1,112858,1
CP048241.1,115446,1
CP048241.1,116645,2
CP048241.1,116652,1
CP048241.1,116695,1
CP048241.1,116700,1
CP048241.1,116845,1
CP048241.1,118149,1
CP048241.1,120795,1
CP048241.1,123642,2
CP048241.1,123649,2
CP048241.1,135607,1
CP048241.1,144713,2
CP048241.1,146654,1
CP048241.1,147093,1
CP048241.1,154980,1
CP048241.1,155117,1
CP048241.1,159652,1
CP048241.1,167136,1
CP048241.1,167178,1
CP048241.1,174564,1
CP048241.1,188030,1
CP048241.1,188074,1
CP048241.1,188081,1
CP048241.1,188461,1
CP048241.1,189706,1
CP048241.1,211228,1
CP048241.1,223572,1
CP048241.1,223615,1
CP048241.1,223879,1
CP048241.1,224007,1
CP048241.1,224304,1
CP048241.1,227548,2
CP048241.1,248170,2
CP048241.1,251651,2
CP048241.1,251771,4
CP048241.1,256879,1
CP048241.1,259193,1
CP048241.1,262979,1
CP048241.1,271734,1
CP048241.1,274923,1
CP048241.1,275634,1
CP048241.1,276393,1
CP048241.1,280409,1
CP048241.1,286253,1
CP048241.1,292755,2
CP048241.1,292762,1
CP048241.1,297468,1
CP048241.1,297708,1
CP048241.1,297733,1
CP048241.1,297876,3
CP048241.1,297903,1
CP048241.1,297910,1
CP048241.1,302051,1
CP048241.1,306649,2
CP048241.1,314385,2
CP048241.1,323647,1
CP048241.1,335838,1
CP048241.1,337376,4
CP048241.1,350382,1
CP048241.1,351070,1
CP048241.1,352195,1
CP048241.1,355035,1
CP048241.1,355045,2
CP048241.1,355279,1
CP048241.1,355309,2
CP048241.1,355316,1
CP048241.1,355391,1
CP048241.1,356507,1
CP048241.1,358789,2
CP048241.1,375102,1
CP048241.1,375789,1
CP048241.1,377105,1
CP048241.1,381153,1
CP048241.1,381342,1
CP048241.1,387279,3
CP048241.1,387288,1
CP048241.1,394719,1
CP048241.1,394808,1
CP048241.1,404151,1
CP048241.1,404771,2
CP048241.1,404843,1
CP048241.1,407713,1
CP048241.1,408304,1
CP048241.1,408814,1
CP048241.1,423001,1
CP048241.1,424176,1
CP048241.1,444054,1
CP048241.1,444895,1
CP048241.1,445278,1
CP048241.1,445705,1
CP048241.1,445850,3
CP048241.1,445857,3
CP048241.1,456684,1
CP048241.1,457490,1
CP048241.1,460813,1
CP048241.1,460927,1
CP048241.1,461129,1
CP048241.1,461177,1
CP048241.1,467002,1
CP048241.1,467505,1
CP048241.1,467507,2
CP048241.1,470135,1
CP048241.1,470277,1
CP048241.1,473244,1
CP048241.1,476350,1
CP048241.1,476398,1
CP048241.1,476832,1
CP048241.1,478542,1
CP048241.1,478549,1
CP048241.1,478866,1
CP048241.1,483951,1
CP048241.1,487015,1
CP048241.1,489745,2
CP048241.1,490412,1
CP048241.1,490425,1
CP048241.1,499181,2
CP048241.1,500250,1
CP048241.1,501058,1
CP048241.1,506982,1
CP048241.1,507644,1
CP048241.1,511425,1
CP048241.1,517155,1
CP048241.1,518832,1
CP048241.1,533601,1
CP048241.1,541938,1
CP048241.1,542259,1
CP048241.1,544148,1
CP048241.1,544474,2
CP048241.1,555328,2
CP048241.1,557364,1
CP048241.1,559529,1
CP048241.1,566409,1
CP048241.1,570939,2
CP048241.1,571750,2
CP048241.1,576398,1
CP048241.1,579204,1
CP048241.1,586675,1
CP048241.1,589410,1
CP048241.1,595651,1
CP048241.1,595729,1
CP048241.1,610176,2
CP048241.1,610233,2
CP048241.1,611113,1
CP048241.1,612037,1
CP048241.1,615556,1
CP048241.1,618771,2
CP048241.1,624819,1
CP048241.1,624939,1
CP048241.1,624974,1
CP048241.1,624995,1
CP048241.1,625284,1
CP048241.1,625387,1
CP048241.1,625456,2
CP048241.1,626203,1
CP048241.1,630211,1
CP048241.1,633630,1
CP048241.1,636421,1
CP048241.1,639095,1
CP048241.1,639271,1
CP048241.1,640421,1
CP048241.1,643578,1
CP048241.1,647967,1
CP048241.1,653207,1
CP048241.1,655597,1
CP048241.1,656242,1
CP048241.1,659854,1
CP048241.1,661933,3
CP048241.1,664337,1
CP048241.1,665535,1
CP048241.1,671937,1
CP048241.1,672302,1
CP048241.1,677067,1
CP048241.1,679630,1
CP048241.1,683446,1
CP048241.1,683513,1
CP048241.1,683761,1
CP048241.1,685814,1
CP048241.1,689390,1
CP048241.1,689444,1
CP048241.1,689550,2
CP048241.1,690023,1
CP048241.1,690721,1
CP048241.1,690749,1
CP048241.1,690996,1
CP048241.1,714915,1
CP048241.1,726406,1
CP048241.1,726929,1
CP048241.1,727502,1
CP048241.1,731297,1
CP048241.1,733600,1
CP048241.1,737728,1
CP048241.1,745042,2
CP048241.1,745515,3
CP048241.1,746329,1
CP048241.1,746461,1
CP048241.1,752702,2
CP048241.1,757053,1
CP048241.1,757919,1
CP048241.1,758023,1
CP048241.1,758409,2
CP048241.1,764464,1
CP048241.1,764667,1
CP048241.1,768530,1
CP048241.1,775361,1
CP048241.1,782542,2
CP048241.1,784888,1
CP048241.1,784966,2
CP048241.1,786499,1
CP048241.1,789005,1
CP048241.1,789456,1
CP048241.1,789930,1
CP048241.1,790047,2
CP048241.1,790304,1
CP048241.1,792537,1
CP048241.1,794005,1
CP048241.1,794583,1
CP048241.1,794592,1
CP048241.1,794684,1
CP048241.1,798444,1
CP048241.1,798860,2
CP048241.1,799789,2
CP048241.1,799847,3
CP048241.1,799865,2
CP048241.1,800133,2
CP048241.1,812796,1
CP048241.1,817224,1
CP048241.1,834962,1
CP048241.1,838853,2
CP048241.1,839018,1
CP048241.1,841291,1
CP048241.1,841297,5
CP048241.1,841298,1
CP048241.1,841304,1
CP048241.1,848939,1
CP048241.1,852053,1
CP048241.1,853735,1
CP048241.1,854031,4
CP048241.1,854040,1
CP048241.1,854433,1
CP048241.1,856184,1
CP048241.1,865425,1
CP048241.1,866560,1
CP048241.1,870321,1
CP048241.1,870397,1
CP048241.1,870398,1
CP048241.1,878706,1
CP048241.1,880389,1
CP048241.1,883441,1
CP048241.1,885199,3
CP048241.1,892911,1
CP048241.1,899849,1
CP048241.1,899856,1
CP048241.1,899915,1
CP048241.1,900302,3
CP048241.1,908767,1
CP048241.1,910397,1
CP048241.1,910420,1
CP048241.1,910429,1
CP048241.1,910441,1
CP048241.1,910742,1
CP048241.1,911540,1
CP048241.1,914666,1
CP048241.1,919516,1
CP048241.1,919737,1
CP048241.1,919761,1
CP048241.1,919869,1
CP048241.1,919993,1
CP048241.1,920228,1
CP048241.1,922909,3
CP048241.1,922986,1
CP048241.1,922999,1
CP048241.1,923128,1
CP048241.1,923175,1
CP048241.1,923243,2
CP048241.1,923479,1
CP048241.1,923583,1
CP048241.1,923591,1
CP048241.1,927206,2
CP048241.1,927254,1
CP048241.1,927415,1
CP048241.1,927441,6
CP048241.1,927456,2
CP048241.1,927471,1
CP048241.1,927572,1
CP048241.1,927590,1
CP048241.1,927640,1
CP048241.1,927645,3
CP048241.1,931209,1
CP048241.1,931361,1
CP048241.1,931393,1
CP048241.1,931397,1
CP048241.1,934308,1
CP048241.1,934785,1
CP048241.1,935089,1
CP048241.1,935273,1
CP048241.1,940106,1
CP048241.1,940130,1
CP048241.1,940432,1
CP048241.1,940580,1
CP048241.1,941256,1
CP048241.1,949634,2
CP048241.1,950478,1
CP048241.1,950517,1
CP048241.1,950872,3
CP048241.1,950972,3
CP048241.1,951315,1
CP048241.1,951489,2
CP048241.1,952932,1
CP048241.1,959538,1
CP048241.1,961031,2
CP048241.1,972440,1
CP048241.1,975064,1
CP048241.1,979912,1
CP048241.1,982069,1
CP048241.1,983625,1
CP048241.1,984023,1
CP048241.1,984250,1
CP048241.1,985019,1
CP048241.1,985021,1
CP048241.1,985026,1
CP048241.1,985102,1
CP048241.1,985435,1
CP048241.1,985680,1
CP048241.1,985902,2
CP048241.1,985927,1
CP048241.1,985948,1
CP048241.1,986111,1
CP048241.1,986926,1
CP048241.1,1000137,2
CP048241.1,1000225,1
CP048241.1,1000247,1
CP048241.1,1000302,2
CP048241.1,1000555,1
CP048241.1,1005065,2
CP048241.1,1005138,1
CP048241.1,1005145,5
CP048241.1,1008274,3
CP048241.1,1008379,2
CP048241.1,1008844,1
CP048241.1,1011732,2
CP048241.1,1020689,1
CP048241.1,1022139,1
CP048241.1,1022195,1
CP048241.1,1022296,1
CP048241.1,1022338,1
CP048241.1,1024765,2
CP048241.1,1027167,2
CP048241.1,1028375,1
CP048241.1,1030391,1
CP048241.1,1031412,1
CP048241.1,1031612,1
CP048241.1,1031684,1
CP048241.1,1031829,1
CP048241.1,1031989,1
CP048241.1,1032301,1
CP048241.1,1032487,1
CP048241.1,1032548,1
CP048241.1,1038823,1
CP048241.1,1046853,1
CP048241.1,1055826,3
CP048241.1,1056918,2
CP048241.1,1059299,1
CP048241.1,1059749,1
CP048241.1,1063488,1
CP048241.1,1066068,1
CP048241.1,1066075,1
CP048241.1,1081313,1
CP048241.1,1082878,1
CP048241.1,1082966,3
CP048241.1,1086757,1
CP048241.1,1087581,1
CP048241.1,1087704,1
CP048241.1,1096296,1
CP048241.1,1096472,1
CP048241.1,1102863,1
CP048241.1,1102866,1
CP048241.1,1102964,1
CP048241.1,1103176,1
CP048241.1,1103225,1
CP048241.1,1103260,1
CP048241.1,1106661,1
CP048241.1,1106680,5
CP048241.1,1106687,3
CP048241.1,1106731,2
CP048241.1,1106743,1
CP048241.1,1116132,1
CP048241.1,1129458,1
CP048241.1,1135468,1
CP048241.1,1137695,1
CP048241.1,1137751,1
CP048241.1,1140484,1
CP048241.1,1141877,1
CP048241.1,1149493,2
CP048241.1,1150346,2
CP048241.1,1159038,1
CP048241.1,1159045,1
CP048241.1,1159475,2
CP048241.1,1161560,1
CP048241.1,1161895,1
CP048241.1,1161960,1
CP048241.1,1162172,1
CP048241.1,1162460,1
CP048241.1,1163083,1
CP048241.1,1165132,1
CP048241.1,1171921,1
CP048241.1,1173521,3
CP048241.1,1178089,1
CP048241.1,1178240,2
CP048241.1,1178306,1
CP048241.1,1178330,1
CP048241.1,1180019,2
CP048241.1,1182997,1
CP048241.1,1183923,1
CP048241.1,1184075,1
CP048241.1,1184389,1
CP048241.1,1186985,1
CP048241.1,1194574,1
CP048241.1,1194784,1
CP048241.1,1205901,1
CP048241.1,1205912,1
CP048241.1,1223048,1
CP048241.1,1223049,1
CP048241.1,1230982,1
CP048241.1,1230989,4
CP048241.1,1231029,1
CP048241.1,1231968,1
CP048241.1,1232234,3
CP048241.1,1232547,1
CP048241.1,1235551,1
CP048241.1,1235558,1
CP048241.1,1237976,1
CP048241.1,1241238,1
CP048241.1,1242726,2
CP048241.1,1242850,1
CP048241.1,1243497,1
CP048241.1,1243504,1
CP048241.1,1243604,1
CP048241.1,1243748,2
CP048241.1,1244559,1
CP048241.1,1244764,1
CP048241.1,1246598,1
CP048241.1,1252288,2
CP048241.1,1252295,1
CP048241.1,1253365,2
CP048241.1,1253508,1
CP048241.1,1253515,1
CP048241.1,1253631,1
CP048241.1,1254030,1
CP048241.1,1254063,1
CP048241.1,1254150,2
CP048241.1,1254304,3
CP048241.1,1256014,1
CP048241.1,1260890,1
CP048241.1,1260901,1
CP048241.1,1260910,1
CP048241.1,1260916,2
CP048241.1,1260918,1
CP048241.1,1260921,1
CP048241.1,1260923,2
CP048241.1,1260925,3
CP048241.1,1261122,2
CP048241.1,1261286,1
CP048241.1,1261349,1
CP048241.1,1273726,3
CP048241.1,1273733,3
CP048241.1,1273944,1
CP048241.1,1273951,1
CP048241.1,1273958,1
CP048241.1,1274085,1
CP048241.1,1274307,1
CP048241.1,1274325,2
CP048241.1,1286324,1
CP048241.1,1286327,1
CP048241.1,1286579,2
CP048241.1,1286712,1
CP048241.1,1286739,1
CP048241.1,1288029,1
CP048241.1,1291479,1
CP048241.1,1292270,3
CP048241.1,1292544,2
CP048241.1,1296520,1
CP048241.1,1297914,1
CP048241.1,1308061,2
CP048241.1,1308070,1
CP048241.1,1308075,1
CP048241.1,1308131,1
CP048241.1,1312868,1
CP048241.1,1316319,1
CP048241.1,1320259,2
CP048241.1,1321102,1
CP048241.1,1321523,3
CP048241.1,1321645,1
CP048241.1,1322502,2
CP048241.1,1323022,1
CP048241.1,1323054,1
CP048241.1,1323188,1
CP048241.1,1323293,1
CP048241.1,1323325,1
CP048241.1,1323345,1
CP048241.1,1323467,1
CP048241.1,1323488,1
CP048241.1,1323580,1
CP048241.1,1324189,1
CP048241.1,1331743,1
CP048241.1,1332130,1
CP048241.1,1336520,1
CP048241.1,1341309,2
CP048241.1,1343078,1
CP048241.1,1347414,1
CP048241.1,1348088,1
CP048241.1,1348145,1
CP048241.1,1349340,1
CP048241.1,1349362,1
CP048241.1,1349640,1
CP048241.1,1349719,1
CP048241.1,1349792,4
CP048241.1,1349962,1
CP048241.1,1349986,1
CP048241.1,1350031,1
CP048241.1,1350066,1
CP048241.1,1350090,1
CP048241.1,1350165,1
CP048241.1,1350403,1
CP048241.1,1351024,1
CP048241.1,1351025,1
CP048241.1,1351031,1
CP048241.1,1356439,2
CP048241.1,1356965,2
CP048241.1,1357309,1
CP048241.1,1357310,1
CP048241.1,1357376,1
CP048241.1,1357407,1
CP048241.1,1358054,2
CP048241.1,1358209,1
CP048241.1,1358214,2
CP048241.1,1358221,3
CP048241.1,1358227,2
CP048241.1,1358307,1
CP048241.1,1358316,2
CP048241.1,1358461,1
CP048241.1,1358975,3
CP048241.1,1358998,2
CP048241.1,1359416,1
CP048241.1,1359430,2
CP048241.1,1360430,1
CP048241.1,1360531,1
CP048241.1,1360643,1
CP048241.1,1360816,1
CP048241.1,1361173,1
CP048241.1,1361240,1
CP048241.1,1361266,1
CP048241.1,1361285,2
CP048241.1,1361290,1
CP048241.1,1361306,1
CP048241.1,1361535,1
CP048241.1,1361540,1
CP048241.1,1361542,1
CP048241.1,1361683,1
CP048241.1,1361707,1
CP048241.1,1361897,1
CP048241.1,1361942,1
CP048241.1,1361949,1
CP048241.1,1362209,1
CP048241.1,1362377,2
CP048241.1,1362525,1
CP048241.1,1362883,1
CP048241.1,1363358,1
CP048241.1,1368224,1
CP048241.1,1369407,1
CP048241.1,1369578,1
CP048241.1,1375084,1
CP048241.1,1375526,1
CP048241.1,1376154,1
CP048241.1,1376840,2
CP048241.1,1376853,1
CP048241.1,1377394,1
CP048241.1,1377457,1
CP048241.1,1377550,1
CP048241.1,1377687,1
CP048241.1,1378820,1
CP048241.1,1379194,1
CP048241.1,1379399,1
CP048241.1,1379511,1
CP048241.1,1380029,2
CP048241.1,1382617,1
CP048241.1,1382649,3
CP048241.1,1383521,1
CP048241.1,1383548,1
CP048241.1,1383622,1
CP048241.1,1383728,2
CP048241.1,1383831,1
CP048241.1,1384388,1
CP048241.1,1384412,1
CP048241.1,1384478,1
CP048241.1,1384538,2
CP048241.1,1384545,1
CP048241.1,1384560,1
CP048241.1,1384567,1
CP048241.1,1384586,1
CP048241.1,1384587,1
CP048241.1,1384591,1
CP048241.1,1388462,1
CP048241.1,1389339,1
CP048241.1,1389920,1
CP048241.1,1389952,1
CP048241.1,1390014,1
CP048241.1,1390485,1
CP048241.1,1391581,1
CP048241.1,1393355,1
CP048241.1,1393799,1
CP048241.1,1394445,1
CP048241.1,1394468,1
CP048241.1,1394554,1
CP048241.1,1407996,1
CP048241.1,1408041,1
CP048241.1,1413338,1
CP048241.1,1416594,1
CP048241.1,1416603,1
CP048241.1,1416604,1
CP048241.1,1416663,1
CP048241.1,1416857,1
CP048241.1,1417831,1
CP048241.1,1419397,1
CP048241.1,1421825,2
CP048241.1,1422160,1
CP048241.1,1428995,1
CP048241.1,1429034,1
CP048241.1,1432159,1
CP048241.1,1432727,2
CP048241.1,1432802,1
CP048241.1,1433866,2
CP048241.1,1434277,1
CP048241.1,1434321,1
CP048241.1,1436040,1
CP048241.1,1437102,1
CP048241.1,1456266,2
CP048241.1,1456424,2
CP048241.1,1456426,2
CP048241.1,1456430,2
CP048241.1,1456439,1
CP048241.1,1456806,4
CP048241.1,1458239,1
CP048241.1,1465019,1
CP048241.1,1468216,2
CP048241.1,1468249,2
CP048241.1,1468264,1
CP048241.1,1468494,1
CP048241.1,1470733,1
CP048241.1,1471917,2
CP048241.1,1472103,2
CP048241.1,1472150,2
CP048241.1,1472152,2
CP048241.1,1472287,4
CP048241.1,1472778,1
CP048241.1,1472827,1
CP048241.1,1472832,1
CP048241.1,1472870,1
CP048241.1,1473103,1
CP048241.1,1473123,1
CP048241.1,1473635,1
CP048241.1,1474098,2
CP048241.1,1479088,1
CP048241.1,1479585,1
CP048241.1,1479777,1
CP048241.1,1479956,1
CP048241.1,1481456,1
CP048241.1,1482808,1
CP048241.1,1482815,1
CP048241.1,1482873,1
CP048241.1,1482931,1
CP048241.1,1482966,1
CP048241.1,1482973,1
CP048241.1,1483041,3
CP048241.1,1483048,1
CP048241.1,1483205,1
CP048241.1,1485277,2
CP048241.1,1492400,1
CP048241.1,1492415,1
CP048241.1,1492440,1
CP048241.1,1494950,1
CP048241.1,1497358,1
CP048241.1,1497825,2
CP048241.1,1497867,2
CP048241.1,1497975,1
CP048241.1,1498079,1
CP048241.1,1498108,1
CP048241.1,1504731,1
CP048241.1,1504998,1
CP048241.1,1515587,1
CP048241.1,1515665,2
CP048241.1,1515672,1
CP048241.1,1517046,2
CP048241.1,1522743,1
CP048241.1,1522790,1
CP048241.1,1523379,1
CP048241.1,1529073,1
CP048241.1,1536061,1
CP048241.1,1536352,1
CP048241.1,1536599,1
CP048241.1,1536611,1
CP048241.1,1536626,1
CP048241.1,1544698,1
CP048241.1,1544798,1
CP048241.1,1545076,2
CP048241.1,1545209,1
CP048241.1,1546809,1
CP048241.1,1549826,1
CP048241.1,1554278,1
CP048241.1,1554753,1
CP048241.1,1554807,1
CP048241.1,1559435,2
CP048241.1,1560359,2
CP048241.1,1560981,1
CP048241.1,1560993,1
CP048241.1,1563690,1
CP048241.1,1570235,1
CP048241.1,1570914,1
CP048241.1,1571250,1
CP048241.1,1572660,1
CP048241.1,1574742,1
CP048241.1,1578413,1
CP048241.1,1581641,1
CP048241.1,1600048,1
CP048241.1,1607446,1
CP048241.1,1607453,1
CP048241.1,1610373,2
CP048241.1,1610848,1
CP048241.1,1620376,1
CP048241.1,1620930,2
CP048241.1,1621193,1
CP048241.1,1621345,1
CP048241.1,1637253,1
CP048241.1,1645792,1
CP048241.1,1648303,1
CP048241.1,1653617,2
CP048241.1,1654468,1
CP048241.1,1662980,1
CP048241.1,1673730,1
CP048241.1,1677186,1
CP048241.1,1683288,1
CP048241.1,1684743,1
CP048241.1,1693372,1
CP048241.1,1713821,1
CP048241.1,1713832,1
CP048241.1,1718397,1
CP048241.1,1718399,1
CP048241.1,1721784,1
CP048241.1,1723189,1
CP048241.1,1723204,1
CP048241.1,1727877,1
CP048241.1,1733744,1
CP048241.1,1734125,1
CP048241.1,1735894,1
CP048241.1,1737157,2
CP048241.1,1737291,1
CP048241.1,1739132,1
CP048241.1,1756378,2
CP048241.1,1756385,1
CP048241.1,1761739,1
CP048241.1,1762659,1
CP048241.1,1767340,1
CP048241.1,1767575,1
CP048241.1,1778531,1
CP048241.1,1778538,1
CP048241.1,1778942,1
CP048241.1,1779259,1
CP048241.1,1780663,1
CP048241.1,1782929,1
CP048241.1,1786139,1
CP048241.1,1794915,1
CP048241.1,1794952,1
CP048241.1,1794959,1
CP048241.1,1795228,1
CP048241.1,1798490,1
CP048241.1,1798509,1
CP048241.1,1800481,1
CP048241.1,1802780,1
CP048241.1,1802787,1
CP048241.1,1811902,1
CP048241.1,1812597,1
CP048241.1,1812615,1
CP048241.1,1831072,1
CP048241.1,1831523,1
CP048241.1,1838481,1
CP048241.1,1842266,1
CP048242.1,29618,2
CP048242.1,34341,1
CP048242.1,34615,1
CP048242.1,36281,1
CP048242.1,36295,1
CP048242.1,47642,1
CP048242.1,50351,1
CP048242.1,56441,1
CP048242.1,57107,2
CP048242.1,57114,1
CP048242.1,57382,1
CP048242.1,58474,1
CP048242.1,61752,1
CP048242.1,62353,1
CP048242.1,64552,1
CP048242.1,65666,1
CP048242.1,74292,1
CP048242.1,77358,1
CP048242.1,78056,1
CP048242.1,78340,1
CP048242.1,78411,2
CP048242.1,78414,1
CP048242.1,78803,1
CP048242.1,90488,1
CP048242.1,98738,4
CP048242.1,98787,1
CP048242.1,98835,1
CP048242.1,100965,1
CP048242.1,101379,1
CP048242.1,101594,1
CP048242.1,107143,1
CP048242.1,107402,1
CP048242.1,107970,1
CP048242.1,108096,1
CP048242.1,108555,1
CP048242.1,124876,1
CP048242.1,125014,2
CP048242.1,125123,1
CP048242.1,125470,1
CP048242.1,130255,2
CP048242.1,135866,1
CP048242.1,136895,1
CP048242.1,136900,1
CP048242.1,138294,1
CP048242.1,158380,1
CP048242.1,160796,2
CP048242.1,161025,1
CP048242.1,161730,1
CP048242.1,175698,1
CP048242.1,176249,1
CP048242.1,177688,1
CP048242.1,177697,1
CP048242.1,178458,1
CP048242.1,185969,1
CP048242.1,186218,1
CP048242.1,187436,1
CP048242.1,192208,2
CP048242.1,192372,4
CP048242.1,192519,1
CP048242.1,192605,1
CP048242.1,202278,2
CP048242.1,202754,1
CP048242.1,203589,3
CP048242.1,225465,1
CP048242.1,234939,1
CP048242.1,235426,1
CP048242.1,238526,1
CP048242.1,249918,3
CP048242.1,250508,1
CP048242.1,254298,1
CP048242.1,266370,1
CP048242.1,268533,1
CP048242.1,269511,1
CP048242.1,269575,1
CP048242.1,269748,1
CP048242.1,270430,1
CP048242.1,274412,1
CP048242.1,274419,1
CP048242.1,274519,1
CP048242.1,280428,1
CP048242.1,288529,1
CP048242.1,295648,1
CP048242.1,295762,1
CP048242.1,295969,1
CP048242.1,301156,1
CP048242.1,302217,1
CP048242.1,311189,4
CP048242.1,311196,3
CP048242.1,311204,1
CP048242.1,311292,1
CP048242.1,311359,1
CP048242.1,315094,2
CP048242.1,324987,1
CP048242.1,328783,1
CP048242.1,331499,1
CP048242.1,331537,2
CP048242.1,331589,1
CP048242.1,332526,1
CP048242.1,332573,1
CP048242.1,332580,1
CP048242.1,339686,1
CP048242.1,344034,1
CP048242.1,354922,1
CP048242.1,355047,1
CP048242.1,355054,2
CP048242.1,358148,1
CP048242.1,366889,1
CP048242.1,366896,1
CP048242.1,375284,1
CP048242.1,380097,1
CP048242.1,380151,2
CP048242.1,385309,1
CP048242.1,395271,1
CP048242.1,397633,1
CP048242.1,397730,1
CP048242.1,398234,1
CP048242.1,399388,1
CP048242.1,402365,2
CP048242.1,404272,1
CP048242.1,404451,1
CP048242.1,404456,2
CP048242.1,417476,1
CP048242.1,419994,1
CP048242.1,437477,1
CP048242.1,441788,1
CP048242.1,445234,1
CP048242.1,445313,1
CP048242.1,445368,1
CP048242.1,461497,1
CP048242.1,464035,1
CP048242.1,464303,1
CP048242.1,464314,1
CP048242.1,467775,1
CP048242.1,472358,1
CP048242.1,473359,1
CP048242.1,473362,1
CP048242.1,473486,2
CP048242.1,473493,3
CP048242.1,473529,1
CP048242.1,473531,1
CP048242.1,473708,1
CP048242.1,473825,1
CP048242.1,476063,1
CP048242.1,483009,1
CP048242.1,492432,1
CP048242.1,504771,1
CP048242.1,531583,2
CP048242.1,540046,1
CP048242.1,540131,1
CP048242.1,540170,1
CP048242.1,540205,2
CP048242.1,540289,1
CP048242.1,542713,1
CP048242.1,548444,1
CP048242.1,575078,1
CP048242.1,576494,1
CP048242.1,581353,1
CP048242.1,584333,1
CP048242.1,585381,2
CP048242.1,589105,1
CP048242.1,589281,1
CP048242.1,603333,1
CP048242.1,603797,1
CP048242.1,607095,1
CP048242.1,607542,2
CP048242.1,612458,1
CP048242.1,613486,1
CP048242.1,615671,1
CP048242.1,619479,1
CP048242.1,622395,1
CP048242.1,622956,1
CP048242.1,623941,2
CP048242.1,627899,1
CP048242.1,634995,1
CP048242.1,651529,1
CP048242.1,665156,1
CP048242.1,668429,2
CP048242.1,668555,1
CP048242.1,668570,1
CP048242.1,668646,1
CP048242.1,668652,1
CP048242.1,668768,1
CP048242.1,668796,1
CP048242.1,678561,1
CP048242.1,680094,1
CP048242.1,680804,1
CP048242.1,680928,1
CP048242.1,680989,1
CP048242.1,685649,1
CP048242.1,694144,1
CP048242.1,711988,1
CP048242.1,722045,1
CP048242.1,724528,2
CP048242.1,725384,1
CP048242.1,731488,1
CP048242.1,732430,1
CP048242.1,732656,1
CP048242.1,733119,1
CP048242.1,733136,1
CP048242.1,735193,1
CP048242.1,741954,1
CP048242.1,746797,1
CP048242.1,747279,1
CP048242.1,747405,1
CP048242.1,747437,1
CP048242.1,749093,1
CP048242.1,749311,1
CP048242.1,751580,3
CP048242.1,755529,1
CP048242.1,755690,1
CP048242.1,756098,1
CP048242.1,756117,1
CP048242.1,756188,2
CP048242.1,756323,1
CP048242.1,760384,2
CP048242.1,764828,1
CP048242.1,765261,1
CP048242.1,772080,1
CP048242.1,772178,2
CP048242.1,772934,1
CP048242.1,786551,1
CP048242.1,790027,1
CP048242.1,792764,1
CP048242.1,792869,1
CP048242.1,793711,1
CP048242.1,795324,1
CP048242.1,800928,1
CP048242.1,801546,1
CP048242.1,803288,10
CP048242.1,803343,1
CP048242.1,803634,1
CP048242.1,815156,1
CP048242.1,817989,1
CP048242.1,817996,1
CP048242.1,822552,1
CP048242.1,829656,1
CP048242.1,844578,1
CP048242.1,845976,1
CP048242.1,847696,1
CP048242.1,854788,2
CP048242.1,854909,1
CP048242.1,856507,5
CP048242.1,856721,2
CP048242.1,856769,1
CP048242.1,860063,1
CP048242.1,860733,1
CP048242.1,860775,1
CP048242.1,860781,1
CP048242.1,860922,1
CP048242.1,861045,3
CP048242.1,861061,2
CP048242.1,861625,1
CP048242.1,861862,1
CP048242.1,862219,2
CP048242.1,862444,1
CP048242.1,862451,1
CP048242.1,862455,1
CP048242.1,862506,1
CP048242.1,862512,1
CP048242.1,862513,1
CP048242.1,862859,3
CP048242.1,863984,1
CP048242.1,864467,3
CP048242.1,864598,1
CP048242.1,868664,1
CP048242.1,871495,1
CP048242.1,875118,1
CP048242.1,879084,1
CP048242.1,881640,1
CP048242.1,881906,1
CP048242.1,882959,1
CP048242.1,883258,1
CP048242.1,883792,1
CP048242.1,884323,1
CP048242.1,885116,1
CP048242.1,886498,1
CP048242.1,887353,2
CP048242.1,888300,2
CP048242.1,892985,1
CP048242.1,895101,1
CP048242.1,899352,1
CP048242.1,899437,2
CP048242.1,899477,2
CP048242.1,905570,1
CP048242.1,907149,1
CP048242.1,907175,1
CP048242.1,918232,1
CP048242.1,918272,1
CP048242.1,918483,1
CP048242.1,918756,1
CP048242.1,918929,1
CP048242.1,930570,1
CP048242.1,931311,1
CP048242.1,934258,1
CP048242.1,934425,1
CP048242.1,934442,1
CP048242.1,934835,2
CP048242.1,945909,1
CP048242.1,950745,1
CP048242.1,950756,1
CP048242.1,950777,1
CP048242.1,950799,1
CP048242.1,950822,1
CP048242.1,955810,4
CP048242.1,964135,1
CP048242.1,965105,1
CP048242.1,966896,1
CP048242.1,967032,1
CP048242.1,967483,1
CP048242.1,968683,1
CP048242.1,971766,1
CP048242.1,971869,1
CP048242.1,972909,1
CP048242.1,973299,2
CP048242.1,975535,1
CP048242.1,980176,1
CP048242.1,986515,1
CP048242.1,989785,1
CP048242.1,992278,1
CP048242.1,993033,1
CP048242.1,993057,1
CP048242.1,993064,1
CP048242.1,993295,1
CP048242.1,995414,2
CP048242.1,995579,1
CP048242.1,995583,7
CP048242.1,995586,2
CP048242.1,995590,26
CP048242.1,995664,2
CP048242.1,997254,1
CP048242.1,997463,1
CP048242.1,997573,2
CP048242.1,997925,1
CP048242.1,998030,1
CP048242.1,998043,7
CP048242.1,998251,1
CP048242.1,998683,2
CP048242.1,998840,2
CP048242.1,998854,1
CP048242.1,999192,2
CP048242.1,999943,3
CP048242.1,1000105,1
CP048242.1,1000759,1
CP048242.1,1000977,1
CP048242.1,1000989,1
CP048242.1,1001362,1
CP048242.1,1001408,1
CP048242.1,1001615,2
CP048242.1,1002085,2
CP048242.1,1002092,1
CP048242.1,1002806,1
CP048242.1,1003783,1
CP048242.1,1003796,3
CP048242.1,1003880,1
CP048242.1,1004188,2
CP048242.1,1004200,2
CP048242.1,1004241,1
CP048242.1,1004287,1
CP048242.1,1004304,2
CP048242.1,1004315,2
CP048242.1,1004328,1
CP048242.1,1004448,2
CP048242.1,1004870,1
CP048242.1,1005080,1
CP048242.1,1005099,1
CP048242.1,1005217,1
CP048242.1,1005835,1
CP048242.1,1006184,1
CP048242.1,1007093,1
CP048242.1,1010503,2
CP048242.1,1010875,1
CP048242.1,1012472,1
CP048242.1,1012554,3
CP048242.1,1012683,1
CP048242.1,1012690,1
CP048242.1,1012926,1
CP048242.1,1013145,1
CP048242.1,1022685,1
CP048242.1,1024230,2
CP048242.1,1027672,1
CP048242.1,1031401,1
CP048242.1,1032393,1
CP048242.1,1032494,1
CP048242.1,1032742,1
CP048242.1,1032751,1
CP048242.1,1036278,1
CP048242.1,1037923,1
CP048242.1,1037982,1
CP048242.1,1039873,1
CP048242.1,1039889,1
CP048242.1,1039896,1
CP048242.1,1043123,1
CP048242.1,1045026,1
CP048242.1,1047021,1
CP048242.1,1048548,1
CP048242.1,1050467,1
CP048242.1,1050495,1
CP048242.1,1051830,1
CP048242.1,1053158,1
CP048242.1,1054073,1
CP048242.1,1054080,1
CP048242.1,1054172,1
CP048242.1,1054272,1
CP048242.1,1054288,1
CP048242.1,1054313,1
CP048242.1,1054320,1
CP048242.1,1054371,2
CP048242.1,1054411,2
CP048242.1,1054427,2
CP048242.1,1054433,1
CP048242.1,1054526,1
CP048242.1,1054583,1
CP048242.1,1054674,1
CP048242.1,1054675,1
CP048242.1,1054681,1
CP048242.1,1054702,1
CP048242.1,1054720,3
CP048242.1,1054749,1
CP048242.1,1054756,3
CP048242.1,1054757,2
CP048242.1,1054766,1
CP048242.1,1054816,1
CP048242.1,1054839,1
CP048242.1,1055053,1
CP048242.1,1055163,1
CP048242.1,1055387,1
CP048242.1,1057712,1
CP048242.1,1057741,2
CP048242.1,1057748,1
CP048242.1,1057952,1
CP048242.1,1057984,1
CP048242.1,1059128,1
CP048242.1,1059814,1
CP048242.1,1059899,2
CP048242.1,1059954,1
CP048242.1,1060033,1
CP048242.1,1060219,1
CP048242.1,1060272,1
CP048242.1,1060279,3
CP048242.1,1060930,1
CP048242.1,1068941,1
CP048242.1,1069011,1
CP048242.1,1069116,1
CP048242.1,1070268,1
CP048242.1,1071927,1
CP048242.1,1073682,1
CP048242.1,1074018,1
CP048242.1,1077394,1
CP048242.1,1077412,1
CP048242.1,1089189,2
CP048242.1,1089399,2
CP048242.1,1089720,2
CP048242.1,1089741,1
CP048242.1,1089750,1
CP048242.1,1089915,1
CP048242.1,1090128,7
CP048242.1,1090219,1
CP048242.1,1090223,1
CP048242.1,1090227,1
CP048242.1,1090229,1
CP048242.1,1090248,3
CP048242.1,1090271,1
CP048242.1,1090277,1
CP048242.1,1090278,1
CP048242.1,1090298,1
CP048242.1,1090315,1
CP048242.1,1093478,1
CP048242.1,1096934,1
CP048242.1,1098861,1
CP048242.1,1099069,1
CP048242.1,1102321,1
CP048242.1,1103030,1
CP048242.1,1103184,1
CP048242.1,1103235,1
CP048242.1,1103255,1
CP048242.1,1103257,1
CP048242.1,1103649,2
CP048242.1,1103733,1
CP048242.1,1103740,1
CP048242.1,1105312,1
CP048242.1,1114765,1
CP048242.1,1115684,1
CP048242.1,1115870,1
CP048242.1,1117030,1
CP048242.1,1131275,1
CP048242.1,1134220,1
CP048242.1,1135501,1
CP048242.1,1136836,1
CP048242.1,1136839,1
CP048242.1,1138954,1
CP048242.1,1138963,1
CP048242.1,1146980,1
CP048242.1,1151538,1
CP048242.1,1170091,1
CP048242.1,1170245,1
CP048242.1,1171931,1
CP048242.1,1172951,1
CP048242.1,1173566,1
CP048242.1,1173649,1
CP048242.1,1173656,2
CP048242.1,1173694,2
CP048242.1,1173701,2
CP048242.1,1174222,1
CP048242.1,1174239,1
CP048242.1,1175941,2
CP048242.1,1176401,1
CP048242.1,1176676,1
CP048242.1,1176831,1
CP048242.1,1177069,2
CP048242.1,1181616,1
CP048242.1,1188139,1
CP048242.1,1188149,1
CP048242.1,1188205,1
CP048242.1,1188206,1
CP048242.1,1193346,1
CP048242.1,1194303,1
CP048242.1,1194639,1
CP048242.1,1201926,1
CP048242.1,1203045,1
CP048242.1,1205870,1
CP048242.1,1205986,1
CP048242.1,1206051,1
CP048242.1,1206058,1
CP048242.1,1206774,2
CP048242.1,1207862,1
CP048242.1,1208113,1
CP048242.1,1208301,1
CP048242.1,1208377,2
CP048242.1,1208425,1
CP048242.1,1208460,1
CP048242.1,1208619,1
CP048242.1,1208699,1
CP048242.1,1208789,1
CP048242.1,1209150,1
CP048242.1,1215085,1
CP048242.1,1216554,2
CP048242.1,1228019,1
CP048242.1,1228029,1
CP048242.1,1228099,1
CP048242.1,1242103,1
CP048242.1,1244418,1
CP048242.1,1244604,4
CP048242.1,1245769,2
CP048242.1,1248289,1
CP048242.1,1248489,1
CP048242.1,1249465,3
CP048242.1,1249472,1
CP048242.1,1250527,1
CP048242.1,1252278,2
CP048242.1,1255155,1
CP048242.1,1255340,1
CP048242.1,1255370,1
CP048242.1,1259910,1
CP048242.1,1262965,1
CP048242.1,1263574,2
CP048242.1,1263581,3
CP048242.1,1267987,1
CP048242.1,1270128,3
CP048242.1,1275406,1
CP048242.1,1275515,1
CP048242.1,1281178,1
CP048242.1,1281306,1
CP048242.1,1291228,1
CP048242.1,1294825,1
CP048242.1,1294831,1
CP048242.1,1306043,2
CP048242.1,1306179,5
CP048242.1,1306206,1
CP048242.1,1306241,1
CP048242.1,1306288,1
CP048242.1,1306419,2
CP048242.1,1306789,1
CP048242.1,1306846,1
CP048242.1,1306853,1
CP048242.1,1306923,1
CP048242.1,1306940,1
CP048242.1,1306947,1
CP048242.1,1306976,1
CP048242.1,1307325,1
CP048242.1,1307419,1
CP048242.1,1307734,1
CP048242.1,1307769,1
CP048242.1,1307795,1
CP048242.1,1307883,1
CP048242.1,1307890,1
CP048242.1,1307924,1
CP048242.1,1308067,1
CP048242.1,1313547,2
CP048242.1,1313652,1
CP048242.1,1313660,1
CP048242.1,1317680,1
CP048242.1,1317743,2
CP048242.1,1317769,1
CP048242.1,1318621,1
CP048242.1,1319464,1
CP048242.1,1319635,1
CP048242.1,1320343,1
CP048242.1,1323875,1
CP048242.1,1339141,1
CP048242.1,1342511,1
CP048242.1,1344505,1
CP048242.1,1350110,1
CP048242.1,1355806,1
CP048242.1,1356408,1
CP048242.1,1358818,2
CP048242.1,1358820,1
CP048242.1,1358854,1
CP048242.1,1361987,1
CP048242.1,1361994,1
CP048242.1,1362124,1
CP048242.1,1362199,1
CP048242.1,1363522,1
CP048242.1,1368755,1
CP048242.1,1368759,1
CP048242.1,1368944,1
CP048242.1,1376373,1
CP048242.1,1383259,1
CP048242.1,1388957,2
CP048242.1,1399193,1
CP048242.1,1403243,1
CP048242.1,1403250,2
CP048242.1,1403379,1
CP048242.1,1403386,1
CP048242.1,1404494,1
CP048242.1,1408500,2
