Chromosome,Position,Reads
CP048230.1,1774,845
CP048230.1,21047,43
CP048230.1,39101,1
CP048230.1,39235,188
CP048230.1,39248,7
CP048230.1,39272,1452
CP048230.1,39279,604
CP048230.1,39283,4
CP048230.1,39290,423
CP048230.1,39659,55
CP048230.1,39666,1
CP048230.1,40625,61
CP048230.1,43314,23
CP048230.1,43493,72
CP048230.1,44723,22
CP048230.1,44732,203
CP048230.1,47477,771
CP048230.1,47550,1
CP048230.1,47789,141
CP048230.1,49192,685
CP048230.1,49332,1
CP048230.1,49339,314
CP048230.1,50510,828
CP048230.1,50915,229
CP048230.1,51121,620
CP048230.1,51160,1
CP048230.1,51236,85
CP048230.1,51243,950
CP048230.1,51519,4
CP048230.1,51535,1
CP048230.1,51553,459
CP048230.1,51624,253
CP048230.1,51625,1150
CP048230.1,51700,1
CP048230.1,51757,376
CP048230.1,51764,1303
CP048230.1,52037,934
CP048230.1,52074,788
CP048230.1,52270,18
CP048230.1,53930,68
CP048230.1,55184,45
CP048230.1,55213,64
CP048230.1,55280,466
CP048230.1,55281,1
CP048230.1,55377,159
CP048230.1,57138,1070
CP048230.1,57172,362
CP048230.1,58940,188
CP048230.1,58956,576
CP048230.1,58996,54
CP048230.1,59007,83
CP048230.1,59129,128
CP048230.1,59496,14
CP048230.1,59624,793
CP048230.1,60428,412
CP048230.1,60475,19
CP048230.1,60927,357
CP048230.1,60988,2
CP048230.1,61053,147
CP048230.1,61060,244
CP048230.1,61088,152
CP048230.1,61113,237
CP048230.1,61117,82
CP048230.1,61119,77
CP048230.1,61121,24
CP048230.1,61151,142
CP048230.1,61242,24
CP048230.1,61361,27
CP048230.1,61469,2
CP048230.1,61475,251
CP048230.1,61536,198
CP048230.1,61612,213
CP048230.1,61614,1143
CP048230.1,61621,1387
CP048230.1,61641,269
CP048230.1,61690,48
CP048230.1,61699,667
CP048230.1,61721,14
CP048230.1,61819,135
CP048230.1,62090,410
CP048230.1,65613,121
CP048230.1,67279,45
CP048230.1,67972,8
CP048230.1,68950,1
CP048230.1,68951,943
CP048230.1,68963,314
CP048230.1,69066,219
CP048230.1,69073,77
CP048230.1,69449,325
CP048230.1,72666,158
CP048230.1,72675,1
CP048230.1,72734,4
CP048230.1,72823,634
CP048230.1,73089,1
CP048230.1,73096,750
CP048230.1,73098,1775
CP048230.1,73103,1
CP048230.1,73108,1397
CP048230.1,73117,2
CP048230.1,73148,50
CP048230.1,73155,2
CP048230.1,73162,1637
CP048230.1,73164,1
CP048230.1,73224,3
CP048230.1,73246,719
CP048230.1,73381,2951
CP048230.1,73429,1
CP048230.1,73434,500
CP048230.1,73436,39
CP048230.1,73750,481
CP048230.1,73780,4715
CP048230.1,74087,108
CP048230.1,74736,965
CP048230.1,75810,606
CP048230.1,76661,198
CP048230.1,76803,1
CP048230.1,77696,151
CP048230.1,77840,222
CP048230.1,77995,717
CP048230.1,78016,224
CP048230.1,78023,158
CP048230.1,78071,1064
CP048230.1,78094,900
CP048230.1,78225,610
CP048230.1,78347,1092
CP048230.1,78361,10
CP048230.1,78387,314
CP048230.1,78415,50
CP048230.1,78422,70
CP048230.1,78438,1475
CP048230.1,78445,1359
CP048230.1,78519,717
CP048230.1,78522,1194
CP048230.1,78524,241
CP048230.1,78621,189
CP048230.1,78629,1055
CP048230.1,78652,4
CP048230.1,78706,70
CP048230.1,78756,561
CP048230.1,78761,696
CP048230.1,78830,5
CP048230.1,78856,5
CP048230.1,78860,14
CP048230.1,78915,134
CP048230.1,79000,47
CP048230.1,79004,711
CP048230.1,79038,410
CP048230.1,79116,197
CP048230.1,79224,9
CP048230.1,79230,1139
CP048230.1,79434,119
CP048230.1,79461,512
CP048230.1,79511,236
CP048230.1,79578,279
CP048230.1,79585,17
CP048230.1,79698,1
CP048230.1,79708,177
CP048230.1,79752,947
CP048230.1,79759,321
CP048230.1,81454,4
CP048230.1,81498,24
CP048230.1,84035,293
CP048230.1,84042,28
CP048230.1,84063,477
CP048230.1,84071,835
CP048230.1,84078,1995
CP048230.1,84203,571
CP048230.1,84272,1
CP048230.1,86029,1100
CP048230.1,86036,219
CP048230.1,86163,38
CP048230.1,86184,261
CP048230.1,86208,42
CP048230.1,86210,180
CP048230.1,86215,3
CP048230.1,86221,1
CP048230.1,86224,1
CP048230.1,86371,1
CP048230.1,86445,434
CP048230.1,86459,93
CP048230.1,86529,694
CP048230.1,86531,810
CP048230.1,87294,68
CP048230.1,87382,940
CP048230.1,87408,77
CP048230.1,87488,1
CP048230.1,87550,850
CP048230.1,87665,504
CP048230.1,88966,292
CP048230.1,90840,2
CP048230.1,90877,213
CP048230.1,91159,100
CP048230.1,91208,103
CP048230.1,92897,478
CP048230.1,92918,304
CP048230.1,92985,885
CP048230.1,93033,910
CP048230.1,93040,8
CP048230.1,93047,506
CP048230.1,93080,7
CP048230.1,93087,18
CP048230.1,93148,27
CP048230.1,93198,8
CP048230.1,93369,458
CP048230.1,93566,106
CP048230.1,93584,36
CP048230.1,94449,35
CP048230.1,94563,402
CP048230.1,94663,56
CP048230.1,94882,4
CP048230.1,94899,20
CP048230.1,94918,93
CP048230.1,94923,659
CP048230.1,95025,571
CP048230.1,95032,326
CP048230.1,95052,36
CP048230.1,95113,405
CP048230.1,95119,493
CP048230.1,95133,141
CP048230.1,95185,20
CP048230.1,95259,18
CP048230.1,95307,1470
CP048230.1,95462,42
CP048230.1,96024,482
CP048230.1,96376,530
CP048230.1,96432,6
CP048230.1,96536,828
CP048230.1,96632,1
CP048230.1,96679,52
CP048230.1,96686,208
CP048230.1,97027,563
CP048230.1,97031,26
CP048230.1,97041,990
CP048230.1,97104,2
CP048230.1,97260,1
CP048230.1,97271,1
CP048230.1,97544,62
CP048230.1,97576,304
CP048230.1,97583,1243
CP048230.1,97868,405
CP048230.1,98059,599
CP048230.1,98066,148
CP048230.1,98127,37
CP048230.1,98134,934
CP048230.1,98248,100
CP048230.1,98308,516
CP048230.1,98356,323
CP048230.1,98363,24
CP048230.1,98395,474
CP048230.1,98407,543
CP048230.1,98414,1755
CP048230.1,98635,241
CP048230.1,98653,502
CP048230.1,98689,392
CP048230.1,98690,149
CP048230.1,99007,317
CP048230.1,99061,32
CP048230.1,99112,20
CP048230.1,99240,45
CP048230.1,99242,43
CP048230.1,99244,354
CP048230.1,99251,760
CP048230.1,99266,102
CP048230.1,99284,6
CP048230.1,99292,27
CP048230.1,99387,207
CP048230.1,99391,6
CP048230.1,99398,14
CP048230.1,99406,133
CP048230.1,99413,1
CP048230.1,99429,249
CP048230.1,99475,1
CP048230.1,99684,470
CP048230.1,99713,399
CP048230.1,99786,15
CP048230.1,99849,654
CP048230.1,99861,30
CP048230.1,99949,832
CP048230.1,100319,442
CP048230.1,100570,449
CP048230.1,100714,1
CP048230.1,100906,336
CP048230.1,100914,176
CP048230.1,101012,7
CP048230.1,101266,996
CP048230.1,101594,9
CP048230.1,101650,457
CP048230.1,102000,513
CP048230.1,102131,85
CP048230.1,102145,101
CP048230.1,102490,9
CP048230.1,102491,363
CP048230.1,106410,1
CP048230.1,106415,652
CP048230.1,106444,179
CP048230.1,106621,7
CP048230.1,107644,117
CP048230.1,107705,125
CP048230.1,107712,138
CP048230.1,108842,179
CP048230.1,108849,832
CP048230.1,108880,286
CP048230.1,108887,666
CP048230.1,109080,152
CP048230.1,110242,1
CP048230.1,110418,11
CP048230.1,113558,2
CP048230.1,114120,124
CP048230.1,114753,35
CP048230.1,115170,106
CP048230.1,117599,4
CP048230.1,117861,9
CP048230.1,119760,193
CP048230.1,120218,4
CP048230.1,120246,543
CP048230.1,120711,1023
CP048230.1,120753,1
CP048230.1,120902,23
CP048230.1,120916,447
CP048230.1,121018,43
CP048230.1,121026,47
CP048230.1,121028,829
CP048230.1,121030,132
CP048230.1,121033,320
CP048230.1,121035,1105
CP048230.1,121072,4
CP048230.1,122012,44
CP048230.1,122021,699
CP048230.1,122023,1309
CP048230.1,122118,64
CP048230.1,122130,50
CP048230.1,122185,1
CP048230.1,122229,197
CP048230.1,122437,876
CP048230.1,122439,293
CP048230.1,122452,3
CP048230.1,122595,11
CP048230.1,122617,423
CP048230.1,122694,457
CP048230.1,122697,1237
CP048230.1,122711,232
CP048230.1,122733,1667
CP048230.1,122789,9
CP048230.1,122807,151
CP048230.1,122814,248
CP048230.1,122822,756
CP048230.1,123119,197
CP048230.1,123143,1871
CP048230.1,123145,2212
CP048230.1,123152,6
CP048230.1,123161,1456
CP048230.1,123253,166
CP048230.1,123341,1
CP048230.1,123370,1737
CP048230.1,123375,1
CP048230.1,123377,269
CP048230.1,123386,132
CP048230.1,123407,36
CP048230.1,123422,1
CP048230.1,123426,1
CP048230.1,123431,626
CP048230.1,123441,925
CP048230.1,123448,370
CP048230.1,123450,817
CP048230.1,125284,668
CP048230.1,127530,759
CP048230.1,127544,644
CP048230.1,127585,171
CP048230.1,127603,208
CP048230.1,127608,319
CP048230.1,127615,1299
CP048230.1,127715,96
CP048230.1,127717,1
CP048230.1,127722,829
CP048230.1,127762,15
CP048230.1,127771,1
CP048230.1,127799,192
CP048230.1,127806,69
CP048230.1,127808,766
CP048230.1,127973,1939
CP048230.1,127986,8
CP048230.1,128042,207
CP048230.1,130621,11
CP048230.1,131580,499
CP048230.1,131887,592
CP048230.1,132115,1
CP048230.1,132245,339
CP048230.1,132252,868
CP048230.1,132273,45
CP048230.1,132280,983
CP048230.1,132281,336
CP048230.1,132295,134
CP048230.1,132329,156
CP048230.1,132357,492
CP048230.1,132361,486
CP048230.1,132375,109
CP048230.1,132382,248
CP048230.1,132401,1785
CP048230.1,132408,988
CP048230.1,132417,441
CP048230.1,132429,1464
CP048230.1,132480,1
CP048230.1,132487,306
CP048230.1,133074,1106
CP048230.1,133076,9
CP048230.1,133085,1
CP048230.1,133087,22
CP048230.1,133217,397
CP048230.1,133791,207
CP048230.1,137963,14
CP048230.1,140802,726
CP048230.1,140874,15
CP048230.1,140890,1366
CP048230.1,140918,1
CP048230.1,140944,1348
CP048230.1,141135,536
CP048230.1,141142,255
CP048230.1,141222,1
CP048230.1,141229,32
CP048230.1,141276,130
CP048230.1,141295,47
CP048230.1,141416,52
CP048230.1,141543,297
CP048230.1,141584,18
CP048230.1,141585,14
CP048230.1,141828,1
CP048230.1,141830,173
CP048230.1,141837,10
CP048230.1,141915,1
CP048230.1,142096,1
CP048230.1,142176,587
CP048230.1,142294,867
CP048230.1,142380,88
CP048230.1,142428,296
CP048230.1,142452,1042
CP048230.1,142600,695
CP048230.1,142811,27
CP048230.1,143298,38
CP048230.1,145013,350
CP048230.1,145052,499
CP048230.1,145171,5
CP048230.1,145185,179
CP048230.1,145211,1
CP048230.1,145542,228
CP048230.1,145603,92
CP048230.1,145709,74
CP048230.1,145782,1359
CP048230.1,145789,1045
CP048230.1,145847,782
CP048230.1,145871,698
CP048230.1,146109,52
CP048230.1,146154,625
CP048230.1,146328,370
CP048230.1,146505,212
CP048230.1,146599,54
CP048230.1,146606,1209
CP048230.1,146750,252
CP048230.1,146766,36
CP048230.1,146791,434
CP048230.1,147215,101
CP048230.1,149619,16
CP048230.1,150459,488
CP048230.1,150513,15
CP048230.1,150515,1421
CP048230.1,150722,6
CP048230.1,150740,70
CP048230.1,150750,178
CP048230.1,150780,1
CP048230.1,150795,118
CP048230.1,150819,468
CP048230.1,150928,241
CP048230.1,150933,12
CP048230.1,150986,1
CP048230.1,151146,226
CP048230.1,152344,249
CP048230.1,153317,72
CP048230.1,154849,19
CP048230.1,159117,27
CP048230.1,159987,1080
CP048230.1,160237,242
CP048230.1,160350,5
CP048230.1,161448,119
CP048230.1,161639,1
CP048230.1,162481,38
CP048230.1,164673,29
CP048230.1,168303,67
CP048230.1,168370,41
CP048230.1,168377,16
CP048230.1,168395,73
CP048230.1,168424,342
CP048230.1,170183,4
CP048230.1,170355,1
CP048230.1,170370,49
CP048230.1,170547,461
CP048230.1,170548,64
CP048230.1,173493,535
CP048230.1,173560,100
CP048230.1,173567,19
CP048230.1,173576,2
CP048230.1,173577,267
CP048230.1,173708,3
CP048230.1,174580,1
CP048230.1,176347,88
CP048230.1,176794,139
CP048230.1,176820,470
CP048230.1,179487,4
CP048230.1,179595,213
CP048230.1,179637,18
CP048230.1,179638,238
CP048230.1,179666,718
CP048230.1,180632,7
CP048230.1,180975,248
CP048230.1,181231,243
CP048230.1,181284,349
CP048230.1,181290,48
CP048230.1,181297,449
CP048230.1,181395,1
CP048230.1,181872,57
CP048230.1,181879,1216
CP048230.1,181911,583
CP048230.1,182051,12
CP048230.1,182058,1
CP048230.1,182134,772
CP048230.1,182415,3
CP048230.1,182606,141
CP048230.1,182755,33
CP048230.1,182762,37
CP048230.1,183372,168
CP048230.1,183391,1
CP048230.1,183409,1411
CP048230.1,183416,100
CP048230.1,183420,48
CP048230.1,183438,652
CP048230.1,183451,1216
CP048230.1,183484,1528
CP048230.1,183561,25
CP048230.1,183592,79
CP048230.1,183674,582
CP048230.1,183688,371
CP048230.1,183720,294
CP048230.1,183755,37
CP048230.1,183838,30
CP048230.1,183942,489
CP048230.1,183975,21
CP048230.1,184040,788
CP048230.1,184067,7
CP048230.1,184279,1
CP048230.1,184355,276
CP048230.1,184491,2
CP048230.1,185166,49
CP048230.1,185193,166
CP048230.1,185223,2
CP048230.1,185281,2
CP048230.1,185488,668
CP048230.1,185558,745
CP048230.1,185565,279
CP048230.1,185570,24
CP048230.1,185572,77
CP048230.1,185955,114
CP048230.1,188267,48
CP048230.1,188979,27
CP048230.1,189945,2
CP048230.1,190280,85
CP048230.1,190320,762
CP048230.1,190372,22
CP048230.1,190411,1
CP048230.1,190428,377
CP048230.1,190488,546
CP048230.1,190515,127
CP048230.1,191536,32
CP048230.1,191543,74
CP048230.1,191552,22
CP048230.1,191564,1
CP048230.1,191676,100
CP048230.1,191683,12
CP048230.1,191823,614
CP048230.1,193666,39
CP048230.1,195807,70
CP048230.1,195951,38
CP048230.1,196282,91
CP048230.1,196456,85
CP048230.1,198138,122
CP048230.1,198477,2
CP048230.1,198942,128
CP048230.1,198986,675
CP048230.1,199113,506
CP048230.1,199936,195
CP048230.1,200208,1
CP048230.1,200261,243
CP048230.1,200289,87
CP048230.1,200354,190
CP048230.1,200386,302
CP048230.1,200549,75
CP048230.1,200671,11
CP048230.1,201390,21
CP048230.1,202778,17
CP048230.1,202940,15
CP048230.1,203160,8
CP048230.1,203167,171
CP048230.1,203274,86
CP048230.1,203278,70
CP048230.1,203366,46
CP048230.1,204026,567
CP048230.1,204229,31
CP048230.1,204536,151
CP048230.1,204543,320
CP048230.1,207607,15
CP048230.1,207994,73
CP048230.1,208754,1
CP048230.1,212127,112
CP048230.1,212134,112
CP048230.1,212153,3
CP048230.1,215645,125
CP048230.1,227565,44
CP048230.1,229406,26
CP048230.1,231445,1
CP048230.1,231702,154
CP048230.1,232706,14
CP048230.1,232868,95
CP048230.1,235293,9
CP048230.1,235338,448
CP048230.1,235783,81
CP048230.1,235991,611
CP048230.1,235998,620
CP048230.1,236014,2600
CP048230.1,236096,46
CP048230.1,236266,105
CP048230.1,236275,79
CP048230.1,236333,2
CP048230.1,236387,129
CP048230.1,236459,366
CP048230.1,236599,345
CP048230.1,236606,6
CP048230.1,236635,189
CP048230.1,239238,455
CP048230.1,239439,54
CP048230.1,239446,49
CP048230.1,239479,47
CP048230.1,242154,98
CP048230.1,246067,354
CP048230.1,246647,58
CP048230.1,250232,215
CP048230.1,250538,126
CP048230.1,252622,198
CP048230.1,252627,343
CP048230.1,253018,421
CP048230.1,253025,58
CP048230.1,253181,4
CP048230.1,253884,30
CP048230.1,254625,163
CP048230.1,254711,17
CP048230.1,254812,132
CP048230.1,254895,481
CP048230.1,254902,5
CP048230.1,255652,661
CP048230.1,257257,1
CP048230.1,257432,41
CP048230.1,258944,16
CP048230.1,258966,13
CP048230.1,259017,189
CP048230.1,259049,1
CP048230.1,259149,10
CP048230.1,259203,638
CP048230.1,259806,729
CP048230.1,260027,119
CP048230.1,260034,72
CP048230.1,260124,412
CP048230.1,260131,530
CP048230.1,260133,91
CP048230.1,260149,448
CP048230.1,260151,578
CP048230.1,260332,1
CP048230.1,260580,1
CP048230.1,261155,8
CP048230.1,263916,1
CP048230.1,264140,34
CP048230.1,264217,34
CP048230.1,264274,1
CP048230.1,264280,71
CP048230.1,264301,15
CP048230.1,264308,327
CP048230.1,265112,162
CP048230.1,265114,31
CP048230.1,265243,345
CP048230.1,265379,1
CP048230.1,265447,496
CP048230.1,266459,178
CP048230.1,267219,11
CP048230.1,268375,288
CP048230.1,268574,1671
CP048230.1,268928,243
CP048230.1,269228,60
CP048230.1,270425,15
CP048230.1,270491,16
CP048230.1,270557,479
CP048230.1,270564,7
CP048230.1,270613,342
CP048230.1,270645,193
CP048230.1,270820,1
CP048230.1,271130,33
CP048230.1,271148,217
CP048230.1,273146,1
CP048230.1,273661,77
CP048230.1,273669,9
CP048230.1,273676,117
CP048230.1,273721,46
CP048230.1,273773,1
CP048230.1,276922,1078
CP048230.1,276927,9
CP048230.1,279140,554
CP048230.1,279150,284
CP048230.1,279152,226
CP048230.1,279157,2578
CP048230.1,279159,591
CP048230.1,279166,597
CP048230.1,279183,696
CP048230.1,279235,196
CP048230.1,279242,1223
CP048230.1,279337,13
CP048230.1,281193,1
CP048230.1,285363,404
CP048230.1,285426,101
CP048230.1,285445,470
CP048230.1,285452,415
CP048230.1,285486,34
CP048230.1,285592,148
CP048230.1,288190,1033
CP048230.1,288524,330
CP048230.1,291490,17
CP048230.1,291809,439
CP048230.1,291817,19
CP048230.1,291934,4
CP048230.1,292496,1284
CP048230.1,292953,606
CP048230.1,296647,243
CP048230.1,296654,1
CP048230.1,305261,1
CP048230.1,317227,111
CP048230.1,318879,22
CP048230.1,321120,414
CP048230.1,321127,682
CP048230.1,327079,10
CP048230.1,327631,1
CP048230.1,327822,47
CP048230.1,328396,279
CP048230.1,328465,1
CP048230.1,328712,1
CP048230.1,328728,680
CP048230.1,328750,346
CP048230.1,328924,1
CP048230.1,328944,221
CP048230.1,328968,22
CP048230.1,329018,220
CP048230.1,329025,48
CP048230.1,329063,66
CP048230.1,329115,557
CP048230.1,332030,642
CP048230.1,332038,457
CP048230.1,332073,10
CP048230.1,332281,622
CP048230.1,332332,206
CP048230.1,332440,29
CP048230.1,332447,779
CP048230.1,332456,84
CP048230.1,332463,460
CP048230.1,332465,12
CP048230.1,332470,812
CP048230.1,332472,468
CP048230.1,332479,793
CP048230.1,332609,7
CP048230.1,332619,147
CP048230.1,332650,2
CP048230.1,334133,1
CP048230.1,335287,15
CP048230.1,335477,82
CP048230.1,339668,117
CP048230.1,339762,1
CP048230.1,340131,214
CP048230.1,340355,197
CP048230.1,340593,11
CP048230.1,340595,37
CP048230.1,341981,871
CP048230.1,342004,1
CP048230.1,342345,23
CP048230.1,342513,18
CP048230.1,342600,193
CP048230.1,342965,53
CP048230.1,343444,380
CP048230.1,343451,442
CP048230.1,346246,1
CP048230.1,346510,1
CP048230.1,351063,518
CP048230.1,351065,396
CP048230.1,351072,320
CP048230.1,351273,1257
CP048230.1,351372,104
CP048230.1,351375,1
CP048230.1,351436,3
CP048230.1,351591,741
CP048230.1,351598,423
CP048230.1,353255,621
CP048230.1,353257,571
CP048230.1,353312,2
CP048230.1,353319,348
CP048230.1,355128,1
CP048230.1,355137,1
CP048230.1,355185,822
CP048230.1,355276,74
CP048230.1,355299,403
CP048230.1,355306,1379
CP048230.1,358704,59
CP048230.1,361766,21
CP048230.1,364658,12
CP048230.1,372207,397
CP048230.1,372331,136
CP048230.1,372338,453
CP048230.1,372909,614
CP048230.1,372911,254
CP048230.1,372916,293
CP048230.1,372983,33
CP048230.1,373078,544
CP048230.1,373122,345
CP048230.1,373124,645
CP048230.1,373195,433
CP048230.1,373290,313
CP048230.1,373335,35
CP048230.1,373337,12
CP048230.1,373344,25
CP048230.1,373421,218
CP048230.1,373541,299
CP048230.1,374805,16
CP048230.1,375079,3
CP048230.1,375413,15
CP048230.1,375415,150
CP048230.1,375460,63
CP048230.1,375601,14
CP048230.1,376381,37
CP048230.1,376439,148
CP048230.1,376469,11
CP048230.1,376514,635
CP048230.1,376534,162
CP048230.1,376567,564
CP048230.1,376768,415
CP048230.1,376776,105
CP048230.1,382483,285
CP048230.1,382750,824
CP048230.1,382963,222
CP048230.1,383006,594
CP048230.1,383808,218
CP048230.1,384517,397
CP048230.1,388079,22
CP048230.1,391827,142
CP048230.1,391873,134
CP048230.1,391922,34
CP048230.1,399483,171
CP048230.1,399642,44
CP048230.1,399649,189
CP048230.1,399694,300
CP048230.1,400243,33
CP048230.1,405328,55
CP048230.1,405506,7
CP048230.1,407586,504
CP048230.1,407588,99
CP048230.1,407591,10
CP048230.1,411518,2
CP048230.1,411520,933
CP048230.1,411527,759
CP048230.1,411567,101
CP048230.1,411608,1
CP048230.1,411615,589
CP048230.1,411653,332
CP048230.1,411664,1
CP048230.1,411666,888
CP048230.1,411734,228
CP048230.1,411742,1
CP048230.1,411771,66
CP048230.1,411778,790
CP048230.1,411835,668
CP048230.1,411842,665
CP048230.1,414043,35
CP048230.1,418933,14
CP048230.1,419202,4
CP048230.1,422653,105
CP048230.1,422687,921
CP048230.1,422936,269
CP048230.1,423032,37
CP048230.1,423975,1
CP048230.1,424165,23
CP048230.1,424502,351
CP048230.1,424555,2039
CP048230.1,424562,6
CP048230.1,425574,78
CP048230.1,425591,44
CP048230.1,430590,20
CP048230.1,430615,86
CP048230.1,430837,17
CP048230.1,430844,596
CP048230.1,430920,51
CP048230.1,430968,20
CP048230.1,431395,106
CP048230.1,431702,391
CP048230.1,431804,215
CP048230.1,431843,154
CP048230.1,434726,92
CP048230.1,434733,358
CP048230.1,434744,457
CP048230.1,439540,404
CP048230.1,439547,1309
CP048230.1,439578,659
CP048230.1,439594,417
CP048230.1,439621,1
CP048230.1,439799,31
CP048230.1,439803,152
CP048230.1,439974,887
CP048230.1,440018,821
CP048230.1,440382,186
CP048230.1,440639,596
CP048230.1,443149,12
CP048230.1,443483,1229
CP048230.1,443514,691
CP048230.1,443608,5
CP048230.1,443668,972
CP048230.1,443675,1566
CP048230.1,443677,1
CP048230.1,443682,282
CP048230.1,443787,1032
CP048230.1,443795,1
CP048230.1,443817,290
CP048230.1,443929,419
CP048230.1,443943,634
CP048230.1,443953,737
CP048230.1,443963,270
CP048230.1,443974,119
CP048230.1,444006,701
CP048230.1,444116,524
CP048230.1,444135,688
CP048230.1,446364,464
CP048230.1,447027,184
CP048230.1,447077,7
CP048230.1,447971,14
CP048230.1,447975,13
CP048230.1,447978,437
CP048230.1,448432,303
CP048230.1,450971,255
CP048230.1,450975,10
CP048230.1,456110,17
CP048230.1,456234,12
CP048230.1,456436,132
CP048230.1,456550,102
CP048230.1,460685,171
CP048230.1,460740,74
CP048230.1,460801,389
CP048230.1,460817,8
CP048230.1,460824,843
CP048230.1,463112,193
CP048230.1,463440,227
CP048230.1,463695,144
CP048230.1,468997,50
CP048230.1,469005,356
CP048230.1,469039,109
CP048230.1,470684,163
CP048230.1,471008,310
CP048230.1,471088,7
CP048230.1,474387,234
CP048230.1,474389,328
CP048230.1,474665,87
CP048230.1,475839,1
CP048230.1,476336,1
CP048230.1,476354,55
CP048230.1,476435,57
CP048230.1,476446,40
CP048230.1,476528,84
CP048230.1,476530,56
CP048230.1,476532,65
CP048230.1,476535,1321
CP048230.1,476576,202
CP048230.1,476637,85
CP048230.1,476652,617
CP048230.1,477413,68
CP048230.1,478993,93
CP048230.1,478994,39
CP048230.1,479009,291
CP048230.1,479016,39
CP048230.1,479212,20
CP048230.1,479240,40
CP048230.1,481751,6
CP048230.1,481794,167
CP048230.1,481808,121
CP048230.1,481810,405
CP048230.1,481817,53
CP048230.1,482023,656
CP048230.1,482294,120
CP048230.1,484419,17
CP048230.1,484471,493
CP048230.1,487695,255
CP048230.1,487797,203
CP048230.1,488285,730
CP048230.1,488473,579
CP048230.1,488876,683
CP048230.1,488940,677
CP048230.1,497251,132
CP048230.1,499299,1
CP048230.1,499599,2
CP048230.1,500199,1
CP048230.1,507757,10
CP048230.1,508489,91
CP048231.1,3580,15
CP048231.1,15303,308
CP048231.1,17163,502
CP048231.1,17188,49
CP048231.1,17915,137
CP048231.1,18407,471
CP048231.1,18436,88
CP048231.1,18508,90
CP048231.1,18655,2
CP048231.1,18666,19
CP048231.1,26267,21
CP048231.1,26878,3
CP048231.1,27870,59
CP048231.1,27871,295
CP048231.1,28169,27
CP048231.1,29891,4
CP048231.1,31252,473
CP048231.1,31913,1
CP048231.1,31936,165
CP048231.1,31981,519
CP048231.1,31988,405
CP048231.1,32104,342
CP048231.1,32283,1343
CP048231.1,32290,2
CP048231.1,32365,2246
CP048231.1,32372,75
CP048231.1,32491,6
CP048231.1,32701,32
CP048231.1,32754,1
CP048231.1,32763,22
CP048231.1,32794,454
CP048231.1,32810,828
CP048231.1,37210,45
CP048231.1,37233,75
CP048231.1,37755,6
CP048231.1,38593,25
CP048231.1,42968,91
CP048231.1,42975,433
CP048231.1,42977,27
CP048231.1,43063,153
CP048231.1,43200,1
CP048231.1,43381,31
CP048231.1,43410,21
CP048231.1,43837,248
CP048231.1,45863,475
CP048231.1,47285,1
CP048231.1,49092,375
CP048231.1,49196,67
CP048231.1,49300,18
CP048231.1,49310,1
CP048231.1,51274,635
CP048231.1,51330,478
CP048231.1,51368,42
CP048231.1,51375,66
CP048231.1,51532,1
CP048231.1,52016,698
CP048231.1,52345,194
CP048231.1,52369,137
CP048231.1,53049,763
CP048231.1,53377,470
CP048231.1,53384,156
CP048231.1,53434,198
CP048231.1,53832,478
CP048231.1,53839,444
CP048231.1,53891,20
CP048231.1,53900,126
CP048231.1,53927,98
CP048231.1,53955,62
CP048231.1,54082,548
CP048231.1,54830,260
CP048231.1,54838,195
CP048231.1,54938,476
CP048231.1,54973,836
CP048231.1,55006,32
CP048231.1,55111,1009
CP048231.1,55118,618
CP048231.1,55131,656
CP048231.1,64879,98
CP048231.1,64942,43
CP048231.1,65001,102
CP048231.1,65040,45
CP048231.1,65105,338
CP048231.1,65106,10
CP048231.1,65194,705
CP048231.1,65229,652
CP048231.1,65250,673
CP048231.1,65357,593
CP048231.1,65386,1
CP048231.1,65484,24
CP048231.1,65491,2233
CP048231.1,65519,1
CP048231.1,68063,25
CP048231.1,68070,7
CP048231.1,68117,321
CP048231.1,68128,1006
CP048231.1,68135,346
CP048231.1,71709,16
CP048231.1,75229,102
CP048231.1,75496,470
CP048231.1,75663,775
CP048231.1,75687,19
CP048231.1,75700,3
CP048231.1,75731,37
CP048231.1,75848,30
CP048231.1,75855,207
CP048231.1,75895,134
CP048231.1,75901,466
CP048231.1,75926,600
CP048231.1,75933,89
CP048231.1,75937,19
CP048231.1,78225,88
CP048231.1,78255,379
CP048231.1,78262,1
CP048231.1,78348,69
CP048231.1,81830,3
CP048231.1,83028,314
CP048231.1,83256,256
CP048231.1,83315,369
CP048231.1,83577,53
CP048231.1,83594,501
CP048231.1,83606,31
CP048231.1,83928,2
CP048231.1,84038,23
CP048231.1,84149,815
CP048231.1,85708,13
CP048231.1,88324,36
CP048231.1,88334,20
CP048231.1,89894,35
CP048231.1,89897,1
CP048231.1,90065,1
CP048231.1,90170,851
CP048231.1,90177,1
CP048231.1,90291,1
CP048231.1,90298,524
CP048231.1,90370,58
CP048231.1,90377,186
CP048231.1,90570,533
CP048231.1,91064,307
CP048231.1,91446,2
CP048231.1,92011,370
CP048231.1,92016,6
CP048231.1,92048,1349
CP048231.1,92076,8
CP048231.1,92116,267
CP048231.1,92220,9
CP048231.1,92239,83
CP048231.1,92492,48
CP048231.1,92581,61
CP048231.1,92648,1
CP048231.1,92687,275
CP048231.1,92692,744
CP048231.1,93037,418
CP048231.1,93207,21
CP048231.1,93219,1332
CP048231.1,96610,10
CP048231.1,97011,355
CP048231.1,97125,14
CP048231.1,97268,62
CP048231.1,97296,1
CP048231.1,97300,89
CP048231.1,97303,143
CP048231.1,97499,25
CP048231.1,97642,1
CP048231.1,97821,1
CP048231.1,97865,74
CP048231.1,98050,1
CP048231.1,98183,1884
CP048231.1,98190,287
CP048231.1,98308,649
CP048231.1,99082,58
CP048231.1,102039,106
CP048231.1,102054,868
CP048231.1,102145,62
CP048231.1,102456,880
CP048231.1,102547,120
CP048231.1,102688,3
CP048231.1,103043,159
CP048231.1,103282,268
CP048231.1,103801,834
CP048231.1,104665,35
CP048231.1,106024,186
CP048231.1,110645,270
CP048231.1,112692,13
CP048231.1,114435,1
CP048231.1,114558,149
CP048231.1,116782,356
CP048231.1,116815,303
CP048231.1,116822,982
CP048231.1,121710,169
CP048231.1,121724,163
CP048231.1,121733,346
CP048231.1,122804,386
CP048231.1,125595,1
CP048231.1,125602,456
CP048231.1,134045,99
CP048231.1,135195,89
CP048231.1,135206,63
CP048231.1,135410,29
CP048231.1,137519,111
CP048231.1,139326,738
CP048231.1,139386,89
CP048231.1,139446,8
CP048231.1,140933,488
CP048231.1,140940,46
CP048231.1,141023,601
CP048231.1,141024,71
CP048231.1,141030,849
CP048231.1,141031,16
CP048231.1,148394,247
CP048231.1,148777,1
CP048231.1,153511,15
CP048231.1,156059,190
CP048231.1,158902,396
CP048231.1,159153,267
CP048231.1,159376,65
CP048231.1,159406,62
CP048231.1,163720,575
CP048231.1,163727,18
CP048231.1,164436,128
CP048231.1,165072,74
CP048231.1,165238,10
CP048231.1,165310,264
CP048231.1,169250,1
CP048231.1,173496,1
CP048231.1,173716,209
CP048231.1,173778,1
CP048231.1,176985,160
CP048231.1,177030,195
CP048231.1,177107,1
CP048231.1,177218,842
CP048231.1,178366,31
CP048231.1,183446,92
CP048231.1,183723,440
CP048231.1,183735,106
CP048231.1,183906,177
CP048231.1,183936,453
CP048231.1,183984,541
CP048231.1,184131,76
CP048231.1,184168,72
CP048231.1,184213,93
CP048231.1,184678,495
CP048231.1,184982,327
CP048231.1,187906,1
CP048231.1,192519,216
CP048231.1,193680,1198
CP048231.1,193703,24
CP048231.1,196493,123
CP048231.1,196525,1277
CP048231.1,196756,878
CP048231.1,200144,631
CP048231.1,200155,438
CP048231.1,200219,688
CP048231.1,200258,467
CP048231.1,200326,1
CP048231.1,200328,81
CP048231.1,200329,668
CP048231.1,200331,7
CP048231.1,200661,169
CP048231.1,203100,250
CP048231.1,203438,1
CP048231.1,218412,565
CP048231.1,219470,528
CP048231.1,221723,171
CP048231.1,221822,1
CP048231.1,221842,850
CP048231.1,222070,263
CP048231.1,222077,33
CP048231.1,222363,1
CP048231.1,222878,5
CP048231.1,225336,3
CP048231.1,226582,326
CP048231.1,226666,1
CP048231.1,227253,157
CP048231.1,230100,3
CP048231.1,230406,4
CP048231.1,230410,2
CP048231.1,230552,271
CP048231.1,230559,304
CP048231.1,232145,1322
CP048231.1,232323,158
CP048231.1,233726,83
CP048231.1,233730,154
CP048231.1,233732,351
CP048231.1,233733,49
CP048231.1,233734,519
CP048231.1,233737,7
CP048231.1,233739,15
CP048231.1,233762,1314
CP048231.1,233769,173
CP048231.1,233803,723
CP048231.1,233838,253
CP048231.1,234069,1
CP048231.1,234204,1
CP048231.1,234328,99
CP048231.1,234335,509
CP048231.1,234371,77
CP048231.1,234376,584
CP048231.1,234487,50
CP048231.1,234509,111
CP048231.1,234539,183
CP048231.1,237693,234
CP048231.1,237939,1
CP048231.1,237957,950
CP048231.1,238020,132
CP048231.1,238204,787
CP048231.1,238708,998
CP048231.1,238715,1584
CP048231.1,238747,798
CP048231.1,238754,24
CP048231.1,238758,1057
CP048231.1,238810,435
CP048231.1,238817,190
CP048231.1,238832,1
CP048231.1,238870,2
CP048231.1,238971,252
CP048231.1,239717,160
CP048231.1,240370,305
CP048231.1,242618,586
CP048231.1,242746,594
CP048231.1,246114,67
CP048231.1,246155,19
CP048231.1,246456,232
CP048231.1,246646,17
CP048231.1,248603,26
CP048231.1,248615,45
CP048231.1,248788,5
CP048231.1,248798,1089
CP048231.1,248805,539
CP048231.1,248888,15
CP048231.1,248911,1
CP048231.1,249881,1
CP048231.1,250327,7
CP048231.1,250497,2
CP048231.1,252970,156
CP048231.1,252983,324
CP048231.1,252990,2008
CP048231.1,254706,164
CP048231.1,255400,69
CP048231.1,256451,372
CP048231.1,256524,8
CP048231.1,256555,250
CP048231.1,256557,596
CP048231.1,256562,252
CP048231.1,256748,1
CP048231.1,256772,230
CP048231.1,256858,5
CP048231.1,256860,1048
CP048231.1,256904,1
CP048231.1,256918,1062
CP048231.1,256925,516
CP048231.1,256930,385
CP048231.1,256932,1
CP048231.1,257028,76
CP048231.1,257044,1
CP048231.1,257063,5
CP048231.1,260698,87
CP048231.1,261011,10
CP048231.1,263376,1
CP048231.1,263692,637
CP048231.1,263881,236
CP048231.1,264028,533
CP048231.1,264080,1
CP048231.1,264098,437
CP048231.1,264231,1170
CP048231.1,264238,1088
CP048231.1,264284,165
CP048231.1,264288,266
CP048231.1,264329,196
CP048231.1,264358,1
CP048231.1,264365,1
CP048231.1,264396,4
CP048231.1,264549,452
CP048231.1,264556,16
CP048231.1,264563,192
CP048231.1,264573,2
CP048231.1,264840,1
CP048231.1,264871,606
CP048231.1,267172,55
CP048231.1,267183,418
CP048231.1,269125,1
CP048231.1,273507,328
CP048231.1,276536,47
CP048231.1,276708,1
CP048231.1,276881,377
CP048231.1,277403,756
CP048231.1,278076,1
CP048231.1,278304,1
CP048231.1,278379,1
CP048231.1,278381,295
CP048231.1,278427,403
CP048231.1,278434,649
CP048231.1,278468,233
CP048231.1,278535,136
CP048231.1,278638,27
CP048231.1,278640,361
CP048231.1,278696,1
CP048231.1,278703,9
CP048231.1,278744,36
CP048231.1,278751,40
CP048231.1,278765,170
CP048231.1,279096,276
CP048231.1,279138,26
CP048231.1,279359,277
CP048231.1,279366,59
CP048231.1,279394,120
CP048231.1,279395,1
CP048231.1,279401,41
CP048231.1,279426,399
CP048231.1,279433,213
CP048231.1,279525,446
CP048231.1,279532,413
CP048231.1,279606,1
CP048231.1,279627,1281
CP048231.1,279634,924
CP048231.1,279756,364
CP048231.1,279761,1
CP048231.1,279847,217
CP048231.1,279852,1
CP048231.1,279856,1114
CP048231.1,279862,569
CP048231.1,279947,436
CP048231.1,279980,764
CP048231.1,279988,344
CP048231.1,280014,3
CP048231.1,280030,10
CP048231.1,280037,612
CP048231.1,280059,769
CP048231.1,280191,397
CP048231.1,281231,2
CP048231.1,281241,35
CP048231.1,281293,263
CP048231.1,281558,1
CP048231.1,282237,6
CP048231.1,283392,7
CP048231.1,283784,1387
CP048231.1,283791,178
CP048231.1,284202,25
CP048231.1,284244,419
CP048231.1,284259,50
CP048231.1,284266,97
CP048231.1,284273,1
CP048231.1,284280,1
CP048231.1,284289,124
CP048231.1,284296,1392
CP048231.1,284324,472
CP048231.1,284362,376
CP048231.1,284556,1
CP048231.1,284591,74
CP048231.1,284652,1
CP048231.1,284659,29
CP048231.1,284668,8
CP048231.1,284808,1
CP048231.1,284921,262
CP048231.1,285337,86
CP048231.1,285967,28
CP048231.1,286530,542
CP048231.1,289442,184
CP048231.1,289449,967
CP048231.1,289471,21
CP048231.1,289480,697
CP048231.1,289482,259
CP048231.1,289670,126
CP048231.1,289713,181
CP048231.1,289755,27
CP048231.1,289762,182
CP048231.1,289785,243
CP048231.1,289841,4
CP048231.1,290116,9
CP048231.1,290257,1084
CP048231.1,290264,1
CP048231.1,290289,533
CP048231.1,290296,112
CP048231.1,290303,755
CP048231.1,290316,16
CP048231.1,290437,17
CP048231.1,290541,4
CP048231.1,290564,287
CP048231.1,290571,656
CP048231.1,290651,17
CP048231.1,290792,20
CP048231.1,291074,476
CP048231.1,291486,26
CP048231.1,292269,369
CP048231.1,292603,12
CP048231.1,292642,566
CP048231.1,292652,85
CP048231.1,292721,44
CP048231.1,292864,1
CP048231.1,293224,5
CP048231.1,295793,479
CP048231.1,295798,10
CP048231.1,295806,387
CP048231.1,295855,64
CP048231.1,295899,46
CP048231.1,295905,50
CP048231.1,295971,60
CP048231.1,295999,774
CP048231.1,296040,10
CP048231.1,296047,1227
CP048231.1,296069,2
CP048231.1,296116,1430
CP048231.1,296132,2
CP048231.1,296184,144
CP048231.1,296745,749
CP048231.1,296764,530
CP048231.1,296801,320
CP048231.1,296811,54
CP048231.1,296813,181
CP048231.1,296818,1019
CP048231.1,296820,5782
CP048231.1,296825,158
CP048231.1,296905,901
CP048231.1,296941,83
CP048231.1,296961,585
CP048231.1,296988,724
CP048231.1,296995,1419
CP048231.1,297014,36
CP048231.1,297040,38
CP048231.1,297115,3
CP048231.1,297254,40
CP048231.1,297267,722
CP048231.1,298841,458
CP048231.1,298963,735
CP048231.1,298982,645
CP048231.1,298989,183
CP048231.1,298994,327
CP048231.1,299113,242
CP048231.1,299118,141
CP048231.1,299671,421
CP048231.1,299813,1111
CP048231.1,299842,2717
CP048231.1,299849,759
CP048231.1,299856,159
CP048231.1,299894,469
CP048231.1,299901,93
CP048231.1,299937,1
CP048231.1,299942,33
CP048231.1,299949,1617
CP048231.1,299953,807
CP048231.1,299955,489
CP048231.1,299962,604
CP048231.1,299978,503
CP048231.1,300022,426
CP048231.1,300029,51
CP048231.1,300062,61
CP048231.1,300132,854
CP048231.1,300134,226
CP048231.1,300141,4259
CP048231.1,300193,88
CP048231.1,300199,362
CP048231.1,300203,781
CP048231.1,300230,774
CP048231.1,300237,5
CP048231.1,300247,19
CP048231.1,300254,4
CP048231.1,300262,224
CP048231.1,300265,219
CP048231.1,300269,121
CP048231.1,300335,892
CP048231.1,300350,444
CP048231.1,300351,20
CP048231.1,300399,660
CP048231.1,300510,710
CP048231.1,300587,264
CP048231.1,300596,181
CP048231.1,300606,5
CP048231.1,302536,19
CP048231.1,302573,667
CP048231.1,302580,54
CP048231.1,302581,88
CP048231.1,302588,85
CP048231.1,302679,763
CP048231.1,302683,66
CP048231.1,302686,13
CP048231.1,302690,151
CP048231.1,302801,794
CP048231.1,302982,45
CP048231.1,303053,565
CP048231.1,303141,22
CP048231.1,303148,338
CP048231.1,303160,14
CP048231.1,303180,1176
CP048231.1,303320,152
CP048231.1,303346,110
CP048231.1,303353,1
CP048231.1,303497,982
CP048231.1,303567,488
CP048231.1,303588,569
CP048231.1,303590,3529
CP048231.1,303591,968
CP048231.1,303597,2488
CP048231.1,303633,20
CP048231.1,303655,1
CP048231.1,303670,757
CP048231.1,304271,1
CP048231.1,308337,2
CP048231.1,308472,16
CP048231.1,309863,29
CP048231.1,310097,17
CP048231.1,311302,128
CP048231.1,311330,1
CP048231.1,311462,4
CP048231.1,312061,503
CP048231.1,316882,416
CP048231.1,316891,426
CP048231.1,316898,11
CP048231.1,318128,449
CP048231.1,318159,19
CP048231.1,318166,873
CP048231.1,318168,62
CP048231.1,320376,1
CP048231.1,321109,2
CP048231.1,321164,146
CP048231.1,321171,432
CP048231.1,321185,7
CP048231.1,321377,70
CP048231.1,321701,3
CP048231.1,322665,429
CP048231.1,324581,400
CP048231.1,324650,267
CP048231.1,324756,283
CP048231.1,325057,833
CP048231.1,325505,1
CP048231.1,331420,44
CP048231.1,331718,213
CP048231.1,332185,304
CP048231.1,332781,480
CP048231.1,332822,109
CP048231.1,333259,6
CP048231.1,333266,646
CP048231.1,334588,409
CP048231.1,338159,72
CP048231.1,338210,441
CP048231.1,338451,1
CP048231.1,338491,86
CP048231.1,340850,292
CP048231.1,340913,30
CP048231.1,340968,595
CP048231.1,343199,1
CP048231.1,343394,35
CP048231.1,343551,184
CP048231.1,343558,26
CP048231.1,343662,96
CP048231.1,343674,1
CP048231.1,343819,1766
CP048231.1,343918,636
CP048231.1,344153,4
CP048231.1,344501,1
CP048231.1,347464,59
CP048231.1,347588,210
CP048231.1,351178,429
CP048231.1,351193,1
CP048231.1,351211,110
CP048231.1,351250,1
CP048231.1,351940,1237
CP048231.1,351942,2
CP048231.1,351984,63
CP048231.1,351993,488
CP048231.1,352585,1
CP048231.1,353014,347
CP048231.1,353221,462
CP048231.1,353638,1
CP048231.1,353992,495
CP048231.1,354016,3
CP048231.1,354082,1
CP048231.1,354138,2
CP048231.1,354175,1
CP048231.1,354176,591
CP048231.1,354190,308
CP048231.1,354277,756
CP048231.1,354284,140
CP048231.1,354291,3
CP048231.1,354312,734
CP048231.1,354313,6
CP048231.1,354340,514
CP048231.1,354347,1
CP048231.1,354363,3
CP048231.1,354365,1601
CP048231.1,354366,332
CP048231.1,354371,29
CP048231.1,354372,23
CP048231.1,354377,490
CP048231.1,354378,1
CP048231.1,354383,1211
CP048231.1,354384,826
CP048231.1,354390,955
CP048231.1,354414,566
CP048231.1,354429,114
CP048231.1,354477,1
CP048231.1,354575,896
CP048231.1,354600,125
CP048231.1,354609,9
CP048231.1,354655,40
CP048231.1,354802,25
CP048231.1,354845,29
CP048231.1,354858,540
CP048231.1,355084,67
CP048231.1,355109,26
CP048231.1,355182,2
CP048231.1,355188,52
CP048231.1,355189,153
CP048231.1,355195,287
CP048231.1,355205,7
CP048231.1,355301,1
CP048231.1,355316,10
CP048231.1,355488,391
CP048231.1,355574,335
CP048231.1,355579,4
CP048231.1,355581,1
CP048231.1,355586,1480
CP048231.1,355593,1
CP048231.1,355600,318
CP048231.1,355639,998
CP048231.1,355662,33
CP048231.1,355678,1
CP048231.1,355735,1
CP048231.1,355831,287
CP048231.1,355838,258
CP048231.1,355891,4
CP048231.1,355951,80
CP048231.1,355956,663
CP048231.1,356137,580
CP048231.1,356142,1
CP048231.1,356144,673
CP048231.1,356303,77
CP048231.1,356310,121
CP048231.1,356311,389
CP048231.1,356407,54
CP048231.1,361360,1
CP048231.1,363171,569
CP048231.1,365410,313
CP048231.1,369458,95
CP048231.1,369469,1
CP048231.1,369537,2
CP048231.1,369679,338
CP048231.1,369693,20
CP048231.1,369728,675
CP048231.1,369780,21
CP048231.1,370214,1811
CP048231.1,370336,616
CP048231.1,370398,332
CP048231.1,370405,793
CP048231.1,370799,1
CP048231.1,370810,1
CP048231.1,370872,104
CP048231.1,370900,2
CP048231.1,370984,1568
CP048231.1,370993,3
CP048231.1,370994,1970
CP048231.1,371045,2027
CP048231.1,371057,1
CP048231.1,371126,2
CP048231.1,371184,901
CP048231.1,371196,1436
CP048231.1,371250,413
CP048231.1,371449,772
CP048231.1,371498,1
CP048231.1,371557,1059
CP048231.1,371701,402
CP048231.1,371710,1311
CP048231.1,371717,719
CP048231.1,371816,1
CP048231.1,371823,143
CP048231.1,371836,167
CP048231.1,371854,11
CP048231.1,371858,29
CP048231.1,372025,96
CP048231.1,372078,2
CP048231.1,372087,80
CP048231.1,372137,1823
CP048231.1,372144,1203
CP048231.1,372188,12
CP048231.1,372233,1
CP048231.1,372344,1
CP048231.1,372346,629
CP048231.1,372358,1
CP048231.1,372437,1
CP048231.1,372444,560
CP048231.1,372445,1
CP048231.1,372499,16
CP048231.1,372509,211
CP048231.1,372510,170
CP048231.1,372526,1
CP048231.1,372534,34
CP048231.1,372560,1
CP048231.1,372585,1
CP048231.1,372607,755
CP048231.1,372614,961
CP048231.1,372731,928
CP048231.1,372773,1
CP048231.1,372983,799
CP048231.1,373688,546
CP048231.1,373703,740
CP048231.1,375385,211
CP048231.1,375487,9
CP048231.1,375493,165
CP048231.1,375494,329
CP048231.1,375497,415
CP048231.1,376016,45
CP048231.1,376041,91
CP048231.1,376098,28
CP048231.1,376102,239
CP048231.1,378289,213
CP048231.1,379680,22
CP048231.1,380188,1
CP048231.1,380270,492
CP048231.1,380327,429
CP048231.1,380335,256
CP048231.1,380361,214
CP048231.1,380454,554
CP048231.1,380461,1002
CP048231.1,380533,214
CP048231.1,380599,84
CP048231.1,380629,830
CP048231.1,380646,1095
CP048231.1,380659,1076
CP048231.1,380679,22
CP048231.1,380762,1
CP048231.1,380783,211
CP048231.1,380843,330
CP048231.1,380863,579
CP048231.1,380940,920
CP048231.1,380951,7
CP048231.1,381079,1046
CP048231.1,381084,56
CP048231.1,381086,96
CP048231.1,381147,244
CP048231.1,381177,256
CP048231.1,381181,1
CP048231.1,381184,133
CP048231.1,381229,513
CP048231.1,381235,2935
CP048231.1,381236,1062
CP048231.1,381278,184
CP048231.1,381289,502
CP048231.1,381296,1
CP048231.1,381383,140
CP048231.1,381384,776
CP048231.1,381400,236
CP048231.1,381435,502
CP048231.1,381452,221
CP048231.1,381457,5
CP048231.1,381475,1
CP048231.1,381492,401
CP048231.1,381699,1755
CP048231.1,381706,34
CP048231.1,382164,239
CP048231.1,382171,434
CP048231.1,382265,54
CP048231.1,382293,1
CP048231.1,382297,836
CP048231.1,382323,256
CP048231.1,382330,2918
CP048231.1,382331,149
CP048231.1,382339,1028
CP048231.1,382341,541
CP048231.1,382347,1
CP048231.1,382354,608
CP048231.1,382383,441
CP048231.1,382387,2
CP048231.1,382416,436
CP048231.1,382457,247
CP048231.1,382487,246
CP048231.1,382557,685
CP048231.1,382820,621
CP048231.1,383002,47
CP048231.1,383178,21
CP048231.1,383354,316
CP048231.1,383539,708
CP048231.1,383759,3
CP048231.1,383766,384
CP048231.1,384052,6
CP048231.1,384331,435
CP048231.1,384338,530
CP048231.1,384887,1
CP048231.1,384980,34
CP048231.1,385146,1
CP048231.1,385250,55
CP048231.1,385852,10
CP048231.1,388945,86
CP048231.1,389034,49
CP048231.1,389051,1
CP048231.1,389058,181
CP048231.1,389321,20
CP048231.1,389935,19
CP048231.1,390082,115
CP048231.1,391300,1
CP048231.1,392020,68
CP048231.1,392032,25
CP048231.1,392391,2
CP048231.1,392407,495
CP048231.1,392438,1
CP048231.1,392783,289
CP048231.1,392845,1
CP048231.1,393037,758
CP048231.1,394139,259
CP048231.1,395089,362
CP048231.1,397728,53
CP048231.1,397735,66
CP048231.1,397742,924
CP048231.1,397775,52
CP048231.1,398028,41
CP048231.1,399284,532
CP048231.1,399652,4
CP048231.1,399654,41
CP048231.1,399666,427
CP048231.1,400625,1
CP048231.1,401587,38
CP048231.1,401769,96
CP048231.1,401899,659
CP048231.1,401943,896
CP048231.1,401980,117
CP048231.1,401994,664
CP048231.1,402192,6
CP048231.1,402389,146
CP048231.1,402645,31
CP048231.1,403091,90
CP048231.1,403129,80
CP048231.1,403267,1
CP048231.1,403465,336
CP048231.1,403472,1
CP048231.1,405033,119
CP048231.1,409956,9
CP048231.1,409978,502
CP048231.1,410156,104
CP048231.1,410163,440
CP048231.1,410180,266
CP048231.1,410238,54
CP048231.1,410297,640
CP048231.1,410308,11
CP048231.1,410310,380
CP048231.1,410384,551
CP048231.1,410396,237
CP048231.1,410431,297
CP048231.1,410527,74
CP048231.1,410567,19
CP048231.1,410581,16
CP048231.1,410623,114
CP048231.1,410639,77
CP048231.1,410646,67
CP048231.1,411723,61
CP048231.1,412585,750
CP048231.1,412677,344
CP048231.1,412697,70
CP048231.1,412882,176
CP048231.1,412889,270
CP048231.1,413170,3
CP048231.1,413274,271
CP048231.1,413322,1
CP048231.1,417235,1
CP048231.1,417437,173
CP048231.1,417588,91
CP048231.1,417599,478
CP048231.1,417648,211
CP048231.1,417978,42
CP048231.1,418062,32
CP048231.1,418280,1
CP048231.1,418824,184
CP048231.1,419218,72
CP048231.1,419273,11
CP048231.1,419347,2
CP048231.1,419414,78
CP048231.1,419421,357
CP048231.1,420908,256
CP048231.1,420952,1
CP048231.1,422648,1211
CP048231.1,422734,404
CP048231.1,423762,1
CP048231.1,424047,2
CP048231.1,424453,1
CP048231.1,424843,34
CP048231.1,424850,6
CP048231.1,424921,25
CP048231.1,424928,1
CP048231.1,424936,4
CP048231.1,424970,48
CP048231.1,424979,531
CP048231.1,424981,120
CP048231.1,426014,116
CP048231.1,426213,4
CP048231.1,426441,6
CP048231.1,426535,484
CP048231.1,426632,409
CP048231.1,426659,22
CP048231.1,429223,24
CP048231.1,430923,254
CP048231.1,431465,163
CP048231.1,432721,1
CP048231.1,433294,319
CP048231.1,433908,1
CP048231.1,434615,120
CP048231.1,436947,102
CP048231.1,436956,3
CP048231.1,437051,106
CP048231.1,437171,75
CP048231.1,437178,588
CP048231.1,437187,97
CP048231.1,437192,3
CP048231.1,437194,857
CP048231.1,437199,616
CP048231.1,437201,1790
CP048231.1,437212,24
CP048231.1,437248,269
CP048231.1,437273,606
CP048231.1,437276,35
CP048231.1,437280,1256
CP048231.1,437281,77
CP048231.1,437282,101
CP048231.1,437305,481
CP048231.1,437338,102
CP048231.1,437373,91
CP048231.1,437382,15
CP048231.1,437389,962
CP048231.1,437402,578
CP048231.1,437409,2493
CP048231.1,437426,80
CP048231.1,437431,1
CP048231.1,437438,175
CP048231.1,437777,9
CP048231.1,437779,14
CP048231.1,438056,30
CP048231.1,438968,22
CP048231.1,439298,42
CP048231.1,440289,535
CP048231.1,440342,449
CP048231.1,440905,527
CP048231.1,441556,5
CP048231.1,443261,341
CP048231.1,443315,571
CP048231.1,443466,63
CP048231.1,443486,1147
CP048231.1,443548,598
CP048231.1,443580,257
CP048231.1,443620,1525
CP048231.1,443642,1488
CP048231.1,443649,351
CP048231.1,443655,33
CP048231.1,443680,8
CP048231.1,443681,279
CP048231.1,443688,436
CP048231.1,443720,93
CP048231.1,443736,144
CP048231.1,443741,58
CP048231.1,443743,354
CP048231.1,443765,343
CP048231.1,443773,431
CP048231.1,443781,868
CP048231.1,443783,1
CP048231.1,443785,481
CP048231.1,443788,81
CP048231.1,443792,654
CP048231.1,443800,423
CP048231.1,443807,33
CP048231.1,443976,38
CP048231.1,444056,769
CP048231.1,444083,16
CP048231.1,444144,917
CP048231.1,444151,111
CP048231.1,444199,3
CP048231.1,444244,525
CP048231.1,444248,33
CP048231.1,444298,140
CP048231.1,444305,9
CP048231.1,444348,1
CP048231.1,444754,10
CP048231.1,444787,183
CP048231.1,444958,1322
CP048231.1,445113,290
CP048231.1,445345,288
CP048231.1,445524,503
CP048231.1,446431,562
CP048231.1,446621,1
CP048231.1,446809,1
CP048231.1,446818,584
CP048231.1,446854,227
CP048231.1,446861,451
CP048231.1,446862,126
CP048231.1,446868,277
CP048231.1,446875,569
CP048231.1,446877,75
CP048231.1,446879,1
CP048231.1,446928,713
CP048231.1,446935,3659
CP048231.1,446942,1025
CP048231.1,446944,325
CP048231.1,446949,48
CP048231.1,447042,205
CP048231.1,447046,385
CP048231.1,447054,747
CP048231.1,447087,1264
CP048231.1,447089,336
CP048231.1,447091,8
CP048231.1,447100,33
CP048231.1,447150,2
CP048231.1,447313,3
CP048231.1,447929,381
CP048231.1,448042,524
CP048231.1,448106,1
CP048231.1,448178,21
CP048231.1,448254,2
CP048231.1,448261,180
CP048231.1,448291,77
CP048231.1,448401,365
CP048231.1,448412,362
CP048231.1,448433,657
CP048231.1,448447,1
CP048231.1,448458,1013
CP048231.1,448516,678
CP048231.1,449395,4
CP048231.1,449443,245
CP048231.1,449869,101
CP048231.1,450140,8
CP048231.1,450308,1
CP048231.1,450948,7
CP048231.1,452365,258
CP048231.1,453014,1
CP048231.1,453021,43
CP048231.1,453040,68
CP048231.1,453121,676
CP048231.1,453128,268
CP048231.1,453212,14
CP048231.1,453232,485
CP048231.1,453254,185
CP048231.1,453283,881
CP048231.1,453294,2
CP048231.1,453299,219
CP048231.1,453375,218
CP048231.1,453419,25
CP048231.1,453454,167
CP048231.1,453675,5
CP048231.1,453838,96
CP048231.1,454006,412
CP048231.1,454487,327
CP048231.1,454704,4
CP048231.1,454793,1
CP048231.1,454852,265
CP048231.1,454935,443
CP048231.1,455044,687
CP048231.1,455149,255
CP048231.1,455156,286
CP048231.1,455378,337
CP048231.1,455404,1
CP048231.1,455853,278
CP048231.1,456093,777
CP048231.1,456183,54
CP048231.1,456252,865
CP048231.1,456343,372
CP048231.1,456378,331
CP048231.1,456385,458
CP048231.1,456392,125
CP048231.1,456421,1
CP048231.1,456446,3
CP048231.1,456447,27
CP048231.1,456450,2
CP048231.1,456458,148
CP048231.1,456516,356
CP048231.1,456523,203
CP048231.1,456534,55
CP048231.1,456536,1119
CP048231.1,456543,2653
CP048231.1,456686,443
CP048231.1,456875,3
CP048231.1,456902,693
CP048231.1,456954,35
CP048231.1,457122,168
CP048231.1,457333,22
CP048231.1,457340,235
CP048231.1,459313,28
CP048231.1,459571,1
CP048231.1,459602,153
CP048231.1,459609,232
CP048231.1,459615,381
CP048231.1,459623,289
CP048231.1,459728,38
CP048231.1,459805,6
CP048231.1,460096,1
CP048231.1,460168,43
CP048231.1,460176,1
CP048231.1,460187,1
CP048231.1,460618,90
CP048231.1,460736,1
CP048231.1,460798,348
CP048231.1,460814,830
CP048231.1,460889,46
CP048231.1,460907,568
CP048231.1,460914,1231
CP048231.1,461167,97
CP048231.1,461171,14
CP048231.1,461276,1
CP048231.1,461469,1052
CP048231.1,461495,10
CP048231.1,461496,184
CP048231.1,461516,699
CP048231.1,461536,770
CP048231.1,461571,1
CP048231.1,461641,178
CP048231.1,461660,1
CP048231.1,461808,569
CP048231.1,462161,17
CP048231.1,462763,25
CP048231.1,462803,1265
CP048231.1,462815,4
CP048231.1,462885,283
CP048231.1,462912,196
CP048231.1,462913,5
CP048231.1,462919,715
CP048231.1,463190,1
CP048231.1,464317,1
CP048231.1,464863,2
CP048231.1,464870,359
CP048231.1,464926,951
CP048231.1,464930,8
CP048231.1,464933,193
CP048231.1,464937,755
CP048231.1,465960,350
CP048231.1,466987,1
CP048231.1,467383,800
CP048231.1,469452,63
CP048231.1,469805,577
CP048231.1,469986,536
CP048231.1,470278,104
CP048231.1,470385,337
CP048231.1,470692,1
CP048231.1,470718,1
CP048231.1,470728,58
CP048231.1,470773,1
CP048231.1,470780,26
CP048231.1,470824,450
CP048231.1,470857,165
CP048231.1,470957,635
CP048231.1,471023,476
CP048231.1,471041,336
CP048231.1,471096,372
CP048231.1,471180,248
CP048231.1,471187,1
CP048231.1,472476,603
CP048231.1,472480,228
CP048231.1,472488,23
CP048231.1,472564,395
CP048231.1,472670,810
CP048231.1,472677,4
CP048231.1,472723,421
CP048231.1,472780,237
CP048231.1,472890,1
CP048231.1,473478,329
CP048231.1,473484,553
CP048231.1,473738,291
CP048231.1,473979,96
CP048231.1,474134,227
CP048231.1,474346,63
CP048231.1,474467,419
CP048231.1,474593,299
CP048231.1,474712,503
CP048231.1,474719,1
CP048231.1,474721,21
CP048231.1,474966,4
CP048231.1,475032,4
CP048231.1,475034,81
CP048231.1,475145,400
CP048231.1,475219,195
CP048231.1,475257,261
CP048231.1,475351,564
CP048231.1,475388,505
CP048231.1,475389,453
CP048231.1,475396,1415
CP048231.1,475540,1
CP048231.1,475614,201
CP048231.1,475728,105
CP048231.1,475788,352
CP048231.1,475848,139
CP048231.1,475899,33
CP048231.1,475908,27
CP048231.1,475912,2
CP048231.1,475925,22
CP048231.1,475975,1039
CP048231.1,475980,49
CP048231.1,475982,1
CP048231.1,476158,14
CP048231.1,476165,592
CP048231.1,476259,38
CP048231.1,476266,452
CP048231.1,476293,6
CP048231.1,476296,456
CP048231.1,476298,1
CP048231.1,476300,12
CP048231.1,476348,28
CP048231.1,476424,262
CP048231.1,476452,4
CP048231.1,476532,1
CP048231.1,476610,60
CP048231.1,476615,591
CP048231.1,476715,318
CP048231.1,476723,20
CP048231.1,476756,110
CP048231.1,476805,870
CP048231.1,476913,158
CP048231.1,477352,125
CP048231.1,481689,417
CP048231.1,481851,1
CP048231.1,482114,330
CP048231.1,482167,902
CP048231.1,482183,18
CP048231.1,482227,751
CP048231.1,482282,29
CP048231.1,482291,380
CP048231.1,482594,1
CP048231.1,482607,318
CP048231.1,482637,735
CP048231.1,482643,1
CP048231.1,482674,503
CP048231.1,482676,1326
CP048231.1,482736,524
CP048231.1,482740,661
CP048231.1,482743,1659
CP048231.1,482747,872
CP048231.1,482786,1855
CP048231.1,482852,175
CP048231.1,482854,514
CP048231.1,482856,8
CP048231.1,482860,308
CP048231.1,482861,1
CP048231.1,482863,10
CP048231.1,482865,88
CP048231.1,482867,320
CP048231.1,482869,2
CP048231.1,482943,1
CP048231.1,483025,166
CP048231.1,483047,10
CP048231.1,485065,256
CP048231.1,485072,114
CP048231.1,485095,2
CP048231.1,485102,307
CP048231.1,485122,172
CP048231.1,485152,69
CP048231.1,486343,445
CP048231.1,486359,36
CP048231.1,486393,108
CP048231.1,486447,273
CP048231.1,486586,226
CP048231.1,486593,263
CP048231.1,487137,364
CP048231.1,487249,396
CP048231.1,487361,515
CP048231.1,487363,188
CP048231.1,487389,13
CP048231.1,487546,2
CP048231.1,487562,316
CP048231.1,487563,553
CP048231.1,487569,15
CP048231.1,487571,497
CP048231.1,487578,361
CP048231.1,487602,25
CP048231.1,487605,1
CP048231.1,487623,152
CP048231.1,487656,126
CP048231.1,487692,353
CP048231.1,487707,123
CP048231.1,488311,19
CP048231.1,488932,240
CP048231.1,489481,162
CP048231.1,508669,1
CP048232.1,2380,115
CP048232.1,11384,450
CP048232.1,16465,4
CP048232.1,16612,458
CP048232.1,20743,224
CP048232.1,21695,227
CP048232.1,21759,6
CP048232.1,22828,165
CP048232.1,27516,410
CP048232.1,27543,123
CP048232.1,27567,1076
CP048232.1,27578,713
CP048232.1,27585,1
CP048232.1,27707,253
CP048232.1,27733,70
CP048232.1,30332,673
CP048232.1,31579,1
CP048232.1,31645,62
CP048232.1,31670,374
CP048232.1,34587,3
CP048232.1,36019,84
CP048232.1,36640,653
CP048232.1,36653,401
CP048232.1,36741,118
CP048232.1,36748,762
CP048232.1,36771,499
CP048232.1,36941,39
CP048232.1,38070,1
CP048232.1,39390,97
CP048232.1,39407,406
CP048232.1,39583,102
CP048232.1,39592,479
CP048232.1,40073,125
CP048232.1,41178,42
CP048232.1,42254,32
CP048232.1,42313,889
CP048232.1,42635,338
CP048232.1,42642,794
CP048232.1,42649,420
CP048232.1,42650,713
CP048232.1,42683,317
CP048232.1,42805,1296
CP048232.1,42812,754
CP048232.1,42919,241
CP048232.1,45199,29
CP048232.1,45207,289
CP048232.1,45271,8
CP048232.1,56455,1
CP048232.1,56568,222
CP048232.1,58227,1
CP048232.1,59164,54
CP048232.1,59275,26
CP048232.1,59282,65
CP048232.1,59286,755
CP048232.1,59321,1
CP048232.1,59328,59
CP048232.1,59330,328
CP048232.1,59386,1480
CP048232.1,59635,152
CP048232.1,59640,9
CP048232.1,59668,167
CP048232.1,59790,62
CP048232.1,59797,40
CP048232.1,59801,4
CP048232.1,59804,1030
CP048232.1,59835,381
CP048232.1,59846,1
CP048232.1,60179,1
CP048232.1,60301,62
CP048232.1,60405,12
CP048232.1,62298,1
CP048232.1,64730,41
CP048232.1,64760,211
CP048232.1,66167,10
CP048232.1,66536,1
CP048232.1,67059,473
CP048232.1,67652,241
CP048232.1,71104,381
CP048232.1,71275,51
CP048232.1,71510,486
CP048232.1,71603,617
CP048232.1,71734,915
CP048232.1,71772,1
CP048232.1,74385,2
CP048232.1,74473,357
CP048232.1,76012,32
CP048232.1,76202,424
CP048232.1,77314,53
CP048232.1,83462,1024
CP048232.1,83469,219
CP048232.1,83643,170
CP048232.1,83661,75
CP048232.1,83692,399
CP048232.1,83727,1
CP048232.1,83729,117
CP048232.1,83792,1
CP048232.1,83969,342
CP048232.1,88344,44
CP048232.1,88600,76
CP048232.1,88993,2005
CP048232.1,89019,710
CP048232.1,89256,181
CP048232.1,89274,11
CP048232.1,89466,143
CP048232.1,89596,1085
CP048232.1,89665,825
CP048232.1,90099,77
CP048232.1,96263,344
CP048232.1,96418,392
CP048232.1,104655,380
CP048232.1,104883,180
CP048232.1,104930,438
CP048232.1,104993,28
CP048232.1,108191,1
CP048232.1,109341,158
CP048232.1,109365,151
CP048232.1,109997,15
CP048232.1,111290,7
CP048232.1,111671,226
CP048232.1,111674,393
CP048232.1,111687,289
CP048232.1,111727,642
CP048232.1,111734,81
CP048232.1,111831,1
CP048232.1,111838,139
CP048232.1,111856,121
CP048232.1,112294,1
CP048232.1,114421,1
CP048232.1,115010,293
CP048232.1,116447,492
CP048232.1,119522,154
CP048232.1,122104,1
CP048232.1,122780,1
CP048232.1,122796,585
CP048232.1,122807,140
CP048232.1,122814,226
CP048232.1,122939,1
CP048232.1,123139,621
CP048232.1,123144,283
CP048232.1,123224,846
CP048232.1,126125,216
CP048232.1,132366,6
CP048232.1,132368,316
CP048232.1,133503,3
CP048232.1,133564,606
CP048232.1,133620,147
CP048232.1,133752,136
CP048232.1,134272,171
CP048232.1,136917,316
CP048232.1,137254,330
CP048232.1,137261,775
CP048232.1,137263,1207
CP048232.1,137312,706
CP048232.1,138619,66
CP048232.1,138650,391
CP048232.1,138788,62
CP048232.1,138793,1
CP048232.1,140585,17
CP048232.1,143039,585
CP048232.1,143044,574
CP048232.1,143078,233
CP048232.1,143095,5
CP048232.1,143131,179
CP048232.1,143350,194
CP048232.1,143941,30
CP048232.1,149017,83
CP048232.1,149196,1
CP048232.1,149775,354
CP048232.1,153405,61
CP048232.1,153412,15
CP048232.1,153556,13
CP048232.1,153564,92
CP048232.1,153804,963
CP048232.1,153808,301
CP048232.1,153820,20
CP048232.1,160338,92
CP048232.1,162722,131
CP048232.1,162742,1
CP048232.1,162743,491
CP048232.1,164150,33
CP048232.1,164323,275
CP048232.1,166291,132
CP048232.1,166540,519
CP048232.1,167577,1
CP048232.1,167612,52
CP048232.1,167854,584
CP048232.1,167861,138
CP048232.1,167880,395
CP048232.1,167884,1570
CP048232.1,167912,40
CP048232.1,167928,265
CP048232.1,168018,52
CP048232.1,168165,106
CP048232.1,168186,69
CP048232.1,168204,1415
CP048232.1,168222,1039
CP048232.1,168229,6578
CP048232.1,168256,576
CP048232.1,168257,1011
CP048232.1,168322,481
CP048232.1,168374,411
CP048232.1,168449,997
CP048232.1,168494,67
CP048232.1,168719,14
CP048232.1,169019,816
CP048232.1,169059,152
CP048232.1,169122,1345
CP048232.1,169700,1015
CP048232.1,169762,36
CP048232.1,169794,255
CP048232.1,169831,581
CP048232.1,173210,213
CP048232.1,180579,689
CP048232.1,180687,804
CP048232.1,180729,337
CP048232.1,180768,122
CP048232.1,180777,84
CP048232.1,180977,437
CP048232.1,180981,283
CP048232.1,180984,4045
CP048232.1,180988,1437
CP048232.1,181252,29
CP048232.1,182813,1
CP048232.1,183887,91
CP048232.1,183927,1
CP048232.1,184218,129
CP048232.1,184358,760
CP048232.1,184365,562
CP048232.1,184382,457
CP048232.1,187113,1
CP048232.1,188187,131
CP048232.1,188530,1
CP048232.1,188697,685
CP048232.1,188699,19
CP048232.1,188706,417
CP048232.1,188802,19
CP048232.1,188832,215
CP048232.1,188834,497
CP048232.1,190181,1
CP048232.1,190232,387
CP048232.1,190278,1
CP048232.1,190285,780
CP048232.1,190297,1
CP048232.1,190660,103
CP048232.1,190690,473
CP048232.1,190751,7
CP048232.1,190753,571
CP048232.1,190760,100
CP048232.1,191208,231
CP048232.1,191344,1
CP048232.1,193476,13
CP048232.1,197843,61
CP048232.1,199514,428
CP048232.1,203967,36
CP048232.1,206274,522
CP048232.1,206289,1
CP048232.1,206315,1
CP048232.1,215438,343
CP048232.1,215459,253
CP048232.1,215612,2
CP048232.1,215629,425
CP048232.1,215762,1
CP048232.1,215955,1
CP048232.1,216703,1
CP048232.1,217239,441
CP048232.1,217246,359
CP048232.1,217435,1
CP048232.1,217437,188
CP048232.1,217441,29
CP048232.1,219715,576
CP048232.1,219776,239
CP048232.1,219832,203
CP048232.1,222261,11
CP048232.1,222269,2
CP048232.1,222300,3
CP048232.1,222816,321
CP048232.1,222820,654
CP048232.1,222861,916
CP048232.1,222870,38
CP048232.1,222990,73
CP048232.1,223136,7
CP048232.1,228487,275
CP048232.1,228554,260
CP048232.1,231030,392
CP048232.1,231120,204
CP048232.1,231188,3
CP048232.1,231573,159
CP048232.1,231796,153
CP048232.1,231800,482
CP048232.1,231807,244
CP048232.1,231820,10
CP048232.1,231848,1
CP048232.1,231850,1
CP048232.1,231873,1114
CP048232.1,231918,86
CP048232.1,234687,13
CP048232.1,234714,2
CP048232.1,234735,57
CP048232.1,234742,223
CP048232.1,234800,99
CP048232.1,234853,560
CP048232.1,235098,4
CP048232.1,235100,525
CP048232.1,235107,20
CP048232.1,235224,950
CP048232.1,235310,1
CP048232.1,235426,994
CP048232.1,235633,1333
CP048232.1,235756,240
CP048232.1,237963,278
CP048232.1,238624,19
CP048232.1,238826,146
CP048232.1,241960,46
CP048232.1,242048,1
CP048232.1,242074,732
CP048232.1,242112,743
CP048232.1,242155,528
CP048232.1,242169,418
CP048232.1,242173,10
CP048232.1,242180,702
CP048232.1,242186,169
CP048232.1,242205,1
CP048232.1,242549,2
CP048232.1,242580,739
CP048232.1,245068,20
CP048232.1,245342,1
CP048232.1,245349,69
CP048232.1,245353,17
CP048232.1,245411,9
CP048232.1,245422,1
CP048232.1,245983,3
CP048232.1,246053,614
CP048232.1,246322,564
CP048232.1,247110,85
CP048232.1,247114,440
CP048232.1,247121,98
CP048232.1,247260,463
CP048232.1,247303,153
CP048232.1,247310,349
CP048232.1,247742,397
CP048232.1,249156,610
CP048232.1,249163,2
CP048232.1,249276,153
CP048232.1,249283,83
CP048232.1,249468,3
CP048232.1,249861,1
CP048232.1,249882,530
CP048232.1,250100,771
CP048232.1,250165,75
CP048232.1,260903,214
CP048232.1,260917,761
CP048232.1,260961,408
CP048232.1,260997,955
CP048232.1,263286,679
CP048232.1,263452,66
CP048232.1,263478,99
CP048232.1,263722,709
CP048232.1,266749,24
CP048232.1,266879,42
CP048232.1,266964,557
CP048232.1,268992,16
CP048232.1,273597,1445
CP048232.1,273604,229
CP048232.1,273607,318
CP048232.1,273640,200
CP048232.1,276641,1
CP048232.1,276866,29
CP048232.1,277045,187
CP048232.1,277072,130
CP048232.1,277076,361
CP048232.1,277079,30
CP048232.1,278882,445
CP048232.1,278922,85
CP048232.1,279651,597
CP048232.1,281520,15
CP048232.1,283832,13
CP048232.1,283837,393
CP048232.1,283883,9
CP048232.1,283910,323
CP048232.1,283964,320
CP048232.1,284035,140
CP048232.1,284139,605
CP048232.1,284179,20
CP048232.1,284199,289
CP048232.1,284207,1
CP048232.1,284209,268
CP048232.1,284241,25
CP048232.1,284898,472
CP048232.1,284947,1
CP048232.1,285166,1
CP048232.1,285200,8
CP048232.1,285255,561
CP048232.1,285506,427
CP048232.1,290017,70
CP048232.1,290024,164
CP048232.1,290026,145
CP048232.1,290103,7
CP048232.1,290136,579
CP048232.1,290180,8
CP048232.1,290308,821
CP048232.1,290705,1
CP048232.1,291399,1
CP048232.1,291848,7
CP048232.1,292236,108
CP048232.1,292501,30
CP048232.1,295044,920
CP048232.1,298597,770
CP048232.1,298637,5
CP048232.1,299844,222
CP048232.1,299849,216
CP048232.1,299866,308
CP048232.1,299948,354
CP048232.1,300006,19
CP048232.1,301110,5
CP048232.1,301355,10
CP048232.1,301377,474
CP048232.1,301384,1
CP048232.1,305275,598
CP048232.1,306510,24
CP048232.1,306844,348
CP048232.1,306888,1
CP048232.1,306968,366
CP048232.1,307111,38
CP048232.1,307292,321
CP048232.1,309378,2
CP048232.1,312408,472
CP048232.1,315381,129
CP048232.1,315734,944
CP048232.1,316079,6
CP048232.1,316097,612
CP048232.1,316172,149
CP048232.1,316540,2031
CP048232.1,316587,932
CP048232.1,316774,349
CP048232.1,316781,2
CP048232.1,316794,1
CP048232.1,316801,729
CP048232.1,316841,1
CP048232.1,316844,658
CP048232.1,316851,129
CP048232.1,316977,542
CP048232.1,317006,433
CP048232.1,317013,48
CP048232.1,317053,53
CP048232.1,317306,20
CP048232.1,317453,649
CP048232.1,317507,700
CP048232.1,317769,10
CP048232.1,317963,18
CP048232.1,318131,298
CP048232.1,318193,252
CP048232.1,318198,162
CP048232.1,318281,444
CP048232.1,318288,48
CP048232.1,318311,820
CP048232.1,318314,176
CP048232.1,318318,311
CP048232.1,318377,1
CP048232.1,318394,737
CP048232.1,318405,5
CP048232.1,318448,70
CP048232.1,318602,29
CP048232.1,318621,44
CP048232.1,318632,126
CP048232.1,318634,1
CP048232.1,318660,793
CP048232.1,318680,90
CP048232.1,318687,1
CP048232.1,318716,1
CP048232.1,318731,1
CP048232.1,318758,184
CP048232.1,318815,15
CP048232.1,318864,407
CP048232.1,318883,1
CP048232.1,319238,57
CP048232.1,319638,1
CP048232.1,321136,150
CP048232.1,321479,159
CP048232.1,321482,245
CP048232.1,321554,301
CP048232.1,321693,1062
CP048232.1,322297,367
CP048232.1,322422,666
CP048232.1,322495,4
CP048232.1,322546,262
CP048232.1,322569,25
CP048232.1,323097,52
CP048232.1,323754,23
CP048232.1,323788,259
CP048232.1,323893,142
CP048232.1,324095,539
CP048232.1,324126,178
CP048232.1,324136,29
CP048232.1,324143,501
CP048232.1,324356,1
CP048232.1,326587,636
CP048232.1,329261,51
CP048232.1,329923,1
CP048232.1,329930,18
CP048232.1,330039,64
CP048232.1,330044,395
CP048232.1,330046,790
CP048232.1,330051,1740
CP048232.1,330083,31
CP048232.1,330464,4181
CP048232.1,330471,4195
CP048232.1,330972,22
CP048232.1,337030,92
CP048232.1,337052,230
CP048232.1,338845,17
CP048232.1,339079,9
CP048232.1,339871,2
CP048232.1,340904,1
CP048232.1,341359,823
CP048232.1,341366,3
CP048232.1,341446,373
CP048232.1,341486,98
CP048232.1,341497,258
CP048232.1,341504,124
CP048232.1,341528,2
CP048232.1,341553,453
CP048232.1,341563,519
CP048232.1,341570,456
CP048232.1,341602,1
CP048232.1,341694,27
CP048232.1,343309,19
CP048232.1,343474,1
CP048232.1,343522,16
CP048232.1,343529,210
CP048232.1,343588,119
CP048232.1,343624,10
CP048232.1,343628,17
CP048232.1,343640,2
CP048232.1,345294,7
CP048232.1,345928,243
CP048232.1,346766,7
CP048232.1,349012,62
CP048232.1,349019,50
CP048232.1,349145,3
CP048232.1,349222,1
CP048232.1,349251,1
CP048232.1,350046,12
CP048232.1,351808,1
CP048232.1,355505,282
CP048232.1,355655,1
CP048232.1,355970,1
CP048232.1,356023,1
CP048232.1,356024,1462
CP048232.1,356031,11713
CP048232.1,356076,660
CP048232.1,356083,1949
CP048232.1,356211,1346
CP048232.1,356780,1
CP048232.1,356993,148
CP048232.1,356994,1
CP048232.1,357041,2
CP048232.1,357483,107
CP048232.1,357555,154
CP048232.1,358374,246
CP048232.1,362383,555
CP048232.1,362385,1
CP048232.1,362509,180
CP048232.1,362527,102
CP048232.1,363837,1
CP048232.1,365404,568
CP048232.1,365430,1
CP048232.1,365472,1403
CP048232.1,365479,19
CP048232.1,365500,41
CP048232.1,366473,1
CP048232.1,368138,1
CP048232.1,368213,381
CP048232.1,368275,244
CP048232.1,368568,548
CP048232.1,368574,574
CP048232.1,368581,236
CP048232.1,368632,1
CP048232.1,368723,225
CP048232.1,368755,235
CP048232.1,368820,146
CP048232.1,368947,492
CP048232.1,369030,253
CP048232.1,369031,2
CP048232.1,369037,1006
CP048232.1,369225,689
CP048232.1,369293,25
CP048232.1,369300,671
CP048232.1,369379,2
CP048232.1,369520,162
CP048232.1,369684,15
CP048232.1,369763,379
CP048232.1,369766,22
CP048232.1,369779,689
CP048232.1,369786,1
CP048232.1,369795,1
CP048232.1,369880,40
CP048232.1,370040,36
CP048232.1,370053,534
CP048232.1,370060,2
CP048232.1,370084,627
CP048232.1,370091,32
CP048232.1,370150,2
CP048232.1,370157,323
CP048232.1,370181,961
CP048232.1,370206,647
CP048232.1,370343,558
CP048232.1,370352,1
CP048232.1,370368,27
CP048232.1,370735,54
CP048232.1,370776,4
CP048232.1,370984,7
CP048232.1,371044,43
CP048232.1,371353,184
CP048232.1,371358,485
CP048232.1,372479,95
CP048232.1,372486,204
CP048232.1,372685,210
CP048232.1,372870,1
CP048232.1,373795,69
CP048232.1,374165,134
CP048232.1,374173,4
CP048232.1,374196,114
CP048232.1,374203,465
CP048232.1,374212,74
CP048232.1,374281,310
CP048232.1,374285,125
CP048232.1,374288,4
CP048232.1,374351,1
CP048232.1,374360,386
CP048232.1,374367,497
CP048232.1,374528,187
CP048232.1,374765,67
CP048232.1,376113,28
CP048232.1,376240,1
CP048232.1,376275,357
CP048232.1,376282,378
CP048232.1,376720,840
CP048232.1,376721,842
CP048232.1,376722,585
CP048232.1,376727,592
CP048232.1,376738,33
CP048232.1,376739,2
CP048232.1,376775,1010
CP048232.1,376957,518
CP048232.1,378132,274
CP048232.1,378988,668
CP048232.1,378995,8
CP048232.1,379145,192
CP048232.1,381461,1223
CP048232.1,381505,1
CP048232.1,381613,783
CP048232.1,382103,11
CP048232.1,382689,534
CP048232.1,382894,41
CP048232.1,384040,507
CP048232.1,384480,43
CP048232.1,384549,342
CP048232.1,384574,38
CP048232.1,384607,45
CP048232.1,386861,2
CP048232.1,386913,5
CP048232.1,389184,571
CP048232.1,389202,1
CP048232.1,389278,1
CP048232.1,389379,55
CP048232.1,389381,628
CP048232.1,389393,60
CP048232.1,389415,80
CP048232.1,389425,626
CP048232.1,389471,1146
CP048232.1,389478,559
CP048232.1,389497,21
CP048232.1,389505,689
CP048232.1,389512,471
CP048232.1,389514,301
CP048232.1,389519,504
CP048232.1,389526,1
CP048232.1,389528,30
CP048232.1,389624,24
CP048232.1,389742,7
CP048232.1,390046,28
CP048232.1,390306,259
CP048232.1,390400,33
CP048232.1,390582,293
CP048232.1,390775,5
CP048232.1,391111,8
CP048232.1,391293,284
CP048232.1,391825,16
CP048232.1,392003,1
CP048232.1,392543,11
CP048232.1,392628,523
CP048232.1,392637,521
CP048232.1,392644,640
CP048232.1,392648,2
CP048232.1,392783,437
CP048232.1,392835,4
CP048232.1,392836,12
CP048232.1,392843,482
CP048232.1,392959,520
CP048232.1,392966,151
CP048232.1,392969,501
CP048232.1,392976,6
CP048232.1,393052,622
CP048232.1,393054,1476
CP048232.1,393059,1115
CP048232.1,393061,8761
CP048232.1,393098,379
CP048232.1,393103,4
CP048232.1,393105,1
CP048232.1,393134,60
CP048232.1,393155,5
CP048232.1,393215,5
CP048232.1,393735,1
CP048232.1,393759,24
CP048232.1,393953,54
CP048232.1,393968,1383
CP048232.1,394149,1
CP048232.1,394151,1045
CP048232.1,394158,1100
CP048232.1,394193,1602
CP048232.1,394200,660
CP048232.1,394340,691
CP048232.1,394358,817
CP048232.1,394366,228
CP048232.1,394379,1104
CP048232.1,394386,713
CP048232.1,394483,2858
CP048232.1,395333,10
CP048232.1,395794,2
CP048232.1,396210,61
CP048232.1,397668,2
CP048232.1,397767,25
CP048232.1,398326,16
CP048232.1,399843,23
CP048232.1,402959,628
CP048232.1,402993,8
CP048232.1,402996,182
CP048232.1,403121,478
CP048232.1,403180,551
CP048232.1,403182,464
CP048232.1,403185,4
CP048232.1,403209,352
CP048232.1,403271,286
CP048232.1,403272,120
CP048232.1,403300,1
CP048232.1,405293,110
CP048232.1,405332,363
CP048232.1,405423,305
CP048232.1,405430,786
CP048232.1,405431,2
CP048232.1,405437,182
CP048232.1,405491,182
CP048232.1,405492,418
CP048232.1,405493,71
CP048232.1,405498,2014
CP048232.1,405500,243
CP048232.1,405507,873
CP048232.1,405508,1093
CP048232.1,405515,2096
CP048232.1,405531,69
CP048232.1,405540,298
CP048232.1,405644,50
CP048232.1,405681,629
CP048232.1,405683,739
CP048232.1,405688,345
CP048232.1,405690,2968
CP048232.1,405703,2
CP048232.1,405710,395
CP048232.1,405719,87
CP048232.1,405761,37
CP048232.1,405770,30
CP048232.1,405893,731
CP048232.1,405899,1137
CP048232.1,405945,341
CP048232.1,405950,1404
CP048232.1,405952,6225
CP048232.1,405954,6
CP048232.1,406011,821
CP048232.1,406098,54
CP048232.1,406139,12
CP048232.1,406174,8
CP048232.1,406270,535
CP048232.1,406301,541
CP048232.1,406305,5
CP048232.1,406357,213
CP048232.1,406380,104
CP048232.1,406395,588
CP048232.1,406671,153
CP048232.1,406804,567
CP048232.1,406822,1
CP048232.1,407407,61
CP048232.1,407843,18
CP048232.1,408018,1
CP048232.1,408744,19
CP048232.1,408755,76
CP048232.1,408798,1070
CP048232.1,408805,152
CP048232.1,408900,243
CP048232.1,409223,139
CP048232.1,409335,236
CP048232.1,409339,168
CP048232.1,409350,3
CP048232.1,409593,258
CP048232.1,409654,108
CP048232.1,409690,275
CP048232.1,409811,429
CP048232.1,409915,32
CP048232.1,410217,6
CP048232.1,410371,3
CP048232.1,410403,281
CP048232.1,410410,510
CP048232.1,410582,6
CP048232.1,410602,4
CP048232.1,410612,127
CP048232.1,410648,91
CP048232.1,410655,16
CP048232.1,410717,15
CP048232.1,410787,398
CP048232.1,410789,40
CP048232.1,410796,80
CP048232.1,410916,339
CP048232.1,411057,1
CP048232.1,411098,230
CP048232.1,411226,168
CP048232.1,411422,2
CP048232.1,411535,898
CP048232.1,412405,755
CP048232.1,412465,3089
CP048232.1,412479,135
CP048232.1,412486,1
CP048232.1,412540,67
CP048232.1,412641,1995
CP048232.1,412759,1579
CP048232.1,412795,950
CP048232.1,412797,965
CP048232.1,412802,1981
CP048232.1,412829,891
CP048232.1,412854,1
CP048232.1,412861,1
CP048232.1,412871,130
CP048232.1,412878,688
CP048232.1,412932,692
CP048232.1,412998,6338
CP048232.1,413003,140
CP048232.1,413016,376
CP048232.1,413017,47
CP048232.1,413019,171
CP048232.1,413024,196
CP048232.1,413028,25
CP048232.1,413039,7
CP048232.1,413046,2022
CP048232.1,413053,1124
CP048232.1,413056,884
CP048232.1,413062,138
CP048232.1,413069,1
CP048232.1,413079,282
CP048232.1,413083,1141
CP048232.1,413089,2
CP048232.1,413106,231
CP048232.1,413115,749
CP048232.1,413185,740
CP048232.1,413186,400
CP048232.1,413264,63
CP048232.1,413329,556
CP048232.1,413879,309
CP048232.1,414157,132
CP048232.1,416343,1
CP048232.1,417545,311
CP048232.1,417576,1
CP048232.1,417581,2730
CP048232.1,417587,1
CP048232.1,417594,1456
CP048232.1,417609,277
CP048232.1,417697,325
CP048232.1,417704,330
CP048232.1,417727,849
CP048232.1,417734,153
CP048232.1,417937,727
CP048232.1,418018,68
CP048232.1,418046,460
CP048232.1,418055,30
CP048232.1,418430,86
CP048232.1,419464,44
CP048232.1,419485,550
CP048232.1,419514,454
CP048232.1,419727,1
CP048232.1,420795,811
CP048232.1,420804,543
CP048232.1,420865,41
CP048232.1,421144,23
CP048232.1,421213,639
CP048232.1,421239,1547
CP048232.1,421244,38
CP048232.1,421245,581
CP048232.1,421246,3839
CP048232.1,421252,3380
CP048232.1,421254,1006
CP048232.1,421257,605
CP048232.1,421261,746
CP048232.1,421268,924
CP048232.1,421301,60
CP048232.1,421318,1099
CP048232.1,421338,319
CP048232.1,421421,28
CP048232.1,421428,94
CP048232.1,421541,6
CP048232.1,421549,1
CP048232.1,421608,7
CP048232.1,421684,1
CP048232.1,421691,781
CP048232.1,421775,143
CP048232.1,421784,1
CP048232.1,421786,46
CP048232.1,422240,1
CP048232.1,422414,577
CP048232.1,422421,38
CP048232.1,422429,708
CP048232.1,422475,170
CP048232.1,422589,54
CP048232.1,422609,298
CP048232.1,424486,82
CP048232.1,424792,622
CP048232.1,425698,4
CP048232.1,425949,11
CP048232.1,425951,326
CP048232.1,425991,19
CP048232.1,426038,298
CP048232.1,426137,190
CP048232.1,426144,24
CP048232.1,426166,371
CP048232.1,426178,631
CP048232.1,426179,1
CP048232.1,426248,1731
CP048232.1,426255,811
CP048232.1,426310,183
CP048232.1,426317,1
CP048232.1,426384,544
CP048232.1,426391,49
CP048232.1,426475,729
CP048232.1,426543,156
CP048232.1,426559,136
CP048232.1,426568,44
CP048232.1,426823,1
CP048232.1,426871,27
CP048232.1,426883,344
CP048232.1,427515,516
CP048232.1,428075,10
CP048232.1,428567,411
CP048232.1,428574,234
CP048232.1,428749,342
CP048232.1,428813,178
CP048232.1,428892,1
CP048232.1,428972,202
CP048232.1,429958,192
CP048232.1,430463,6
CP048232.1,430693,788
CP048232.1,430782,58
CP048232.1,430785,838
CP048232.1,430789,1535
CP048232.1,430859,306
CP048232.1,430866,1026
CP048232.1,430907,1232
CP048232.1,430914,54
CP048232.1,431658,931
CP048232.1,431690,274
CP048232.1,431749,926
CP048232.1,431756,42
CP048232.1,431770,544
CP048232.1,431777,915
CP048232.1,431779,106
CP048232.1,431781,1041
CP048232.1,431809,40
CP048232.1,431826,93
CP048232.1,431828,133
CP048232.1,431952,1060
CP048232.1,431959,299
CP048232.1,432034,116
CP048232.1,432037,670
CP048232.1,432041,2346
CP048232.1,432048,1
CP048232.1,432085,1007
CP048232.1,432138,1056
CP048232.1,432145,811
CP048232.1,432149,56
CP048232.1,432229,17
CP048232.1,432236,110
CP048232.1,432263,1
CP048232.1,432265,608
CP048232.1,432271,156
CP048232.1,432272,717
CP048232.1,432278,4
CP048232.1,432279,297
CP048232.1,432283,1281
CP048232.1,432286,439
CP048232.1,432287,9
CP048232.1,432290,510
CP048232.1,432293,1
CP048232.1,432328,179
CP048232.1,432330,44
CP048232.1,432361,631
CP048232.1,432383,289
CP048232.1,432416,36
CP048232.1,432508,551
CP048232.1,432515,498
CP048232.1,432539,630
CP048232.1,432615,67
CP048232.1,432675,751
CP048232.1,432682,894
CP048232.1,432701,39
CP048232.1,432708,347
CP048232.1,432724,373
CP048232.1,432728,2103
CP048232.1,432731,1092
CP048232.1,432733,577
CP048232.1,432735,59
CP048232.1,432740,2
CP048232.1,432768,124
CP048232.1,432830,11
CP048232.1,432853,255
CP048232.1,432870,363
CP048232.1,432931,116
CP048232.1,432994,290
CP048232.1,433033,1
CP048232.1,433127,43
CP048232.1,433180,21
CP048232.1,433333,1
CP048232.1,433382,164
CP048232.1,433386,60
CP048232.1,433392,1555
CP048232.1,433393,566
CP048232.1,433399,701
CP048232.1,433439,637
CP048232.1,433450,231
CP048232.1,433457,68
CP048232.1,433459,254
CP048232.1,433660,738
CP048232.1,433836,368
CP048232.1,433963,808
CP048232.1,433970,1031
CP048232.1,433980,473
CP048232.1,434010,31
CP048232.1,434012,358
CP048232.1,434014,100
CP048232.1,434017,1098
CP048232.1,434037,645
CP048232.1,434058,60
CP048232.1,434073,1
CP048232.1,434463,113
CP048232.1,434468,66
CP048232.1,434470,421
CP048232.1,434532,12
CP048232.1,434631,1
CP048232.1,434706,1
CP048232.1,434710,2
CP048232.1,434792,156
CP048232.1,435197,494
CP048232.1,435364,421
CP048232.1,435371,151
CP048232.1,435383,50
CP048232.1,435408,1438
CP048232.1,435556,1
CP048232.1,435591,254
CP048232.1,435855,228
CP048232.1,435997,80
CP048232.1,436000,1286
CP048232.1,436017,293
CP048232.1,436683,1
CP048232.1,436707,119
CP048232.1,436850,1
CP048232.1,437211,834
CP048232.1,437213,303
CP048232.1,437498,996
CP048232.1,437505,5
CP048232.1,438402,1
CP048232.1,438946,15
CP048232.1,439113,37
CP048232.1,440292,487
CP048232.1,440334,281
CP048232.1,440362,396
CP048232.1,440578,283
CP048232.1,440651,168
CP048232.1,440660,588
CP048232.1,440687,422
CP048232.1,440699,194
CP048232.1,440706,344
CP048232.1,440715,222
CP048232.1,440748,92
CP048232.1,440762,997
CP048232.1,440769,513
CP048232.1,440807,1236
CP048232.1,440811,103
CP048232.1,440839,154
CP048232.1,440852,966
CP048232.1,440859,1170
CP048232.1,440878,510
CP048232.1,440912,49
CP048232.1,440931,1581
CP048232.1,440995,73
CP048232.1,441006,485
CP048232.1,441101,1040
CP048232.1,441170,17
CP048232.1,441177,2573
CP048232.1,441193,185
CP048232.1,441202,8
CP048232.1,441289,281
CP048232.1,441296,9
CP048232.1,441372,457
CP048232.1,441433,110
CP048232.1,441455,250
CP048232.1,441502,1
CP048232.1,441689,256
CP048232.1,441700,1
CP048232.1,442855,226
CP048232.1,443155,43
CP048232.1,443636,9
CP048232.1,443696,370
CP048232.1,443768,31
CP048232.1,443798,1
CP048232.1,443805,1516
CP048232.1,443896,496
CP048232.1,443903,308
CP048232.1,444005,633
CP048232.1,444016,261
CP048232.1,444018,148
CP048232.1,444172,4
CP048232.1,444285,84
CP048232.1,444374,1
CP048232.1,444531,709
CP048232.1,444538,34
CP048232.1,444750,456
CP048232.1,445475,63
CP048232.1,445851,31
CP048232.1,445926,1
CP048232.1,446285,540
CP048232.1,446488,3
CP048232.1,446877,1
CP048232.1,450306,12
CP048232.1,450373,240
CP048232.1,450533,702
CP048232.1,450553,829
CP048232.1,450560,57
CP048232.1,450589,3
CP048232.1,450596,65
CP048232.1,450673,345
CP048232.1,450688,306
CP048232.1,450693,136
CP048232.1,450700,660
CP048232.1,450746,117
CP048232.1,450810,35
CP048232.1,450991,619
CP048232.1,451029,99
CP048232.1,451163,628
CP048232.1,451167,12
CP048232.1,451198,40
CP048232.1,451215,521
CP048232.1,451235,41
CP048232.1,451403,240
CP048232.1,451484,269
CP048232.1,451649,1
CP048232.1,451656,652
CP048232.1,451780,338
CP048232.1,451812,71
CP048232.1,451843,15
CP048232.1,451866,43
CP048232.1,451993,1
CP048232.1,452320,267
CP048232.1,452671,1
CP048232.1,452680,527
CP048232.1,452795,736
CP048232.1,452829,66
CP048232.1,452834,453
CP048232.1,452875,36
CP048232.1,452882,463
CP048232.1,454207,165
CP048232.1,454346,97
CP048232.1,454355,889
CP048232.1,454368,66
CP048232.1,454376,62
CP048232.1,454435,328
CP048232.1,454437,515
CP048232.1,454444,8
CP048232.1,459345,16
CP048232.1,459385,226
CP048232.1,459439,968
CP048232.1,459551,147
CP048232.1,459568,1
CP048232.1,459608,12
CP048232.1,459647,10
CP048232.1,459679,1224
CP048232.1,459732,11
CP048232.1,459739,428
CP048232.1,459747,274
CP048232.1,459748,746
CP048232.1,459755,946
CP048232.1,462768,568
CP048232.1,462856,272
CP048232.1,462892,392
CP048232.1,462941,24
CP048232.1,463279,165
CP048232.1,463418,81
CP048232.1,463924,501
CP048232.1,466092,1
CP048232.1,466915,25
CP048232.1,466976,452
CP048232.1,467058,96
CP048232.1,467065,2
CP048232.1,467074,530
CP048232.1,467076,6
CP048232.1,467083,34
CP048232.1,467486,251
CP048232.1,469214,236
CP048232.1,471609,35
CP048232.1,471717,216
CP048232.1,471744,285
CP048232.1,471926,379
CP048232.1,471933,173
CP048232.1,471948,239
CP048232.1,472009,100
CP048232.1,472437,724
CP048232.1,472444,32
CP048232.1,472475,3
CP048232.1,472522,42
CP048232.1,472580,1
CP048232.1,472587,585
CP048232.1,472814,282
CP048232.1,472867,25
CP048232.1,473696,1
CP048232.1,473754,433
CP048232.1,473770,1414
CP048232.1,473777,856
CP048232.1,473804,252
CP048232.1,473986,766
CP048232.1,474135,343
CP048232.1,474142,1057
CP048232.1,474173,721
CP048232.1,474227,495
CP048232.1,474264,2
CP048232.1,474302,171
CP048232.1,474333,575
CP048232.1,474348,285
CP048232.1,474355,221
CP048232.1,474391,9
CP048232.1,474570,226
CP048232.1,474572,230
CP048232.1,474577,478
CP048232.1,474766,5
CP048232.1,474863,109
CP048232.1,474865,1
CP048232.1,476347,106
CP048232.1,476406,776
CP048232.1,476484,819
CP048232.1,476491,207
CP048232.1,476581,816
CP048232.1,476598,360
CP048232.1,476605,203
CP048232.1,476658,20
CP048232.1,476670,154
CP048232.1,476733,1
CP048232.1,476765,77
CP048232.1,476784,1
CP048232.1,476882,776
CP048232.1,477091,49
CP048232.1,477169,13
CP048232.1,477174,810
CP048232.1,477176,3740
CP048232.1,477177,1
CP048232.1,477183,108
CP048232.1,478714,46
CP048232.1,478719,348
CP048232.1,478750,58
CP048232.1,478906,19
CP048232.1,479324,1
CP048232.1,479477,1567
CP048232.1,479484,385
CP048232.1,479544,1
CP048232.1,480176,2
CP048232.1,480345,276
CP048232.1,480793,68
CP048232.1,481683,234
CP048232.1,483464,239
CP048232.1,483619,269
CP048232.1,485261,371
CP048232.1,485293,220
CP048232.1,485296,852
CP048232.1,485300,144
CP048232.1,485539,33
CP048232.1,486524,535
CP048232.1,488075,96
CP048232.1,488192,31
CP048232.1,488335,446
CP048232.1,488408,2
CP048232.1,491357,449
CP048232.1,492001,112
CP048232.1,492473,151
CP048232.1,492483,6
CP048232.1,493146,8
CP048232.1,493164,261
CP048232.1,496060,1
CP048232.1,496131,658
CP048232.1,497202,74
CP048232.1,497246,846
CP048232.1,497247,980
CP048232.1,497326,151
CP048232.1,497331,877
CP048232.1,497410,182
CP048232.1,497417,3
CP048232.1,497498,354
CP048232.1,498203,284
CP048232.1,500842,150
CP048232.1,501168,33
CP048232.1,501293,1013
CP048232.1,501400,1
CP048232.1,501410,283
CP048232.1,501411,411
CP048232.1,501470,1
CP048232.1,501472,216
CP048232.1,501477,627
CP048232.1,503789,326
CP048232.1,504265,4
CP048232.1,504347,11
CP048232.1,504480,753
CP048232.1,504520,146
CP048232.1,504556,318
CP048232.1,504660,1173
CP048232.1,506884,123
CP048232.1,507702,3
CP048232.1,508862,4
CP048232.1,508977,230
CP048232.1,509077,198
CP048232.1,509086,18
CP048232.1,511782,72
CP048232.1,512833,814
CP048232.1,513344,567
CP048232.1,513634,710
CP048232.1,516119,156
CP048232.1,516557,134
CP048232.1,516772,86
CP048232.1,520582,301
CP048232.1,520739,1
CP048232.1,520863,1
CP048232.1,521004,657
CP048232.1,521011,2149
CP048232.1,521018,132
CP048232.1,521169,641
CP048232.1,521224,511
CP048232.1,521233,5
CP048232.1,521240,2
CP048232.1,528970,533
CP048232.1,529090,138
CP048232.1,530518,318
CP048232.1,532671,8
CP048232.1,532868,303
CP048233.1,1597,111
CP048233.1,15933,127
CP048233.1,16476,379
CP048233.1,17712,485
CP048233.1,17885,33
CP048233.1,18326,34
CP048233.1,19466,5
CP048233.1,20017,635
CP048233.1,20110,27
CP048233.1,20174,88
CP048233.1,21920,157
CP048233.1,24221,17
CP048233.1,24644,430
CP048233.1,25927,1
CP048233.1,27749,1
CP048233.1,28171,2
CP048233.1,28238,1
CP048233.1,28300,1
CP048233.1,28444,1
CP048233.1,28576,1726
CP048233.1,28819,2
CP048233.1,29099,1825
CP048233.1,29468,1
CP048233.1,29476,1
CP048233.1,29493,571
CP048233.1,29573,791
CP048233.1,29719,609
CP048233.1,29781,3
CP048233.1,29809,1
CP048233.1,29915,213
CP048233.1,30254,1110
CP048233.1,30278,100
CP048233.1,30493,2
CP048233.1,30552,1
CP048233.1,30553,1
CP048233.1,30712,511
CP048233.1,30720,4
CP048233.1,30773,670
CP048233.1,30879,711
CP048233.1,31640,198
CP048233.1,31825,196
CP048233.1,44619,376
CP048233.1,44621,9
CP048233.1,44625,100
CP048233.1,44632,245
CP048233.1,51343,13
CP048233.1,51554,23
CP048233.1,54931,237
CP048233.1,55167,73
CP048233.1,55206,484
CP048233.1,55317,571
CP048233.1,55349,13
CP048233.1,55356,2
CP048233.1,55495,16
CP048233.1,55525,378
CP048233.1,55539,113
CP048233.1,55546,21
CP048233.1,55604,1
CP048233.1,55611,99
CP048233.1,55634,11
CP048233.1,55641,659
CP048233.1,55681,12
CP048233.1,55726,33
CP048233.1,55731,28
CP048233.1,55745,57
CP048233.1,55955,58
CP048233.1,55980,112
CP048233.1,56000,407
CP048233.1,56329,1
CP048233.1,57596,17
CP048233.1,57715,608
CP048233.1,59551,128
CP048233.1,59581,138
CP048233.1,62388,81
CP048233.1,62578,637
CP048233.1,62617,616
CP048233.1,62659,941
CP048233.1,62666,222
CP048233.1,67555,30
CP048233.1,68020,22
CP048233.1,68297,63
CP048233.1,68332,395
CP048233.1,68622,1
CP048233.1,68672,449
CP048233.1,68744,128
CP048233.1,71337,459
CP048233.1,71420,9
CP048233.1,72708,353
CP048233.1,72715,188
CP048233.1,72857,806
CP048233.1,74881,270
CP048233.1,75053,31
CP048233.1,75183,65
CP048233.1,75211,344
CP048233.1,78226,320
CP048233.1,78404,743
CP048233.1,78405,1
CP048233.1,78530,38
CP048233.1,78713,8
CP048233.1,78715,31
CP048233.1,79434,1
CP048233.1,79435,318
CP048233.1,79437,616
CP048233.1,79444,1
CP048233.1,80633,351
CP048233.1,80775,1049
CP048233.1,80782,54
CP048233.1,80906,473
CP048233.1,80913,207
CP048233.1,81085,434
CP048233.1,85104,297
CP048233.1,85406,150
CP048233.1,85587,18
CP048233.1,85603,409
CP048233.1,85611,312
CP048233.1,85972,162
CP048233.1,90984,390
CP048233.1,91021,476
CP048233.1,91106,1
CP048233.1,91222,1018
CP048233.1,91247,172
CP048233.1,91718,1
CP048233.1,91864,2
CP048233.1,91880,457
CP048233.1,92335,336
CP048233.1,92342,9
CP048233.1,93604,89
CP048233.1,94096,66
CP048233.1,95568,854
CP048233.1,95666,16
CP048233.1,95937,772
CP048233.1,95944,2
CP048233.1,96054,13
CP048233.1,96061,127
CP048233.1,96803,228
CP048233.1,96985,93
CP048233.1,97024,3
CP048233.1,97046,717
CP048233.1,97063,46
CP048233.1,97165,85
CP048233.1,97172,115
CP048233.1,97181,259
CP048233.1,97230,1
CP048233.1,97327,928
CP048233.1,98315,133
CP048233.1,98740,476
CP048233.1,98754,6
CP048233.1,98785,106
CP048233.1,99214,461
CP048233.1,99219,154
CP048233.1,99232,344
CP048233.1,99719,23
CP048233.1,99726,27
CP048233.1,99741,8
CP048233.1,99977,40
CP048233.1,100023,237
CP048233.1,103149,490
CP048233.1,103191,453
CP048233.1,103277,33
CP048233.1,103479,379
CP048233.1,103531,18
CP048233.1,103887,183
CP048233.1,105958,79
CP048233.1,106085,1126
CP048233.1,106443,185
CP048233.1,106444,114
CP048233.1,106505,662
CP048233.1,106601,1
CP048233.1,106615,147
CP048233.1,106622,813
CP048233.1,106675,226
CP048233.1,106681,30
CP048233.1,106799,654
CP048233.1,106841,439
CP048233.1,106915,243
CP048233.1,106954,454
CP048233.1,106963,1
CP048233.1,107155,548
CP048233.1,107173,769
CP048233.1,107177,1061
CP048233.1,107421,331
CP048233.1,107423,383
CP048233.1,107432,20
CP048233.1,107934,67
CP048233.1,108907,68
CP048233.1,115910,13
CP048233.1,115914,48
CP048233.1,115926,71
CP048233.1,121594,28
CP048233.1,122008,56
CP048233.1,122975,1073
CP048233.1,123023,447
CP048233.1,123126,35
CP048233.1,123150,639
CP048233.1,125041,503
CP048233.1,125326,28
CP048233.1,128656,1272
CP048233.1,129391,1499
CP048233.1,129508,8
CP048233.1,129525,157
CP048233.1,129586,955
CP048233.1,129624,451
CP048233.1,129657,520
CP048233.1,129666,29
CP048233.1,129795,7
CP048233.1,129846,581
CP048233.1,129853,1
CP048233.1,129878,38
CP048233.1,129885,228
CP048233.1,130126,564
CP048233.1,130255,131
CP048233.1,136086,70
CP048233.1,136104,21
CP048233.1,136192,157
CP048233.1,136895,1090
CP048233.1,136902,276
CP048233.1,137996,248
CP048233.1,138051,1
CP048233.1,138058,5
CP048233.1,140193,1
CP048233.1,140452,772
CP048233.1,140477,2
CP048233.1,140573,327
CP048233.1,140587,1
CP048233.1,140619,219
CP048233.1,146812,29
CP048233.1,146906,11
CP048233.1,146923,12
CP048233.1,146930,53
CP048233.1,146932,7
CP048233.1,148666,168
CP048233.1,148677,12
CP048233.1,151641,88
CP048233.1,152409,76
CP048233.1,152443,391
CP048233.1,152565,1174
CP048233.1,152572,24
CP048233.1,152653,13
CP048233.1,152687,53
CP048233.1,152746,14
CP048233.1,161221,282
CP048233.1,161382,140
CP048233.1,161498,39
CP048233.1,161615,94
CP048233.1,161622,1
CP048233.1,162149,1
CP048233.1,163445,1
CP048233.1,168289,536
CP048233.1,168321,308
CP048233.1,168327,301
CP048233.1,168682,54
CP048233.1,168693,478
CP048233.1,168702,1
CP048233.1,168856,185
CP048233.1,169156,4
CP048233.1,169265,514
CP048233.1,169454,760
CP048233.1,169691,376
CP048233.1,170381,260
CP048233.1,170721,1
CP048233.1,170723,4
CP048233.1,170725,44
CP048233.1,176986,321
CP048233.1,182755,1
CP048233.1,182778,185
CP048233.1,182800,482
CP048233.1,182832,7
CP048233.1,182835,66
CP048233.1,182845,233
CP048233.1,182875,59
CP048233.1,182919,438
CP048233.1,182926,161
CP048233.1,185268,126
CP048233.1,185449,297
CP048233.1,185467,471
CP048233.1,186412,768
CP048233.1,186421,665
CP048233.1,186525,306
CP048233.1,186532,373
CP048233.1,186724,908
CP048233.1,186731,1891
CP048233.1,186941,1
CP048233.1,187822,2
CP048233.1,187834,483
CP048233.1,189195,392
CP048233.1,189202,465
CP048233.1,189203,287
CP048233.1,189524,1991
CP048233.1,189665,6
CP048233.1,189772,76
CP048233.1,189865,428
CP048233.1,189910,406
CP048233.1,192856,9
CP048233.1,192858,42
CP048233.1,193142,103
CP048233.1,194401,22
CP048233.1,194457,2
CP048233.1,196832,1
CP048233.1,202829,222
CP048233.1,205434,9
CP048233.1,208744,102
CP048233.1,211724,794
CP048233.1,212759,83
CP048233.1,215254,22
CP048233.1,215279,3
CP048233.1,215334,434
CP048233.1,215341,163
CP048233.1,215375,420
CP048233.1,215392,110
CP048233.1,215502,301
CP048233.1,226855,397
CP048233.1,227726,1077
CP048233.1,227898,497
CP048233.1,228147,166
CP048233.1,233287,2
CP048233.1,233310,436
CP048233.1,235735,25
CP048233.1,243177,234
CP048233.1,243592,15
CP048233.1,243606,3
CP048233.1,243849,1
CP048233.1,243904,2
CP048233.1,244077,533
CP048233.1,244174,48
CP048233.1,245873,2
CP048233.1,248874,442
CP048233.1,248908,489
CP048233.1,248913,755
CP048233.1,248915,1643
CP048233.1,248922,1142
CP048233.1,248937,334
CP048233.1,249030,475
CP048233.1,249035,61
CP048233.1,249050,445
CP048233.1,249115,2289
CP048233.1,249841,24
CP048233.1,252216,1
CP048233.1,255636,316
CP048233.1,258674,1
CP048233.1,258724,435
CP048233.1,259005,596
CP048233.1,259230,342
CP048233.1,261172,172
CP048233.1,261221,25
CP048233.1,263853,740
CP048233.1,265737,398
CP048233.1,265744,649
CP048233.1,265991,144
CP048233.1,273306,216
CP048233.1,276783,303
CP048233.1,277012,578
CP048233.1,277014,23
CP048233.1,277067,57
CP048233.1,277194,1
CP048233.1,281721,331
CP048233.1,287558,18
CP048233.1,292731,295
CP048233.1,295382,800
CP048233.1,298432,3
CP048233.1,298439,93
CP048233.1,301644,24
CP048233.1,301692,35
CP048233.1,305481,55
CP048233.1,306151,75
CP048233.1,306350,107
CP048233.1,306465,514
CP048233.1,306621,1
CP048233.1,306781,111
CP048233.1,307402,315
CP048233.1,308107,940
CP048233.1,312780,543
CP048233.1,313085,9
CP048233.1,314733,25
CP048233.1,315606,86
CP048233.1,317195,4
CP048233.1,317197,3
CP048233.1,317199,125
CP048233.1,317221,93
CP048233.1,317238,30
CP048233.1,317248,216
CP048233.1,327079,31
CP048233.1,327094,791
CP048233.1,333904,1
CP048233.1,333978,54
CP048233.1,334597,104
CP048233.1,336709,86
CP048233.1,339329,108
CP048233.1,344213,67
CP048233.1,345466,1
CP048233.1,347603,237
CP048233.1,347610,484
CP048233.1,347617,38
CP048233.1,349394,3
CP048233.1,351660,1
CP048233.1,352664,280
CP048233.1,352701,1110
CP048233.1,352702,1409
CP048233.1,352754,3159
CP048233.1,353003,92
CP048233.1,361790,51
CP048233.1,361888,38
CP048233.1,361895,378
CP048233.1,365128,637
CP048233.1,365868,726
CP048233.1,369222,285
CP048233.1,375733,446
CP048233.1,376078,34
CP048233.1,377094,153
CP048233.1,379403,727
CP048233.1,380806,1
CP048233.1,381620,35
CP048233.1,381624,66
CP048233.1,383709,636
CP048233.1,385203,244
CP048233.1,385463,560
CP048233.1,387517,690
CP048233.1,387565,1072
CP048233.1,387704,71
CP048233.1,387761,451
CP048233.1,387850,1
CP048233.1,387857,134
CP048233.1,387953,220
CP048233.1,388097,1
CP048233.1,388211,659
CP048233.1,388216,1
CP048233.1,388401,2057
CP048233.1,388526,132
CP048233.1,388580,828
CP048233.1,394358,152
CP048233.1,394597,1
CP048233.1,395089,271
CP048233.1,395105,665
CP048233.1,395114,275
CP048233.1,395119,8
CP048233.1,395166,50
CP048233.1,395173,169
CP048233.1,395174,384
CP048233.1,399709,220
CP048233.1,399728,755
CP048233.1,399769,388
CP048233.1,399773,80
CP048233.1,399857,399
CP048233.1,399932,91
CP048233.1,399948,14
CP048233.1,399949,321
CP048233.1,400135,64
CP048233.1,400178,200
CP048233.1,401547,1
CP048233.1,401554,1005
CP048233.1,401555,1
CP048233.1,401620,637
CP048233.1,401628,295
CP048233.1,401818,754
CP048233.1,401881,252
CP048233.1,402889,58
CP048233.1,406122,200
CP048233.1,406140,204
CP048233.1,406147,319
CP048233.1,408149,1137
CP048233.1,408832,18
CP048233.1,414326,891
CP048233.1,414348,1
CP048233.1,414943,1
CP048233.1,419521,122
CP048233.1,419690,331
CP048233.1,419714,62
CP048233.1,419903,36
CP048233.1,419907,6
CP048233.1,422947,228
CP048233.1,423064,632
CP048233.1,423092,358
CP048233.1,423102,756
CP048233.1,423142,18
CP048233.1,423372,760
CP048233.1,423377,291
CP048233.1,423832,295
CP048233.1,424027,588
CP048233.1,427553,7
CP048233.1,428210,27
CP048233.1,432261,342
CP048233.1,432471,588
CP048233.1,432532,722
CP048233.1,433655,19
CP048233.1,433867,469
CP048233.1,433895,1
CP048233.1,434045,1
CP048233.1,434106,1
CP048233.1,434241,716
CP048233.1,437308,8
CP048233.1,437330,10
CP048233.1,439463,11
CP048233.1,441733,1
CP048233.1,441906,892
CP048233.1,441913,1
CP048233.1,444008,583
CP048233.1,444015,231
CP048233.1,445649,214
CP048233.1,445884,10
CP048233.1,446006,574
CP048233.1,446013,1
CP048233.1,450370,670
CP048233.1,450422,88
CP048233.1,450452,45
CP048233.1,451022,30
CP048233.1,454092,784
CP048233.1,454101,1086
CP048233.1,454110,51
CP048233.1,454115,91
CP048233.1,454117,666
CP048233.1,454223,737
CP048233.1,454253,11
CP048233.1,454268,617
CP048233.1,456329,64
CP048233.1,461505,290
CP048233.1,462907,7
CP048233.1,462925,494
CP048233.1,462930,30
CP048233.1,462932,706
CP048233.1,462981,15
CP048233.1,465313,352
CP048233.1,465447,29
CP048233.1,465664,387
CP048233.1,465671,673
CP048233.1,465766,1221
CP048233.1,465802,97
CP048233.1,470473,369
CP048233.1,470877,522
CP048233.1,470927,55
CP048233.1,471120,12
CP048233.1,471153,160
CP048233.1,471160,18
CP048233.1,471325,27
CP048233.1,471423,602
CP048233.1,471432,1
CP048233.1,471435,287
CP048233.1,471531,129
CP048233.1,471644,1
CP048233.1,471711,9
CP048233.1,471714,626
CP048233.1,472583,821
CP048233.1,478176,1527
CP048233.1,478197,151
CP048233.1,478264,120
CP048233.1,478267,1
CP048233.1,478368,676
CP048233.1,478380,1
CP048233.1,478402,579
CP048233.1,478485,331
CP048233.1,478537,1078
CP048233.1,478634,1009
CP048233.1,478698,7
CP048233.1,478700,6
CP048233.1,478767,756
CP048233.1,480553,120
CP048233.1,484237,629
CP048233.1,484528,522
CP048233.1,484604,160
CP048233.1,484632,517
CP048233.1,484639,820
CP048233.1,489024,65
CP048233.1,491244,9
CP048233.1,492654,10
CP048233.1,492670,1
CP048233.1,492703,464
CP048233.1,494351,443
CP048233.1,494395,337
CP048233.1,495661,13
CP048233.1,495907,1518
CP048233.1,495914,428
CP048233.1,496112,14
CP048233.1,496781,1
CP048233.1,496803,391
CP048233.1,496807,472
CP048233.1,496810,93
CP048233.1,496984,255
CP048233.1,496989,209
CP048233.1,497245,1
CP048233.1,497316,5
CP048233.1,497346,88
CP048233.1,502440,2516
CP048233.1,502447,1
CP048233.1,502461,82
CP048233.1,502471,228
CP048233.1,502484,1122
CP048233.1,502499,3
CP048233.1,502541,668
CP048233.1,502624,921
CP048233.1,502677,82
CP048233.1,505971,1
CP048233.1,506920,79
CP048233.1,507095,172
CP048233.1,510025,19
CP048233.1,510526,1
CP048233.1,511194,658
CP048233.1,511201,10
CP048233.1,511260,37
CP048233.1,511277,302
CP048233.1,513558,1
CP048233.1,513867,212
CP048233.1,514647,263
CP048233.1,514653,10
CP048233.1,514785,1
CP048233.1,517078,1
CP048233.1,517267,218
CP048233.1,522491,165
CP048233.1,522498,341
CP048233.1,522902,2
CP048233.1,524506,25
CP048233.1,524508,257
CP048233.1,530606,278
CP048233.1,530854,316
CP048233.1,532642,54
CP048233.1,532649,38
CP048233.1,532739,477
CP048233.1,532743,68
CP048233.1,532750,30
CP048233.1,532764,32
CP048233.1,532778,576
CP048233.1,532785,729
CP048233.1,532866,64
CP048233.1,532945,20
CP048233.1,533291,488
CP048233.1,533313,48
CP048233.1,533363,57
CP048233.1,533433,677
CP048233.1,533496,1
CP048233.1,534920,36
CP048233.1,535007,830
CP048233.1,535130,1
CP048233.1,536661,577
CP048233.1,536668,272
CP048233.1,536868,18
CP048233.1,536875,1463
CP048233.1,537176,12
CP048233.1,537433,1
CP048233.1,537440,174
CP048233.1,537460,583
CP048233.1,537467,862
CP048233.1,537542,8
CP048233.1,537628,1513
CP048233.1,537635,5
CP048233.1,537698,60
CP048233.1,537705,1
CP048233.1,537737,315
CP048233.1,537883,253
CP048233.1,537975,281
CP048233.1,538039,23
CP048233.1,538136,226
CP048233.1,538210,9
CP048233.1,539880,453
CP048233.1,540059,234
CP048233.1,540066,147
CP048233.1,540132,177
CP048233.1,540229,83
CP048233.1,540310,4
CP048233.1,540356,597
CP048233.1,540402,288
CP048233.1,540412,1
CP048233.1,540434,1
CP048233.1,540466,804
CP048233.1,540520,35
CP048233.1,541522,116
CP048233.1,541529,61
CP048233.1,541533,2
CP048233.1,541750,1
CP048233.1,541874,625
CP048233.1,541989,356
CP048233.1,542108,69
CP048233.1,542131,82
CP048233.1,542133,7
CP048233.1,542281,6
CP048233.1,542283,388
CP048233.1,542998,1479
CP048233.1,543002,177
CP048233.1,543004,1492
CP048233.1,543010,460
CP048233.1,543011,264
CP048233.1,543016,144
CP048233.1,543017,1
CP048233.1,543020,124
CP048233.1,543022,242
CP048233.1,543023,245
CP048233.1,543029,27
CP048233.1,543255,1
CP048233.1,543272,489
CP048233.1,548667,958
CP048233.1,549579,23
CP048233.1,549781,234
CP048233.1,550072,7
CP048233.1,550861,8
CP048233.1,550868,1
CP048233.1,551862,2
CP048233.1,552014,832
CP048233.1,552110,470
CP048233.1,552112,955
CP048233.1,552113,1
CP048233.1,552115,1
CP048233.1,552119,953
CP048233.1,552121,2
CP048233.1,552134,45
CP048233.1,552189,1
CP048233.1,552197,646
CP048233.1,552418,473
CP048233.1,553503,182
CP048233.1,553549,8
CP048233.1,556942,173
CP048233.1,557129,62
CP048233.1,557246,727
CP048233.1,557929,7
CP048233.1,558827,236
CP048233.1,558830,292
CP048233.1,558836,66
CP048233.1,558928,553
CP048233.1,558955,4
CP048233.1,558982,360
CP048233.1,558984,53
CP048233.1,558987,591
CP048233.1,559018,95
CP048233.1,559037,291
CP048233.1,559050,1292
CP048233.1,559064,871
CP048233.1,559211,74
CP048233.1,559308,34
CP048233.1,559324,2641
CP048233.1,559331,381
CP048233.1,559354,26
CP048233.1,559368,35
CP048233.1,559415,119
CP048233.1,559418,1365
CP048233.1,559419,163
CP048233.1,559424,875
CP048233.1,559425,1670
CP048233.1,559428,11
CP048233.1,559429,1318
CP048233.1,559430,251
CP048233.1,559431,611
CP048233.1,559437,161
CP048233.1,559532,827
CP048233.1,559541,1
CP048233.1,559545,384
CP048233.1,559577,27
CP048233.1,559596,5
CP048233.1,559621,570
CP048233.1,559778,187
CP048233.1,560137,751
CP048233.1,560144,303
CP048233.1,560190,126
CP048233.1,561752,905
CP048233.1,561764,1
CP048233.1,561825,1
CP048233.1,562003,52
CP048233.1,563135,320
CP048233.1,564363,710
CP048233.1,564370,1626
CP048233.1,564551,951
CP048233.1,564755,521
CP048233.1,565000,10
CP048233.1,565042,182
CP048233.1,565512,288
CP048233.1,566245,39
CP048233.1,570491,1
CP048233.1,570647,9
CP048233.1,571703,1
CP048233.1,574713,125
CP048233.1,574718,1
CP048233.1,574721,1
CP048233.1,574761,1
CP048233.1,574830,374
CP048233.1,574834,1202
CP048233.1,574872,1359
CP048233.1,574928,126
CP048233.1,574982,1
CP048233.1,575014,38
CP048233.1,575088,4
CP048233.1,575416,514
CP048233.1,575423,193
CP048233.1,575468,744
CP048233.1,575470,564
CP048233.1,575475,1210
CP048233.1,575805,646
CP048233.1,576655,670
CP048233.1,577347,228
CP048233.1,577378,363
CP048233.1,579052,2
CP048233.1,579296,87
CP048233.1,579391,98
CP048233.1,579565,35
CP048233.1,579606,1
CP048233.1,580923,614
CP048233.1,581351,3
CP048233.1,581360,5
CP048233.1,581379,22
CP048233.1,581424,4
CP048233.1,581432,2
CP048233.1,581439,596
CP048233.1,581479,75
CP048233.1,581492,657
CP048233.1,581536,450
CP048233.1,581543,139
CP048233.1,581548,341
CP048233.1,581550,1364
CP048233.1,581555,1013
CP048233.1,581557,9
CP048233.1,581615,651
CP048233.1,581626,584
CP048233.1,581668,2475
CP048233.1,581675,1049
CP048233.1,581679,131
CP048233.1,581686,472
CP048233.1,581703,132
CP048233.1,581917,47
CP048233.1,582243,22
CP048233.1,583582,112
CP048233.1,583790,124
CP048233.1,585197,7
CP048233.1,585224,260
CP048233.1,585231,1028
CP048233.1,586842,4
CP048233.1,588984,122
CP048233.1,589151,9
CP048233.1,589564,3
CP048233.1,589587,213
CP048233.1,589594,8
CP048233.1,591455,105
CP048233.1,594420,435
CP048233.1,594471,1
CP048233.1,595038,272
CP048233.1,595123,188
CP048233.1,595364,471
CP048233.1,595660,23
CP048233.1,595716,816
CP048233.1,595797,54
CP048233.1,595808,371
CP048233.1,595826,2
CP048233.1,595837,1004
CP048233.1,595844,1813
CP048233.1,595893,32
CP048233.1,595938,132
CP048233.1,595950,241
CP048233.1,595965,467
CP048233.1,595972,824
CP048233.1,596101,484
CP048233.1,596507,382
CP048233.1,596521,176
CP048233.1,596659,519
CP048233.1,597009,148
CP048233.1,597093,167
CP048233.1,597104,193
CP048233.1,597312,234
CP048233.1,597529,23
CP048233.1,597716,5
CP048233.1,597788,74
CP048233.1,597963,179
CP048233.1,598126,389
CP048233.1,598158,414
CP048233.1,598683,4
CP048233.1,598685,15
CP048233.1,598692,344
CP048233.1,598693,186
CP048233.1,598694,655
CP048233.1,598702,48
CP048233.1,598726,1
CP048233.1,598749,273
CP048233.1,598756,316
CP048233.1,599003,33
CP048233.1,599028,159
CP048233.1,599041,664
CP048233.1,599267,487
CP048233.1,599295,217
CP048233.1,599358,1
CP048233.1,599532,2
CP048233.1,599733,206
CP048233.1,599740,1
CP048233.1,600071,377
CP048233.1,600440,8
CP048233.1,601128,342
CP048233.1,601203,4
CP048233.1,601366,222
CP048233.1,601551,209
CP048233.1,601558,21
CP048233.1,601570,3
CP048233.1,601731,22
CP048233.1,601907,538
CP048233.1,601927,241
CP048233.1,601928,368
CP048233.1,601953,463
CP048233.1,601959,1477
CP048233.1,601960,71
CP048233.1,601961,1741
CP048233.1,601966,226
CP048233.1,601968,897
CP048233.1,603658,1
CP048233.1,604113,7
CP048233.1,604268,46
CP048233.1,604347,16
CP048233.1,604377,2
CP048233.1,604380,498
CP048233.1,604402,1054
CP048233.1,605628,354
CP048233.1,605779,346
CP048233.1,606743,18
CP048233.1,606799,237
CP048233.1,606985,401
CP048233.1,606996,42
CP048233.1,607192,93
CP048233.1,607213,2
CP048233.1,607269,488
CP048233.1,607301,227
CP048233.1,607339,126
CP048233.1,607389,21
CP048233.1,607491,440
CP048233.1,607506,540
CP048233.1,607526,423
CP048233.1,609263,1
CP048233.1,609548,1
CP048233.1,609563,653
CP048233.1,609592,1
CP048233.1,609603,374
CP048233.1,609616,1191
CP048233.1,609637,992
CP048233.1,609639,385
CP048233.1,609646,28
CP048233.1,609647,134
CP048233.1,609655,9
CP048233.1,609721,2
CP048233.1,609728,1394
CP048233.1,609830,1535
CP048233.1,609837,405
CP048233.1,609851,676
CP048233.1,609903,1425
CP048233.1,610067,1565
CP048233.1,610119,4
CP048233.1,612093,9
CP048233.1,612125,35
CP048233.1,612340,48
CP048233.1,612382,1
CP048233.1,612853,450
CP048233.1,613037,45
CP048233.1,613404,144
CP048233.1,613432,169
CP048233.1,613436,67
CP048233.1,613443,621
CP048233.1,613449,117
CP048233.1,613496,269
CP048233.1,613503,145
CP048233.1,613626,25
CP048233.1,613633,86
CP048233.1,613749,45
CP048233.1,613959,1
CP048233.1,615179,193
CP048233.1,615355,22
CP048233.1,615368,90
CP048233.1,615564,560
CP048233.1,615571,325
CP048233.1,615677,259
CP048233.1,617634,869
CP048233.1,617774,65
CP048233.1,617820,39
CP048233.1,617844,240
CP048233.1,619488,96
CP048233.1,619664,3
CP048233.1,619863,310
CP048233.1,620014,554
CP048233.1,620029,557
CP048233.1,620217,12
CP048233.1,620321,238
CP048233.1,621494,311
CP048233.1,621673,35
CP048233.1,621716,470
CP048233.1,621818,64
CP048233.1,623643,62
CP048233.1,623713,963
CP048233.1,623720,12
CP048233.1,627842,776
CP048233.1,628313,161
CP048233.1,628531,274
CP048233.1,628742,193
CP048233.1,629018,666
CP048233.1,629025,2118
CP048233.1,629127,834
CP048233.1,629350,383
CP048233.1,629406,743
CP048233.1,629505,233
CP048233.1,629798,154
CP048233.1,630493,159
CP048233.1,631461,57
CP048233.1,631893,1
CP048233.1,632200,368
CP048233.1,632741,2
CP048233.1,632742,1
CP048233.1,632797,517
CP048233.1,632956,2
CP048233.1,633330,55
CP048233.1,633363,48
CP048233.1,633720,339
CP048233.1,633927,66
CP048233.1,634159,56
CP048233.1,634976,33
CP048233.1,635826,542
CP048233.1,635871,304
CP048233.1,635981,408
CP048233.1,636764,1098
CP048233.1,636773,22
CP048233.1,638375,22
CP048233.1,638389,289
CP048233.1,638484,1
CP048233.1,638505,299
CP048233.1,638525,4
CP048233.1,638532,350
CP048233.1,638589,31
CP048233.1,638632,40
CP048233.1,643042,21
CP048233.1,643581,500
CP048233.1,643638,40
CP048233.1,643664,473
CP048233.1,643665,98
CP048233.1,643672,104
CP048233.1,643886,1
CP048233.1,643908,105
CP048233.1,644883,866
CP048233.1,644886,1156
CP048233.1,644939,143
CP048233.1,644943,441
CP048233.1,645103,329
CP048233.1,645139,964
CP048233.1,645141,887
CP048233.1,645316,6
CP048233.1,645417,5
CP048233.1,645498,507
CP048233.1,645509,69
CP048233.1,645639,233
CP048233.1,645765,203
CP048233.1,645877,232
CP048233.1,645884,590
CP048233.1,645974,1
CP048233.1,645997,1223
CP048233.1,646078,70
CP048233.1,646095,329
CP048233.1,646100,53
CP048233.1,646102,1522
CP048233.1,646109,1034
CP048233.1,646116,1
CP048233.1,646121,946
CP048233.1,646123,1485
CP048233.1,646137,3029
CP048233.1,646144,114
CP048233.1,646149,1
CP048233.1,646151,2266
CP048233.1,646153,495
CP048233.1,646158,547
CP048233.1,646160,4
CP048233.1,646167,111
CP048233.1,646174,707
CP048233.1,646188,1852
CP048233.1,646195,2735
CP048233.1,646236,1762
CP048233.1,646240,1249
CP048233.1,646249,111
CP048233.1,646250,2310
CP048233.1,646257,1469
CP048233.1,646270,1231
CP048233.1,646275,592
CP048233.1,646277,566
CP048233.1,646323,210
CP048233.1,646330,2905
CP048233.1,646345,8
CP048233.1,646352,2866
CP048233.1,646391,614
CP048233.1,646398,4479
CP048233.1,646458,41
CP048233.1,646512,1
CP048233.1,647158,278
CP048233.1,647622,40
CP048233.1,647811,1
CP048233.1,647841,83
CP048233.1,647872,942
CP048233.1,647878,83
CP048233.1,647887,1
CP048233.1,648045,112
CP048233.1,648085,676
CP048233.1,648124,39
CP048233.1,648126,25
CP048233.1,648128,244
CP048233.1,648130,13
CP048233.1,648132,1
CP048233.1,648133,191
CP048233.1,648143,1
CP048233.1,648144,14
CP048233.1,648146,348
CP048233.1,648151,75
CP048233.1,648153,983
CP048233.1,651259,663
CP048233.1,651695,91
CP048233.1,651699,194
CP048233.1,651904,981
CP048233.1,651911,750
CP048233.1,657954,352
CP048233.1,658022,335
CP048233.1,658033,1
CP048233.1,658038,23
CP048233.1,658045,1825
CP048233.1,658141,274
CP048233.1,658200,7
CP048233.1,662497,306
CP048233.1,665271,1
CP048233.1,665308,100
CP048233.1,665324,1033
CP048233.1,665404,903
CP048233.1,665479,11
CP048233.1,665524,763
CP048233.1,665531,303
CP048233.1,665655,29
CP048233.1,665715,1
CP048233.1,665726,436
CP048233.1,665747,519
CP048233.1,665814,10
CP048233.1,666044,94
CP048233.1,666064,291
CP048233.1,666071,1074
CP048233.1,666072,1
CP048233.1,666157,23
CP048233.1,666164,743
CP048233.1,666467,301
CP048233.1,666493,1621
CP048233.1,666496,5
CP048233.1,666540,316
CP048233.1,666676,1
CP048233.1,666758,16
CP048233.1,666784,437
CP048233.1,666894,232
CP048233.1,666950,97
CP048233.1,666954,40
CP048233.1,666966,479
CP048233.1,666969,266
CP048233.1,669022,624
CP048233.1,669054,844
CP048233.1,669069,1414
CP048233.1,669075,70
CP048233.1,669086,176
CP048233.1,669088,2
CP048233.1,669106,5
CP048233.1,669109,1
CP048233.1,669115,1
CP048233.1,669354,115
CP048233.1,669361,301
CP048233.1,669444,568
CP048233.1,669467,7
CP048233.1,669823,599
CP048233.1,669841,52
CP048233.1,669843,3
CP048233.1,669894,38
CP048233.1,669896,17
CP048233.1,669905,3335
CP048233.1,669908,13
CP048233.1,669912,197
CP048233.1,669934,116
CP048233.1,669946,974
CP048233.1,670031,3
CP048233.1,670059,138
CP048233.1,670453,140
CP048233.1,672105,2
CP048233.1,672362,17
CP048233.1,672614,175
CP048233.1,672621,8
CP048233.1,673629,113
CP048233.1,676657,10
CP048233.1,676748,12
CP048233.1,676813,768
CP048233.1,676931,280
CP048233.1,676937,1083
CP048233.1,677073,46
CP048233.1,677080,220
CP048233.1,677473,6
CP048233.1,677480,1221
CP048233.1,677494,40
CP048233.1,677496,402
CP048233.1,677505,593
CP048233.1,681110,67
CP048233.1,681167,988
CP048233.1,681174,1568
CP048233.1,681201,2
CP048233.1,681245,2
CP048233.1,681248,564
CP048233.1,681374,1
CP048233.1,681520,28
CP048233.1,681850,561
CP048233.1,682177,572
CP048233.1,682193,626
CP048233.1,682200,462
CP048233.1,682221,1
CP048233.1,682289,1
CP048233.1,682399,582
CP048233.1,682716,649
CP048233.1,682726,137
CP048233.1,682733,648
CP048233.1,682767,5
CP048233.1,682798,394
CP048233.1,682815,811
CP048233.1,682822,723
CP048233.1,682863,4013
CP048233.1,682900,21
CP048233.1,682941,1
CP048233.1,682968,282
CP048233.1,683088,235
CP048233.1,683248,117
CP048233.1,683770,2
CP048233.1,684412,12
CP048233.1,685984,1
CP048233.1,686806,48
CP048233.1,686811,1
CP048233.1,687000,329
CP048233.1,687326,416
CP048233.1,687341,527
CP048233.1,688273,83
CP048233.1,699436,37
CP048234.1,14692,367
CP048234.1,41572,265
CP048234.1,41579,426
CP048234.1,51074,1
CP048234.1,52372,2
CP048234.1,52645,121
CP048234.1,56008,1
CP048234.1,63698,78
CP048234.1,66956,2
CP048234.1,69149,737
CP048234.1,69167,1
CP048234.1,69212,210
CP048234.1,69213,874
CP048234.1,69224,1120
CP048234.1,69267,11
CP048234.1,73029,27
CP048234.1,73052,8
CP048234.1,73107,1
CP048234.1,74141,26
CP048234.1,74179,528
CP048234.1,74276,1
CP048234.1,80779,1
CP048234.1,80884,760
CP048234.1,80885,2
CP048234.1,80913,1
CP048234.1,81042,49
CP048234.1,82164,35
CP048234.1,87272,483
CP048234.1,87568,20
CP048234.1,87599,245
CP048234.1,87638,1303
CP048234.1,87645,120
CP048234.1,89089,7
CP048234.1,91509,115
CP048234.1,91510,25
CP048234.1,91566,61
CP048234.1,91923,2
CP048234.1,92061,5
CP048234.1,92401,1
CP048234.1,92408,2
CP048234.1,92428,27
CP048234.1,92646,1
CP048234.1,92941,97
CP048234.1,93317,3
CP048234.1,99147,1
CP048234.1,99392,426
CP048234.1,99468,418
CP048234.1,100928,17
CP048234.1,101215,507
CP048234.1,101217,66
CP048234.1,101271,77
CP048234.1,101902,454
CP048234.1,102714,389
CP048234.1,103069,229
CP048234.1,109167,17
CP048234.1,110681,1092
CP048234.1,110685,259
CP048234.1,116230,1
CP048234.1,116271,153
CP048234.1,119027,484
CP048234.1,119028,143
CP048234.1,122915,62
CP048234.1,123188,115
CP048234.1,124587,13
CP048234.1,124589,1
CP048234.1,124614,1
CP048234.1,124934,193
CP048234.1,124966,84
CP048234.1,125074,228
CP048234.1,126245,1
CP048234.1,126460,102
CP048234.1,126507,956
CP048234.1,126549,44
CP048234.1,126556,878
CP048234.1,126570,3
CP048234.1,126583,56
CP048234.1,126591,2
CP048234.1,126605,964
CP048234.1,126682,226
CP048234.1,126690,1267
CP048234.1,126692,766
CP048234.1,126700,1
CP048234.1,126716,510
CP048234.1,126731,1
CP048234.1,126733,766
CP048234.1,126740,175
CP048234.1,126867,3
CP048234.1,126869,12
CP048234.1,127559,167
CP048234.1,129208,3
CP048234.1,129511,25
CP048234.1,129781,188
CP048234.1,130020,540
CP048234.1,130132,1
CP048234.1,130199,1129
CP048234.1,130243,521
CP048234.1,130286,14
CP048234.1,130360,59
CP048234.1,130368,14
CP048234.1,130370,1
CP048234.1,130375,318
CP048234.1,130376,643
CP048234.1,130383,16
CP048234.1,130391,258
CP048234.1,130402,225
CP048234.1,130409,682
CP048234.1,130416,344
CP048234.1,130462,15
CP048234.1,130469,129
CP048234.1,130528,63
CP048234.1,130576,177
CP048234.1,130676,139
CP048234.1,136639,25
CP048234.1,138788,49
CP048234.1,139291,149
CP048234.1,139565,532
CP048234.1,139571,5
CP048234.1,139575,635
CP048234.1,139669,651
CP048234.1,139989,48
CP048234.1,140214,437
CP048234.1,140235,1
CP048234.1,142281,4
CP048234.1,142324,278
CP048234.1,143330,232
CP048234.1,143370,60
CP048234.1,143461,99
CP048234.1,143474,594
CP048234.1,143476,281
CP048234.1,143481,492
CP048234.1,143492,67
CP048234.1,143499,2
CP048234.1,143567,1
CP048234.1,143616,331
CP048234.1,143623,1107
CP048234.1,143694,5
CP048234.1,143701,330
CP048234.1,143704,27
CP048234.1,143712,4
CP048234.1,143746,547
CP048234.1,143754,671
CP048234.1,143761,1058
CP048234.1,143884,1
CP048234.1,143885,642
CP048234.1,143928,412
CP048234.1,146469,60
CP048234.1,146568,621
CP048234.1,146640,546
CP048234.1,146673,15
CP048234.1,147060,1258
CP048234.1,152141,636
CP048234.1,152191,207
CP048234.1,152198,1
CP048234.1,152199,6
CP048234.1,154460,196
CP048234.1,158527,4
CP048234.1,162440,10
CP048234.1,166103,447
CP048234.1,166184,585
CP048234.1,166220,1
CP048234.1,168264,4
CP048234.1,171521,26
CP048234.1,171658,3
CP048234.1,171668,21
CP048234.1,174104,907
CP048234.1,176922,838
CP048234.1,177356,407
CP048234.1,178994,24
CP048234.1,179034,301
CP048234.1,179228,231
CP048234.1,179563,442
CP048234.1,180563,517
CP048234.1,180749,564
CP048234.1,180750,12
CP048234.1,180757,1
CP048234.1,181270,64
CP048234.1,181451,336
CP048234.1,182576,1682
CP048234.1,187320,405
CP048234.1,188683,1
CP048234.1,188983,28
CP048234.1,189080,274
CP048234.1,190216,1
CP048234.1,190325,1
CP048234.1,190583,75
CP048234.1,190596,73
CP048234.1,190630,16
CP048234.1,190656,403
CP048234.1,190679,1623
CP048234.1,190745,262
CP048234.1,190810,5
CP048234.1,190954,1231
CP048234.1,190961,1422
CP048234.1,191026,26
CP048234.1,191136,254
CP048234.1,191273,550
CP048234.1,191358,316
CP048234.1,191532,330
CP048234.1,191561,47
CP048234.1,191989,2
CP048234.1,192010,32
CP048234.1,192066,61
CP048234.1,198224,662
CP048234.1,198248,8
CP048234.1,198332,87
CP048234.1,198373,221
CP048234.1,198380,813
CP048234.1,198419,99
CP048234.1,198444,2
CP048234.1,198459,818
CP048234.1,198498,242
CP048234.1,198607,123
CP048234.1,198714,257
CP048234.1,199184,37
CP048234.1,201292,355
CP048234.1,201414,974
CP048234.1,201493,610
CP048234.1,201675,18
CP048234.1,201711,90
CP048234.1,201873,1
CP048234.1,201880,1
CP048234.1,202302,397
CP048234.1,202759,142
CP048234.1,203809,12
CP048234.1,206005,1
CP048234.1,206189,639
CP048234.1,206240,7
CP048234.1,206264,168
CP048234.1,206297,226
CP048234.1,206560,2
CP048234.1,206585,11
CP048234.1,206978,1
CP048234.1,208332,330
CP048234.1,208771,4
CP048234.1,208805,430
CP048234.1,208812,194
CP048234.1,208920,225
CP048234.1,211258,127
CP048234.1,211332,55
CP048234.1,211847,49
CP048234.1,214013,459
CP048234.1,216195,459
CP048234.1,216439,135
CP048234.1,216688,146
CP048234.1,217365,14
CP048234.1,217875,213
CP048234.1,217932,724
CP048234.1,217947,2
CP048234.1,217955,2423
CP048234.1,217962,1644
CP048234.1,217967,124
CP048234.1,218028,18
CP048234.1,218064,47
CP048234.1,218098,1623
CP048234.1,218102,884
CP048234.1,218103,212
CP048234.1,219986,162
CP048234.1,219996,30
CP048234.1,220044,24
CP048234.1,220065,138
CP048234.1,220103,302
CP048234.1,220105,92
CP048234.1,220110,28
CP048234.1,220112,631
CP048234.1,220127,95
CP048234.1,220160,13
CP048234.1,220199,246
CP048234.1,220244,91
CP048234.1,220423,12
CP048234.1,221916,318
CP048234.1,221922,48
CP048234.1,221934,462
CP048234.1,221940,155
CP048234.1,222061,342
CP048234.1,222318,25
CP048234.1,223048,66
CP048234.1,224298,673
CP048234.1,226335,28
CP048234.1,226486,3
CP048234.1,226487,405
CP048234.1,226488,1
CP048234.1,226588,611
CP048234.1,226626,157
CP048234.1,226832,511
CP048234.1,226853,249
CP048234.1,226891,677
CP048234.1,226920,633
CP048234.1,226934,730
CP048234.1,226953,188
CP048234.1,226960,210
CP048234.1,227110,162
CP048234.1,227175,1080
CP048234.1,227182,1201
CP048234.1,227359,340
CP048234.1,229933,92
CP048234.1,229948,174
CP048234.1,230121,294
CP048234.1,230135,548
CP048234.1,232355,70
CP048234.1,232420,3
CP048234.1,232426,32
CP048234.1,232435,236
CP048234.1,232527,25
CP048234.1,232613,657
CP048234.1,232623,437
CP048234.1,232766,759
CP048234.1,232827,61
CP048234.1,233250,1
CP048234.1,233354,9
CP048234.1,234952,177
CP048234.1,235105,470
CP048234.1,235334,515
CP048234.1,235661,36
CP048234.1,235676,461
CP048234.1,235699,228
CP048234.1,235717,298
CP048234.1,235865,1
CP048234.1,235909,18
CP048234.1,235965,29
CP048234.1,236077,117
CP048234.1,236078,175
CP048234.1,236085,2
CP048234.1,236141,23
CP048234.1,236143,1
CP048234.1,236148,1152
CP048234.1,236149,127
CP048234.1,236174,19
CP048234.1,236328,296
CP048234.1,236378,21
CP048234.1,236687,1
CP048234.1,236734,291
CP048234.1,236839,6
CP048234.1,236911,194
CP048234.1,236990,71
CP048234.1,237104,1
CP048234.1,237112,238
CP048234.1,237129,87
CP048234.1,237158,116
CP048234.1,237242,711
CP048234.1,237259,835
CP048234.1,237318,1
CP048234.1,237408,25
CP048234.1,237485,366
CP048234.1,237618,459
CP048234.1,237686,2
CP048234.1,237774,298
CP048234.1,237855,199
CP048234.1,237862,1
CP048234.1,237908,168
CP048234.1,238006,1
CP048234.1,238017,1558
CP048234.1,238122,4
CP048234.1,238127,641
CP048234.1,238129,677
CP048234.1,238134,49
CP048234.1,238175,803
CP048234.1,238181,114
CP048234.1,238188,172
CP048234.1,238223,461
CP048234.1,238261,1
CP048234.1,238280,159
CP048234.1,238297,113
CP048234.1,238309,26
CP048234.1,238346,102
CP048234.1,238389,1
CP048234.1,238425,25
CP048234.1,238508,326
CP048234.1,239381,233
CP048234.1,239388,9
CP048234.1,239583,553
CP048234.1,239611,552
CP048234.1,239889,144
CP048234.1,239987,303
CP048234.1,239994,2
CP048234.1,240139,2
CP048234.1,241415,296
CP048234.1,241596,483
CP048234.1,241625,814
CP048234.1,241721,52
CP048234.1,241728,40
CP048234.1,241745,24
CP048234.1,241837,606
CP048234.1,242652,705
CP048234.1,242733,24
CP048234.1,242757,538
CP048234.1,242771,1715
CP048234.1,242778,49
CP048234.1,242793,29
CP048234.1,243211,286
CP048234.1,243274,321
CP048234.1,243316,12
CP048234.1,243325,89
CP048234.1,243379,341
CP048234.1,243386,1
CP048234.1,244200,48
CP048234.1,244655,191
CP048234.1,245140,1
CP048234.1,245203,1
CP048234.1,245807,398
CP048234.1,249989,1
CP048234.1,250489,1
CP048234.1,250808,307
CP048234.1,251203,29
CP048234.1,251210,1049
CP048234.1,251230,239
CP048234.1,251240,533
CP048234.1,251245,41
CP048234.1,251436,111
CP048234.1,253871,274
CP048234.1,254776,1
CP048234.1,254792,442
CP048234.1,255036,38
CP048234.1,255182,15
CP048234.1,255350,84
CP048234.1,255570,2
CP048234.1,255998,62
CP048234.1,256115,266
CP048234.1,256122,258
CP048234.1,256212,43
CP048234.1,256214,57
CP048234.1,256216,263
CP048234.1,256290,273
CP048234.1,256351,907
CP048234.1,256358,689
CP048234.1,256366,379
CP048234.1,256392,237
CP048234.1,256397,492
CP048234.1,256408,216
CP048234.1,256412,1
CP048234.1,256415,1111
CP048234.1,256548,15
CP048234.1,256557,123
CP048234.1,256564,4
CP048234.1,256606,306
CP048234.1,256611,11
CP048234.1,256630,60
CP048234.1,256631,15
CP048234.1,256637,548
CP048234.1,256641,188
CP048234.1,256648,229
CP048234.1,256772,13
CP048234.1,257333,63
CP048234.1,257352,231
CP048234.1,257359,95
CP048234.1,259092,29
CP048234.1,259468,42
CP048234.1,259498,4
CP048234.1,261576,290
CP048234.1,261998,4
CP048234.1,262124,115
CP048234.1,262167,198
CP048234.1,262173,1
CP048234.1,262203,39
CP048234.1,262220,322
CP048234.1,262224,298
CP048234.1,262235,505
CP048234.1,262242,97
CP048234.1,262262,612
CP048234.1,262273,1
CP048234.1,262769,219
CP048234.1,262931,466
CP048234.1,263058,255
CP048234.1,263065,58
CP048234.1,263110,105
CP048234.1,263158,144
CP048234.1,263263,100
CP048234.1,263274,8
CP048234.1,263400,38
CP048234.1,263459,240
CP048234.1,263466,5
CP048234.1,263499,413
CP048234.1,263561,325
CP048234.1,263568,1
CP048234.1,263575,80
CP048234.1,263735,1
CP048234.1,263750,9
CP048234.1,263865,4
CP048234.1,264496,61
CP048234.1,264632,43
CP048234.1,264639,279
CP048234.1,264645,1
CP048234.1,264654,4
CP048234.1,264663,233
CP048234.1,264683,13
CP048234.1,264734,259
CP048234.1,264747,849
CP048234.1,264818,138
CP048234.1,264820,30
CP048234.1,264829,170
CP048234.1,264837,71
CP048234.1,264850,335
CP048234.1,264897,12
CP048234.1,264899,509
CP048234.1,264903,271
CP048234.1,264942,387
CP048234.1,265081,492
CP048234.1,265088,44
CP048234.1,265097,3
CP048234.1,265216,29
CP048234.1,265218,1
CP048234.1,265225,284
CP048234.1,265242,153
CP048234.1,265396,50
CP048234.1,266375,25
CP048234.1,266393,6
CP048234.1,266627,222
CP048234.1,266970,27
CP048234.1,266995,505
CP048234.1,267002,54
CP048234.1,267100,1
CP048234.1,269689,732
CP048234.1,269696,3
CP048234.1,270536,61
CP048234.1,270544,328
CP048234.1,270559,1
CP048234.1,270566,945
CP048234.1,270618,7
CP048234.1,270619,37
CP048234.1,270937,51
CP048234.1,270981,54
CP048234.1,271277,13
CP048234.1,271713,4
CP048234.1,271772,34
CP048234.1,272335,558
CP048234.1,272486,207
CP048234.1,272525,79
CP048234.1,272527,6
CP048234.1,272530,22
CP048234.1,272532,116
CP048234.1,272898,65
CP048234.1,273243,424
CP048234.1,273694,64
CP048234.1,273886,613
CP048234.1,274274,11
CP048234.1,276784,1
CP048234.1,278277,66
CP048234.1,278290,221
CP048234.1,278293,6
CP048234.1,278323,661
CP048234.1,278343,182
CP048234.1,278358,249
CP048234.1,278409,142
CP048234.1,279268,3
CP048234.1,279359,9
CP048234.1,279366,43
CP048234.1,279569,202
CP048234.1,279614,92
CP048234.1,280089,1
CP048234.1,280118,982
CP048234.1,280733,118
CP048234.1,280740,1
CP048234.1,280929,959
CP048234.1,280936,664
CP048234.1,280951,9
CP048234.1,281142,496
CP048234.1,281146,634
CP048234.1,281149,14
CP048234.1,281153,2817
CP048234.1,281158,727
CP048234.1,281169,532
CP048234.1,281170,266
CP048234.1,281173,1275
CP048234.1,281194,90
CP048234.1,281228,1
CP048234.1,281303,829
CP048234.1,281508,1
CP048234.1,281618,31
CP048234.1,281691,8
CP048234.1,282000,193
CP048234.1,282002,1654
CP048234.1,282009,2714
CP048234.1,282017,553
CP048234.1,282058,1963
CP048234.1,282065,16
CP048234.1,282076,255
CP048234.1,282084,47
CP048234.1,282246,20
CP048234.1,282322,242
CP048234.1,285117,18
CP048234.1,285265,1
CP048234.1,285406,365
CP048234.1,285639,252
CP048234.1,285812,206
CP048234.1,285837,128
CP048234.1,288988,244
CP048234.1,292214,227
CP048234.1,292221,662
CP048234.1,292249,428
CP048234.1,293044,171
CP048234.1,293354,82
CP048234.1,293509,243
CP048234.1,293651,450
CP048234.1,293683,343
CP048234.1,293708,77
CP048234.1,293758,1
CP048234.1,293780,394
CP048234.1,293787,467
CP048234.1,293833,394
CP048234.1,293853,1244
CP048234.1,297018,39
CP048234.1,297325,22
CP048234.1,298120,1
CP048234.1,298618,58
CP048234.1,303192,26
CP048234.1,303351,206
CP048234.1,303485,319
CP048234.1,304537,270
CP048234.1,304594,3
CP048234.1,304601,21
CP048234.1,304654,362
CP048234.1,304843,12
CP048234.1,305210,236
CP048234.1,305292,779
CP048234.1,305515,178
CP048234.1,305555,145
CP048234.1,305604,142
CP048234.1,305606,1
CP048234.1,305611,220
CP048234.1,305616,51
CP048234.1,305670,302
CP048234.1,305672,79
CP048234.1,305681,83
CP048234.1,305728,338
CP048234.1,305775,1
CP048234.1,305807,4
CP048234.1,305813,9
CP048234.1,305820,869
CP048234.1,305843,25
CP048234.1,305875,2
CP048234.1,305881,226
CP048234.1,305882,1
CP048234.1,305910,136
CP048234.1,305913,103
CP048234.1,305920,1622
CP048234.1,305922,183
CP048234.1,305927,3528
CP048234.1,305932,42
CP048234.1,305958,99
CP048234.1,305965,534
CP048234.1,306066,543
CP048234.1,306116,17
CP048234.1,306137,97
CP048234.1,306150,617
CP048234.1,306554,24
CP048234.1,309383,4
CP048234.1,309976,679
CP048234.1,310287,1
CP048234.1,310485,4
CP048234.1,311008,35
CP048234.1,311182,2
CP048234.1,311196,569
CP048234.1,311203,1090
CP048234.1,311284,467
CP048234.1,311321,817
CP048234.1,311337,1748
CP048234.1,311344,1319
CP048234.1,311346,1
CP048234.1,311378,801
CP048234.1,311379,361
CP048234.1,311387,399
CP048234.1,311389,764
CP048234.1,311394,2
CP048234.1,311398,244
CP048234.1,311413,883
CP048234.1,311435,398
CP048234.1,311561,1375
CP048234.1,311821,488
CP048234.1,311836,219
CP048234.1,311841,110
CP048234.1,311859,612
CP048234.1,311866,499
CP048234.1,311897,905
CP048234.1,311928,18
CP048234.1,312661,1
CP048234.1,313563,617
CP048234.1,313748,1
CP048234.1,315129,1
CP048234.1,315357,62
CP048234.1,315361,32
CP048234.1,315459,862
CP048234.1,315482,47
CP048234.1,315486,84
CP048234.1,315496,341
CP048234.1,315527,1
CP048234.1,315541,5
CP048234.1,315590,742
CP048234.1,315595,1
CP048234.1,315604,789
CP048234.1,315655,23
CP048234.1,315727,1
CP048234.1,315740,2
CP048234.1,315741,800
CP048234.1,315746,57
CP048234.1,315809,157
CP048234.1,315816,80
CP048234.1,315916,1
CP048234.1,315967,132
CP048234.1,318511,67
CP048234.1,319713,1
CP048234.1,319909,38
CP048234.1,321787,127
CP048234.1,321788,5
CP048234.1,321794,305
CP048234.1,321947,452
CP048234.1,322110,296
CP048234.1,322123,464
CP048234.1,322301,174
CP048234.1,322339,313
CP048234.1,322370,528
CP048234.1,322417,213
CP048234.1,323181,894
CP048234.1,323246,2
CP048234.1,323253,162
CP048234.1,323298,1715
CP048234.1,323305,949
CP048234.1,323316,349
CP048234.1,323318,9
CP048234.1,323361,114
CP048234.1,323368,941
CP048234.1,323478,673
CP048234.1,323620,837
CP048234.1,323630,1
CP048234.1,326340,3
CP048234.1,327820,471
CP048234.1,327876,408
CP048234.1,328057,29
CP048234.1,328118,1
CP048234.1,331756,447
CP048234.1,332700,30
CP048234.1,332801,76
CP048234.1,333059,185
CP048234.1,333238,2
CP048234.1,334631,1295
CP048234.1,334707,1
CP048234.1,334721,1
CP048234.1,334728,6
CP048234.1,334736,755
CP048234.1,334745,843
CP048234.1,335014,13
CP048234.1,335072,34
CP048234.1,335445,4
CP048234.1,335452,309
CP048234.1,339525,133
CP048234.1,339606,901
CP048234.1,339613,4
CP048234.1,339834,399
CP048234.1,344837,647
CP048234.1,344940,499
CP048234.1,345750,1127
CP048234.1,345787,642
CP048234.1,346840,206
CP048234.1,349278,76
CP048234.1,349416,232
CP048234.1,351977,425
CP048234.1,352106,39
CP048234.1,352206,1212
CP048234.1,352213,16
CP048234.1,352396,29
CP048234.1,353078,294
CP048234.1,355783,177
CP048234.1,361200,7
CP048234.1,361244,49
CP048234.1,362975,115
CP048234.1,363037,655
CP048234.1,363044,1
CP048234.1,363070,422
CP048234.1,363090,318
CP048234.1,363120,181
CP048234.1,363147,97
CP048234.1,363166,697
CP048234.1,363193,37
CP048234.1,363200,480
CP048234.1,363202,89
CP048234.1,363209,1940
CP048234.1,363242,3
CP048234.1,363252,164
CP048234.1,363319,104
CP048234.1,363326,1423
CP048234.1,363351,409
CP048234.1,363369,364
CP048234.1,363389,1
CP048234.1,363614,89
CP048234.1,363636,717
CP048234.1,363980,4
CP048234.1,366024,351
CP048234.1,366038,607
CP048234.1,366045,222
CP048234.1,367229,271
CP048234.1,367443,294
CP048234.1,367621,120
CP048234.1,369564,242
CP048234.1,369717,1
CP048234.1,369997,19
CP048234.1,370003,33
CP048234.1,373646,242
CP048234.1,373742,313
CP048234.1,373751,87
CP048234.1,373778,12
CP048234.1,373783,350
CP048234.1,374727,27
CP048234.1,374746,77
CP048234.1,374814,36
CP048234.1,374883,1
CP048234.1,376858,399
CP048234.1,376925,192
CP048234.1,379886,97
CP048234.1,383172,4
CP048234.1,383405,347
CP048234.1,384181,484
CP048234.1,384237,132
CP048234.1,384283,546
CP048234.1,384287,1093
CP048234.1,384290,1186
CP048234.1,384298,216
CP048234.1,384352,35
CP048234.1,384451,1
CP048234.1,384572,63
CP048234.1,384768,69
CP048234.1,390121,32
CP048234.1,390586,1
CP048234.1,390622,1843
CP048234.1,390629,475
CP048234.1,390643,10
CP048234.1,390737,1
CP048234.1,390762,44
CP048234.1,390778,219
CP048234.1,390869,475
CP048234.1,390896,1845
CP048234.1,390908,148
CP048234.1,390943,1
CP048234.1,391919,34
CP048234.1,392061,416
CP048234.1,392233,1
CP048234.1,392264,431
CP048234.1,392295,189
CP048234.1,392413,69
CP048234.1,393395,332
CP048234.1,394074,247
CP048234.1,394512,197
CP048234.1,394573,54
CP048234.1,396378,1
CP048234.1,396410,1288
CP048234.1,396436,11
CP048234.1,396618,364
CP048234.1,397056,141
CP048234.1,397063,246
CP048234.1,397065,1
CP048234.1,397066,359
CP048234.1,397076,151
CP048234.1,398897,225
CP048234.1,398904,438
CP048234.1,398975,32
CP048234.1,398999,16
CP048234.1,399215,62
CP048234.1,400371,123
CP048234.1,406187,1
CP048234.1,406287,331
CP048234.1,406294,567
CP048234.1,406418,72
CP048234.1,406510,157
CP048234.1,406715,317
CP048234.1,406722,435
CP048234.1,412043,79
CP048234.1,412105,390
CP048234.1,412116,782
CP048234.1,412202,60
CP048234.1,412545,310
CP048234.1,412674,583
CP048234.1,412719,28
CP048234.1,413048,1
CP048234.1,413084,489
CP048234.1,413336,1
CP048234.1,413404,303
CP048234.1,413433,275
CP048234.1,413471,136
CP048234.1,413701,30
CP048234.1,414602,1
CP048234.1,414868,75
CP048234.1,415718,2
CP048234.1,417202,278
CP048234.1,418020,191
CP048234.1,418717,41
CP048234.1,418900,1
CP048234.1,419290,10
CP048234.1,419372,870
CP048234.1,422192,2
CP048234.1,422213,115
CP048234.1,422220,22
CP048234.1,422310,165
CP048234.1,424572,414
CP048234.1,424608,128
CP048234.1,424969,17
CP048234.1,428991,47
CP048234.1,429049,34
CP048234.1,431026,320
CP048234.1,431081,41
CP048234.1,431636,576
CP048234.1,432389,2
CP048234.1,432528,13
CP048234.1,432627,450
CP048234.1,432659,10
CP048234.1,432663,1744
CP048234.1,432678,720
CP048234.1,432701,589
CP048234.1,433198,601
CP048234.1,433228,276
CP048234.1,433387,1178
CP048234.1,436114,5
CP048234.1,438105,285
CP048234.1,438201,369
CP048234.1,438310,478
CP048234.1,438338,423
CP048234.1,438345,112
CP048234.1,438414,176
CP048234.1,438434,763
CP048234.1,438497,10
CP048234.1,438584,517
CP048234.1,438589,520
CP048234.1,438694,272
CP048234.1,439259,1412
CP048234.1,439263,63
CP048234.1,439777,411
CP048234.1,439794,2488
CP048234.1,439801,776
CP048234.1,439981,2
CP048234.1,442849,239
CP048234.1,442960,98
CP048234.1,442972,204
CP048234.1,442979,48
CP048234.1,442997,397
CP048234.1,443004,945
CP048234.1,443005,67
CP048234.1,443012,478
CP048234.1,443070,419
CP048234.1,443079,143
CP048234.1,443090,50
CP048234.1,443138,809
CP048234.1,443145,564
CP048234.1,443178,1244
CP048234.1,443182,695
CP048234.1,443193,5
CP048234.1,443205,905
CP048234.1,443260,1421
CP048234.1,443267,23
CP048234.1,443269,669
CP048234.1,443323,847
CP048234.1,443330,7
CP048234.1,443386,1
CP048234.1,445030,486
CP048234.1,445036,103
CP048234.1,445069,275
CP048234.1,445119,7
CP048234.1,445904,213
CP048234.1,445972,591
CP048234.1,445976,515
CP048234.1,446138,460
CP048234.1,446227,552
CP048234.1,446275,3
CP048234.1,446375,13
CP048234.1,446437,213
CP048234.1,446582,446
CP048234.1,446620,331
CP048234.1,447565,104
CP048234.1,447603,1
CP048234.1,447706,46
CP048234.1,447746,1
CP048234.1,447968,68
CP048234.1,448159,26
CP048234.1,448310,1
CP048234.1,449450,111
CP048234.1,449500,428
CP048234.1,449507,392
CP048234.1,449532,61
CP048234.1,449670,1
CP048234.1,449721,270
CP048234.1,451868,16
CP048234.1,454222,232
CP048234.1,454677,5
CP048234.1,455212,2
CP048234.1,456390,34
CP048234.1,457439,677
CP048234.1,458008,3
CP048234.1,458330,7
CP048234.1,459624,19
CP048234.1,466366,1
CP048234.1,466380,5
CP048234.1,466387,621
CP048234.1,466447,679
CP048234.1,466471,2
CP048234.1,466478,2441
CP048234.1,466483,2
CP048234.1,466527,156
CP048234.1,466540,21
CP048234.1,466551,2396
CP048234.1,466556,1
CP048234.1,466558,3534
CP048234.1,466572,382
CP048234.1,466591,1779
CP048234.1,466598,457
CP048234.1,466635,803
CP048234.1,466642,105
CP048234.1,466649,122
CP048234.1,466755,31
CP048234.1,466784,19
CP048234.1,466840,115
CP048234.1,466873,1091
CP048234.1,466894,960
CP048234.1,467006,313
CP048234.1,467008,1
CP048234.1,467031,198
CP048234.1,467706,574
CP048234.1,467907,702
CP048234.1,467914,82
CP048234.1,468429,616
CP048234.1,470475,204
CP048234.1,472187,190
CP048234.1,472206,4
CP048234.1,475789,94
CP048234.1,477598,988
CP048234.1,477615,14
CP048234.1,477717,123
CP048234.1,477889,15
CP048234.1,479490,159
CP048234.1,479497,406
CP048234.1,479596,211
CP048234.1,479838,3
CP048234.1,480190,355
CP048234.1,480210,435
CP048234.1,480389,1027
CP048234.1,480447,580
CP048234.1,482062,201
CP048234.1,482859,33
CP048234.1,482975,247
CP048234.1,486407,102
CP048234.1,486507,167
CP048234.1,495408,1
CP048234.1,495479,661
CP048234.1,495627,485
CP048234.1,495854,490
CP048234.1,496368,1
CP048234.1,496496,140
CP048234.1,496676,915
CP048234.1,496679,4
CP048234.1,496683,1636
CP048234.1,496779,86
CP048234.1,496860,133
CP048234.1,496874,1262
CP048234.1,496901,1
CP048234.1,496909,307
CP048234.1,497006,797
CP048234.1,497016,1
CP048234.1,497312,288
CP048234.1,497366,55
CP048234.1,497421,1
CP048234.1,497476,284
CP048234.1,497482,29
CP048234.1,497491,259
CP048234.1,497675,547
CP048234.1,503768,4
CP048234.1,503866,138
CP048234.1,504021,502
CP048234.1,504056,57
CP048234.1,504436,187
CP048234.1,504668,66
CP048234.1,504670,147
CP048234.1,504675,214
CP048234.1,504677,590
CP048234.1,504684,721
CP048234.1,504714,279
CP048234.1,504721,772
CP048234.1,507677,7
CP048234.1,507876,85
CP048234.1,507936,231
CP048234.1,507955,3
CP048234.1,507982,14
CP048234.1,507990,71
CP048234.1,508011,168
CP048234.1,508086,1
CP048234.1,508192,20
CP048234.1,508365,377
CP048234.1,508443,115
CP048234.1,508683,604
CP048234.1,508690,696
CP048234.1,508699,384
CP048234.1,508857,45
CP048234.1,508859,122
CP048234.1,508868,135
CP048234.1,509283,32
CP048234.1,517590,13
CP048234.1,519239,12
CP048234.1,521647,1
CP048234.1,522756,1
CP048234.1,522925,329
CP048234.1,525097,652
CP048234.1,525152,288
CP048234.1,525207,11
CP048234.1,526795,516
CP048234.1,526827,728
CP048234.1,526877,783
CP048234.1,526899,307
CP048234.1,526900,1289
CP048234.1,526913,14
CP048234.1,526934,1
CP048234.1,527078,169
CP048234.1,528791,9
CP048234.1,528798,283
CP048234.1,529573,58
CP048234.1,530300,385
CP048234.1,530437,42
CP048234.1,530444,40
CP048234.1,531415,38
CP048234.1,531944,2
CP048234.1,531951,275
CP048234.1,532131,18
CP048234.1,532168,271
CP048234.1,532177,136
CP048234.1,532214,5
CP048234.1,532221,83
CP048234.1,532271,22
CP048234.1,532274,219
CP048234.1,532535,4
CP048234.1,532810,1
CP048234.1,535780,11
CP048234.1,540206,25
CP048234.1,541375,539
CP048234.1,546205,1
CP048234.1,551086,283
CP048234.1,554181,30
CP048234.1,554188,51
CP048234.1,554808,288
CP048234.1,555935,306
CP048234.1,556051,51
CP048234.1,563189,120
CP048234.1,565694,4
CP048234.1,565962,75
CP048234.1,568058,115
CP048234.1,568128,760
CP048234.1,568758,28
CP048234.1,568831,127
CP048234.1,569026,547
CP048234.1,569218,3
CP048234.1,569405,1093
CP048234.1,569410,234
CP048234.1,569432,21
CP048234.1,569438,1
CP048234.1,569442,65
CP048234.1,572757,1
CP048234.1,574199,62
CP048234.1,574224,925
CP048234.1,574283,559
CP048234.1,574290,523
CP048234.1,574360,26
CP048234.1,574367,640
CP048234.1,574560,147
CP048234.1,574696,4
CP048234.1,574715,3
CP048234.1,577103,490
CP048234.1,577599,39
CP048234.1,577609,134
CP048234.1,577673,134
CP048234.1,577748,538
CP048234.1,577917,142
CP048234.1,578407,1477
CP048234.1,578464,421
CP048234.1,578490,88
CP048234.1,578499,9
CP048234.1,578546,793
CP048234.1,578732,15
CP048234.1,578763,311
CP048234.1,578829,1
CP048234.1,578978,34
CP048234.1,578982,700
CP048234.1,578984,6
CP048234.1,578989,323
CP048234.1,579320,5
CP048234.1,579366,181
CP048234.1,579402,40
CP048234.1,579459,2
CP048234.1,580224,604
CP048234.1,580236,1
CP048234.1,580251,84
CP048234.1,580459,259
CP048234.1,580654,219
CP048234.1,580823,693
CP048234.1,580830,398
CP048234.1,580831,1220
CP048234.1,580864,310
CP048234.1,580871,316
CP048234.1,580961,749
CP048234.1,580968,109
CP048234.1,581006,583
CP048234.1,581623,15
CP048234.1,581676,777
CP048234.1,581840,84
CP048234.1,585303,176
CP048234.1,585369,1180
CP048234.1,585494,19
CP048234.1,585518,193
CP048234.1,585687,69
CP048234.1,587701,59
CP048234.1,594581,133
CP048234.1,595078,559
CP048234.1,595413,20
CP048234.1,597374,18
CP048234.1,598530,97
CP048234.1,598558,73
CP048234.1,598715,132
CP048234.1,605145,5
CP048234.1,606180,61
CP048234.1,606265,1
CP048234.1,610096,155
CP048234.1,610112,225
CP048234.1,610673,1061
CP048234.1,611191,658
CP048234.1,611342,152
CP048234.1,611441,12
CP048234.1,613009,98
CP048234.1,613401,220
CP048234.1,613888,32
CP048234.1,614275,10
CP048234.1,614419,211
CP048234.1,615425,366
CP048234.1,615490,1
CP048234.1,616413,225
CP048234.1,620408,352
CP048234.1,621323,232
CP048234.1,621818,178
CP048234.1,621886,54
CP048234.1,621921,1230
CP048234.1,621925,7
CP048234.1,621928,1217
CP048234.1,621949,902
CP048234.1,622097,315
CP048234.1,622201,88
CP048234.1,622354,182
CP048234.1,622586,55
CP048234.1,622634,167
CP048234.1,622704,1207
CP048234.1,622777,1315
CP048234.1,622851,2
CP048234.1,622888,24
CP048234.1,622990,1
CP048234.1,623011,889
CP048234.1,626112,5
CP048234.1,626456,1
CP048234.1,626622,83
CP048234.1,626629,636
CP048234.1,627654,82
CP048234.1,627805,515
CP048234.1,628185,29
CP048234.1,629631,15
CP048234.1,629638,269
CP048234.1,630133,64
CP048234.1,630206,6
CP048234.1,630360,450
CP048234.1,636623,1
CP048234.1,636909,1
CP048234.1,637040,910
CP048234.1,637047,1669
CP048234.1,637049,464
CP048234.1,639642,790
CP048234.1,639674,499
CP048234.1,639779,2
CP048234.1,639786,736
CP048234.1,639795,749
CP048234.1,639802,880
CP048234.1,639842,465
CP048234.1,639875,2071
CP048234.1,639882,2639
CP048234.1,639883,4
CP048234.1,642258,297
CP048234.1,644707,62
CP048234.1,644777,287
CP048234.1,644867,1
CP048234.1,644920,221
CP048234.1,644986,172
CP048234.1,645977,4
CP048234.1,646151,4
CP048234.1,646157,5
CP048234.1,646158,1
CP048234.1,646166,110
CP048234.1,646173,1
CP048234.1,646179,12
CP048234.1,648261,1
CP048234.1,648537,8
CP048234.1,649343,70
CP048234.1,649536,429
CP048234.1,649565,532
CP048234.1,649610,1
CP048234.1,649753,1
CP048234.1,649829,546
CP048234.1,649847,290
CP048234.1,649871,527
CP048234.1,649878,192
CP048234.1,649916,25
CP048234.1,650636,37
CP048234.1,651252,1
CP048234.1,651371,198
CP048234.1,655270,345
CP048234.1,655581,32
CP048234.1,656982,601
CP048234.1,657390,435
CP048234.1,657659,15
CP048234.1,659278,1160
CP048234.1,659367,418
CP048234.1,659378,116
CP048234.1,659391,57
CP048234.1,659399,112
CP048234.1,659467,118
CP048234.1,659491,20
CP048234.1,659591,21
CP048234.1,659900,863
CP048234.1,659902,224
CP048234.1,659906,665
CP048234.1,659907,678
CP048234.1,660016,824
CP048234.1,660028,39
CP048234.1,660033,213
CP048234.1,661335,77
CP048234.1,661599,793
CP048234.1,661606,380
CP048234.1,661665,83
CP048234.1,661690,306
CP048234.1,661710,761
CP048234.1,661717,62
CP048234.1,661925,39
CP048234.1,662050,1
CP048234.1,662139,193
CP048234.1,662165,169
CP048234.1,662275,48
CP048234.1,662316,20
CP048234.1,662319,275
CP048234.1,662323,600
CP048234.1,662469,29
CP048234.1,662645,491
CP048234.1,662652,445
CP048234.1,670293,194
CP048234.1,670322,286
CP048234.1,670342,508
CP048234.1,670404,93
CP048234.1,670411,318
CP048234.1,671139,14
CP048234.1,675582,199
CP048234.1,675591,133
CP048234.1,677008,1
CP048234.1,677552,145
CP048234.1,677754,228
CP048234.1,679960,1
CP048234.1,680611,3
CP048234.1,705150,14
CP048235.1,584,1
CP048235.1,2756,143
CP048235.1,27200,164
CP048235.1,30683,329
CP048235.1,30794,67
CP048235.1,31031,560
CP048235.1,31038,166
CP048235.1,31507,22
CP048235.1,31851,703
CP048235.1,32896,166
CP048235.1,36115,5
CP048235.1,36122,238
CP048235.1,36223,56
CP048235.1,36230,366
CP048235.1,36232,23
CP048235.1,38199,11
CP048235.1,39014,636
CP048235.1,39508,93
CP048235.1,39543,17
CP048235.1,39739,55
CP048235.1,39746,61
CP048235.1,39779,1
CP048235.1,39921,24
CP048235.1,39988,424
CP048235.1,41016,48
CP048235.1,41031,335
CP048235.1,41086,375
CP048235.1,41113,100
CP048235.1,41114,8
CP048235.1,41196,57
CP048235.1,41198,55
CP048235.1,41238,79
CP048235.1,41591,438
CP048235.1,41646,147
CP048235.1,41890,132
CP048235.1,42866,150
CP048235.1,43351,154
CP048235.1,43534,1
CP048235.1,43561,64
CP048235.1,43639,140
CP048235.1,43817,235
CP048235.1,45056,1
CP048235.1,45255,532
CP048235.1,46275,121
CP048235.1,47113,12
CP048235.1,47290,556
CP048235.1,47385,122
CP048235.1,47808,2
CP048235.1,47810,4
CP048235.1,51064,13
CP048235.1,51135,96
CP048235.1,51938,9
CP048235.1,52054,327
CP048235.1,52462,423
CP048235.1,52463,1
CP048235.1,52602,149
CP048235.1,52621,961
CP048235.1,52678,35
CP048235.1,52679,41
CP048235.1,53771,355
CP048235.1,53902,143
CP048235.1,53923,85
CP048235.1,54180,4
CP048235.1,54292,1
CP048235.1,54303,425
CP048235.1,54447,918
CP048235.1,54506,1
CP048235.1,54509,1765
CP048235.1,54516,574
CP048235.1,54594,1042
CP048235.1,54598,251
CP048235.1,54605,571
CP048235.1,54794,123
CP048235.1,54818,15
CP048235.1,54825,549
CP048235.1,54841,171
CP048235.1,55282,1
CP048235.1,55431,301
CP048235.1,55451,18
CP048235.1,56847,1
CP048235.1,57128,2
CP048235.1,59326,177
CP048235.1,59333,194
CP048235.1,68051,129
CP048235.1,72601,2
CP048235.1,72908,102
CP048235.1,73627,1
CP048235.1,73696,25
CP048235.1,75191,301
CP048235.1,75195,152
CP048235.1,75202,2483
CP048235.1,75823,1
CP048235.1,75988,194
CP048235.1,75990,93
CP048235.1,75991,454
CP048235.1,75992,2
CP048235.1,75997,33
CP048235.1,75998,34
CP048235.1,76087,733
CP048235.1,76096,73
CP048235.1,76103,617
CP048235.1,76165,97
CP048235.1,76171,537
CP048235.1,76194,807
CP048235.1,76398,1
CP048235.1,76405,590
CP048235.1,76777,9
CP048235.1,76811,7
CP048235.1,76821,1203
CP048235.1,76916,161
CP048235.1,77306,2
CP048235.1,77320,38
CP048235.1,77349,21
CP048235.1,77461,340
CP048235.1,78729,176
CP048235.1,79201,143
CP048235.1,81845,317
CP048235.1,81852,484
CP048235.1,81885,1
CP048235.1,81902,12
CP048235.1,81993,280
CP048235.1,81999,738
CP048235.1,82004,592
CP048235.1,82015,619
CP048235.1,82024,1
CP048235.1,82034,344
CP048235.1,82068,790
CP048235.1,82073,22
CP048235.1,82082,195
CP048235.1,82169,1443
CP048235.1,82200,458
CP048235.1,82209,3375
CP048235.1,82216,1386
CP048235.1,82272,210
CP048235.1,82323,320
CP048235.1,82438,366
CP048235.1,82648,424
CP048235.1,82698,2
CP048235.1,83146,1
CP048235.1,83156,1
CP048235.1,83164,1138
CP048235.1,83218,4
CP048235.1,83227,254
CP048235.1,83249,93
CP048235.1,83290,12
CP048235.1,83299,31
CP048235.1,84248,25
CP048235.1,84262,525
CP048235.1,84418,41
CP048235.1,84486,1036
CP048235.1,84501,1020
CP048235.1,84636,440
CP048235.1,84645,17
CP048235.1,84660,153
CP048235.1,84755,573
CP048235.1,84809,811
CP048235.1,84818,1197
CP048235.1,84819,3
CP048235.1,84825,1224
CP048235.1,84855,1
CP048235.1,84900,1
CP048235.1,84913,153
CP048235.1,85417,733
CP048235.1,88230,71
CP048235.1,93182,4
CP048235.1,93184,259
CP048235.1,93313,101
CP048235.1,93349,5
CP048235.1,93400,161
CP048235.1,93429,1
CP048235.1,93567,17
CP048235.1,96118,67
CP048235.1,96583,633
CP048235.1,96587,41
CP048235.1,96645,340
CP048235.1,96829,327
CP048235.1,96845,1
CP048235.1,96852,1253
CP048235.1,96883,344
CP048235.1,96908,183
CP048235.1,96961,49
CP048235.1,97010,18
CP048235.1,99895,618
CP048235.1,99902,350
CP048235.1,101583,12
CP048235.1,102276,398
CP048235.1,102707,245
CP048235.1,104162,1
CP048235.1,105944,105
CP048235.1,105983,69
CP048235.1,106049,4
CP048235.1,109128,1
CP048235.1,109131,39
CP048235.1,109166,8
CP048235.1,110929,143
CP048235.1,110937,18
CP048235.1,112433,41
CP048235.1,113045,210
CP048235.1,115163,34
CP048235.1,115512,483
CP048235.1,115538,256
CP048235.1,115542,285
CP048235.1,115545,39
CP048235.1,116888,393
CP048235.1,119249,1
CP048235.1,120662,12
CP048235.1,123973,1073
CP048235.1,124109,85
CP048235.1,124144,308
CP048235.1,124182,202
CP048235.1,126352,3
CP048235.1,126357,1
CP048235.1,126520,8
CP048235.1,126533,13
CP048235.1,126535,624
CP048235.1,127894,87
CP048235.1,128704,60
CP048235.1,128756,1468
CP048235.1,128853,850
CP048235.1,129063,14
CP048235.1,129090,7
CP048235.1,130875,443
CP048235.1,134532,1211
CP048235.1,134554,665
CP048235.1,135014,211
CP048235.1,135071,286
CP048235.1,135090,56
CP048235.1,138221,428
CP048235.1,138296,1294
CP048235.1,138303,1566
CP048235.1,138370,1003
CP048235.1,140187,223
CP048235.1,140340,158
CP048235.1,141298,55
CP048235.1,141795,178
CP048235.1,141862,30
CP048235.1,142388,535
CP048235.1,142681,249
CP048235.1,143061,89
CP048235.1,143328,397
CP048235.1,143843,93
CP048235.1,143850,103
CP048235.1,143903,381
CP048235.1,143906,1
CP048235.1,143907,3
CP048235.1,143914,140
CP048235.1,144058,91
CP048235.1,144081,12
CP048235.1,144143,9
CP048235.1,144245,61
CP048235.1,144795,1
CP048235.1,145072,81
CP048235.1,145118,108
CP048235.1,145124,196
CP048235.1,145137,31
CP048235.1,145369,983
CP048235.1,145507,37
CP048235.1,145514,754
CP048235.1,145616,620
CP048235.1,145621,1
CP048235.1,146410,83
CP048235.1,146440,1
CP048235.1,147798,1
CP048235.1,148110,1
CP048235.1,148117,25
CP048235.1,148171,184
CP048235.1,148208,5
CP048235.1,149413,1
CP048235.1,149600,3
CP048235.1,150389,1
CP048235.1,150498,8
CP048235.1,150528,550
CP048235.1,150674,355
CP048235.1,150676,299
CP048235.1,150678,57
CP048235.1,150681,22
CP048235.1,152193,6
CP048235.1,153162,284
CP048235.1,153179,9
CP048235.1,153186,11
CP048235.1,153189,504
CP048235.1,153197,338
CP048235.1,153198,398
CP048235.1,156401,688
CP048235.1,156657,17
CP048235.1,158214,894
CP048235.1,160608,265
CP048235.1,161193,14
CP048235.1,161200,1
CP048235.1,161558,1
CP048235.1,161719,1
CP048235.1,161731,303
CP048235.1,161843,4
CP048235.1,161844,517
CP048235.1,161977,17
CP048235.1,162094,747
CP048235.1,162180,495
CP048235.1,162187,223
CP048235.1,162235,690
CP048235.1,162242,3
CP048235.1,162259,1249
CP048235.1,162266,1592
CP048235.1,162268,191
CP048235.1,162352,498
CP048235.1,162367,499
CP048235.1,162475,718
CP048235.1,162532,22
CP048235.1,162539,177
CP048235.1,162565,1
CP048235.1,162590,595
CP048235.1,162594,343
CP048235.1,162649,45
CP048235.1,162658,258
CP048235.1,162882,187
CP048235.1,162939,5
CP048235.1,163167,395
CP048235.1,163221,136
CP048235.1,163268,251
CP048235.1,163293,68
CP048235.1,163300,270
CP048235.1,163341,685
CP048235.1,163348,409
CP048235.1,163511,1
CP048235.1,163597,2019
CP048235.1,163631,24
CP048235.1,163650,62
CP048235.1,163698,932
CP048235.1,163705,3860
CP048235.1,163707,1615
CP048235.1,163719,577
CP048235.1,163741,1
CP048235.1,163745,972
CP048235.1,163748,230
CP048235.1,163820,510
CP048235.1,163858,243
CP048235.1,163913,222
CP048235.1,163927,69
CP048235.1,165874,1045
CP048235.1,165976,118
CP048235.1,166633,235
CP048235.1,167008,451
CP048235.1,167015,510
CP048235.1,167020,1708
CP048235.1,167023,162
CP048235.1,167029,38
CP048235.1,167049,32
CP048235.1,167063,104
CP048235.1,167065,112
CP048235.1,167126,1345
CP048235.1,167170,1097
CP048235.1,167215,22
CP048235.1,167280,530
CP048235.1,167367,746
CP048235.1,167419,143
CP048235.1,167427,1081
CP048235.1,167625,1856
CP048235.1,169833,122
CP048235.1,170149,219
CP048235.1,172652,294
CP048235.1,173554,526
CP048235.1,179099,183
CP048235.1,179996,784
CP048235.1,180027,179
CP048235.1,180431,437
CP048235.1,181043,116
CP048235.1,181316,69
CP048235.1,181380,32
CP048235.1,181511,24
CP048235.1,184990,331
CP048235.1,184992,13
CP048235.1,185282,437
CP048235.1,185826,3
CP048235.1,185848,446
CP048235.1,185997,413
CP048235.1,186004,365
CP048235.1,186024,1
CP048235.1,186314,42
CP048235.1,186368,5
CP048235.1,186378,1369
CP048235.1,186385,1
CP048235.1,186419,310
CP048235.1,186434,226
CP048235.1,186439,1
CP048235.1,186441,43
CP048235.1,186447,122
CP048235.1,186666,194
CP048235.1,186696,209
CP048235.1,186750,48
CP048235.1,186752,136
CP048235.1,186757,773
CP048235.1,187326,251
CP048235.1,187789,663
CP048235.1,187969,26
CP048235.1,188859,80
CP048235.1,189325,184
CP048235.1,189714,466
CP048235.1,191034,22
CP048235.1,191384,289
CP048235.1,191411,279
CP048235.1,191445,388
CP048235.1,191452,188
CP048235.1,191516,48
CP048235.1,193687,787
CP048235.1,193694,19
CP048235.1,193758,1
CP048235.1,193786,496
CP048235.1,193797,583
CP048235.1,193804,618
CP048235.1,193808,527
CP048235.1,193865,51
CP048235.1,193882,18
CP048235.1,193965,447
CP048235.1,193972,290
CP048235.1,193987,255
CP048235.1,194219,99
CP048235.1,194454,950
CP048235.1,194455,1
CP048235.1,194873,684
CP048235.1,195146,60
CP048235.1,195322,1
CP048235.1,197477,393
CP048235.1,198599,15
CP048235.1,199012,137
CP048235.1,199568,55
CP048235.1,199916,36
CP048235.1,200143,111
CP048235.1,201822,15
CP048235.1,202519,464
CP048235.1,202545,494
CP048235.1,202557,1
CP048235.1,203481,142
CP048235.1,205434,1
CP048235.1,205526,1161
CP048235.1,205552,258
CP048235.1,206114,112
CP048235.1,206533,205
CP048235.1,206811,1
CP048235.1,207026,118
CP048235.1,207068,3664
CP048235.1,207072,2054
CP048235.1,207085,2
CP048235.1,207100,1131
CP048235.1,207107,1042
CP048235.1,207113,1409
CP048235.1,207120,1919
CP048235.1,207127,3
CP048235.1,207141,333
CP048235.1,207160,24
CP048235.1,207254,1
CP048235.1,207261,204
CP048235.1,207273,107
CP048235.1,207278,3
CP048235.1,207320,1
CP048235.1,207327,235
CP048235.1,207331,140
CP048235.1,207790,163
CP048235.1,207994,7
CP048235.1,208026,1
CP048235.1,208144,1
CP048235.1,208326,32
CP048235.1,208328,665
CP048235.1,208335,81
CP048235.1,208637,165
CP048235.1,219065,1186
CP048235.1,219072,477
CP048235.1,219114,497
CP048235.1,219239,210
CP048235.1,219245,2
CP048235.1,219635,457
CP048235.1,220781,21
CP048235.1,222370,256
CP048235.1,222827,541
CP048235.1,223179,87
CP048235.1,224620,208
CP048235.1,225945,1411
CP048235.1,225964,47
CP048235.1,227406,3
CP048235.1,227657,444
CP048235.1,228362,1
CP048235.1,228383,2
CP048235.1,228658,504
CP048235.1,229203,33
CP048235.1,229408,8
CP048235.1,230721,558
CP048235.1,230728,414
CP048235.1,230908,28
CP048235.1,230989,21
CP048235.1,231353,59
CP048235.1,231960,45
CP048235.1,231967,1
CP048235.1,232504,8
CP048235.1,232675,1
CP048235.1,233324,382
CP048235.1,233354,448
CP048235.1,233360,176
CP048235.1,233595,305
CP048235.1,233597,76
CP048235.1,233763,1
CP048235.1,233928,351
CP048235.1,234101,436
CP048235.1,234291,81
CP048235.1,234497,442
CP048235.1,234570,1
CP048235.1,234622,5
CP048235.1,234761,22
CP048235.1,234798,426
CP048235.1,234805,191
CP048235.1,234861,527
CP048235.1,235091,539
CP048235.1,235329,276
CP048235.1,235334,415
CP048235.1,235425,115
CP048235.1,235457,110
CP048235.1,235572,11
CP048235.1,235715,1132
CP048235.1,235722,330
CP048235.1,235845,432
CP048235.1,235881,1
CP048235.1,236680,13
CP048235.1,237245,9
CP048235.1,239403,23
CP048235.1,239410,150
CP048235.1,239423,1
CP048235.1,239427,1
CP048235.1,239429,1
CP048235.1,239436,61
CP048235.1,239443,259
CP048235.1,240388,89
CP048235.1,240437,53
CP048235.1,240454,110
CP048235.1,240664,44
CP048235.1,240671,571
CP048235.1,240762,143
CP048235.1,240857,10
CP048235.1,240943,1
CP048235.1,241035,12
CP048235.1,241080,21
CP048235.1,241149,1
CP048235.1,241156,158
CP048235.1,241158,174
CP048235.1,241187,145
CP048235.1,241202,3
CP048235.1,241291,367
CP048235.1,241354,139
CP048235.1,241610,1
CP048235.1,241876,344
CP048235.1,241883,16
CP048235.1,241944,58
CP048235.1,242101,76
CP048235.1,242243,326
CP048235.1,242311,1219
CP048235.1,242825,1
CP048235.1,243189,1
CP048235.1,243380,88
CP048235.1,243682,1
CP048235.1,244019,308
CP048235.1,244208,247
CP048235.1,246580,1
CP048235.1,246646,394
CP048235.1,246683,435
CP048235.1,246718,259
CP048235.1,246764,390
CP048235.1,246925,417
CP048235.1,247003,129
CP048235.1,247010,5
CP048235.1,247099,839
CP048235.1,247158,569
CP048235.1,247204,652
CP048235.1,247211,572
CP048235.1,247221,76
CP048235.1,247228,1
CP048235.1,247241,301
CP048235.1,247247,672
CP048235.1,247253,22
CP048235.1,247274,918
CP048235.1,247279,528
CP048235.1,247284,705
CP048235.1,247324,4
CP048235.1,247336,1410
CP048235.1,247340,907
CP048235.1,247347,903
CP048235.1,247372,1
CP048235.1,247377,65
CP048235.1,247386,424
CP048235.1,247475,9
CP048235.1,247476,603
CP048235.1,247483,24
CP048235.1,247518,143
CP048235.1,247525,95
CP048235.1,247527,734
CP048235.1,247534,468
CP048235.1,247546,56
CP048235.1,247553,770
CP048235.1,247554,79
CP048235.1,247561,1170
CP048235.1,247692,72
CP048235.1,247709,155
CP048235.1,247737,1
CP048235.1,247756,2
CP048235.1,247767,1
CP048235.1,247801,535
CP048235.1,247809,1
CP048235.1,247816,447
CP048235.1,247817,24
CP048235.1,247823,63
CP048235.1,247826,661
CP048235.1,247831,992
CP048235.1,247834,937
CP048235.1,247838,1085
CP048235.1,247883,58
CP048235.1,247894,767
CP048235.1,247895,765
CP048235.1,247896,602
CP048235.1,247901,170
CP048235.1,247903,968
CP048235.1,247910,10
CP048235.1,247917,66
CP048235.1,247974,21
CP048235.1,247975,59
CP048235.1,248016,36
CP048235.1,248029,1
CP048235.1,248063,31
CP048235.1,248069,28
CP048235.1,248080,180
CP048235.1,248105,30
CP048235.1,248115,19
CP048235.1,248162,61
CP048235.1,248169,455
CP048235.1,248292,6
CP048235.1,248435,503
CP048235.1,248735,25
CP048235.1,248913,549
CP048235.1,249143,460
CP048235.1,249372,1
CP048235.1,249794,740
CP048235.1,250273,554
CP048235.1,250704,511
CP048235.1,252896,387
CP048235.1,253040,6
CP048235.1,253077,28
CP048235.1,253104,73
CP048235.1,253343,10
CP048235.1,254816,1
CP048235.1,254903,449
CP048235.1,254925,623
CP048235.1,257426,14
CP048235.1,257721,455
CP048235.1,257728,54
CP048235.1,257754,50
CP048235.1,258277,273
CP048235.1,258342,9
CP048235.1,258368,297
CP048235.1,258375,168
CP048235.1,258376,7
CP048235.1,258387,397
CP048235.1,258398,1190
CP048235.1,258404,452
CP048235.1,258405,2
CP048235.1,258411,10
CP048235.1,258425,7
CP048235.1,258429,1
CP048235.1,258462,1938
CP048235.1,258469,2845
CP048235.1,258537,311
CP048235.1,258575,725
CP048235.1,258611,265
CP048235.1,258626,936
CP048235.1,258635,951
CP048235.1,258665,61
CP048235.1,258716,488
CP048235.1,258723,143
CP048235.1,258779,902
CP048235.1,258786,17
CP048235.1,258813,876
CP048235.1,258820,19
CP048235.1,258830,554
CP048235.1,258839,2
CP048235.1,258866,337
CP048235.1,258877,597
CP048235.1,258884,522
CP048235.1,258886,279
CP048235.1,258895,3
CP048235.1,258911,4
CP048235.1,258999,1
CP048235.1,260787,1
CP048235.1,264551,98
CP048235.1,264608,286
CP048235.1,264633,33
CP048235.1,264691,406
CP048235.1,264824,374
CP048235.1,264938,54
CP048235.1,265008,25
CP048235.1,265061,52
CP048235.1,265191,386
CP048235.1,265194,266
CP048235.1,265198,78
CP048235.1,265350,607
CP048235.1,266290,3
CP048235.1,266454,1
CP048235.1,266486,85
CP048235.1,266493,905
CP048235.1,266651,11
CP048235.1,269996,34
CP048235.1,270003,1766
CP048235.1,270069,377
CP048235.1,272386,3
CP048235.1,273989,4
CP048235.1,275056,23
CP048235.1,275086,283
CP048235.1,275170,191
CP048235.1,275201,503
CP048235.1,275207,858
CP048235.1,275214,127
CP048235.1,275294,1
CP048235.1,275365,1
CP048235.1,275375,638
CP048235.1,275408,66
CP048235.1,275646,1
CP048235.1,275851,246
CP048235.1,275923,81
CP048235.1,275930,378
CP048235.1,275964,385
CP048235.1,275971,441
CP048235.1,275996,98
CP048235.1,276010,2
CP048235.1,276012,1
CP048235.1,276014,559
CP048235.1,276340,1121
CP048235.1,276598,2
CP048235.1,277417,526
CP048235.1,279025,14
CP048235.1,284748,507
CP048235.1,284798,55
CP048235.1,285726,512
CP048235.1,285890,605
CP048235.1,286596,263
CP048235.1,288259,660
CP048235.1,289326,10
CP048235.1,290208,26
CP048235.1,290630,575
CP048235.1,290714,541
CP048235.1,291025,317
CP048235.1,291032,396
CP048235.1,291083,41
CP048235.1,293880,5
CP048235.1,294206,170
CP048235.1,294847,404
CP048235.1,295022,60
CP048235.1,295038,1
CP048235.1,295048,420
CP048235.1,295062,986
CP048235.1,295069,1
CP048235.1,295169,794
CP048235.1,297964,2
CP048235.1,297985,533
CP048235.1,297992,14
CP048235.1,298008,330
CP048235.1,298061,1
CP048235.1,300297,197
CP048235.1,300333,9
CP048235.1,300383,293
CP048235.1,300390,296
CP048235.1,300392,464
CP048235.1,300418,1
CP048235.1,300420,128
CP048235.1,300421,619
CP048235.1,300427,53
CP048235.1,300429,582
CP048235.1,302204,65
CP048235.1,302560,78
CP048235.1,302575,1430
CP048235.1,302619,16
CP048235.1,302816,256
CP048235.1,302853,146
CP048235.1,302856,58
CP048235.1,302860,694
CP048235.1,302932,1
CP048235.1,303040,314
CP048235.1,303085,2068
CP048235.1,303092,387
CP048235.1,303114,803
CP048235.1,303139,1
CP048235.1,303140,386
CP048235.1,303146,568
CP048235.1,303353,685
CP048235.1,303591,392
CP048235.1,303916,12
CP048235.1,303923,15
CP048235.1,303944,56
CP048235.1,304523,54
CP048235.1,304602,681
CP048235.1,307427,524
CP048235.1,307505,70
CP048235.1,307516,456
CP048235.1,317776,429
CP048235.1,317783,152
CP048235.1,317855,431
CP048235.1,317873,276
CP048235.1,320613,622
CP048235.1,320766,9
CP048235.1,322712,22
CP048235.1,322771,170
CP048235.1,324914,28
CP048235.1,328481,340
CP048235.1,328715,5
CP048235.1,335024,1
CP048235.1,335130,523
CP048235.1,338971,495
CP048235.1,339740,589
CP048235.1,339826,292
CP048235.1,339833,893
CP048235.1,340156,84
CP048235.1,340180,301
CP048235.1,340205,458
CP048235.1,340481,610
CP048235.1,340541,504
CP048235.1,340576,1
CP048235.1,340612,1193
CP048235.1,340643,539
CP048235.1,340664,98
CP048235.1,340681,177
CP048235.1,340699,597
CP048235.1,340727,5
CP048235.1,340728,21
CP048235.1,340733,226
CP048235.1,340895,2
CP048235.1,340990,419
CP048235.1,345529,546
CP048235.1,345864,167
CP048235.1,345871,313
CP048235.1,345904,11
CP048235.1,345915,162
CP048235.1,346001,2335
CP048235.1,346008,718
CP048235.1,346018,193
CP048235.1,346022,149
CP048235.1,346029,19
CP048235.1,346158,5
CP048235.1,346179,3
CP048235.1,346214,67
CP048235.1,346312,533
CP048235.1,346316,785
CP048235.1,346332,1280
CP048235.1,346339,1
CP048235.1,350071,560
CP048235.1,350124,4
CP048235.1,350125,110
CP048235.1,350139,750
CP048235.1,350142,46
CP048235.1,350173,5
CP048235.1,350203,1
CP048235.1,350236,72
CP048235.1,350242,83
CP048235.1,350249,611
CP048235.1,350294,1
CP048235.1,350352,367
CP048235.1,350359,280
CP048235.1,350388,145
CP048235.1,353486,33
CP048235.1,353552,574
CP048235.1,357231,205
CP048235.1,357599,1
CP048235.1,358218,696
CP048235.1,358238,39
CP048235.1,358253,649
CP048235.1,358261,234
CP048235.1,359199,299
CP048235.1,361449,309
CP048235.1,361589,54
CP048235.1,361722,229
CP048235.1,361945,39
CP048235.1,362082,9
CP048235.1,362298,73
CP048235.1,362305,531
CP048235.1,362371,351
CP048235.1,365156,43
CP048235.1,369133,1
CP048235.1,369252,41
CP048235.1,370442,1061
CP048235.1,370449,709
CP048235.1,370835,196
CP048235.1,372802,1
CP048235.1,373843,1
CP048235.1,373926,152
CP048235.1,376644,162
CP048235.1,376720,5
CP048235.1,376729,220
CP048235.1,376791,55
CP048235.1,376855,77
CP048235.1,376857,276
CP048235.1,376858,111
CP048235.1,376862,7
CP048235.1,377000,495
CP048235.1,377007,42
CP048235.1,377249,619
CP048235.1,377266,141
CP048235.1,377279,361
CP048235.1,378815,1
CP048235.1,378817,571
CP048235.1,385276,2
CP048235.1,386725,1
CP048235.1,390005,59
CP048235.1,390091,179
CP048235.1,390098,476
CP048235.1,391422,13
CP048235.1,394896,427
CP048235.1,400301,1
CP048235.1,405207,12
CP048235.1,405352,339
CP048235.1,408393,1179
CP048235.1,409402,15
CP048235.1,409409,25
CP048235.1,410156,32
CP048235.1,411973,487
CP048235.1,412779,19
CP048235.1,415472,2
CP048235.1,416524,37
CP048235.1,417920,42
CP048235.1,418344,183
CP048235.1,423681,581
CP048235.1,424419,216
CP048235.1,425056,749
CP048235.1,426688,1
CP048235.1,426692,169
CP048235.1,426804,405
CP048235.1,426828,117
CP048235.1,426842,6
CP048235.1,427181,90
CP048235.1,427657,599
CP048235.1,427785,731
CP048235.1,427890,5
CP048235.1,429240,109
CP048235.1,429396,449
CP048235.1,429635,36
CP048235.1,429871,39
CP048235.1,429924,173
CP048235.1,429959,709
CP048235.1,429981,1
CP048235.1,430061,128
CP048235.1,430954,2
CP048235.1,430958,250
CP048235.1,430963,1
CP048235.1,431056,537
CP048235.1,431269,4
CP048235.1,431388,1243
CP048235.1,431441,433
CP048235.1,431780,1601
CP048235.1,431787,130
CP048235.1,431962,24
CP048235.1,432043,10
CP048235.1,432123,1
CP048235.1,432197,37
CP048235.1,432218,126
CP048235.1,432789,152
CP048235.1,432871,559
CP048235.1,432973,41
CP048235.1,433002,66
CP048235.1,433192,41
CP048235.1,433306,1181
CP048235.1,433437,1169
CP048235.1,433444,322
CP048235.1,433456,886
CP048235.1,433463,588
CP048235.1,433638,200
CP048235.1,433645,321
CP048235.1,433646,1
CP048235.1,435528,1
CP048235.1,435603,1
CP048235.1,435606,27
CP048235.1,436693,1
CP048235.1,438430,39
CP048235.1,438496,248
CP048235.1,438882,87
CP048235.1,438910,8
CP048235.1,438932,119
CP048235.1,438952,475
CP048235.1,438959,534
CP048235.1,438975,33
CP048235.1,439035,1
CP048235.1,439055,1
CP048235.1,445163,15
CP048235.1,450739,603
CP048235.1,450867,56
CP048235.1,450985,309
CP048235.1,458847,4
CP048235.1,458956,1
CP048235.1,458963,125
CP048235.1,459522,615
CP048235.1,462323,416
CP048235.1,462404,174
CP048235.1,462411,2
CP048235.1,462437,439
CP048235.1,462519,33
CP048235.1,462962,306
CP048235.1,462969,32
CP048235.1,463151,4
CP048235.1,463839,56
CP048235.1,463866,556
CP048235.1,464073,141
CP048235.1,464143,24
CP048235.1,466677,49
CP048235.1,468907,299
CP048235.1,468914,38
CP048235.1,469364,25
CP048235.1,469572,719
CP048235.1,469691,896
CP048235.1,469757,973
CP048235.1,470326,218
CP048235.1,470338,159
CP048235.1,470452,417
CP048235.1,470634,40
CP048235.1,470727,258
CP048235.1,471020,100
CP048235.1,471033,548
CP048235.1,471046,310
CP048235.1,471101,388
CP048235.1,471175,379
CP048235.1,471770,299
CP048235.1,471958,206
CP048235.1,472061,53
CP048235.1,472175,312
CP048235.1,472182,47
CP048235.1,472439,105
CP048235.1,472446,23
CP048235.1,472449,408
CP048235.1,472573,89
CP048235.1,472638,443
CP048235.1,472663,71
CP048235.1,472870,140
CP048235.1,472895,126
CP048235.1,473072,4
CP048235.1,473147,107
CP048235.1,473208,807
CP048235.1,473541,39
CP048235.1,473859,266
CP048235.1,477870,123
CP048235.1,477872,1
CP048235.1,478221,477
CP048235.1,479440,6
CP048235.1,482953,138
CP048235.1,484544,329
CP048235.1,484884,357
CP048235.1,484891,41
CP048235.1,484936,554
CP048235.1,484985,1
CP048235.1,486196,436
CP048235.1,486383,159
CP048235.1,486388,70
CP048235.1,486413,3
CP048235.1,486527,382
CP048235.1,486701,212
CP048235.1,486717,3
CP048235.1,486724,21
CP048235.1,486899,38
CP048235.1,486948,3
CP048235.1,486995,191
CP048235.1,487103,214
CP048235.1,488633,23
CP048235.1,488643,250
CP048235.1,488645,286
CP048235.1,488647,715
CP048235.1,488654,19
CP048235.1,488730,447
CP048235.1,489031,158
CP048235.1,489072,801
CP048235.1,489236,157
CP048235.1,492165,2
CP048235.1,492444,29
CP048235.1,492451,50
CP048235.1,492489,8
CP048235.1,496282,492
CP048235.1,496795,482
CP048235.1,496797,37
CP048235.1,496900,309
CP048235.1,496963,241
CP048235.1,496999,12
CP048235.1,497026,1
CP048235.1,501353,48
CP048235.1,501360,22
CP048235.1,501679,132
CP048235.1,501870,109
CP048235.1,501912,334
CP048235.1,501913,62
CP048235.1,501939,219
CP048235.1,501946,618
CP048235.1,501949,594
CP048235.1,501964,95
CP048235.1,502039,1203
CP048235.1,502065,395
CP048235.1,502072,460
CP048235.1,505240,3
CP048235.1,508753,1385
CP048235.1,508810,4
CP048235.1,508835,1146
CP048235.1,509038,2461
CP048235.1,509084,251
CP048235.1,509364,1
CP048235.1,509534,75
CP048235.1,509990,1
CP048235.1,516857,429
CP048235.1,516963,786
CP048235.1,517022,141
CP048235.1,517049,976
CP048235.1,517314,590
CP048235.1,517318,732
CP048235.1,517384,13
CP048235.1,517991,642
CP048235.1,518027,91
CP048235.1,518032,142
CP048235.1,518099,29
CP048235.1,526590,21
CP048235.1,530233,17
CP048235.1,530390,721
CP048235.1,532089,425
CP048235.1,532335,3
CP048235.1,532477,1
CP048235.1,532880,431
CP048235.1,533012,357
CP048235.1,533641,139
CP048235.1,533695,13
CP048235.1,533697,99
CP048235.1,533701,1
CP048235.1,533708,657
CP048235.1,533803,1
CP048235.1,535750,111
CP048235.1,536415,744
CP048235.1,536800,147
CP048235.1,537582,493
CP048235.1,537660,36
CP048235.1,539586,80
CP048235.1,544439,9
CP048235.1,547275,140
CP048235.1,547308,3
CP048235.1,547372,83
CP048235.1,549466,104
CP048235.1,549881,112
CP048235.1,550038,1
CP048235.1,550876,4
CP048235.1,550877,12
CP048235.1,551167,41
CP048235.1,551258,284
CP048235.1,551265,250
CP048235.1,551288,248
CP048235.1,551406,294
CP048235.1,551413,584
CP048235.1,551419,162
CP048235.1,551662,12
CP048235.1,551703,164
CP048235.1,551708,1
CP048235.1,551710,693
CP048235.1,551718,138
CP048235.1,551840,27
CP048235.1,551986,2
CP048235.1,551988,13
CP048235.1,551993,1
CP048235.1,555400,2
CP048235.1,562209,2
CP048235.1,562261,412
CP048235.1,562347,487
CP048235.1,573073,315
CP048235.1,576066,174
CP048235.1,576595,16
CP048235.1,576597,39
CP048235.1,576606,48
CP048235.1,576634,37
CP048235.1,577208,1
CP048235.1,577262,1
CP048235.1,580008,212
CP048235.1,580015,2
CP048235.1,584070,291
CP048235.1,584431,975
CP048235.1,584484,86
CP048235.1,584493,1
CP048235.1,584560,1
CP048235.1,584634,48
CP048235.1,587426,58
CP048235.1,591659,13
CP048235.1,592210,60
CP048235.1,592217,95
CP048235.1,592384,1
CP048235.1,599093,102
CP048235.1,599323,212
CP048235.1,600840,1
CP048235.1,600847,62
CP048235.1,600894,68
CP048235.1,602432,1
CP048235.1,602449,4
CP048235.1,602450,1
CP048235.1,602451,44
CP048235.1,602453,80
CP048235.1,602455,270
CP048235.1,602456,559
CP048235.1,602457,43
CP048235.1,602459,52
CP048235.1,602461,623
CP048235.1,602465,192
CP048235.1,602618,1
CP048235.1,602763,185
CP048235.1,602796,60
CP048235.1,602871,1
CP048235.1,602915,76
CP048235.1,609437,478
CP048235.1,612464,312
CP048235.1,612826,7
CP048235.1,615404,716
CP048235.1,615407,579
CP048235.1,615430,1
CP048235.1,615437,32
CP048235.1,615476,4
CP048235.1,615570,1
CP048235.1,615677,307
CP048235.1,616851,99
CP048235.1,616902,407
CP048235.1,616915,7
CP048235.1,616980,36
CP048235.1,618307,1
CP048235.1,618509,3
CP048235.1,619734,182
CP048235.1,619755,1
CP048235.1,620144,342
CP048235.1,621229,6
CP048235.1,621945,78
CP048235.1,621983,611
CP048235.1,622011,452
CP048235.1,622085,152
CP048235.1,622110,50
CP048235.1,622124,898
CP048235.1,622196,517
CP048235.1,622520,35
CP048235.1,622598,2
CP048235.1,622605,787
CP048235.1,622632,1
CP048235.1,622698,3
CP048235.1,622724,155
CP048235.1,624472,131
CP048235.1,624975,434
CP048235.1,627196,55
CP048235.1,631054,2
CP048235.1,632989,152
CP048235.1,633201,30
CP048235.1,633238,432
CP048235.1,633430,14
CP048235.1,634938,660
CP048235.1,635700,1117
CP048235.1,635757,63
CP048235.1,635777,564
CP048235.1,638236,173
CP048235.1,638905,555
CP048235.1,639022,236
CP048235.1,639120,920
CP048235.1,639129,134
CP048235.1,639154,3
CP048235.1,639237,1
CP048235.1,639375,1487
CP048235.1,639382,76
CP048235.1,639553,24
CP048235.1,639586,271
CP048235.1,645552,32
CP048235.1,645559,522
CP048235.1,647175,1194
CP048235.1,647217,104
CP048235.1,647426,1
CP048235.1,647706,310
CP048235.1,647811,339
CP048235.1,648035,655
CP048235.1,648130,1
CP048235.1,648160,528
CP048235.1,648221,127
CP048235.1,648244,123
CP048235.1,648255,19
CP048235.1,648341,26
CP048235.1,648388,107
CP048235.1,648584,202
CP048235.1,650289,10
CP048235.1,651294,118
CP048235.1,663398,87
CP048235.1,663400,168
CP048235.1,663557,206
CP048235.1,664667,386
CP048235.1,664764,39
CP048235.1,664823,236
CP048235.1,669279,645
CP048235.1,674336,53
CP048235.1,674519,28
CP048235.1,675560,1
CP048235.1,681973,51
CP048235.1,682000,37
CP048235.1,682002,1
CP048235.1,689626,235
CP048235.1,689653,78
CP048235.1,689692,129
CP048235.1,689725,8
CP048235.1,689770,197
CP048235.1,689830,564
CP048235.1,691080,180
CP048235.1,691952,229
CP048235.1,692356,1
CP048235.1,692597,1
CP048235.1,693016,296
CP048235.1,693023,79
CP048235.1,693125,165
CP048235.1,693298,33
CP048235.1,693305,195
CP048235.1,693617,37
CP048235.1,693646,88
CP048235.1,693873,450
CP048235.1,694062,116
CP048235.1,694214,136
CP048235.1,696509,188
CP048235.1,701578,1
CP048235.1,701627,391
CP048235.1,702102,1199
CP048235.1,702372,893
CP048235.1,702379,860
CP048235.1,702585,778
CP048235.1,702592,73
CP048235.1,702892,72
CP048235.1,702937,95
CP048235.1,702966,753
CP048235.1,703031,98
CP048235.1,703053,166
CP048235.1,703126,1
CP048235.1,703131,511
CP048235.1,703195,2
CP048235.1,703197,483
CP048235.1,703204,447
CP048235.1,703254,33
CP048235.1,703434,378
CP048235.1,708159,244
CP048235.1,709513,77
CP048235.1,712724,370
CP048235.1,712735,404
CP048235.1,715598,41
CP048235.1,718426,526
CP048235.1,718474,331
CP048235.1,718530,1
CP048235.1,719327,4
CP048235.1,719855,5
CP048235.1,726478,81
CP048235.1,729415,137
CP048235.1,731911,613
CP048235.1,733037,38
CP048235.1,733530,440
CP048235.1,733537,17
CP048235.1,733543,428
CP048235.1,733550,232
CP048235.1,733699,117
CP048235.1,733715,1
CP048235.1,733806,74
CP048235.1,733840,417
CP048235.1,733933,662
CP048235.1,735704,256
CP048235.1,740033,1
CP048235.1,743209,13
CP048235.1,745454,167
CP048235.1,745472,1318
CP048235.1,745499,99
CP048235.1,745501,937
CP048235.1,746017,424
CP048235.1,746046,416
CP048235.1,747247,5
CP048235.1,747311,281
CP048235.1,747359,31
CP048235.1,747370,226
CP048235.1,747376,301
CP048235.1,747377,68
CP048235.1,747383,286
CP048235.1,747407,853
CP048235.1,747409,1
CP048235.1,747525,1
CP048235.1,747558,2
CP048235.1,747609,42
CP048235.1,747617,6
CP048235.1,747712,262
CP048235.1,749274,9
CP048235.1,749752,62
CP048235.1,750742,1
CP048235.1,751443,1696
CP048235.1,751535,161
CP048235.1,751743,698
CP048235.1,751800,173
CP048235.1,751853,4
CP048235.1,751963,1
CP048235.1,751969,153
CP048235.1,751970,356
CP048235.1,751976,426
CP048235.1,752077,441
CP048235.1,752637,635
CP048235.1,752682,99
CP048235.1,752713,75
CP048235.1,752912,3
CP048235.1,753145,37
CP048235.1,754093,155
CP048235.1,754100,384
CP048235.1,754394,649
CP048235.1,754401,367
CP048235.1,754412,97
CP048235.1,754491,33
CP048235.1,754542,1
CP048235.1,754550,526
CP048235.1,754558,417
CP048235.1,754578,272
CP048235.1,754585,1017
CP048235.1,754821,1760
CP048235.1,754933,577
CP048235.1,754938,262
CP048235.1,754945,1776
CP048235.1,754963,77
CP048235.1,755050,3
CP048235.1,755098,143
CP048235.1,755144,244
CP048235.1,755151,167
CP048235.1,755223,382
CP048235.1,755421,30
CP048235.1,755428,339
CP048235.1,755466,30
CP048235.1,758468,257
CP048235.1,758614,307
CP048235.1,758710,115
CP048235.1,758838,234
CP048235.1,759665,195
CP048235.1,759701,187
CP048235.1,759738,97
CP048235.1,761948,34
CP048235.1,762349,250
CP048235.1,762356,269
CP048235.1,762498,271
CP048235.1,762505,320
CP048235.1,768340,101
CP048235.1,768347,41
CP048235.1,772997,1
CP048235.1,773006,243
CP048235.1,773339,154
CP048235.1,774498,258
CP048235.1,774595,63
CP048235.1,774875,5
CP048235.1,775036,211
CP048235.1,775654,20
CP048235.1,777353,444
CP048235.1,777397,2
CP048235.1,777407,17
CP048235.1,780496,18
CP048235.1,782783,8
CP048235.1,786724,44
CP048235.1,786779,53
CP048235.1,786959,643
CP048235.1,789849,549
CP048235.1,796535,505
CP048235.1,796542,1
CP048235.1,799506,1513
CP048235.1,799860,29
CP048235.1,799929,2
CP048235.1,799936,77
CP048235.1,799948,249
CP048235.1,799976,269
CP048235.1,800190,281
CP048235.1,800250,125
CP048235.1,804195,692
CP048235.1,804649,1101
CP048235.1,804758,14
CP048235.1,804984,13
CP048235.1,804992,21
CP048235.1,805030,78
CP048235.1,805074,17
CP048235.1,805310,69
CP048235.1,806503,1
CP048235.1,806619,1030
CP048235.1,806621,1
CP048235.1,810591,152
CP048235.1,810733,123
CP048235.1,810931,1
CP048235.1,813195,318
CP048235.1,813346,569
CP048235.1,813353,240
CP048235.1,813477,387
CP048235.1,813484,544
CP048235.1,813493,40
CP048235.1,813500,272
CP048235.1,813591,327
CP048235.1,813613,1
CP048235.1,813957,1
CP048235.1,814040,6
CP048235.1,816714,273
CP048235.1,816872,1
CP048235.1,816951,1
CP048235.1,817342,1
CP048235.1,822794,23
CP048235.1,822987,164
CP048235.1,824596,243
CP048235.1,824667,883
CP048235.1,824817,159
CP048235.1,824934,138
CP048235.1,826221,324
CP048235.1,826404,1
CP048235.1,826535,2
CP048235.1,827014,71
CP048235.1,827121,231
CP048235.1,832329,1
CP048235.1,832395,1
CP048235.1,833164,1
CP048235.1,833283,1
CP048235.1,833349,597
CP048235.1,833354,709
CP048235.1,833361,1376
CP048235.1,833470,192
CP048235.1,835363,609
CP048235.1,835402,150
CP048235.1,839345,4
CP048235.1,839824,101
CP048235.1,839831,149
CP048235.1,843620,313
CP048235.1,843627,298
CP048235.1,843752,25
CP048235.1,843764,1
CP048235.1,847627,194
CP048235.1,847818,466
CP048235.1,854595,147
CP048235.1,855820,400
CP048235.1,860175,979
CP048235.1,860176,364
CP048235.1,860532,140
CP048235.1,860547,1
CP048235.1,860782,315
CP048235.1,863080,435
CP048235.1,864168,62
CP048235.1,864336,414
CP048235.1,864516,340
CP048235.1,864523,172
CP048235.1,864567,25
CP048235.1,864584,83
CP048235.1,864807,8
CP048235.1,864814,422
CP048235.1,864816,33
CP048235.1,864823,62
CP048235.1,864935,1
CP048235.1,866387,321
CP048235.1,866419,1
CP048235.1,866422,7
CP048235.1,866535,162
CP048235.1,867880,427
CP048235.1,869396,4
CP048235.1,869532,240
CP048235.1,871982,307
CP048235.1,874420,135
CP048235.1,874701,3
CP048235.1,878805,1116
CP048235.1,881469,648
CP048235.1,881632,4
CP048235.1,881763,1727
CP048235.1,881765,716
CP048235.1,881770,1
CP048235.1,882491,26
CP048235.1,883652,198
CP048235.1,883720,9
CP048235.1,885901,118
CP048235.1,886017,793
CP048235.1,886078,98
CP048235.1,886085,696
CP048235.1,886118,268
CP048235.1,886125,26
CP048235.1,886147,313
CP048235.1,886159,1
CP048235.1,886209,1686
CP048235.1,886329,8
CP048235.1,887428,182
CP048235.1,887461,69
CP048235.1,887578,685
CP048235.1,887598,60
CP048235.1,887734,795
CP048235.1,887741,1
CP048235.1,890884,12
CP048235.1,892275,3
CP048235.1,893136,26
CP048235.1,893220,7
CP048235.1,893266,223
CP048235.1,893495,22
CP048235.1,893576,30
CP048235.1,893583,1036
CP048235.1,893626,591
CP048235.1,895897,558
CP048235.1,895920,630
CP048235.1,898126,162
CP048235.1,898248,13
CP048235.1,899829,772
CP048235.1,902248,164
CP048235.1,902325,167
CP048235.1,902332,48
CP048235.1,902394,396
CP048235.1,902401,303
CP048235.1,902909,7
CP048235.1,905673,234
CP048235.1,906015,31
CP048235.1,906037,1
CP048235.1,906610,37
CP048235.1,906837,11
CP048235.1,906883,540
CP048235.1,907084,218
CP048235.1,907400,2
CP048235.1,907700,1
CP048235.1,907711,471
CP048235.1,907787,387
CP048235.1,907856,39
CP048235.1,907955,2
CP048235.1,908145,99
CP048235.1,911895,184
CP048235.1,912424,1
CP048235.1,912471,14
CP048235.1,912478,4
CP048235.1,912504,1
CP048235.1,912810,508
CP048235.1,917085,56
CP048235.1,917192,14
CP048235.1,917397,320
CP048235.1,917489,104
CP048235.1,917747,523
CP048235.1,917766,217
CP048235.1,917819,25
CP048235.1,917841,1
CP048235.1,917843,86
CP048235.1,918082,40
CP048235.1,918228,415
CP048235.1,918234,271
CP048235.1,918727,529
CP048235.1,920697,156
CP048235.1,920781,1
CP048235.1,920834,127
CP048235.1,920857,51
CP048235.1,925746,362
CP048235.1,927430,570
CP048235.1,928030,216
CP048235.1,928597,52
CP048235.1,928618,28
CP048235.1,937241,41
CP048235.1,937813,779
CP048235.1,937820,170
CP048235.1,939241,241
CP048235.1,939433,312
CP048235.1,939596,1
CP048235.1,939623,1
CP048236.1,1357,239
CP048236.1,1591,740
CP048236.1,1637,537
CP048236.1,2260,1317
CP048236.1,2349,2
CP048236.1,2448,8
CP048236.1,2792,1
CP048236.1,5175,721
CP048236.1,27096,538
CP048236.1,27197,714
CP048236.1,27671,883
CP048236.1,27808,5
CP048236.1,27908,414
CP048236.1,34612,147
CP048236.1,34825,546
CP048236.1,34908,313
CP048236.1,34967,74
CP048236.1,35105,48
CP048236.1,36701,233
CP048236.1,36778,31
CP048236.1,36934,567
CP048236.1,36941,4
CP048236.1,38388,1897
CP048236.1,38395,869
CP048236.1,38405,23
CP048236.1,38428,975
CP048236.1,38522,698
CP048236.1,38529,644
CP048236.1,38554,347
CP048236.1,38561,1
CP048236.1,38706,455
CP048236.1,38714,1
CP048236.1,38867,830
CP048236.1,38896,1
CP048236.1,38899,543
CP048236.1,38907,166
CP048236.1,38936,137
CP048236.1,38949,105
CP048236.1,39000,521
CP048236.1,39002,2
CP048236.1,39291,87
CP048236.1,39293,294
CP048236.1,39349,808
CP048236.1,39377,17
CP048236.1,40297,12
CP048236.1,40715,47
CP048236.1,40840,187
CP048236.1,44797,1
CP048236.1,45529,978
CP048236.1,45716,2358
CP048236.1,45723,4
CP048236.1,45737,1
CP048236.1,45757,710
CP048236.1,45771,1
CP048236.1,45792,11
CP048236.1,45799,105
CP048236.1,45847,1
CP048236.1,45854,1
CP048236.1,45863,1
CP048236.1,45879,68
CP048236.1,45886,5668
CP048236.1,45890,652
CP048236.1,45927,1234
CP048236.1,45943,938
CP048236.1,45950,2356
CP048236.1,45981,666
CP048236.1,46029,519
CP048236.1,46036,815
CP048236.1,46186,288
CP048236.1,46281,1
CP048236.1,46349,234
CP048236.1,46356,2
CP048236.1,46359,84
CP048236.1,46378,244
CP048236.1,46411,13
CP048236.1,46415,2
CP048236.1,46418,937
CP048236.1,46424,307
CP048236.1,46439,239
CP048236.1,46446,1
CP048236.1,47831,14
CP048236.1,48127,946
CP048236.1,48134,102
CP048236.1,48301,433
CP048236.1,48426,1089
CP048236.1,48433,44
CP048236.1,48666,212
CP048236.1,49233,108
CP048236.1,49619,8
CP048236.1,49687,155
CP048236.1,49692,163
CP048236.1,49694,88
CP048236.1,49760,354
CP048236.1,49780,836
CP048236.1,49817,1
CP048236.1,49878,406
CP048236.1,49881,9
CP048236.1,49899,23
CP048236.1,49944,32
CP048236.1,49964,29
CP048236.1,49975,126
CP048236.1,50160,235
CP048236.1,50368,182
CP048236.1,50463,716
CP048236.1,50470,356
CP048236.1,50526,44
CP048236.1,50533,77
CP048236.1,50632,460
CP048236.1,50732,936
CP048236.1,50739,66
CP048236.1,50783,36
CP048236.1,50791,2216
CP048236.1,50862,11
CP048236.1,50987,506
CP048236.1,50994,563
CP048236.1,51001,545
CP048236.1,51003,1177
CP048236.1,51010,314
CP048236.1,51052,1
CP048236.1,51060,48
CP048236.1,51072,51
CP048236.1,51088,443
CP048236.1,51090,6
CP048236.1,51095,619
CP048236.1,51191,402
CP048236.1,51198,552
CP048236.1,51202,84
CP048236.1,51409,153
CP048236.1,51499,1314
CP048236.1,51516,674
CP048236.1,51543,23
CP048236.1,51558,540
CP048236.1,51774,81
CP048236.1,51846,167
CP048236.1,51848,1986
CP048236.1,51852,869
CP048236.1,51855,1138
CP048236.1,51859,616
CP048236.1,51862,4
CP048236.1,51869,124
CP048236.1,52023,1453
CP048236.1,52077,408
CP048236.1,52087,142
CP048236.1,52128,3
CP048236.1,52208,635
CP048236.1,52338,371
CP048236.1,52344,966
CP048236.1,52388,349
CP048236.1,52557,7
CP048236.1,52724,316
CP048236.1,52861,3
CP048236.1,52907,1
CP048236.1,52982,14
CP048236.1,53070,8
CP048236.1,53078,317
CP048236.1,53093,7
CP048236.1,53098,47
CP048236.1,53109,2
CP048236.1,53120,413
CP048236.1,53123,60
CP048236.1,53295,467
CP048236.1,53758,781
CP048236.1,54186,689
CP048236.1,54326,92
CP048236.1,57788,23
CP048236.1,57827,101
CP048236.1,59670,49
CP048236.1,60728,13
CP048236.1,60976,392
CP048236.1,61077,260
CP048236.1,61319,238
CP048236.1,61335,402
CP048236.1,64624,202
CP048236.1,64733,250
CP048236.1,64776,429
CP048236.1,64843,517
CP048236.1,64846,14
CP048236.1,67550,11
CP048236.1,67866,8
CP048236.1,68038,2
CP048236.1,68048,427
CP048236.1,68087,214
CP048236.1,68094,757
CP048236.1,70206,374
CP048236.1,70808,620
CP048236.1,74315,505
CP048236.1,74831,304
CP048236.1,74832,484
CP048236.1,74997,7
CP048236.1,75119,654
CP048236.1,75148,784
CP048236.1,75179,461
CP048236.1,75186,148
CP048236.1,75224,912
CP048236.1,75226,1023
CP048236.1,75231,448
CP048236.1,75235,107
CP048236.1,75263,560
CP048236.1,79707,1
CP048236.1,79710,8
CP048236.1,79721,173
CP048236.1,79725,1056
CP048236.1,79726,13
CP048236.1,79728,1774
CP048236.1,79732,1738
CP048236.1,79747,938
CP048236.1,79873,532
CP048236.1,79965,1
CP048236.1,79975,1
CP048236.1,79999,837
CP048236.1,80006,1480
CP048236.1,80010,203
CP048236.1,80039,551
CP048236.1,80044,6
CP048236.1,80046,682
CP048236.1,80079,814
CP048236.1,80082,122
CP048236.1,80117,351
CP048236.1,80124,628
CP048236.1,80134,838
CP048236.1,80287,785
CP048236.1,80293,8
CP048236.1,80294,116
CP048236.1,80759,47
CP048236.1,80933,88
CP048236.1,80936,224
CP048236.1,81085,260
CP048236.1,81156,47
CP048236.1,81597,21
CP048236.1,81637,90
CP048236.1,81684,141
CP048236.1,81706,371
CP048236.1,83035,90
CP048236.1,83037,613
CP048236.1,83092,1
CP048236.1,83395,241
CP048236.1,83553,18
CP048236.1,83644,71
CP048236.1,83672,44
CP048236.1,83674,138
CP048236.1,83690,577
CP048236.1,83697,118
CP048236.1,83705,500
CP048236.1,83835,64
CP048236.1,83887,13
CP048236.1,84333,215
CP048236.1,84340,429
CP048236.1,84383,36
CP048236.1,84712,2
CP048236.1,84786,83
CP048236.1,85243,14
CP048236.1,85442,16
CP048236.1,86086,77
CP048236.1,86209,57
CP048236.1,86690,2
CP048236.1,86714,64
CP048236.1,86883,22
CP048236.1,87050,1
CP048236.1,87931,608
CP048236.1,87979,1
CP048236.1,90175,218
CP048236.1,90181,570
CP048236.1,91505,70
CP048236.1,91540,1
CP048236.1,92007,378
CP048236.1,92856,156
CP048236.1,92892,52
CP048236.1,92950,286
CP048236.1,92957,102
CP048236.1,93437,236
CP048236.1,94977,150
CP048236.1,95089,99
CP048236.1,95163,1
CP048236.1,95214,75
CP048236.1,95241,16
CP048236.1,95357,409
CP048236.1,95424,167
CP048236.1,95605,97
CP048236.1,96118,1370
CP048236.1,96136,1
CP048236.1,96181,591
CP048236.1,96264,265
CP048236.1,96316,782
CP048236.1,96441,105
CP048236.1,96448,142
CP048236.1,96674,1
CP048236.1,96855,223
CP048236.1,97106,117
CP048236.1,97214,70
CP048236.1,97952,290
CP048236.1,98085,798
CP048236.1,98094,190
CP048236.1,98110,6
CP048236.1,98125,73
CP048236.1,98158,367
CP048236.1,98538,24
CP048236.1,98761,183
CP048236.1,98823,261
CP048236.1,99996,10
CP048236.1,100054,780
CP048236.1,101170,632
CP048236.1,101267,260
CP048236.1,101335,1
CP048236.1,101366,69
CP048236.1,105162,1
CP048236.1,105224,692
CP048236.1,105226,544
CP048236.1,105231,103
CP048236.1,105253,431
CP048236.1,105260,927
CP048236.1,105268,661
CP048236.1,105275,5
CP048236.1,105342,302
CP048236.1,105503,374
CP048236.1,105515,1155
CP048236.1,105661,196
CP048236.1,108862,499
CP048236.1,108925,52
CP048236.1,108952,5
CP048236.1,109221,267
CP048236.1,110719,1
CP048236.1,110806,38
CP048236.1,110969,2
CP048236.1,110976,10
CP048236.1,110995,683
CP048236.1,111126,69
CP048236.1,111129,99
CP048236.1,111260,1281
CP048236.1,111276,385
CP048236.1,111438,476
CP048236.1,111445,334
CP048236.1,111600,67
CP048236.1,111644,405
CP048236.1,111757,186
CP048236.1,111809,1161
CP048236.1,111811,59
CP048236.1,111814,387
CP048236.1,111816,875
CP048236.1,111843,30
CP048236.1,111886,917
CP048236.1,111893,219
CP048236.1,111896,188
CP048236.1,111906,233
CP048236.1,111914,980
CP048236.1,111921,4
CP048236.1,111970,320
CP048236.1,111978,47
CP048236.1,112028,12
CP048236.1,112029,10
CP048236.1,112034,68
CP048236.1,112041,1539
CP048236.1,112061,19
CP048236.1,112068,757
CP048236.1,112072,1
CP048236.1,112104,1
CP048236.1,112136,1105
CP048236.1,112162,1410
CP048236.1,112167,625
CP048236.1,112195,62
CP048236.1,112269,176
CP048236.1,112276,43
CP048236.1,112281,967
CP048236.1,112285,279
CP048236.1,112358,692
CP048236.1,112404,102
CP048236.1,112416,369
CP048236.1,112602,272
CP048236.1,112630,7
CP048236.1,112656,1
CP048236.1,112663,1
CP048236.1,112670,802
CP048236.1,112745,61
CP048236.1,112752,674
CP048236.1,112757,10
CP048236.1,112944,76
CP048236.1,113016,5
CP048236.1,113429,174
CP048236.1,113644,72
CP048236.1,114219,13
CP048236.1,119831,1
CP048236.1,121294,252
CP048236.1,121528,28
CP048236.1,121639,626
CP048236.1,122020,220
CP048236.1,122027,528
CP048236.1,122034,310
CP048236.1,122036,472
CP048236.1,122046,408
CP048236.1,122226,401
CP048236.1,122282,795
CP048236.1,122541,664
CP048236.1,122571,2
CP048236.1,122615,1
CP048236.1,122620,282
CP048236.1,122660,195
CP048236.1,123878,88
CP048236.1,124109,21
CP048236.1,124175,1
CP048236.1,124261,416
CP048236.1,124300,7
CP048236.1,124341,1
CP048236.1,124389,675
CP048236.1,124396,1
CP048236.1,124404,73
CP048236.1,124442,134
CP048236.1,124459,11
CP048236.1,124475,1
CP048236.1,124745,32
CP048236.1,125408,35
CP048236.1,126114,40
CP048236.1,126121,383
CP048236.1,127057,51
CP048236.1,127064,488
CP048236.1,127223,3
CP048236.1,127224,60
CP048236.1,127283,290
CP048236.1,127290,1191
CP048236.1,127294,2
CP048236.1,127302,1065
CP048236.1,127309,565
CP048236.1,127407,672
CP048236.1,127414,682
CP048236.1,127424,1917
CP048236.1,127545,26
CP048236.1,127546,194
CP048236.1,127551,169
CP048236.1,127601,1
CP048236.1,127707,64
CP048236.1,127816,15
CP048236.1,127940,386
CP048236.1,128098,10
CP048236.1,128112,200
CP048236.1,128115,8
CP048236.1,128119,110
CP048236.1,128474,234
CP048236.1,132202,20
CP048236.1,132925,1
CP048236.1,132932,56
CP048236.1,134236,1
CP048236.1,134573,440
CP048236.1,135298,41
CP048236.1,138083,570
CP048236.1,138140,285
CP048236.1,138277,74
CP048236.1,138739,691
CP048236.1,138746,29
CP048236.1,138897,58
CP048236.1,138904,205
CP048236.1,139053,599
CP048236.1,139075,338
CP048236.1,139106,476
CP048236.1,139114,928
CP048236.1,139191,800
CP048236.1,139305,23
CP048236.1,139365,182
CP048236.1,139369,46
CP048236.1,139376,158
CP048236.1,139382,490
CP048236.1,139476,2
CP048236.1,139559,7
CP048236.1,139653,177
CP048236.1,139663,228
CP048236.1,140210,22
CP048236.1,141589,247
CP048236.1,141591,254
CP048236.1,141596,360
CP048236.1,141708,194
CP048236.1,143961,464
CP048236.1,143996,67
CP048236.1,144004,14
CP048236.1,144016,144
CP048236.1,144270,307
CP048236.1,146088,237
CP048236.1,146120,132
CP048236.1,146140,31
CP048236.1,146209,313
CP048236.1,146353,90
CP048236.1,146415,312
CP048236.1,146583,80
CP048236.1,146608,634
CP048236.1,146665,2
CP048236.1,146672,151
CP048236.1,154682,28
CP048236.1,154832,1
CP048236.1,154882,1
CP048236.1,155036,243
CP048236.1,155095,101
CP048236.1,155132,442
CP048236.1,156087,143
CP048236.1,156712,10
CP048236.1,156741,196
CP048236.1,158073,297
CP048236.1,158947,228
CP048236.1,159014,61
CP048236.1,159032,2
CP048236.1,159350,619
CP048236.1,159498,435
CP048236.1,159738,269
CP048236.1,159817,47
CP048236.1,159837,4
CP048236.1,160989,8
CP048236.1,161120,436
CP048236.1,161564,16
CP048236.1,164105,4
CP048236.1,164605,63
CP048236.1,164739,430
CP048236.1,164759,231
CP048236.1,164831,66
CP048236.1,164838,4
CP048236.1,164901,13
CP048236.1,165084,46
CP048236.1,165093,198
CP048236.1,165116,112
CP048236.1,165292,41
CP048236.1,165297,57
CP048236.1,165762,1
CP048236.1,165785,289
CP048236.1,165801,636
CP048236.1,165802,653
CP048236.1,165809,56
CP048236.1,166158,617
CP048236.1,166170,421
CP048236.1,166245,337
CP048236.1,166261,20
CP048236.1,166279,9
CP048236.1,166281,45
CP048236.1,166284,3
CP048236.1,166290,765
CP048236.1,166438,127
CP048236.1,166451,1
CP048236.1,167287,34
CP048236.1,169451,52
CP048236.1,171420,88
CP048236.1,173149,3
CP048236.1,174790,1
CP048236.1,177088,983
CP048236.1,177134,1038
CP048236.1,177141,753
CP048236.1,177305,32
CP048236.1,177320,142
CP048236.1,178900,533
CP048236.1,178911,133
CP048236.1,178932,19
CP048236.1,178966,155
CP048236.1,178993,121
CP048236.1,187834,24
CP048236.1,189477,1042
CP048236.1,190342,706
CP048236.1,190736,12
CP048236.1,190749,598
CP048236.1,190759,92
CP048236.1,190766,257
CP048236.1,190800,637
CP048236.1,191092,547
CP048236.1,191191,90
CP048236.1,191215,1
CP048236.1,191223,194
CP048236.1,191230,28
CP048236.1,191236,1593
CP048236.1,191240,151
CP048236.1,191242,95
CP048236.1,191247,10
CP048236.1,191254,50
CP048236.1,191261,1617
CP048236.1,191276,53
CP048236.1,191279,58
CP048236.1,191286,21
CP048236.1,191766,56
CP048236.1,191776,590
CP048236.1,192912,485
CP048236.1,193104,886
CP048236.1,193368,650
CP048236.1,193375,260
CP048236.1,196194,1
CP048236.1,197984,179
CP048236.1,197997,4
CP048236.1,198004,299
CP048236.1,198057,1
CP048236.1,200600,2
CP048236.1,203007,56
CP048236.1,203057,438
CP048236.1,203091,132
CP048236.1,203140,199
CP048236.1,203147,120
CP048236.1,203186,44
CP048236.1,203234,1
CP048236.1,203246,191
CP048236.1,203249,194
CP048236.1,203251,951
CP048236.1,203304,163
CP048236.1,203310,122
CP048236.1,203320,1935
CP048236.1,204963,28
CP048236.1,205021,623
CP048236.1,205083,1
CP048236.1,205251,628
CP048236.1,205309,19
CP048236.1,205317,3
CP048236.1,206124,1
CP048236.1,206744,160
CP048236.1,207254,483
CP048236.1,208377,2
CP048236.1,208379,454
CP048236.1,208471,723
CP048236.1,212868,20
CP048236.1,213057,367
CP048236.1,213354,1
CP048236.1,214740,330
CP048236.1,214747,318
CP048236.1,214749,375
CP048236.1,219309,1
CP048236.1,221574,373
CP048236.1,221610,1
CP048236.1,221653,435
CP048236.1,222795,645
CP048236.1,228644,497
CP048236.1,231637,1
CP048236.1,231748,658
CP048236.1,232222,217
CP048236.1,232612,842
CP048236.1,237133,1062
CP048236.1,237183,18
CP048236.1,237190,1586
CP048236.1,237199,24
CP048236.1,237326,125
CP048236.1,237333,371
CP048236.1,237402,917
CP048236.1,237548,2
CP048236.1,237551,2
CP048236.1,237561,283
CP048236.1,237581,587
CP048236.1,237588,60
CP048236.1,237653,812
CP048236.1,239849,1
CP048236.1,241126,74
CP048236.1,241372,77
CP048236.1,243633,10
CP048236.1,243645,1
CP048236.1,243865,226
CP048236.1,248187,142
CP048236.1,249247,788
CP048236.1,259240,222
CP048236.1,263283,660
CP048236.1,263369,18
CP048236.1,263461,97
CP048236.1,266717,172
CP048236.1,266978,201
CP048236.1,266987,8
CP048236.1,268215,7
CP048236.1,268263,695
CP048236.1,268322,624
CP048236.1,268331,1
CP048236.1,268382,199
CP048236.1,268398,3
CP048236.1,268430,62
CP048236.1,268561,27
CP048236.1,268694,205
CP048236.1,268701,1039
CP048236.1,270230,70
CP048236.1,270373,28
CP048236.1,270515,113
CP048236.1,270675,601
CP048236.1,270740,291
CP048236.1,270769,3
CP048236.1,270782,31
CP048236.1,270789,248
CP048236.1,270823,123
CP048236.1,270877,286
CP048236.1,270890,1164
CP048236.1,270917,1
CP048236.1,270924,563
CP048236.1,270937,866
CP048236.1,270955,1
CP048236.1,271045,47
CP048236.1,271187,249
CP048236.1,271353,2
CP048236.1,272045,645
CP048236.1,272155,195
CP048236.1,272187,681
CP048236.1,272764,349
CP048236.1,272771,44
CP048236.1,272863,1
CP048236.1,272915,421
CP048236.1,272922,488
CP048236.1,273724,1
CP048236.1,274966,1
CP048236.1,282137,1
CP048236.1,282285,1
CP048236.1,282424,1
CP048236.1,282731,130
CP048236.1,282733,37
CP048236.1,282740,1
CP048236.1,282894,346
CP048236.1,283114,281
CP048236.1,283252,769
CP048236.1,283412,161
CP048236.1,283420,19
CP048236.1,283491,512
CP048236.1,285109,1
CP048236.1,285135,31
CP048236.1,286651,19
CP048236.1,286684,18
CP048236.1,286741,27
CP048236.1,286788,1
CP048236.1,286840,438
CP048236.1,288775,338
CP048236.1,288849,464
CP048236.1,288936,314
CP048236.1,289073,791
CP048236.1,289080,178
CP048236.1,289159,1149
CP048236.1,289196,9
CP048236.1,289287,146
CP048236.1,289327,444
CP048236.1,289399,59
CP048236.1,289406,2
CP048236.1,289494,2
CP048236.1,289695,1
CP048236.1,289953,2
CP048236.1,289960,587
CP048236.1,290200,129
CP048236.1,290502,579
CP048236.1,291531,428
CP048236.1,292101,265
CP048236.1,292414,643
CP048236.1,292421,51
CP048236.1,292435,65
CP048236.1,292560,45
CP048236.1,292955,154
CP048236.1,292964,110
CP048236.1,294215,131
CP048236.1,296047,31
CP048236.1,296085,26
CP048236.1,296090,483
CP048236.1,296113,46
CP048236.1,296285,74
CP048236.1,296288,1
CP048236.1,296325,5
CP048236.1,296341,1169
CP048236.1,300715,89
CP048236.1,300774,29
CP048236.1,306571,265
CP048236.1,312457,28
CP048236.1,312629,218
CP048236.1,313876,540
CP048236.1,314001,821
CP048236.1,314020,246
CP048236.1,314077,483
CP048236.1,314078,322
CP048236.1,314085,578
CP048236.1,314118,49
CP048236.1,314264,9
CP048236.1,314413,80
CP048236.1,314476,170
CP048236.1,314483,635
CP048236.1,314558,373
CP048236.1,314576,147
CP048236.1,314636,239
CP048236.1,314642,1
CP048236.1,314654,736
CP048236.1,314898,87
CP048236.1,314959,8
CP048236.1,314980,1
CP048236.1,315168,1069
CP048236.1,315175,367
CP048236.1,315481,123
CP048236.1,320590,256
CP048236.1,328665,103
CP048236.1,328729,117
CP048236.1,328778,5
CP048236.1,328785,177
CP048236.1,328797,760
CP048236.1,328825,468
CP048236.1,328832,1520
CP048236.1,328872,769
CP048236.1,328889,109
CP048236.1,328907,996
CP048236.1,329001,443
CP048236.1,331381,27
CP048236.1,331719,55
CP048236.1,331736,431
CP048236.1,332419,96
CP048236.1,332454,6
CP048236.1,332890,127
CP048236.1,333264,179
CP048236.1,335964,106
CP048236.1,351789,1
CP048236.1,352032,1115
CP048236.1,352039,22
CP048236.1,352113,854
CP048236.1,352203,1407
CP048236.1,352204,1099
CP048236.1,352231,325
CP048236.1,352476,75
CP048236.1,352809,1
CP048236.1,356224,202
CP048236.1,360080,249
CP048236.1,360200,90
CP048236.1,363718,18
CP048236.1,363748,154
CP048236.1,363750,549
CP048236.1,363755,881
CP048236.1,363757,443
CP048236.1,364639,1185
CP048236.1,364822,424
CP048236.1,365134,511
CP048236.1,365208,155
CP048236.1,365262,25
CP048236.1,365386,530
CP048236.1,365420,1
CP048236.1,365480,49
CP048236.1,365641,5
CP048236.1,366502,964
CP048236.1,366593,57
CP048236.1,366597,225
CP048236.1,366671,103
CP048236.1,366769,5
CP048236.1,366799,732
CP048236.1,368779,40
CP048236.1,370249,672
CP048236.1,370273,204
CP048236.1,372094,99
CP048236.1,372593,2
CP048236.1,373378,45
CP048236.1,373529,67
CP048236.1,373536,54
CP048236.1,375200,181
CP048236.1,377915,219
CP048236.1,378021,189
CP048236.1,378029,32
CP048236.1,382088,1287
CP048236.1,382095,619
CP048236.1,382528,1
CP048236.1,383548,68
CP048236.1,386081,17
CP048236.1,390672,1061
CP048236.1,390819,154
CP048236.1,390963,246
CP048236.1,391156,7
CP048236.1,391203,1
CP048236.1,391208,541
CP048236.1,391210,353
CP048236.1,391225,6
CP048236.1,391269,1
CP048236.1,391273,1
CP048236.1,392350,126
CP048236.1,392420,1
CP048236.1,392450,76
CP048236.1,392552,32
CP048236.1,392856,1395
CP048236.1,395055,135
CP048236.1,395824,316
CP048236.1,396037,369
CP048236.1,396044,718
CP048236.1,399344,455
CP048236.1,399410,3
CP048236.1,399412,784
CP048236.1,399414,805
CP048236.1,399546,71
CP048236.1,399573,700
CP048236.1,399574,25
CP048236.1,399575,441
CP048236.1,399580,354
CP048236.1,399582,202
CP048236.1,399869,327
CP048236.1,399968,82
CP048236.1,403411,295
CP048236.1,403469,1
CP048236.1,403876,201
CP048236.1,408332,8
CP048236.1,410737,1
CP048236.1,413409,871
CP048236.1,417698,683
CP048236.1,420133,23
CP048236.1,423026,335
CP048236.1,423112,53
CP048236.1,423431,22
CP048236.1,423462,52
CP048236.1,423757,187
CP048236.1,426578,137
CP048236.1,426628,480
CP048236.1,426686,1
CP048236.1,426693,238
CP048236.1,427757,45
CP048236.1,428316,695
CP048236.1,429189,469
CP048236.1,434753,51
CP048236.1,434778,129
CP048236.1,434828,691
CP048236.1,434835,199
CP048236.1,435205,144
CP048236.1,435231,103
CP048236.1,435348,500
CP048236.1,435396,1
CP048236.1,435514,349
CP048236.1,444101,130
CP048236.1,444815,2
CP048236.1,444822,878
CP048236.1,444969,6
CP048236.1,445056,24
CP048236.1,445325,404
CP048236.1,445394,44
CP048236.1,446874,95
CP048236.1,446896,9
CP048236.1,448195,1
CP048236.1,448797,591
CP048236.1,448802,469
CP048236.1,448940,41
CP048236.1,449005,603
CP048236.1,449037,118
CP048236.1,449190,246
CP048236.1,451072,125
CP048236.1,451694,13
CP048236.1,453611,1
CP048236.1,453618,84
CP048236.1,460546,1
CP048236.1,461545,131
CP048236.1,462227,16
CP048236.1,463101,498
CP048236.1,467495,503
CP048236.1,468125,60
CP048236.1,470905,278
CP048236.1,473494,1
CP048236.1,475499,24
CP048236.1,475506,87
CP048236.1,475722,208
CP048236.1,475734,95
CP048236.1,475736,1
CP048236.1,475860,7
CP048236.1,475899,2
CP048236.1,475932,1
CP048236.1,477118,71
CP048236.1,477214,385
CP048236.1,477263,2
CP048236.1,477500,357
CP048236.1,477656,104
CP048236.1,478649,1823
CP048236.1,478656,943
CP048236.1,478663,645
CP048236.1,478683,782
CP048236.1,478684,1
CP048236.1,478685,1
CP048236.1,478712,1
CP048236.1,478747,1
CP048236.1,478758,1
CP048236.1,478772,4
CP048236.1,478773,249
CP048236.1,478774,17
CP048236.1,478776,22
CP048236.1,478778,160
CP048236.1,478780,1532
CP048236.1,478782,15
CP048236.1,478784,1
CP048236.1,478794,240
CP048236.1,478796,629
CP048236.1,478803,1489
CP048236.1,478805,1
CP048236.1,478809,577
CP048236.1,478892,21
CP048236.1,479128,1
CP048236.1,479198,429
CP048236.1,479261,4
CP048236.1,479458,77
CP048236.1,479958,23
CP048236.1,483747,62
CP048236.1,484279,159
CP048236.1,484299,371
CP048236.1,488935,664
CP048236.1,489500,52
CP048236.1,492793,1301
CP048236.1,493129,1
CP048236.1,495376,2
CP048236.1,495404,330
CP048236.1,495969,355
CP048236.1,496707,81
CP048236.1,497274,2
CP048236.1,497275,347
CP048236.1,499870,372
CP048236.1,500027,49
CP048236.1,502563,1
CP048236.1,506045,314
CP048236.1,506369,278
CP048236.1,506371,698
CP048236.1,506441,1
CP048236.1,508080,1
CP048236.1,512058,44
CP048236.1,513985,118
CP048236.1,514177,156
CP048236.1,515166,430
CP048236.1,515423,245
CP048236.1,516527,171
CP048236.1,516681,390
CP048236.1,516864,56
CP048236.1,518908,583
CP048236.1,518915,42
CP048236.1,519064,910
CP048236.1,519071,476
CP048236.1,519073,1
CP048236.1,519080,1
CP048236.1,519081,80
CP048236.1,519083,5
CP048236.1,519090,1
CP048236.1,519092,1
CP048236.1,519099,155
CP048236.1,519104,78
CP048236.1,519109,527
CP048236.1,519118,1
CP048236.1,519132,417
CP048236.1,519215,106
CP048236.1,519836,795
CP048236.1,520531,46
CP048236.1,520540,1
CP048236.1,520739,1
CP048236.1,520765,64
CP048236.1,520772,807
CP048236.1,520773,970
CP048236.1,521005,2
CP048236.1,521012,14
CP048236.1,530716,1
CP048236.1,533927,459
CP048236.1,533934,325
CP048236.1,538583,103
CP048236.1,538588,2
CP048236.1,538756,627
CP048236.1,538904,102
CP048236.1,539557,115
CP048236.1,539577,3
CP048236.1,539601,365
CP048236.1,544003,3
CP048236.1,544084,29
CP048236.1,545473,1
CP048236.1,546451,16
CP048236.1,550044,50
CP048236.1,550061,646
CP048236.1,550119,35
CP048236.1,550147,16
CP048236.1,550278,248
CP048236.1,550285,181
CP048236.1,550303,153
CP048236.1,550446,431
CP048236.1,550774,37
CP048236.1,551090,4
CP048236.1,553913,362
CP048236.1,553947,883
CP048236.1,554585,629
CP048236.1,554761,17
CP048236.1,555445,146
CP048236.1,559131,372
CP048236.1,561458,42
CP048236.1,563371,1
CP048236.1,565615,310
CP048236.1,565752,3
CP048236.1,570483,1105
CP048236.1,570490,335
CP048236.1,570513,33
CP048236.1,570514,5
CP048236.1,570527,557
CP048236.1,570556,1
CP048236.1,570562,362
CP048236.1,570563,13
CP048236.1,570564,478
CP048236.1,570571,312
CP048236.1,570573,56
CP048236.1,570608,425
CP048236.1,570615,1
CP048236.1,570723,76
CP048236.1,570953,540
CP048236.1,572196,18
CP048236.1,572308,228
CP048236.1,573991,15
CP048236.1,574342,54
CP048236.1,574467,95
CP048236.1,574783,1149
CP048236.1,574831,106
CP048236.1,574850,304
CP048236.1,574853,12
CP048236.1,574893,1
CP048236.1,575439,278
CP048236.1,575615,351
CP048236.1,580384,342
CP048236.1,580386,163
CP048236.1,581194,1255
CP048236.1,584336,20
CP048236.1,584436,14
CP048236.1,584666,196
CP048236.1,584695,5
CP048236.1,584702,73
CP048236.1,584770,709
CP048236.1,584777,1608
CP048236.1,588746,1049
CP048236.1,588828,30
CP048236.1,590262,248
CP048236.1,590835,1
CP048236.1,590845,227
CP048236.1,590905,30
CP048236.1,592806,29
CP048236.1,592813,1
CP048236.1,592861,15
CP048236.1,593198,485
CP048236.1,594274,7
CP048236.1,594284,312
CP048236.1,594664,2
CP048236.1,594792,140
CP048236.1,598065,303
CP048236.1,598207,102
CP048236.1,598235,231
CP048236.1,598259,27
CP048236.1,598326,833
CP048236.1,598361,58
CP048236.1,600723,443
CP048236.1,600779,234
CP048236.1,600829,66
CP048236.1,602943,212
CP048236.1,602965,1645
CP048236.1,602995,51
CP048236.1,603002,1
CP048236.1,607660,626
CP048236.1,607667,322
CP048236.1,607867,22
CP048236.1,608080,165
CP048236.1,608096,1
CP048236.1,608099,58
CP048236.1,608431,677
CP048236.1,608625,6
CP048236.1,608667,92
CP048236.1,611485,165
CP048236.1,617748,151
CP048236.1,623053,15
CP048236.1,625699,15
CP048236.1,626680,1
CP048236.1,626709,14
CP048236.1,626800,49
CP048236.1,633123,302
CP048236.1,633172,83
CP048236.1,633221,82
CP048236.1,633259,576
CP048236.1,633424,446
CP048236.1,633789,419
CP048236.1,637354,7
CP048236.1,637821,2
CP048236.1,637849,12
CP048236.1,638168,377
CP048236.1,638230,130
CP048236.1,638279,766
CP048236.1,641562,12
CP048236.1,641623,1
CP048236.1,641630,681
CP048236.1,641708,14
CP048236.1,641719,140
CP048236.1,641730,744
CP048236.1,641832,4
CP048236.1,642023,421
CP048236.1,642032,1
CP048236.1,642122,604
CP048236.1,642123,266
CP048236.1,642131,1
CP048236.1,642146,1
CP048236.1,642182,1
CP048236.1,642352,55
CP048236.1,642437,784
CP048236.1,642524,39
CP048236.1,642788,83
CP048236.1,644897,211
CP048236.1,645424,1
CP048236.1,647467,522
CP048236.1,647474,472
CP048236.1,647486,43
CP048236.1,647493,329
CP048236.1,647502,228
CP048236.1,647777,320
CP048236.1,649289,1
CP048236.1,649413,104
CP048236.1,654125,690
CP048236.1,655103,2
CP048236.1,659771,534
CP048236.1,662327,18
CP048236.1,662733,32
CP048236.1,662735,1
CP048236.1,662760,182
CP048236.1,667457,224
CP048236.1,670596,102
CP048236.1,670708,459
CP048236.1,670795,47
CP048236.1,671108,14
CP048236.1,676979,295
CP048236.1,677013,1
CP048236.1,677246,50
CP048236.1,682301,1
CP048236.1,686064,210
CP048236.1,688159,374
CP048236.1,694363,230
CP048236.1,695335,72
CP048236.1,697606,12
CP048236.1,697746,29
CP048236.1,698047,222
CP048236.1,698049,113
CP048236.1,698056,260
CP048236.1,699351,8
CP048236.1,699386,404
CP048236.1,699440,54
CP048236.1,702275,42
CP048236.1,702786,465
CP048236.1,702807,617
CP048236.1,702868,325
CP048236.1,703169,924
CP048236.1,703663,1
CP048236.1,703945,1643
CP048236.1,703993,941
CP048236.1,704123,998
CP048236.1,704278,889
CP048236.1,704382,1
CP048236.1,704411,834
CP048236.1,704416,613
CP048236.1,704435,220
CP048236.1,704442,1
CP048236.1,704505,1
CP048236.1,704523,1
CP048236.1,704525,1
CP048236.1,704566,121
CP048236.1,704585,684
CP048236.1,704591,601
CP048236.1,704592,358
CP048236.1,704917,1
CP048236.1,705069,461
CP048236.1,705115,315
CP048236.1,706026,38
CP048236.1,706591,469
CP048236.1,707702,3
CP048236.1,707833,727
CP048236.1,716629,54
CP048236.1,716842,441
CP048236.1,716844,33
CP048236.1,716872,304
CP048236.1,717025,62
CP048236.1,717046,782
CP048236.1,717053,211
CP048236.1,717119,7
CP048236.1,717443,6
CP048236.1,721443,46
CP048236.1,723887,504
CP048236.1,724016,1056
CP048236.1,724310,171
CP048236.1,724314,126
CP048236.1,727088,750
CP048236.1,727172,1103
CP048236.1,734067,1
CP048236.1,735874,109
CP048236.1,735886,397
CP048236.1,735915,1
CP048236.1,735922,80
CP048236.1,736006,165
CP048236.1,736010,617
CP048236.1,738216,9
CP048236.1,738502,45
CP048236.1,738688,1
CP048236.1,738724,5
CP048236.1,738862,94
CP048236.1,738939,121
CP048236.1,739004,49
CP048236.1,739008,1
CP048236.1,739186,344
CP048236.1,740556,15
CP048236.1,741139,324
CP048236.1,741146,297
CP048236.1,741150,938
CP048236.1,741246,421
CP048236.1,743175,299
CP048236.1,744342,1704
CP048236.1,744400,3
CP048236.1,745400,163
CP048236.1,745486,199
CP048236.1,745692,425
CP048236.1,751676,746
CP048236.1,761682,12
CP048236.1,764860,605
CP048236.1,769972,105
CP048236.1,770089,27
CP048236.1,772076,319
CP048236.1,772184,2
CP048236.1,774522,86
CP048236.1,774586,126
CP048236.1,774602,34
CP048236.1,774609,511
CP048236.1,774617,304
CP048236.1,774630,1
CP048236.1,774637,8
CP048236.1,774649,310
CP048236.1,774703,771
CP048236.1,774710,20
CP048236.1,774760,12
CP048236.1,774799,134
CP048236.1,775742,15
CP048236.1,775745,261
CP048236.1,775865,702
CP048236.1,775874,326
CP048236.1,788228,362
CP048236.1,789448,163
CP048236.1,789455,328
CP048236.1,789459,531
CP048236.1,789508,397
CP048236.1,790820,998
CP048236.1,793179,3
CP048236.1,793242,1119
CP048236.1,793243,1315
CP048236.1,793869,701
CP048236.1,793876,2
CP048236.1,807561,884
CP048236.1,810664,23
CP048236.1,813216,64
CP048236.1,813226,6
CP048236.1,813268,171
CP048236.1,813495,130
CP048236.1,817937,66
CP048236.1,819124,9
CP048236.1,819246,1
CP048236.1,819660,139
CP048236.1,819774,25
CP048236.1,819962,1
CP048236.1,820062,18
CP048236.1,820064,674
CP048236.1,820469,456
CP048236.1,820733,308
CP048236.1,820740,647
CP048236.1,821679,7
CP048236.1,824026,1
CP048236.1,827284,1073
CP048236.1,827575,163
CP048236.1,828305,580
CP048236.1,830166,151
CP048236.1,832572,3
CP048236.1,832579,1
CP048236.1,832690,2
CP048236.1,834314,430
CP048236.1,835334,457
CP048236.1,835968,769
CP048236.1,836621,1
CP048236.1,837244,44
CP048236.1,837251,568
CP048236.1,841147,141
CP048236.1,841270,394
CP048236.1,841297,59
CP048236.1,841304,1
CP048236.1,841339,2331
CP048236.1,841472,223
CP048236.1,841505,58
CP048236.1,841518,846
CP048236.1,841525,714
CP048236.1,841703,13
CP048236.1,843105,1072
CP048236.1,862723,4
CP048236.1,862800,10
CP048236.1,863788,1
CP048236.1,863800,12
CP048236.1,863892,365
CP048236.1,863985,10
CP048236.1,868056,199
CP048236.1,868058,235
CP048236.1,868088,252
CP048236.1,868489,366
CP048236.1,868708,192
CP048236.1,868973,42
CP048236.1,870328,235
CP048236.1,872438,694
CP048236.1,872483,13
CP048236.1,872543,22
CP048236.1,872545,1
CP048236.1,872550,29
CP048236.1,872602,125
CP048236.1,872609,40
CP048236.1,872660,27
CP048236.1,872757,105
CP048236.1,872823,122
CP048236.1,873107,202
CP048236.1,873351,1
CP048236.1,877006,66
CP048236.1,877310,347
CP048236.1,877348,72
CP048236.1,877474,162
CP048236.1,878600,388
CP048236.1,878881,679
CP048236.1,879215,1
CP048236.1,880199,16
CP048236.1,882751,415
CP048236.1,883050,268
CP048236.1,884125,1
CP048236.1,884631,6
CP048236.1,884632,1137
CP048236.1,884809,668
CP048236.1,886658,410
CP048236.1,886793,707
CP048236.1,886903,261
CP048236.1,888235,37
CP048236.1,897174,2
CP048236.1,897179,312
CP048236.1,897664,350
CP048236.1,897682,371
CP048236.1,897995,1
CP048236.1,898224,234
CP048236.1,898228,1135
CP048236.1,898230,523
CP048236.1,898263,305
CP048236.1,899011,1
CP048236.1,900609,39
CP048236.1,900611,1
CP048236.1,900618,3
CP048236.1,900716,318
CP048236.1,904460,1442
CP048236.1,908445,387
CP048236.1,909099,40
CP048236.1,910668,255
CP048236.1,911088,70
CP048236.1,911102,248
CP048236.1,911104,113
CP048236.1,913508,59
CP048236.1,913774,1023
CP048236.1,915139,1
CP048236.1,920379,87
CP048236.1,920665,725
CP048236.1,920977,344
CP048236.1,922106,123
CP048236.1,922352,615
CP048236.1,922374,1
CP048236.1,922413,20
CP048236.1,922418,460
CP048236.1,922420,1569
CP048236.1,922604,658
CP048236.1,923290,317
CP048236.1,923313,1
CP048236.1,923334,1
CP048236.1,923470,33
CP048236.1,923976,802
CP048236.1,928383,306
CP048236.1,928506,88
CP048236.1,930305,1
CP048236.1,930353,567
CP048236.1,930505,585
CP048236.1,931667,4
CP048236.1,931674,20
CP048236.1,931702,701
CP048236.1,931710,806
CP048236.1,931949,1
CP048236.1,932016,124
CP048236.1,932067,111
CP048236.1,932303,263
CP048236.1,932494,333
CP048236.1,932657,937
CP048236.1,932777,213
CP048236.1,932880,604
CP048236.1,932931,1
CP048236.1,932949,461
CP048236.1,932986,7
CP048236.1,932994,1
CP048236.1,933003,1
CP048236.1,933059,1069
CP048236.1,933075,646
CP048236.1,933165,25
CP048236.1,933230,277
CP048236.1,933424,578
CP048236.1,936724,1
CP048236.1,936729,1329
CP048236.1,936939,59
CP048236.1,938728,144
CP048236.1,941863,55
CP048236.1,941968,354
CP048236.1,945681,526
CP048236.1,948215,888
CP048236.1,948287,146
CP048236.1,949648,102
CP048236.1,949953,767
CP048236.1,949974,617
CP048236.1,950051,45
CP048236.1,950155,603
CP048236.1,950448,502
CP048236.1,962467,86
CP048236.1,962652,1
CP048236.1,962658,380
CP048236.1,962665,289
CP048236.1,963798,189
CP048236.1,963942,707
CP048236.1,963949,35
CP048236.1,963979,456
CP048236.1,965274,35
CP048236.1,965472,313
CP048236.1,965626,117
CP048236.1,968375,90
CP048236.1,969493,4
CP048236.1,969514,47
CP048236.1,975845,9
CP048236.1,982843,100
CP048236.1,982881,175
CP048236.1,982888,68
CP048236.1,983138,1
CP048236.1,983143,253
CP048236.1,983320,19
CP048236.1,983345,1227
CP048236.1,983347,837
CP048236.1,983352,2
CP048236.1,983378,1
CP048236.1,983385,533
CP048236.1,983643,206
CP048236.1,983780,1396
CP048236.1,985913,160
CP048236.1,986295,275
CP048236.1,987842,5
CP048236.1,988110,362
CP048236.1,989424,1
CP048236.1,989481,32
CP048236.1,989657,542
CP048236.1,989853,120
CP048236.1,989863,1
CP048236.1,990280,246
CP048236.1,991222,1
CP048236.1,992830,260
CP048236.1,1008555,1
CP048236.1,1009597,38
CP048237.1,21842,341
CP048237.1,21883,471
CP048237.1,22003,124
CP048237.1,22163,340
CP048237.1,22292,20
CP048237.1,22343,215
CP048237.1,22456,152
CP048237.1,22475,338
CP048237.1,22538,1
CP048237.1,25906,36
CP048237.1,28047,1
CP048237.1,30419,517
CP048237.1,30426,553
CP048237.1,38805,484
CP048237.1,38970,215
CP048237.1,39012,241
CP048237.1,39021,9
CP048237.1,39107,47
CP048237.1,39238,2
CP048237.1,39319,18
CP048237.1,39432,283
CP048237.1,39465,1
CP048237.1,39467,2499
CP048237.1,39474,337
CP048237.1,39660,29
CP048237.1,39675,99
CP048237.1,46833,174
CP048237.1,46847,55
CP048237.1,46955,325
CP048237.1,47583,89
CP048237.1,47594,293
CP048237.1,49201,53
CP048237.1,49208,78
CP048237.1,49440,331
CP048237.1,49447,267
CP048237.1,53542,449
CP048237.1,53681,904
CP048237.1,53838,386
CP048237.1,55728,713
CP048237.1,55918,16
CP048237.1,58417,12
CP048237.1,58441,689
CP048237.1,58484,72
CP048237.1,58489,382
CP048237.1,58686,414
CP048237.1,58847,274
CP048237.1,61560,1
CP048237.1,61624,190
CP048237.1,63358,743
CP048237.1,65247,130
CP048237.1,71297,17
CP048237.1,74016,1
CP048237.1,74077,444
CP048237.1,74574,1
CP048237.1,74599,759
CP048237.1,75232,106
CP048237.1,75240,72
CP048237.1,76339,4
CP048237.1,76346,3
CP048237.1,76394,38
CP048237.1,76457,1
CP048237.1,76531,1
CP048237.1,76748,485
CP048237.1,76773,12
CP048237.1,76875,307
CP048237.1,76882,1021
CP048237.1,76888,599
CP048237.1,77019,1149
CP048237.1,77194,9
CP048237.1,77246,1
CP048237.1,77277,569
CP048237.1,77284,19
CP048237.1,77308,14
CP048237.1,77397,943
CP048237.1,77413,1129
CP048237.1,77477,8
CP048237.1,77742,283
CP048237.1,77770,9
CP048237.1,77777,26
CP048237.1,77812,395
CP048237.1,77962,905
CP048237.1,78342,685
CP048237.1,80462,429
CP048237.1,80543,32
CP048237.1,80919,29
CP048237.1,83432,14
CP048237.1,83643,251
CP048237.1,85566,129
CP048237.1,85601,37
CP048237.1,85655,650
CP048237.1,85709,2
CP048237.1,85721,659
CP048237.1,85722,167
CP048237.1,85728,557
CP048237.1,85729,35
CP048237.1,88570,1
CP048237.1,90211,476
CP048237.1,90218,315
CP048237.1,98213,94
CP048237.1,98233,7
CP048237.1,98281,778
CP048237.1,99005,1
CP048237.1,104070,287
CP048237.1,108311,135
CP048237.1,108468,474
CP048237.1,109902,139
CP048237.1,114505,6
CP048237.1,115515,17
CP048237.1,116507,1
CP048237.1,116514,429
CP048237.1,116537,18
CP048237.1,125834,461
CP048237.1,126750,34
CP048237.1,126757,5
CP048237.1,126826,12
CP048237.1,126894,1
CP048237.1,134202,141
CP048237.1,134455,89
CP048237.1,135566,1
CP048237.1,136588,9
CP048237.1,139316,1
CP048237.1,139366,1
CP048237.1,139873,507
CP048237.1,139876,36
CP048237.1,141125,390
CP048237.1,141804,7
CP048237.1,141837,74
CP048237.1,141936,671
CP048237.1,143640,1
CP048237.1,144861,635
CP048237.1,144864,44
CP048237.1,144868,13
CP048237.1,144891,250
CP048237.1,153241,435
CP048237.1,154197,78
CP048237.1,154208,400
CP048237.1,154223,17
CP048237.1,158058,1
CP048237.1,163657,2
CP048237.1,164065,19
CP048237.1,165361,538
CP048237.1,171506,277
CP048237.1,171763,129
CP048237.1,171798,94
CP048237.1,172002,9
CP048237.1,172221,13
CP048237.1,174255,254
CP048237.1,174402,552
CP048237.1,175267,7
CP048237.1,175331,41
CP048237.1,180084,1
CP048237.1,180093,1
CP048237.1,180182,1
CP048237.1,180237,1
CP048237.1,180268,263
CP048237.1,180332,456
CP048237.1,180338,83
CP048237.1,180402,1
CP048237.1,180408,602
CP048237.1,180409,1
CP048237.1,184760,1
CP048237.1,185428,450
CP048237.1,185462,1
CP048237.1,186880,514
CP048237.1,188220,8
CP048237.1,189856,343
CP048237.1,190615,6
CP048237.1,191306,1
CP048237.1,192774,253
CP048237.1,193811,176
CP048237.1,197701,43
CP048237.1,197707,12
CP048237.1,197733,700
CP048237.1,197800,7
CP048237.1,197948,514
CP048237.1,197949,366
CP048237.1,198025,11
CP048237.1,198046,2
CP048237.1,198054,55
CP048237.1,198061,688
CP048237.1,198440,346
CP048237.1,200979,408
CP048237.1,201003,10
CP048237.1,203269,39
CP048237.1,203758,2
CP048237.1,205055,225
CP048237.1,205186,8
CP048237.1,205900,150
CP048237.1,206077,151
CP048237.1,206314,87
CP048237.1,206354,153
CP048237.1,206721,506
CP048237.1,212998,332
CP048237.1,213078,42
CP048237.1,216299,587
CP048237.1,216441,1450
CP048237.1,216444,29
CP048237.1,216448,618
CP048237.1,216651,225
CP048237.1,221837,1
CP048237.1,221938,1
CP048237.1,222468,340
CP048237.1,222488,119
CP048237.1,222540,1
CP048237.1,222555,281
CP048237.1,222753,787
CP048237.1,222760,810
CP048237.1,224106,12
CP048237.1,227555,364
CP048237.1,231301,9
CP048237.1,232164,1
CP048237.1,237407,95
CP048237.1,237754,673
CP048237.1,237892,1
CP048237.1,239895,2
CP048237.1,239963,1
CP048237.1,240916,1
CP048237.1,241188,141
CP048237.1,241195,1
CP048237.1,241395,148
CP048237.1,241402,74
CP048237.1,241726,102
CP048237.1,241823,159
CP048237.1,242092,10
CP048237.1,242469,84
CP048237.1,242482,99
CP048237.1,242559,112
CP048237.1,243558,75
CP048237.1,243574,218
CP048237.1,245619,4
CP048237.1,245849,648
CP048237.1,246044,71
CP048237.1,246055,1
CP048237.1,246215,59
CP048237.1,246259,573
CP048237.1,246401,5
CP048237.1,248491,82
CP048237.1,257463,12
CP048237.1,257489,610
CP048237.1,257520,631
CP048237.1,257527,852
CP048237.1,257769,236
CP048237.1,257851,1582
CP048237.1,258022,737
CP048237.1,258034,1
CP048237.1,259024,277
CP048237.1,261247,308
CP048237.1,261405,1
CP048237.1,271686,14
CP048237.1,273242,1
CP048237.1,280382,454
CP048237.1,284030,182
CP048237.1,285941,19
CP048237.1,287228,721
CP048237.1,287673,644
CP048237.1,290561,266
CP048237.1,296382,382
CP048237.1,307779,195
CP048237.1,308906,1
CP048237.1,308935,35
CP048237.1,311119,44
CP048237.1,311209,242
CP048237.1,314071,572
CP048237.1,319794,415
CP048237.1,319797,327
CP048237.1,327032,9
CP048237.1,327475,58
CP048237.1,328208,238
CP048237.1,328456,1
CP048237.1,329436,94
CP048237.1,329442,7
CP048237.1,329446,2
CP048237.1,329452,440
CP048237.1,329723,484
CP048237.1,329746,193
CP048237.1,329846,2
CP048237.1,329979,416
CP048237.1,330179,4
CP048237.1,331383,1
CP048237.1,333488,147
CP048237.1,333539,1063
CP048237.1,333654,30
CP048237.1,333756,314
CP048237.1,333774,705
CP048237.1,333895,173
CP048237.1,333962,352
CP048237.1,337939,17
CP048237.1,341453,1
CP048237.1,341466,147
CP048237.1,341482,516
CP048237.1,341527,466
CP048237.1,341823,1
CP048237.1,344442,15
CP048237.1,346382,276
CP048237.1,346659,447
CP048237.1,346710,498
CP048237.1,346717,3
CP048237.1,346731,291
CP048237.1,346750,347
CP048237.1,346771,289
CP048237.1,346788,4
CP048237.1,346789,7
CP048237.1,346790,5
CP048237.1,347065,888
CP048237.1,349852,76
CP048237.1,353270,107
CP048237.1,353279,29
CP048237.1,353314,158
CP048237.1,353383,579
CP048237.1,353409,53
CP048237.1,353416,131
CP048237.1,353425,192
CP048237.1,353723,551
CP048237.1,353788,2
CP048237.1,353794,230
CP048237.1,355120,10
CP048237.1,356102,103
CP048237.1,356199,749
CP048237.1,356246,69
CP048237.1,356278,724
CP048237.1,356693,3
CP048237.1,358763,210
CP048237.1,362372,744
CP048237.1,362489,1
CP048237.1,362617,173
CP048237.1,362785,1456
CP048237.1,362980,20
CP048237.1,362987,9
CP048237.1,363076,400
CP048237.1,363098,661
CP048237.1,363168,13
CP048237.1,363191,17
CP048237.1,363308,12
CP048237.1,365488,386
CP048237.1,367113,2
CP048237.1,367320,6
CP048237.1,370825,453
CP048237.1,372770,18
CP048237.1,373647,3
CP048237.1,379121,148
CP048237.1,381861,242
CP048237.1,382168,34
CP048237.1,382247,535
CP048237.1,382270,46
CP048237.1,382442,262
CP048237.1,385156,1
CP048237.1,385245,111
CP048237.1,385300,134
CP048237.1,385370,136
CP048237.1,385583,204
CP048237.1,385875,5
CP048237.1,386030,427
CP048237.1,386033,83
CP048237.1,386038,21
CP048237.1,386200,2
CP048237.1,386364,40
CP048237.1,386577,168
CP048237.1,386933,374
CP048237.1,387101,57
CP048237.1,387164,66
CP048237.1,387175,678
CP048237.1,387733,536
CP048237.1,391061,8
CP048237.1,391477,266
CP048237.1,393720,94
CP048237.1,393963,65
CP048237.1,394068,782
CP048237.1,394070,1
CP048237.1,394074,1
CP048237.1,394631,1
CP048237.1,394699,377
CP048237.1,394960,823
CP048237.1,395016,5
CP048237.1,395127,52
CP048237.1,396064,343
CP048237.1,396071,722
CP048237.1,398377,1
CP048237.1,398705,30
CP048237.1,398712,1
CP048237.1,398793,291
CP048237.1,398798,1
CP048237.1,398926,1047
CP048237.1,398980,1
CP048237.1,399172,919
CP048237.1,399188,90
CP048237.1,399195,697
CP048237.1,399292,1
CP048237.1,399324,331
CP048237.1,399329,207
CP048237.1,402638,49
CP048237.1,403617,197
CP048237.1,404803,63
CP048237.1,405149,251
CP048237.1,407471,1
CP048237.1,407475,620
CP048237.1,407573,78
CP048237.1,408172,28
CP048237.1,408179,304
CP048237.1,408219,427
CP048237.1,408236,1
CP048237.1,408259,80
CP048237.1,408271,468
CP048237.1,408605,203
CP048237.1,408698,1026
CP048237.1,408741,242
CP048237.1,408803,112
CP048237.1,408868,263
CP048237.1,408911,16
CP048237.1,409037,123
CP048237.1,409082,899
CP048237.1,409232,6
CP048237.1,409251,11
CP048237.1,409259,162
CP048237.1,410589,9
CP048237.1,410748,580
CP048237.1,411138,36
CP048237.1,412534,89
CP048237.1,412664,535
CP048237.1,413828,185
CP048237.1,415384,1
CP048237.1,423858,1270
CP048237.1,423865,474
CP048237.1,425386,10
CP048237.1,427521,20
CP048237.1,427575,33
CP048237.1,429289,176
CP048237.1,429323,346
CP048237.1,429459,490
CP048237.1,429617,494
CP048237.1,429861,1503
CP048237.1,430289,258
CP048237.1,430345,4
CP048237.1,430403,688
CP048237.1,430410,649
CP048237.1,434623,219
CP048237.1,434632,51
CP048237.1,434700,1
CP048237.1,434882,205
CP048237.1,437217,47
CP048237.1,437405,205
CP048237.1,441745,51
CP048237.1,444391,809
CP048237.1,444416,131
CP048237.1,444504,1114
CP048237.1,444542,317
CP048237.1,444654,823
CP048237.1,444709,1
CP048237.1,444743,3
CP048237.1,446849,22
CP048237.1,446889,34
CP048237.1,447036,5
CP048237.1,449531,83
CP048237.1,449538,13
CP048237.1,455755,82
CP048237.1,460531,339
CP048237.1,460584,62
CP048237.1,460886,469
CP048237.1,461031,1
CP048237.1,461032,273
CP048237.1,461033,9
CP048237.1,461035,151
CP048237.1,461042,294
CP048237.1,461075,357
CP048237.1,463143,267
CP048237.1,464376,45
CP048237.1,464907,36
CP048237.1,468751,544
CP048237.1,470251,614
CP048237.1,470315,67
CP048237.1,470320,235
CP048237.1,470327,501
CP048237.1,470567,1
CP048237.1,474907,278
CP048237.1,475880,189
CP048237.1,477696,332
CP048237.1,478261,4
CP048237.1,482792,2
CP048237.1,483037,1
CP048237.1,483088,11
CP048237.1,483860,1
CP048237.1,483943,47
CP048237.1,483966,132
CP048237.1,484088,339
CP048237.1,485092,1
CP048237.1,485190,113
CP048237.1,487399,12
CP048237.1,488081,274
CP048237.1,488239,266
CP048237.1,488601,696
CP048237.1,488652,260
CP048237.1,488791,20
CP048237.1,488822,842
CP048237.1,488829,669
CP048237.1,488878,118
CP048237.1,488881,70
CP048237.1,489018,3
CP048237.1,489049,403
CP048237.1,489225,43
CP048237.1,489234,628
CP048237.1,489339,2
CP048237.1,489423,168
CP048237.1,489436,421
CP048237.1,489481,800
CP048237.1,492945,866
CP048237.1,493073,12
CP048237.1,493148,32
CP048237.1,493333,168
CP048237.1,493406,54
CP048237.1,493447,1
CP048237.1,495330,36
CP048237.1,495851,87
CP048237.1,497393,6
CP048237.1,497420,220
CP048237.1,497470,34
CP048237.1,511434,122
CP048237.1,513446,1
CP048237.1,513607,651
CP048237.1,513710,331
CP048237.1,513870,1
CP048237.1,514018,47
CP048237.1,514040,25
CP048237.1,514112,37
CP048237.1,514277,438
CP048237.1,514284,1
CP048237.1,514291,39
CP048237.1,514367,537
CP048237.1,514378,67
CP048237.1,514559,7
CP048237.1,514623,3
CP048237.1,514631,485
CP048237.1,514720,33
CP048237.1,514877,22
CP048237.1,514923,17
CP048237.1,514980,50
CP048237.1,516348,408
CP048237.1,516407,719
CP048237.1,516425,516
CP048237.1,516628,115
CP048237.1,516648,296
CP048237.1,516805,31
CP048237.1,524121,1
CP048237.1,529705,1
CP048237.1,533293,9
CP048237.1,538029,111
CP048237.1,538082,147
CP048237.1,538087,4
CP048237.1,538812,32
CP048237.1,541852,7
CP048237.1,542010,54
CP048237.1,542054,585
CP048237.1,542106,16
CP048237.1,542184,1
CP048237.1,542222,1
CP048237.1,542363,1
CP048237.1,542447,26
CP048237.1,542456,28
CP048237.1,542461,280
CP048237.1,542468,29
CP048237.1,542545,391
CP048237.1,542552,1834
CP048237.1,542560,505
CP048237.1,542562,28
CP048237.1,542693,1
CP048237.1,542701,635
CP048237.1,542762,427
CP048237.1,542763,346
CP048237.1,542771,87
CP048237.1,542784,1333
CP048237.1,542934,744
CP048237.1,542974,198
CP048237.1,547529,33
CP048237.1,547535,1143
CP048237.1,547542,614
CP048237.1,547546,5
CP048237.1,547598,796
CP048237.1,547601,1499
CP048237.1,547758,1
CP048237.1,547759,307
CP048237.1,547838,3
CP048237.1,549876,36
CP048237.1,551610,1
CP048237.1,551617,104
CP048237.1,551701,526
CP048237.1,552436,5
CP048237.1,552677,10
CP048237.1,568954,1
CP048237.1,568969,527
CP048237.1,570492,3
CP048237.1,570597,1
CP048237.1,570669,281
CP048237.1,570745,353
CP048237.1,570812,795
CP048237.1,570845,401
CP048237.1,570876,160
CP048237.1,570928,582
CP048237.1,571011,592
CP048237.1,571414,3
CP048237.1,571450,117
CP048237.1,571503,150
CP048237.1,571508,565
CP048237.1,575020,10
CP048237.1,575316,356
CP048237.1,575326,157
CP048237.1,577262,177
CP048237.1,579040,1
CP048237.1,581773,1
CP048237.1,602307,176
CP048237.1,602339,28
CP048237.1,604535,16
CP048237.1,605794,10
CP048237.1,606500,65
CP048237.1,606569,55
CP048237.1,606660,9
CP048237.1,606675,234
CP048237.1,606836,590
CP048237.1,607120,858
CP048237.1,607142,335
CP048237.1,607616,189
CP048237.1,607754,1
CP048237.1,607853,218
CP048237.1,608520,633
CP048237.1,611031,180
CP048237.1,611059,474
CP048237.1,611074,869
CP048237.1,611083,973
CP048237.1,611114,361
CP048237.1,611117,28
CP048237.1,611121,1
CP048237.1,611123,444
CP048237.1,611201,13
CP048237.1,611213,732
CP048237.1,611581,42
CP048237.1,611627,1503
CP048237.1,611645,355
CP048237.1,611994,1089
CP048237.1,611998,86
CP048237.1,612001,29
CP048237.1,614162,64
CP048237.1,617797,395
CP048237.1,618162,65
CP048237.1,618171,674
CP048237.1,618183,69
CP048237.1,618255,508
CP048237.1,618265,234
CP048237.1,618384,27
CP048237.1,618483,77
CP048237.1,619642,33
CP048237.1,619823,41
CP048237.1,619847,57
CP048237.1,619976,545
CP048237.1,620398,635
CP048237.1,624192,674
CP048237.1,624199,91
CP048237.1,624504,240
CP048237.1,624725,3
CP048237.1,624732,747
CP048237.1,624785,132
CP048237.1,624792,1
CP048237.1,628569,43
CP048237.1,630320,37
CP048237.1,630466,275
CP048237.1,630484,1
CP048237.1,630637,473
CP048237.1,630645,1
CP048237.1,631430,2
CP048237.1,635500,28
CP048237.1,639872,11
CP048237.1,639966,71
CP048237.1,643291,1
CP048237.1,643308,826
CP048237.1,643319,1
CP048237.1,643538,109
CP048237.1,643712,1
CP048237.1,647602,7
CP048237.1,648710,19
CP048237.1,648776,73
CP048237.1,649158,405
CP048237.1,649171,503
CP048237.1,649180,677
CP048237.1,649442,343
CP048237.1,649492,653
CP048237.1,649611,1
CP048237.1,652856,52
CP048237.1,652905,98
CP048237.1,653316,278
CP048237.1,653341,425
CP048237.1,653747,47
CP048237.1,653757,633
CP048237.1,653795,488
CP048237.1,658034,68
CP048237.1,658040,9
CP048237.1,658053,64
CP048237.1,658592,1
CP048237.1,659258,561
CP048237.1,659265,473
CP048237.1,659267,595
CP048237.1,659337,196
CP048237.1,668588,460
CP048237.1,668785,11
CP048237.1,668825,4
CP048237.1,668879,288
CP048237.1,669091,412
CP048237.1,669929,406
CP048237.1,669936,28
CP048237.1,669966,418
CP048237.1,673414,304
CP048237.1,674319,394
CP048237.1,674428,1
CP048237.1,674433,53
CP048237.1,674440,217
CP048237.1,674483,46
CP048237.1,674492,121
CP048237.1,675101,1
CP048237.1,676485,8
CP048237.1,677831,8
CP048237.1,679304,52
CP048237.1,679353,1111
CP048237.1,679357,1
CP048237.1,679365,5
CP048237.1,679426,1
CP048237.1,680361,130
CP048237.1,680700,2
CP048237.1,680703,353
CP048237.1,680773,1003
CP048237.1,680831,331
CP048237.1,680899,874
CP048237.1,681029,1
CP048237.1,687941,24
CP048237.1,692294,300
CP048237.1,692807,329
CP048237.1,692827,3
CP048237.1,695129,51
CP048237.1,695170,1616
CP048237.1,696059,125
CP048237.1,697748,16
CP048237.1,697820,377
CP048237.1,698504,360
CP048237.1,698511,31
CP048237.1,701741,664
CP048237.1,704113,1
CP048237.1,704120,33
CP048237.1,704144,31
CP048237.1,704263,13
CP048237.1,704268,405
CP048237.1,705992,21
CP048237.1,711905,823
CP048237.1,711908,28
CP048237.1,711954,808
CP048237.1,711960,190
CP048237.1,711996,667
CP048237.1,712056,972
CP048237.1,712141,809
CP048237.1,712189,519
CP048237.1,712196,493
CP048237.1,712284,802
CP048237.1,712343,316
CP048237.1,712846,7
CP048237.1,714252,295
CP048237.1,716186,477
CP048237.1,720739,49
CP048237.1,726191,1
CP048237.1,726990,433
CP048237.1,727045,293
CP048237.1,727052,201
CP048237.1,727080,279
CP048237.1,731859,270
CP048237.1,731933,274
CP048237.1,733168,192
CP048237.1,733182,12
CP048237.1,733189,356
CP048237.1,733336,367
CP048237.1,733525,30
CP048237.1,733624,340
CP048237.1,733747,76
CP048237.1,733754,1447
CP048237.1,733837,72
CP048237.1,733844,710
CP048237.1,733992,461
CP048237.1,734116,183
CP048237.1,734462,42
CP048237.1,737017,239
CP048237.1,737134,201
CP048237.1,737141,260
CP048237.1,737156,76
CP048237.1,737238,36
CP048237.1,737246,506
CP048237.1,737258,84
CP048237.1,737353,5
CP048237.1,737384,1266
CP048237.1,737438,391
CP048237.1,737491,41
CP048237.1,738358,358
CP048237.1,738362,1
CP048237.1,738384,277
CP048237.1,738391,399
CP048237.1,738500,2
CP048237.1,738640,1327
CP048237.1,738661,41
CP048237.1,738922,1
CP048237.1,738933,62
CP048237.1,739022,948
CP048237.1,739110,300
CP048237.1,739234,83
CP048237.1,739237,331
CP048237.1,739360,290
CP048237.1,739406,614
CP048237.1,741110,89
CP048237.1,741323,4
CP048237.1,742692,9
CP048237.1,745015,48
CP048237.1,746962,55
CP048237.1,747046,222
CP048237.1,747139,70
CP048237.1,747304,1
CP048237.1,747384,537
CP048237.1,747422,298
CP048237.1,747431,296
CP048237.1,747530,61
CP048237.1,747565,716
CP048237.1,747680,188
CP048237.1,747758,46
CP048237.1,747772,123
CP048237.1,747844,80
CP048237.1,747876,2
CP048237.1,747881,417
CP048237.1,747882,453
CP048237.1,748039,854
CP048237.1,748097,694
CP048237.1,748166,445
CP048237.1,750768,648
CP048237.1,750775,1
CP048237.1,750778,2
CP048237.1,752163,79
CP048237.1,753450,106
CP048237.1,753572,364
CP048237.1,753633,198
CP048237.1,753666,2316
CP048237.1,753673,820
CP048237.1,753980,696
CP048237.1,754025,560
CP048237.1,754043,591
CP048237.1,754050,1
CP048237.1,754642,1
CP048237.1,755738,9
CP048237.1,756006,2
CP048237.1,756102,304
CP048237.1,756103,9
CP048237.1,756189,524
CP048237.1,756196,2759
CP048237.1,756287,524
CP048237.1,756294,1
CP048237.1,756414,1054
CP048237.1,756416,36
CP048237.1,756421,7
CP048237.1,756423,1
CP048237.1,756484,452
CP048237.1,756496,41
CP048237.1,765867,418
CP048237.1,765881,64
CP048237.1,765970,76
CP048237.1,766158,247
CP048237.1,766203,285
CP048237.1,768830,1
CP048237.1,768882,13
CP048237.1,770797,1
CP048237.1,771397,4
CP048237.1,773127,328
CP048237.1,776579,140
CP048237.1,782818,351
CP048237.1,782928,326
CP048237.1,782932,130
CP048237.1,783690,240
CP048237.1,783811,253
CP048237.1,784866,3
CP048237.1,785373,432
CP048237.1,785483,255
CP048237.1,785761,668
CP048237.1,785804,617
CP048237.1,785881,263
CP048237.1,793602,1
CP048237.1,794129,55
CP048237.1,794910,184
CP048237.1,797021,1
CP048237.1,797028,691
CP048237.1,797703,814
CP048237.1,797710,1383
CP048237.1,797742,359
CP048237.1,800935,468
CP048237.1,804230,1
CP048237.1,804233,1
CP048237.1,806382,2
CP048237.1,806406,6
CP048237.1,806574,23
CP048237.1,809243,2
CP048237.1,812601,62
CP048237.1,812778,116
CP048237.1,812785,450
CP048237.1,813608,29
CP048237.1,813868,25
CP048237.1,813997,70
CP048237.1,814004,1
CP048237.1,814018,1
CP048237.1,814205,440
CP048237.1,814223,688
CP048237.1,814356,5
CP048237.1,814411,131
CP048237.1,814756,57
CP048237.1,814836,14
CP048237.1,815094,33
CP048237.1,815183,95
CP048237.1,815262,8
CP048237.1,815843,13
CP048237.1,816444,652
CP048237.1,817528,159
CP048237.1,817551,149
CP048237.1,817978,78
CP048237.1,818000,446
CP048237.1,818049,327
CP048237.1,818054,311
CP048237.1,818079,110
CP048237.1,818084,52
CP048237.1,818086,2
CP048237.1,818096,42
CP048237.1,818272,1
CP048237.1,818576,204
CP048237.1,818596,60
CP048237.1,818674,492
CP048237.1,818736,75
CP048237.1,819032,150
CP048237.1,819274,4
CP048237.1,819367,6
CP048237.1,819461,135
CP048237.1,819561,60
CP048237.1,820084,121
CP048237.1,820447,82
CP048237.1,820647,679
CP048237.1,820809,11
CP048237.1,821145,848
CP048237.1,821193,651
CP048237.1,821329,163
CP048237.1,821760,656
CP048237.1,821806,1034
CP048237.1,822079,1
CP048237.1,822141,26
CP048237.1,822368,708
CP048237.1,822527,1
CP048237.1,824048,387
CP048237.1,824069,3
CP048237.1,825992,123
CP048237.1,825998,1
CP048237.1,826045,459
CP048237.1,826052,853
CP048237.1,826200,95
CP048237.1,829387,22
CP048237.1,829583,165
CP048237.1,829783,155
CP048237.1,829831,650
CP048237.1,829855,749
CP048237.1,829878,24
CP048237.1,830020,1
CP048237.1,830135,1682
CP048237.1,831342,112
CP048237.1,831643,13
CP048237.1,831898,85
CP048237.1,833080,20
CP048237.1,836934,193
CP048237.1,837127,2
CP048237.1,837263,66
CP048237.1,837296,259
CP048237.1,837942,220
CP048237.1,840337,1
CP048237.1,840488,278
CP048237.1,840792,524
CP048237.1,845940,260
CP048237.1,846769,2
CP048237.1,846802,12
CP048237.1,846820,2
CP048237.1,847144,1
CP048237.1,847273,42
CP048237.1,850182,826
CP048237.1,850340,1
CP048237.1,851127,1
CP048237.1,851134,460
CP048237.1,851135,4
CP048237.1,851873,96
CP048237.1,851929,787
CP048237.1,851930,79
CP048237.1,852045,723
CP048237.1,852052,1004
CP048237.1,852170,183
CP048237.1,852242,563
CP048237.1,852246,11
CP048237.1,852249,62
CP048237.1,852282,261
CP048237.1,852300,1
CP048237.1,852302,152
CP048237.1,852309,565
CP048237.1,852333,506
CP048237.1,852374,1
CP048237.1,852384,303
CP048237.1,852393,731
CP048237.1,852474,33
CP048237.1,852484,354
CP048237.1,852491,573
CP048237.1,852519,543
CP048237.1,853637,3
CP048237.1,853642,874
CP048237.1,853644,1016
CP048237.1,853702,1
CP048237.1,853820,111
CP048237.1,854036,311
CP048237.1,855876,339
CP048237.1,856297,3
CP048237.1,859219,3
CP048237.1,859304,6
CP048237.1,861768,2
CP048237.1,861983,250
CP048237.1,861985,200
CP048237.1,862524,177
CP048237.1,862568,12
CP048237.1,864073,15
CP048237.1,864438,274
CP048237.1,865847,37
CP048237.1,865924,557
CP048237.1,865930,88
CP048237.1,866006,484
CP048237.1,866115,89
CP048237.1,866226,40
CP048237.1,866251,815
CP048237.1,866258,683
CP048237.1,866550,45
CP048237.1,866583,87
CP048237.1,866700,119
CP048237.1,866766,487
CP048237.1,866843,69
CP048237.1,867009,1003
CP048237.1,867454,414
CP048237.1,867507,689
CP048237.1,867514,524
CP048237.1,867571,236
CP048237.1,867578,92
CP048237.1,869172,4
CP048237.1,869190,21
CP048237.1,869470,672
CP048237.1,869477,484
CP048237.1,869529,5
CP048237.1,869536,1225
CP048237.1,869562,1
CP048237.1,869567,1
CP048237.1,869714,2340
CP048237.1,869721,570
CP048237.1,869817,393
CP048237.1,869830,11
CP048237.1,869831,209
CP048237.1,869849,407
CP048237.1,869921,920
CP048237.1,870276,3
CP048237.1,874638,62
CP048237.1,876112,210
CP048237.1,876238,105
CP048237.1,876596,236
CP048237.1,876852,71
CP048237.1,876886,298
CP048237.1,876920,14
CP048237.1,877006,2
CP048237.1,877017,175
CP048237.1,877019,39
CP048237.1,877024,1
CP048237.1,879146,217
CP048237.1,879153,361
CP048237.1,879198,185
CP048237.1,879214,488
CP048237.1,879265,1
CP048237.1,879316,15
CP048237.1,879323,609
CP048237.1,879329,73
CP048237.1,879332,175
CP048237.1,879334,68
CP048237.1,879336,96
CP048237.1,879359,448
CP048237.1,879446,356
CP048237.1,879457,64
CP048237.1,879534,1045
CP048237.1,879538,70
CP048237.1,880010,635
CP048237.1,880017,452
CP048237.1,880356,218
CP048237.1,882480,287
CP048237.1,882494,1
CP048237.1,882501,406
CP048237.1,882550,1778
CP048237.1,882557,30
CP048237.1,882580,35
CP048237.1,882723,305
CP048237.1,882784,1
CP048237.1,882827,1529
CP048237.1,882834,1235
CP048237.1,882882,261
CP048237.1,882903,240
CP048237.1,882970,20
CP048237.1,882972,53
CP048237.1,882991,18
CP048237.1,883019,123
CP048237.1,883033,58
CP048237.1,890899,292
CP048237.1,891435,16
CP048237.1,891492,634
CP048237.1,891499,230
CP048237.1,892036,1
CP048237.1,892225,575
CP048237.1,893500,2
CP048237.1,893521,24
CP048237.1,893555,50
CP048237.1,893582,443
CP048237.1,893598,1412
CP048237.1,893602,2
CP048237.1,893604,1588
CP048237.1,893605,376
CP048237.1,893611,430
CP048237.1,893623,2
CP048237.1,893625,1
CP048237.1,893631,101
CP048237.1,893638,102
CP048237.1,893736,1
CP048237.1,895775,288
CP048237.1,900531,85
CP048237.1,903228,119
CP048237.1,903417,220
CP048237.1,904230,860
CP048237.1,904451,610
CP048237.1,904637,1
CP048237.1,904728,70
CP048237.1,904807,3
CP048237.1,904814,83
CP048237.1,904864,33
CP048237.1,904930,413
CP048237.1,905481,1
CP048237.1,906912,11
CP048237.1,908759,181
CP048237.1,909939,1
CP048237.1,910274,452
CP048237.1,910485,233
CP048237.1,910722,4
CP048237.1,910899,372
CP048237.1,911062,542
CP048237.1,911131,1
CP048237.1,911226,5
CP048237.1,911228,46
CP048237.1,911284,209
CP048237.1,911291,21
CP048237.1,911464,831
CP048237.1,911627,284
CP048237.1,911810,1056
CP048237.1,911817,53
CP048237.1,911849,22
CP048237.1,911868,62
CP048237.1,911869,50
CP048237.1,911876,869
CP048237.1,911972,7
CP048237.1,911999,76
CP048237.1,912006,889
CP048237.1,912073,58
CP048237.1,912099,345
CP048237.1,912106,104
CP048237.1,912108,990
CP048237.1,912144,27
CP048237.1,912253,968
CP048237.1,912336,1
CP048237.1,912375,5
CP048237.1,912381,815
CP048237.1,912384,989
CP048237.1,912388,432
CP048237.1,912579,546
CP048237.1,912646,378
CP048237.1,912731,3
CP048237.1,912875,20
CP048237.1,913705,1
CP048237.1,913725,1
CP048237.1,914031,81
CP048237.1,914223,5
CP048237.1,914338,447
CP048237.1,914391,1030
CP048237.1,914423,508
CP048237.1,914436,9
CP048237.1,914477,623
CP048237.1,914551,977
CP048237.1,914676,63
CP048237.1,914685,1
CP048237.1,914690,120
CP048237.1,914692,219
CP048237.1,914891,319
CP048237.1,914924,911
CP048237.1,914936,237
CP048237.1,915061,159
CP048237.1,915228,1350
CP048237.1,915294,790
CP048237.1,915582,52
CP048237.1,915609,98
CP048237.1,916410,524
CP048237.1,916461,410
CP048237.1,916961,1
CP048237.1,917633,1
CP048237.1,918091,12
CP048237.1,918115,1
CP048237.1,918132,440
CP048237.1,918136,213
CP048237.1,918139,141
CP048237.1,918143,582
CP048237.1,918223,659
CP048237.1,918721,14
CP048237.1,920320,27
CP048237.1,920689,57
CP048237.1,921241,6
CP048237.1,921349,196
CP048237.1,923928,68
CP048237.1,924007,228
CP048237.1,924014,131
CP048237.1,924048,496
CP048237.1,924062,159
CP048237.1,924070,456
CP048237.1,924077,463
CP048237.1,924141,3
CP048237.1,924810,267
CP048237.1,924814,15
CP048237.1,924821,1
CP048237.1,925294,343
CP048237.1,926412,190
CP048237.1,926527,253
CP048237.1,926650,2
CP048237.1,926978,1
CP048237.1,927016,117
CP048237.1,927018,71
CP048237.1,927023,5
CP048237.1,927491,189
CP048237.1,928150,54
CP048237.1,928476,908
CP048237.1,928485,1
CP048237.1,932472,43
CP048237.1,934470,576
CP048237.1,934515,235
CP048237.1,934592,1
CP048237.1,934609,464
CP048237.1,934677,4
CP048237.1,934684,4
CP048237.1,934723,1
CP048237.1,934730,79
CP048237.1,936204,91
CP048237.1,936215,206
CP048237.1,936445,6
CP048237.1,936637,203
CP048237.1,937112,1
CP048237.1,937163,301
CP048237.1,937241,1
CP048237.1,937483,978
CP048237.1,941319,141
CP048237.1,941546,52
CP048237.1,941896,288
CP048237.1,942039,41
CP048237.1,942933,14
CP048237.1,942944,108
CP048237.1,943612,85
CP048237.1,943620,1
CP048237.1,943981,1045
CP048237.1,944047,1
CP048237.1,944054,26
CP048237.1,944056,516
CP048237.1,944057,128
CP048237.1,944059,60
CP048237.1,944063,673
CP048237.1,944064,1727
CP048237.1,944097,1608
CP048237.1,944098,351
CP048237.1,944104,12
CP048237.1,944105,80
CP048237.1,944206,393
CP048237.1,944210,182
CP048237.1,944226,358
CP048237.1,944233,842
CP048237.1,950882,7
CP048237.1,950969,224
CP048237.1,950971,351
CP048237.1,950976,1465
CP048237.1,950995,1
CP048237.1,951012,35
CP048237.1,951023,1
CP048237.1,952670,14
CP048237.1,952687,20
CP048237.1,952709,176
CP048237.1,952716,222
CP048237.1,952749,326
CP048237.1,952751,41
CP048237.1,952771,455
CP048237.1,952773,516
CP048237.1,952792,324
CP048237.1,952795,3
CP048237.1,952811,201
CP048237.1,953031,33
CP048237.1,953175,278
CP048237.1,953182,1061
CP048237.1,953223,480
CP048237.1,953239,3
CP048237.1,953257,622
CP048237.1,953283,37
CP048237.1,953288,503
CP048237.1,953338,615
CP048237.1,953375,536
CP048237.1,953384,220
CP048237.1,953448,610
CP048237.1,953455,755
CP048237.1,953457,1
CP048237.1,953459,25
CP048237.1,953466,1781
CP048237.1,953546,619
CP048237.1,954134,3
CP048237.1,954597,276
CP048237.1,954875,3
CP048237.1,956896,11
CP048237.1,956932,236
CP048237.1,957036,6
CP048237.1,957043,167
CP048237.1,957094,1
CP048237.1,957176,36
CP048237.1,957184,1
CP048237.1,957213,6
CP048237.1,957228,1
CP048237.1,957291,4618
CP048237.1,957298,1149
CP048237.1,957320,71
CP048237.1,957362,931
CP048237.1,957386,82
CP048237.1,957433,10
CP048237.1,957448,287
CP048237.1,957517,358
CP048237.1,957555,753
CP048237.1,957562,215
CP048237.1,957722,1301
CP048237.1,957737,684
CP048237.1,957777,488
CP048237.1,957819,379
CP048237.1,957821,5
CP048237.1,957906,308
CP048237.1,957912,232
CP048237.1,957919,6
CP048237.1,957939,324
CP048237.1,957965,21
CP048237.1,957996,2007
CP048237.1,958003,743
CP048237.1,958012,121
CP048237.1,958031,391
CP048237.1,958038,10
CP048237.1,958045,1233
CP048237.1,958052,2146
CP048237.1,958075,1
CP048237.1,959670,99
CP048237.1,959678,2
CP048237.1,959873,850
CP048237.1,962444,38
CP048237.1,964536,57
CP048237.1,965605,3
CP048237.1,965630,827
CP048237.1,965682,119
CP048237.1,965702,239
CP048237.1,965709,433
CP048237.1,967555,124
CP048237.1,967606,286
CP048237.1,967644,579
CP048237.1,967648,884
CP048237.1,967651,1031
CP048237.1,967653,15
CP048237.1,967657,83
CP048237.1,967686,96
CP048237.1,967855,337
CP048237.1,968001,1
CP048237.1,968145,216
CP048237.1,968667,255
CP048237.1,968672,10
CP048237.1,968677,15
CP048237.1,969112,103
CP048237.1,969282,88
CP048237.1,969296,5
CP048237.1,969599,219
CP048237.1,969606,1
CP048237.1,969644,455
CP048237.1,969890,382
CP048237.1,969897,649
CP048237.1,970344,4
CP048237.1,970724,345
CP048237.1,970850,50
CP048237.1,970912,396
CP048237.1,970916,177
CP048237.1,971168,174
CP048237.1,971255,56
CP048237.1,971315,619
CP048237.1,971335,325
CP048237.1,971337,61
CP048237.1,971340,360
CP048237.1,971342,238
CP048237.1,971344,377
CP048237.1,971359,12
CP048237.1,971363,162
CP048237.1,971494,255
CP048237.1,971993,55
CP048237.1,972210,1
CP048237.1,972401,63
CP048237.1,972949,1
CP048237.1,973000,44
CP048237.1,974055,32
CP048237.1,974580,486
CP048237.1,974790,64
CP048237.1,974880,472
CP048237.1,974932,27
CP048237.1,975048,20
CP048237.1,975139,105
CP048237.1,975146,24
CP048237.1,975153,383
CP048237.1,975154,326
CP048237.1,975217,57
CP048237.1,975228,33
CP048237.1,975248,8939
CP048237.1,975255,2317
CP048237.1,975266,157
CP048237.1,975277,36
CP048237.1,975337,40
CP048237.1,975354,19
CP048237.1,975366,99
CP048237.1,975369,124
CP048237.1,975378,440
CP048237.1,975393,61
CP048237.1,975396,33
CP048237.1,975429,33
CP048237.1,975432,219
CP048237.1,975433,39
CP048237.1,975437,2
CP048237.1,975444,165
CP048237.1,975447,160
CP048237.1,975471,12
CP048237.1,975478,89
CP048237.1,975495,1381
CP048237.1,975501,255
CP048237.1,975502,702
CP048237.1,975508,1220
CP048237.1,975529,1058
CP048237.1,975536,5
CP048237.1,975577,30
CP048237.1,975584,71
CP048237.1,975628,57
CP048237.1,975635,29
CP048237.1,975655,45
CP048237.1,975662,139
CP048237.1,975738,444
CP048237.1,975741,511
CP048237.1,975745,5
CP048237.1,975748,1283
CP048237.1,975760,403
CP048237.1,975761,207
CP048237.1,975828,12
CP048237.1,975835,426
CP048237.1,975849,884
CP048237.1,975851,363
CP048237.1,975856,250
CP048237.1,975858,346
CP048237.1,975884,212
CP048237.1,976074,226
CP048237.1,976081,36
CP048237.1,976089,130
CP048237.1,976406,263
CP048237.1,976539,666
CP048237.1,976546,12
CP048237.1,976568,1
CP048237.1,976598,11
CP048237.1,976601,96
CP048237.1,976677,583
CP048237.1,976727,37
CP048237.1,976734,17
CP048237.1,976749,66
CP048237.1,976810,155
CP048237.1,976846,110
CP048237.1,976905,25
CP048237.1,976907,536
CP048237.1,976940,113
CP048237.1,977565,353
CP048237.1,977647,2
CP048237.1,977655,1478
CP048237.1,977662,657
CP048237.1,977663,1
CP048237.1,977678,106
CP048237.1,977721,418
CP048237.1,977749,392
CP048237.1,977779,355
CP048237.1,977808,1044
CP048237.1,977811,631
CP048237.1,977831,1199
CP048237.1,977832,135
CP048237.1,977833,201
CP048237.1,977862,2172
CP048237.1,977892,6
CP048237.1,977898,177
CP048237.1,977905,1018
CP048237.1,977907,11449
CP048237.1,977912,681
CP048237.1,977914,116
CP048237.1,977939,51
CP048237.1,977981,1137
CP048237.1,977988,212
CP048237.1,977993,1328
CP048237.1,977997,1
CP048237.1,978001,122
CP048237.1,978003,314
CP048237.1,978008,1285
CP048237.1,978049,1130
CP048237.1,978071,2659
CP048237.1,978078,1117
CP048237.1,978079,2
CP048237.1,978179,9499
CP048237.1,978186,7234
CP048237.1,978190,1
CP048237.1,978223,1
CP048237.1,978230,2
CP048237.1,978335,7
CP048237.1,978337,1019
CP048237.1,978344,3219
CP048237.1,978361,163
CP048237.1,978365,1027
CP048237.1,978368,849
CP048237.1,978404,1
CP048237.1,978435,1
CP048237.1,978517,1099
CP048237.1,978526,96
CP048237.1,978528,13
CP048237.1,978546,1
CP048237.1,978577,1635
CP048237.1,978584,683
CP048237.1,978612,128
CP048237.1,978673,649
CP048237.1,978680,2
CP048237.1,978740,525
CP048237.1,979435,82
CP048237.1,979491,1031
CP048237.1,979495,6
CP048237.1,979595,13
CP048237.1,979734,8
CP048237.1,980703,21
CP048237.1,980710,126
CP048237.1,980753,331
CP048237.1,980760,1129
CP048237.1,980772,10
CP048237.1,980805,59
CP048237.1,980873,743
CP048237.1,980892,2
CP048237.1,980894,429
CP048237.1,980909,843
CP048237.1,980950,930
CP048237.1,980964,957
CP048237.1,980965,186
CP048237.1,980970,121
CP048237.1,980971,2
CP048237.1,980980,1
CP048237.1,980981,195
CP048237.1,980987,5
CP048237.1,980988,273
CP048237.1,980991,6
CP048237.1,981030,166
CP048237.1,981033,6
CP048237.1,981036,1
CP048237.1,981040,1019
CP048237.1,981070,463
CP048237.1,981077,76
CP048237.1,981079,219
CP048237.1,981082,1058
CP048237.1,981086,3
CP048237.1,981093,1
CP048237.1,981094,789
CP048237.1,981102,1514
CP048237.1,981109,769
CP048237.1,981110,694
CP048237.1,981146,6
CP048237.1,981169,133
CP048237.1,981171,15
CP048237.1,981185,7
CP048237.1,981187,274
CP048237.1,981192,37
CP048237.1,981198,1164
CP048237.1,981211,3
CP048237.1,981218,205
CP048237.1,981253,1
CP048237.1,981307,1844
CP048237.1,981308,535
CP048237.1,981314,746
CP048237.1,981315,398
CP048237.1,981345,1894
CP048237.1,981347,494
CP048237.1,981351,1223
CP048237.1,981352,548
CP048237.1,981354,450
CP048237.1,981356,64
CP048237.1,981358,509
CP048237.1,981364,37
CP048237.1,981489,6
CP048237.1,981599,115
CP048237.1,982381,6
CP048237.1,983198,14
CP048237.1,983214,433
CP048237.1,983421,74
CP048237.1,984140,459
CP048237.1,987190,5
CP048237.1,988279,107
CP048237.1,988282,264
CP048237.1,988454,167
CP048237.1,988629,5
CP048237.1,988640,646
CP048237.1,989215,158
CP048237.1,989481,1
CP048237.1,989536,364
CP048237.1,991956,14
CP048237.1,991963,334
CP048237.1,991994,1
CP048237.1,992011,1059
CP048237.1,992018,877
CP048237.1,992023,28
CP048237.1,992030,290
CP048237.1,992050,151
CP048237.1,992057,112
CP048237.1,992061,1
CP048237.1,992134,781
CP048237.1,992137,46
CP048237.1,992157,103
CP048237.1,992158,16
CP048237.1,992164,1
CP048237.1,992167,219
CP048237.1,992174,1139
CP048237.1,992327,1234
CP048237.1,992370,1
CP048237.1,992528,34
CP048237.1,993231,1
CP048237.1,993601,7
CP048237.1,993673,1
CP048237.1,993715,323
CP048237.1,993784,23
CP048237.1,993806,857
CP048237.1,993813,742
CP048237.1,993814,827
CP048237.1,993820,1
CP048237.1,993877,1
CP048237.1,993882,6
CP048237.1,993885,6
CP048237.1,993928,1
CP048237.1,994009,154
CP048237.1,994036,1
CP048237.1,994037,9
CP048237.1,994038,34
CP048237.1,994080,477
CP048237.1,994087,706
CP048237.1,994223,93
CP048237.1,994905,1
CP048237.1,995150,13
CP048237.1,995170,2
CP048237.1,995171,20
CP048237.1,995177,22
CP048237.1,995201,399
CP048237.1,995203,1
CP048237.1,995208,432
CP048237.1,995209,2
CP048237.1,995210,307
CP048237.1,995234,327
CP048237.1,995249,102
CP048237.1,995256,51
CP048237.1,995265,67
CP048237.1,995828,494
CP048237.1,995982,382
CP048237.1,996461,69
CP048237.1,996468,428
CP048237.1,996626,1143
CP048237.1,996647,500
CP048237.1,996655,1222
CP048237.1,996660,1
CP048237.1,996662,583
CP048237.1,996683,296
CP048237.1,996708,49
CP048237.1,996733,764
CP048237.1,996751,1
CP048237.1,996764,500
CP048237.1,996808,1366
CP048237.1,996815,1651
CP048237.1,996819,672
CP048237.1,996833,832
CP048237.1,996838,330
CP048237.1,996840,1906
CP048237.1,996847,377
CP048237.1,996861,12
CP048237.1,996887,833
CP048237.1,996907,1091
CP048237.1,997052,543
CP048237.1,997058,555
CP048237.1,997065,585
CP048237.1,997066,989
CP048237.1,997069,1
CP048237.1,997071,77
CP048237.1,997072,746
CP048237.1,997085,208
CP048237.1,997092,272
CP048237.1,997099,1136
CP048237.1,997112,1457
CP048237.1,997119,597
CP048237.1,997135,743
CP048237.1,997146,1
CP048237.1,997159,784
CP048237.1,997203,64
CP048237.1,997210,223
CP048237.1,997215,90
CP048237.1,997234,68
CP048237.1,997242,7
CP048237.1,997249,824
CP048237.1,997278,1
CP048237.1,997281,696
CP048237.1,997288,380
CP048237.1,997290,1
CP048237.1,997357,2
CP048237.1,997665,265
CP048237.1,997847,535
CP048237.1,997854,7
CP048237.1,997856,1
CP048237.1,997863,222
CP048237.1,997967,1096
CP048237.1,998192,508
CP048237.1,998194,29
CP048237.1,998372,491
CP048237.1,998382,19
CP048237.1,998391,916
CP048237.1,998427,499
CP048237.1,998434,356
CP048237.1,998648,85
CP048237.1,1000217,292
CP048237.1,1003031,22
CP048237.1,1003034,340
CP048237.1,1003131,2
CP048237.1,1004748,40
CP048237.1,1004927,337
CP048237.1,1004934,939
CP048237.1,1004950,221
CP048237.1,1004991,61
CP048237.1,1005034,125
CP048237.1,1005041,7
CP048237.1,1005054,1312
CP048237.1,1005173,4
CP048237.1,1005390,49
CP048237.1,1005546,16
CP048237.1,1005658,1
CP048237.1,1008470,21
CP048237.1,1008517,326
CP048237.1,1009463,13
CP048237.1,1011859,123
CP048237.1,1012057,40
CP048237.1,1015249,12
CP048237.1,1015380,59
CP048237.1,1016218,739
CP048237.1,1018379,106
CP048237.1,1018412,529
CP048237.1,1019586,1
CP048237.1,1019645,46
CP048237.1,1019672,100
CP048237.1,1019740,3
CP048237.1,1020260,133
CP048237.1,1020552,558
CP048237.1,1020944,298
CP048237.1,1024995,27
CP048237.1,1025353,286
CP048237.1,1025402,764
CP048237.1,1025413,315
CP048237.1,1025428,212
CP048237.1,1025450,789
CP048237.1,1025474,1
CP048237.1,1025494,13
CP048237.1,1025496,21
CP048237.1,1025499,637
CP048237.1,1025506,1
CP048237.1,1025546,828
CP048237.1,1025553,268
CP048237.1,1027506,469
CP048237.1,1028147,6
CP048237.1,1030494,172
CP048237.1,1031807,178
CP048237.1,1031841,751
CP048237.1,1031886,802
CP048237.1,1032299,1
CP048237.1,1032643,18
CP048237.1,1035999,516
CP048237.1,1036054,16
CP048237.1,1036086,66
CP048237.1,1036088,339
CP048237.1,1036095,289
CP048237.1,1039788,79
CP048237.1,1041966,20
CP048237.1,1043017,357
CP048237.1,1043149,55
CP048237.1,1043156,760
CP048237.1,1043174,505
CP048237.1,1043175,209
CP048237.1,1043211,137
CP048237.1,1043232,61
CP048237.1,1043286,1
CP048237.1,1044156,1
CP048237.1,1044278,49
CP048237.1,1044608,56
CP048237.1,1045574,124
CP048237.1,1050889,84
CP048237.1,1050901,913
CP048237.1,1050997,49
CP048237.1,1051028,261
CP048237.1,1051046,495
CP048237.1,1051071,1
CP048237.1,1051113,422
CP048237.1,1051432,872
CP048237.1,1051447,157
CP048237.1,1051598,302
CP048237.1,1051627,503
CP048238.1,2465,452
CP048238.1,25805,14
CP048238.1,26343,13
CP048238.1,27857,4
CP048238.1,28149,244
CP048238.1,28255,334
CP048238.1,28748,585
CP048238.1,30202,5
CP048238.1,32752,1
CP048238.1,32924,375
CP048238.1,34134,427
CP048238.1,35371,584
CP048238.1,35413,150
CP048238.1,35512,138
CP048238.1,35950,284
CP048238.1,36039,383
CP048238.1,36064,23
CP048238.1,40571,8
CP048238.1,40772,15
CP048238.1,40959,638
CP048238.1,40995,139
CP048238.1,41063,33
CP048238.1,41109,734
CP048238.1,41181,1094
CP048238.1,41232,287
CP048238.1,41244,636
CP048238.1,41251,1223
CP048238.1,41261,32
CP048238.1,41432,11
CP048238.1,41439,1392
CP048238.1,41680,99
CP048238.1,41687,1
CP048238.1,41728,765
CP048238.1,41760,1
CP048238.1,42985,510
CP048238.1,42988,1
CP048238.1,43179,105
CP048238.1,43286,311
CP048238.1,43342,134
CP048238.1,43356,1068
CP048238.1,43441,186
CP048238.1,43595,203
CP048238.1,43606,219
CP048238.1,43662,228
CP048238.1,44044,241
CP048238.1,44098,1083
CP048238.1,45546,648
CP048238.1,49926,1937
CP048238.1,49948,1
CP048238.1,49996,69
CP048238.1,50051,533
CP048238.1,50177,159
CP048238.1,50772,503
CP048238.1,50773,6
CP048238.1,50870,644
CP048238.1,51227,94
CP048238.1,53638,1
CP048238.1,53713,48
CP048238.1,53719,9
CP048238.1,54260,55
CP048238.1,61654,205
CP048238.1,61855,862
CP048238.1,61927,85
CP048238.1,61975,1
CP048238.1,62005,159
CP048238.1,62036,1365
CP048238.1,62072,3
CP048238.1,62170,10
CP048238.1,62207,1
CP048238.1,62255,1
CP048238.1,62279,2
CP048238.1,62545,33
CP048238.1,62710,108
CP048238.1,63002,239
CP048238.1,63318,3
CP048238.1,63411,11
CP048238.1,63523,1
CP048238.1,63561,80
CP048238.1,63568,2
CP048238.1,63578,1
CP048238.1,63583,964
CP048238.1,66333,932
CP048238.1,66337,463
CP048238.1,66434,247
CP048238.1,66635,86
CP048238.1,66820,223
CP048238.1,68485,739
CP048238.1,69227,106
CP048238.1,69378,997
CP048238.1,69515,51
CP048238.1,69759,1
CP048238.1,69766,446
CP048238.1,70077,403
CP048238.1,70213,7
CP048238.1,70454,327
CP048238.1,70499,55
CP048238.1,70531,7
CP048238.1,70645,444
CP048238.1,71136,162
CP048238.1,71155,616
CP048238.1,71201,2
CP048238.1,72435,568
CP048238.1,73535,23
CP048238.1,73539,496
CP048238.1,73557,162
CP048238.1,73900,659
CP048238.1,74555,15
CP048238.1,75166,499
CP048238.1,75173,396
CP048238.1,77174,136
CP048238.1,78290,6
CP048238.1,79115,1
CP048238.1,79800,18
CP048238.1,79850,3
CP048238.1,82183,303
CP048238.1,85375,287
CP048238.1,87835,1052
CP048238.1,87909,40
CP048238.1,87977,326
CP048238.1,88085,27
CP048238.1,88125,480
CP048238.1,88215,1010
CP048238.1,88368,420
CP048238.1,88474,115
CP048238.1,88616,220
CP048238.1,88918,17
CP048238.1,89089,175
CP048238.1,89247,25
CP048238.1,89358,23
CP048238.1,95206,166
CP048238.1,95539,220
CP048238.1,99487,166
CP048238.1,99521,370
CP048238.1,104792,364
CP048238.1,104902,1
CP048238.1,105800,1
CP048238.1,106057,70
CP048238.1,106059,528
CP048238.1,106680,17
CP048238.1,107335,17
CP048238.1,109094,58
CP048238.1,109183,58
CP048238.1,109190,127
CP048238.1,109568,3
CP048238.1,110689,384
CP048238.1,110696,3
CP048238.1,110742,456
CP048238.1,110862,304
CP048238.1,110891,344
CP048238.1,110898,873
CP048238.1,110902,512
CP048238.1,110958,104
CP048238.1,111262,1
CP048238.1,111269,318
CP048238.1,118894,358
CP048238.1,119683,1
CP048238.1,123075,258
CP048238.1,123101,86
CP048238.1,123108,26
CP048238.1,123116,48
CP048238.1,123128,707
CP048238.1,123160,157
CP048238.1,123211,116
CP048238.1,123387,421
CP048238.1,123675,31
CP048238.1,125109,33
CP048238.1,126966,195
CP048238.1,127140,5
CP048238.1,127147,356
CP048238.1,127314,306
CP048238.1,128704,146
CP048238.1,129298,546
CP048238.1,129558,102
CP048238.1,129836,484
CP048238.1,129898,27
CP048238.1,129900,810
CP048238.1,129981,2
CP048238.1,130441,63
CP048238.1,132593,12
CP048238.1,137199,362
CP048238.1,137500,402
CP048238.1,137554,6
CP048238.1,138103,655
CP048238.1,138110,1
CP048238.1,138167,868
CP048238.1,138210,354
CP048238.1,138280,35
CP048238.1,138282,449
CP048238.1,138355,1
CP048238.1,138498,3
CP048238.1,138541,62
CP048238.1,138601,1
CP048238.1,141648,158
CP048238.1,141833,111
CP048238.1,143666,1
CP048238.1,144413,47
CP048238.1,144595,627
CP048238.1,146383,78
CP048238.1,146390,602
CP048238.1,146392,506
CP048238.1,146463,649
CP048238.1,146465,23
CP048238.1,146730,278
CP048238.1,149066,59
CP048238.1,152630,307
CP048238.1,152688,31
CP048238.1,155152,178
CP048238.1,155159,1
CP048238.1,155401,29
CP048238.1,155643,22
CP048238.1,155720,863
CP048238.1,155727,69
CP048238.1,155805,720
CP048238.1,157079,424
CP048238.1,157124,1
CP048238.1,157211,1
CP048238.1,157292,63
CP048238.1,157294,477
CP048238.1,157321,1330
CP048238.1,157322,98
CP048238.1,157377,53
CP048238.1,157417,1046
CP048238.1,157418,737
CP048238.1,157427,1
CP048238.1,158401,73
CP048238.1,158441,78
CP048238.1,158589,21
CP048238.1,158916,342
CP048238.1,158922,727
CP048238.1,158929,847
CP048238.1,158949,725
CP048238.1,158950,472
CP048238.1,158956,538
CP048238.1,158994,261
CP048238.1,159001,105
CP048238.1,159053,312
CP048238.1,161805,82
CP048238.1,163181,145
CP048238.1,163247,357
CP048238.1,163870,69
CP048238.1,163874,495
CP048238.1,163883,1
CP048238.1,163941,435
CP048238.1,164019,66
CP048238.1,164194,638
CP048238.1,164255,113
CP048238.1,164736,738
CP048238.1,165825,57
CP048238.1,167355,1
CP048238.1,167906,681
CP048238.1,167936,2
CP048238.1,168532,107
CP048238.1,168539,13
CP048238.1,168564,1521
CP048238.1,168571,197
CP048238.1,168573,2
CP048238.1,168577,251
CP048238.1,170969,1
CP048238.1,171058,374
CP048238.1,172844,95
CP048238.1,172895,1
CP048238.1,173292,1
CP048238.1,173301,294
CP048238.1,173305,812
CP048238.1,173309,799
CP048238.1,173312,137
CP048238.1,173313,476
CP048238.1,173320,126
CP048238.1,173322,1
CP048238.1,173329,820
CP048238.1,173330,267
CP048238.1,173335,782
CP048238.1,173337,1
CP048238.1,173339,978
CP048238.1,173341,512
CP048238.1,173365,10
CP048238.1,173367,269
CP048238.1,173396,593
CP048238.1,173403,339
CP048238.1,173558,479
CP048238.1,173587,40
CP048238.1,173927,27
CP048238.1,174582,9
CP048238.1,174705,12
CP048238.1,175409,14
CP048238.1,175561,5
CP048238.1,175757,107
CP048238.1,175764,140
CP048238.1,175822,7
CP048238.1,175828,1
CP048238.1,175915,51
CP048238.1,175953,5
CP048238.1,179182,51
CP048238.1,179198,188
CP048238.1,180226,214
CP048238.1,180940,367
CP048238.1,183675,304
CP048238.1,183767,1
CP048238.1,183834,2
CP048238.1,183838,7
CP048238.1,183850,1
CP048238.1,184020,14
CP048238.1,184132,3
CP048238.1,187396,264
CP048238.1,187842,567
CP048238.1,188164,244
CP048238.1,188503,41
CP048238.1,188510,85
CP048238.1,188697,14
CP048238.1,188822,579
CP048238.1,189364,587
CP048238.1,189525,199
CP048238.1,191010,2
CP048238.1,191260,246
CP048238.1,191498,4
CP048238.1,192231,189
CP048238.1,192789,10
CP048238.1,192848,22
CP048238.1,192955,9
CP048238.1,193547,101
CP048238.1,193622,47
CP048238.1,193747,309
CP048238.1,193749,257
CP048238.1,193765,32
CP048238.1,193922,60
CP048238.1,194081,654
CP048238.1,194082,1
CP048238.1,195247,1
CP048238.1,195597,21
CP048238.1,198050,26
CP048238.1,198130,88
CP048238.1,198319,419
CP048238.1,198580,446
CP048238.1,198780,87
CP048238.1,202725,423
CP048238.1,202813,894
CP048238.1,202821,136
CP048238.1,202894,46
CP048238.1,214134,229
CP048238.1,220662,324
CP048238.1,221465,31
CP048238.1,224168,957
CP048238.1,224235,67
CP048238.1,224493,47
CP048238.1,224500,776
CP048238.1,226279,1
CP048238.1,226503,9
CP048238.1,226508,297
CP048238.1,226510,691
CP048238.1,226575,119
CP048238.1,227890,2
CP048238.1,237560,173
CP048238.1,237585,188
CP048238.1,237681,168
CP048238.1,237718,241
CP048238.1,240546,173
CP048238.1,240701,627
CP048238.1,240708,21
CP048238.1,240710,1
CP048238.1,240880,449
CP048238.1,250904,168
CP048238.1,251032,158
CP048238.1,251039,55
CP048238.1,251053,483
CP048238.1,251060,180
CP048238.1,251090,36
CP048238.1,251092,647
CP048238.1,251228,105
CP048238.1,251242,60
CP048238.1,251389,162
CP048238.1,251596,112
CP048238.1,251621,73
CP048238.1,251660,169
CP048238.1,251755,391
CP048238.1,251807,14
CP048238.1,251961,28
CP048238.1,254140,80
CP048238.1,254142,2
CP048238.1,254147,208
CP048238.1,254148,486
CP048238.1,254225,202
CP048238.1,257501,1
CP048238.1,259895,248
CP048238.1,259902,449
CP048238.1,263158,523
CP048238.1,263844,1
CP048238.1,264746,5
CP048238.1,264847,30
CP048238.1,266291,250
CP048238.1,266568,307
CP048238.1,266678,259
CP048238.1,266851,115
CP048238.1,269760,11
CP048238.1,269845,23
CP048238.1,270284,154
CP048238.1,270977,57
CP048238.1,271735,245
CP048238.1,274259,404
CP048238.1,274338,1
CP048238.1,274532,589
CP048238.1,275105,250
CP048238.1,275537,2
CP048238.1,275538,1
CP048238.1,275613,36
CP048238.1,275758,470
CP048238.1,276125,6
CP048238.1,276129,792
CP048238.1,276186,6
CP048238.1,276200,28
CP048238.1,276236,25
CP048238.1,276252,244
CP048238.1,276496,30
CP048238.1,276644,46
CP048238.1,276862,42
CP048238.1,276878,419
CP048238.1,276984,63
CP048238.1,276997,460
CP048238.1,277011,636
CP048238.1,277080,83
CP048238.1,277082,193
CP048238.1,277156,142
CP048238.1,277354,23
CP048238.1,277431,77
CP048238.1,277888,407
CP048238.1,279861,161
CP048238.1,280311,73
CP048238.1,281448,1359
CP048238.1,284067,405
CP048238.1,284562,1
CP048238.1,284662,2
CP048238.1,284698,80
CP048238.1,285101,835
CP048238.1,285221,1
CP048238.1,285223,606
CP048238.1,285260,19
CP048238.1,285412,259
CP048238.1,285654,960
CP048238.1,285819,1
CP048238.1,285820,584
CP048238.1,288355,10
CP048238.1,288379,393
CP048238.1,291748,1215
CP048238.1,291905,409
CP048238.1,291927,335
CP048238.1,292018,607
CP048238.1,292025,85
CP048238.1,292046,40
CP048238.1,292311,67
CP048238.1,292313,197
CP048238.1,292388,103
CP048238.1,292405,79
CP048238.1,292409,1
CP048238.1,292588,167
CP048238.1,292651,503
CP048238.1,292658,304
CP048238.1,292700,1309
CP048238.1,292704,14
CP048238.1,292707,326
CP048238.1,292711,280
CP048238.1,292790,455
CP048238.1,292797,153
CP048238.1,292852,723
CP048238.1,292962,474
CP048238.1,292989,1082
CP048238.1,293182,2
CP048238.1,293196,304
CP048238.1,296994,1
CP048238.1,297214,687
CP048238.1,297372,513
CP048238.1,297394,489
CP048238.1,297643,66
CP048238.1,297793,1
CP048238.1,298019,1
CP048238.1,298141,684
CP048238.1,298778,94
CP048238.1,298827,657
CP048238.1,298859,1534
CP048238.1,298866,740
CP048238.1,299032,67
CP048238.1,299035,138
CP048238.1,299058,896
CP048238.1,299069,1
CP048238.1,299124,814
CP048238.1,299362,229
CP048238.1,301869,642
CP048238.1,302300,360
CP048238.1,308548,1
CP048238.1,309025,57
CP048238.1,309163,7
CP048238.1,310825,78
CP048238.1,311048,1
CP048238.1,311067,1
CP048238.1,311238,251
CP048238.1,311321,331
CP048238.1,311328,20
CP048238.1,311335,115
CP048238.1,311342,44
CP048238.1,311406,239
CP048238.1,311490,29
CP048238.1,312368,3
CP048238.1,313529,145
CP048238.1,313558,113
CP048238.1,313591,146
CP048238.1,313597,211
CP048238.1,313661,266
CP048238.1,313694,171
CP048238.1,313732,540
CP048238.1,313889,76
CP048238.1,313896,145
CP048238.1,313904,250
CP048238.1,314067,1
CP048238.1,315566,32
CP048238.1,317340,260
CP048238.1,319551,2
CP048238.1,319606,144
CP048238.1,319622,598
CP048238.1,322028,328
CP048238.1,322099,114
CP048238.1,322190,387
CP048238.1,322229,2
CP048238.1,322252,1343
CP048238.1,322257,197
CP048238.1,322259,1132
CP048238.1,322278,1
CP048238.1,322286,10
CP048238.1,322293,233
CP048238.1,322309,420
CP048238.1,322324,5
CP048238.1,322341,368
CP048238.1,322459,29
CP048238.1,322582,657
CP048238.1,322663,15
CP048238.1,322740,3
CP048238.1,322849,1
CP048238.1,322907,22
CP048238.1,322994,1707
CP048238.1,323001,10
CP048238.1,323086,478
CP048238.1,325568,71
CP048238.1,329470,4
CP048238.1,329675,1
CP048238.1,329899,72
CP048238.1,330074,1
CP048238.1,330576,12
CP048238.1,330591,1
CP048238.1,330622,575
CP048238.1,330819,93
CP048238.1,330906,1048
CP048238.1,330908,1573
CP048238.1,330922,154
CP048238.1,333690,408
CP048238.1,333723,48
CP048238.1,333960,34
CP048238.1,334070,107
CP048238.1,334213,480
CP048238.1,334908,209
CP048238.1,339623,855
CP048238.1,339628,334
CP048238.1,339638,1
CP048238.1,339658,257
CP048238.1,339660,327
CP048238.1,339663,117
CP048238.1,339876,2
CP048238.1,339881,31
CP048238.1,339917,83
CP048238.1,339960,16
CP048238.1,340114,60
CP048238.1,340450,103
CP048238.1,340616,14
CP048238.1,340888,49
CP048238.1,340931,540
CP048238.1,343587,485
CP048238.1,343688,57
CP048238.1,343730,17
CP048238.1,345092,65
CP048238.1,346869,150
CP048238.1,350042,2
CP048238.1,350251,106
CP048238.1,350349,63
CP048238.1,350407,71
CP048238.1,350455,122
CP048238.1,350526,3308
CP048238.1,350533,2144
CP048238.1,350549,233
CP048238.1,350562,21
CP048238.1,350585,590
CP048238.1,350594,560
CP048238.1,350601,499
CP048238.1,350749,14
CP048238.1,351062,335
CP048238.1,352818,255
CP048238.1,353383,51
CP048238.1,356626,631
CP048238.1,356664,314
CP048238.1,356730,1604
CP048238.1,356737,1375
CP048238.1,356836,1392
CP048238.1,356903,1
CP048238.1,356911,457
CP048238.1,356973,151
CP048238.1,356980,907
CP048238.1,356982,1
CP048238.1,357128,1315
CP048238.1,357134,707
CP048238.1,357136,472
CP048238.1,358914,590
CP048238.1,358921,271
CP048238.1,359093,124
CP048238.1,359130,39
CP048238.1,359139,517
CP048238.1,359220,242
CP048238.1,359242,234
CP048238.1,359354,638
CP048238.1,359466,413
CP048238.1,359470,2
CP048238.1,359472,2206
CP048238.1,359479,207
CP048238.1,359497,2
CP048238.1,359559,1
CP048238.1,359631,8
CP048238.1,359734,231
CP048238.1,359742,76
CP048238.1,359746,259
CP048238.1,359749,99
CP048238.1,359753,2587
CP048238.1,359758,49
CP048238.1,359815,421
CP048238.1,359911,222
CP048238.1,360224,27
CP048238.1,360572,419
CP048238.1,361508,30
CP048238.1,363162,117
CP048238.1,363249,417
CP048238.1,363251,63
CP048238.1,363294,123
CP048238.1,363310,55
CP048238.1,363563,820
CP048238.1,363566,173
CP048238.1,363570,233
CP048238.1,363575,84
CP048238.1,363576,421
CP048238.1,364862,1300
CP048238.1,364988,162
CP048238.1,365001,452
CP048238.1,365030,228
CP048238.1,365036,208
CP048238.1,365047,536
CP048238.1,365069,122
CP048238.1,365073,321
CP048238.1,365080,1591
CP048238.1,365082,332
CP048238.1,365091,425
CP048238.1,365108,1357
CP048238.1,365152,165
CP048238.1,365159,3
CP048238.1,365174,152
CP048238.1,365518,537
CP048238.1,366135,20
CP048238.1,366458,440
CP048238.1,366617,170
CP048238.1,366857,68
CP048238.1,368006,531
CP048238.1,369767,348
CP048238.1,371159,39
CP048238.1,371575,397
CP048238.1,371853,938
CP048238.1,371860,249
CP048238.1,371880,182
CP048238.1,371952,328
CP048238.1,372248,8
CP048238.1,372414,246
CP048238.1,372416,81
CP048238.1,372460,316
CP048238.1,372620,476
CP048238.1,372663,5
CP048238.1,372983,35
CP048238.1,373553,716
CP048238.1,374387,64
CP048238.1,374587,19
CP048238.1,374594,330
CP048238.1,377034,274
CP048238.1,377394,35
CP048238.1,379892,139
CP048238.1,379896,13
CP048238.1,379900,379
CP048238.1,380619,269
CP048238.1,381899,344
CP048238.1,383036,369
CP048238.1,384252,10
CP048238.1,384581,285
CP048238.1,384588,324
CP048238.1,384945,1
CP048238.1,385019,6
CP048238.1,386906,59
CP048238.1,387129,1
CP048238.1,387167,1
CP048238.1,387180,134
CP048238.1,387812,6
CP048238.1,388425,434
CP048238.1,388568,1
CP048238.1,388590,424
CP048238.1,388671,363
CP048238.1,388678,70
CP048238.1,388687,45
CP048238.1,389071,145
CP048238.1,389274,1
CP048238.1,389369,216
CP048238.1,390511,4
CP048238.1,391171,35
CP048238.1,391358,24
CP048238.1,391426,9
CP048238.1,391459,5
CP048238.1,391474,12
CP048238.1,391780,60
CP048238.1,392167,55
CP048238.1,392174,2
CP048238.1,392203,2
CP048238.1,392533,11
CP048238.1,392922,153
CP048238.1,392942,421
CP048238.1,392949,190
CP048238.1,393069,5
CP048238.1,393228,246
CP048238.1,393267,382
CP048238.1,393400,55
CP048238.1,393567,173
CP048238.1,393577,188
CP048238.1,393627,15
CP048238.1,393736,48
CP048238.1,393743,3
CP048238.1,393746,75
CP048238.1,393780,1074
CP048238.1,393786,378
CP048238.1,393843,426
CP048238.1,393845,2
CP048238.1,393999,378
CP048238.1,394246,33
CP048238.1,394327,101
CP048238.1,394375,1071
CP048238.1,394548,40
CP048238.1,394567,272
CP048238.1,394574,75
CP048238.1,394741,329
CP048238.1,394773,2
CP048238.1,394780,211
CP048238.1,394783,7
CP048238.1,394822,260
CP048238.1,394829,585
CP048238.1,394849,4
CP048238.1,394870,57
CP048238.1,394877,505
CP048238.1,395119,4
CP048238.1,395231,235
CP048238.1,395394,33
CP048238.1,395406,13
CP048238.1,395547,299
CP048238.1,395574,48
CP048238.1,395622,418
CP048238.1,396428,1
CP048238.1,396452,135
CP048238.1,396501,321
CP048238.1,396508,261
CP048238.1,396865,4
CP048238.1,396869,408
CP048238.1,396905,1
CP048238.1,396912,387
CP048238.1,397231,27
CP048238.1,397338,61
CP048238.1,397464,494
CP048238.1,397514,275
CP048238.1,397520,1274
CP048238.1,397583,4
CP048238.1,397600,170
CP048238.1,397614,124
CP048238.1,397624,304
CP048238.1,397652,20
CP048238.1,397668,511
CP048238.1,397672,17
CP048238.1,397687,521
CP048238.1,397694,481
CP048238.1,397715,149
CP048238.1,397762,289
CP048238.1,397769,4
CP048238.1,397788,35
CP048238.1,397801,2
CP048238.1,397851,822
CP048238.1,397868,355
CP048238.1,397875,528
CP048238.1,397925,289
CP048238.1,398159,143
CP048238.1,398221,497
CP048238.1,398240,2
CP048238.1,398376,62
CP048238.1,398383,2047
CP048238.1,398423,83
CP048238.1,398467,947
CP048238.1,398596,226
CP048238.1,398690,41
CP048238.1,398691,1
CP048238.1,399111,393
CP048238.1,399207,1
CP048238.1,399220,574
CP048238.1,399335,4
CP048238.1,401176,334
CP048238.1,401253,258
CP048238.1,403022,203
CP048238.1,403053,172
CP048238.1,405038,399
CP048238.1,405052,211
CP048238.1,405058,1
CP048238.1,405061,269
CP048238.1,405073,135
CP048238.1,405111,40
CP048238.1,405118,1
CP048238.1,405138,409
CP048238.1,405145,1
CP048238.1,405146,10
CP048238.1,407462,953
CP048238.1,407544,1030
CP048238.1,408728,31
CP048238.1,408828,137
CP048238.1,408856,1726
CP048238.1,408863,565
CP048238.1,408875,1
CP048238.1,408882,50
CP048238.1,409046,739
CP048238.1,409053,56
CP048238.1,409057,72
CP048238.1,409066,405
CP048238.1,409081,559
CP048238.1,409093,29
CP048238.1,409115,927
CP048238.1,409116,326
CP048238.1,409136,663
CP048238.1,409165,242
CP048238.1,409172,2628
CP048238.1,409179,927
CP048238.1,409193,650
CP048238.1,409200,859
CP048238.1,409222,1
CP048238.1,409224,13
CP048238.1,409225,1
CP048238.1,409226,2
CP048238.1,409227,873
CP048238.1,409228,5
CP048238.1,409230,10
CP048238.1,409232,18
CP048238.1,409233,3
CP048238.1,409234,488
CP048238.1,409235,31
CP048238.1,409236,140
CP048238.1,409237,4
CP048238.1,409238,37
CP048238.1,409239,28
CP048238.1,409240,188
CP048238.1,409241,96
CP048238.1,409242,36
CP048238.1,409243,69
CP048238.1,409244,2
CP048238.1,409245,259
CP048238.1,409247,222
CP048238.1,409249,136
CP048238.1,409251,262
CP048238.1,409252,88
CP048238.1,409253,697
CP048238.1,409254,202
CP048238.1,409255,807
CP048238.1,409257,484
CP048238.1,409259,870
CP048238.1,409261,86
CP048238.1,409263,8
CP048238.1,409265,1
CP048238.1,409288,507
CP048238.1,409308,5
CP048238.1,409347,71
CP048238.1,409382,177
CP048238.1,409417,927
CP048238.1,409458,23
CP048238.1,409515,1
CP048238.1,409574,1
CP048238.1,409602,28
CP048238.1,409628,524
CP048238.1,412971,571
CP048238.1,413154,407
CP048238.1,415094,6
CP048238.1,417622,256
CP048238.1,421931,15
CP048238.1,421936,2
CP048238.1,421937,3876
CP048238.1,421938,263
CP048238.1,421941,1
CP048238.1,421943,1
CP048238.1,421944,2514
CP048238.1,424313,57
CP048238.1,425423,119
CP048238.1,426080,93
CP048238.1,426102,6
CP048238.1,426184,26
CP048238.1,429492,224
CP048238.1,430391,73
CP048238.1,430545,62
CP048238.1,430561,112
CP048238.1,430563,11
CP048238.1,431873,287
CP048238.1,432195,419
CP048238.1,432819,62
CP048238.1,432951,3
CP048238.1,433513,2
CP048238.1,433792,789
CP048238.1,433803,720
CP048238.1,433807,535
CP048238.1,433849,1351
CP048238.1,433863,269
CP048238.1,433869,898
CP048238.1,433870,811
CP048238.1,433878,838
CP048238.1,433892,808
CP048238.1,433905,40
CP048238.1,433940,925
CP048238.1,433971,3
CP048238.1,434008,335
CP048238.1,434015,715
CP048238.1,434017,101
CP048238.1,434024,518
CP048238.1,434041,1362
CP048238.1,434048,2
CP048238.1,434079,790
CP048238.1,434091,203
CP048238.1,434093,9
CP048238.1,435057,11
CP048238.1,435250,308
CP048238.1,435874,1
CP048238.1,436006,1
CP048238.1,436040,395
CP048238.1,436330,465
CP048238.1,436331,31
CP048238.1,440044,5
CP048238.1,440527,1
CP048238.1,440756,873
CP048238.1,441019,1
CP048238.1,441026,42
CP048238.1,441071,78
CP048238.1,441109,1
CP048238.1,441117,5
CP048238.1,441305,24
CP048238.1,441906,96
CP048238.1,441949,895
CP048238.1,442374,37
CP048238.1,442518,235
CP048238.1,442534,565
CP048238.1,442825,1
CP048238.1,442979,339
CP048238.1,443156,160
CP048238.1,443439,163
CP048238.1,443507,74
CP048238.1,443934,175
CP048238.1,443954,283
CP048238.1,443979,19
CP048238.1,444144,232
CP048238.1,444586,910
CP048238.1,444747,283
CP048238.1,444858,34
CP048238.1,444920,1
CP048238.1,444945,232
CP048238.1,445004,276
CP048238.1,445025,1034
CP048238.1,445047,539
CP048238.1,445049,1
CP048238.1,445051,133
CP048238.1,445056,931
CP048238.1,445069,1
CP048238.1,445077,297
CP048238.1,445084,886
CP048238.1,445087,832
CP048238.1,445098,1615
CP048238.1,445132,1
CP048238.1,445137,114
CP048238.1,445139,1
CP048238.1,445366,132
CP048238.1,445373,81
CP048238.1,445375,1141
CP048238.1,445615,791
CP048238.1,445650,99
CP048238.1,445807,6
CP048238.1,445921,358
CP048238.1,445928,21
CP048238.1,445937,1082
CP048238.1,445944,7
CP048238.1,445945,544
CP048238.1,446017,528
CP048238.1,446066,107
CP048238.1,446073,893
CP048238.1,446125,2
CP048238.1,446132,49
CP048238.1,446160,409
CP048238.1,446233,469
CP048238.1,446236,55
CP048238.1,446240,771
CP048238.1,446273,522
CP048238.1,446280,927
CP048238.1,446333,417
CP048238.1,446335,744
CP048238.1,446438,975
CP048238.1,446574,3
CP048238.1,446625,5
CP048238.1,446653,338
CP048238.1,446869,24
CP048238.1,446876,5
CP048238.1,446878,701
CP048238.1,446999,20
CP048238.1,447002,599
CP048238.1,447014,1
CP048238.1,447117,7
CP048238.1,447150,37
CP048238.1,447187,475
CP048238.1,447244,77
CP048238.1,447332,1883
CP048238.1,447339,726
CP048238.1,447340,502
CP048238.1,447406,428
CP048238.1,447410,146
CP048238.1,447412,483
CP048238.1,447716,468
CP048238.1,447824,338
CP048238.1,448413,20
CP048238.1,448417,246
CP048238.1,448822,6
CP048238.1,448831,226
CP048238.1,448888,355
CP048238.1,448957,237
CP048238.1,448980,752
CP048238.1,448987,129
CP048238.1,449012,198
CP048238.1,449030,444
CP048238.1,449035,779
CP048238.1,449289,98
CP048238.1,450308,68
CP048238.1,450443,272
CP048238.1,450577,318
CP048238.1,450612,59
CP048238.1,452690,339
CP048238.1,452697,136
CP048238.1,454618,7
CP048238.1,454683,1
CP048238.1,454910,3
CP048238.1,454959,12
CP048238.1,455143,127
CP048238.1,455967,1
CP048238.1,456318,716
CP048238.1,456570,1
CP048238.1,456577,525
CP048238.1,456586,208
CP048238.1,456825,147
CP048238.1,456852,177
CP048238.1,456881,11
CP048238.1,456890,602
CP048238.1,456913,204
CP048238.1,456938,418
CP048238.1,457221,42
CP048238.1,457247,510
CP048238.1,457273,762
CP048238.1,457324,200
CP048238.1,458117,343
CP048238.1,458188,241
CP048238.1,458202,16
CP048238.1,458249,290
CP048238.1,459626,157
CP048238.1,459633,321
CP048238.1,459669,3
CP048238.1,459746,84
CP048238.1,468231,23
CP048238.1,468613,701
CP048238.1,471977,14
CP048238.1,472097,165
CP048238.1,472376,29
CP048238.1,472515,500
CP048238.1,472803,41
CP048238.1,472852,1
CP048238.1,473317,119
CP048238.1,474803,18
CP048238.1,474963,7
CP048238.1,474967,450
CP048238.1,474970,185
CP048238.1,474972,84
CP048238.1,474983,23
CP048238.1,475195,390
CP048238.1,475228,1
CP048238.1,475408,104
CP048238.1,476271,193
CP048238.1,476298,27
CP048238.1,476329,19
CP048238.1,476510,402
CP048238.1,477991,35
CP048238.1,480234,49
CP048238.1,480241,32
CP048238.1,480354,2
CP048238.1,480508,153
CP048238.1,481017,13
CP048238.1,481559,1
CP048238.1,481722,1340
CP048238.1,482074,787
CP048238.1,482088,810
CP048238.1,482201,1
CP048238.1,482312,101
CP048238.1,482397,160
CP048238.1,482404,1
CP048238.1,482422,9
CP048238.1,482620,702
CP048238.1,482732,579
CP048238.1,483111,8
CP048238.1,483628,21
CP048238.1,484958,2
CP048238.1,485323,103
CP048238.1,485596,312
CP048238.1,485667,164
CP048238.1,485956,278
CP048238.1,485987,51
CP048238.1,485996,330
CP048238.1,486003,462
CP048238.1,486078,1
CP048238.1,486091,619
CP048238.1,486092,392
CP048238.1,486106,2
CP048238.1,486108,230
CP048238.1,486132,1
CP048238.1,486306,1
CP048238.1,486359,58
CP048238.1,486406,52
CP048238.1,489152,13
CP048238.1,490871,6
CP048238.1,490878,193
CP048238.1,490884,5
CP048238.1,496938,715
CP048238.1,497012,7
CP048238.1,497427,39
CP048238.1,498323,70
CP048238.1,499550,2
CP048238.1,499564,1
CP048238.1,499565,491
CP048238.1,499734,277
CP048238.1,502824,5
CP048238.1,502854,133
CP048238.1,503981,117
CP048238.1,504018,366
CP048238.1,506070,31
CP048238.1,506102,2
CP048238.1,506108,90
CP048238.1,509113,1
CP048238.1,510346,3
CP048238.1,510651,1365
CP048238.1,510947,3
CP048238.1,512139,255
CP048238.1,512647,9
CP048238.1,513692,102
CP048238.1,513755,8
CP048238.1,516885,1
CP048238.1,516979,21
CP048238.1,516990,30
CP048238.1,517028,1
CP048238.1,517036,252
CP048238.1,517051,9
CP048238.1,517421,1
CP048238.1,517444,58
CP048238.1,517451,224
CP048238.1,517783,325
CP048238.1,517812,3
CP048238.1,518336,9
CP048238.1,519041,1
CP048238.1,528479,5
CP048238.1,528593,747
CP048238.1,528666,527
CP048238.1,528673,89
CP048238.1,528719,1579
CP048238.1,531018,142
CP048238.1,531021,14
CP048238.1,531341,1
CP048238.1,531348,423
CP048238.1,531477,599
CP048238.1,531821,43
CP048238.1,531863,1493
CP048238.1,531904,369
CP048238.1,532061,402
CP048238.1,533728,610
CP048238.1,533846,207
CP048238.1,534231,288
CP048238.1,534238,7
CP048238.1,536065,10
CP048238.1,536117,17
CP048238.1,536145,4
CP048238.1,539498,38
CP048238.1,539618,432
CP048238.1,541864,374
CP048238.1,541944,1
CP048238.1,541977,482
CP048238.1,542076,549
CP048238.1,542079,260
CP048238.1,542083,94
CP048238.1,542123,533
CP048238.1,542152,3
CP048238.1,542178,462
CP048238.1,542408,277
CP048238.1,542469,2
CP048238.1,542596,195
CP048238.1,542603,626
CP048238.1,542666,1
CP048238.1,542715,200
CP048238.1,542761,98
CP048238.1,542770,595
CP048238.1,542811,1
CP048238.1,542823,1
CP048238.1,542925,78
CP048238.1,542926,541
CP048238.1,543150,1
CP048238.1,545809,217
CP048238.1,545937,1
CP048238.1,546653,7
CP048238.1,547669,3
CP048238.1,550620,540
CP048238.1,551231,277
CP048238.1,552652,164
CP048238.1,554249,41
CP048238.1,555405,1
CP048238.1,555851,52
CP048238.1,555871,159
CP048238.1,555878,128
CP048238.1,555933,46
CP048238.1,556222,134
CP048238.1,558119,1
CP048238.1,559291,14
CP048238.1,559302,76
CP048238.1,559375,4
CP048238.1,559495,605
CP048238.1,559597,1630
CP048238.1,559604,2237
CP048238.1,559749,521
CP048238.1,559769,120
CP048238.1,559825,185
CP048238.1,559867,141
CP048238.1,559893,2
CP048238.1,560117,1
CP048238.1,561321,1
CP048238.1,561514,1
CP048238.1,562152,1423
CP048238.1,562171,33
CP048238.1,562321,1
CP048238.1,562420,5
CP048238.1,562605,1
CP048238.1,562966,1024
CP048238.1,563394,12
CP048238.1,563734,1
CP048238.1,564027,1
CP048238.1,564523,1
CP048238.1,564708,321
CP048238.1,565021,1411
CP048238.1,565681,44
CP048238.1,567076,139
CP048238.1,568293,2
CP048238.1,568656,131
CP048238.1,568691,309
CP048238.1,568985,63
CP048238.1,569229,5
CP048238.1,569783,2
CP048238.1,570107,2
CP048238.1,570218,419
CP048238.1,570260,70
CP048238.1,570511,318
CP048238.1,570515,2
CP048238.1,570517,8
CP048238.1,570518,787
CP048238.1,570519,8
CP048238.1,570520,163
CP048238.1,570521,378
CP048238.1,570523,81
CP048238.1,570524,579
CP048238.1,570525,278
CP048238.1,570526,5
CP048238.1,570527,27
CP048238.1,570528,135
CP048238.1,570529,1
CP048238.1,570538,2
CP048238.1,570540,7
CP048238.1,570542,49
CP048238.1,570544,140
CP048238.1,570627,270
CP048238.1,570634,1253
CP048238.1,570639,339
CP048238.1,570643,733
CP048238.1,570918,1
CP048238.1,570975,511
CP048238.1,570990,118
CP048238.1,570997,1596
CP048238.1,571006,9
CP048238.1,571007,799
CP048238.1,571015,1
CP048238.1,571032,1944
CP048238.1,572004,65
CP048238.1,574039,188
CP048238.1,574292,143
CP048238.1,590403,433
CP048238.1,590517,2
CP048238.1,594725,19
CP048238.1,594769,1052
CP048238.1,597354,341
CP048238.1,597716,1
CP048238.1,598543,161
CP048238.1,599126,77
CP048238.1,599940,57
CP048238.1,600446,7
CP048238.1,601710,1
CP048238.1,601769,306
CP048238.1,601789,7
CP048238.1,602341,723
CP048238.1,602783,1
CP048238.1,602790,472
CP048238.1,603234,617
CP048238.1,603251,12
CP048238.1,603510,167
CP048238.1,606116,2
CP048238.1,628046,407
CP048238.1,629374,349
CP048238.1,629896,38
CP048238.1,630013,38
CP048238.1,644937,209
CP048238.1,648826,83
CP048238.1,648846,568
CP048238.1,649084,4
CP048238.1,649087,65
CP048238.1,659957,217
CP048238.1,660008,20
CP048238.1,660155,1
CP048238.1,660455,150
CP048238.1,660576,257
CP048238.1,660798,302
CP048238.1,661234,263
CP048238.1,661395,295
CP048238.1,661699,31
CP048238.1,661755,20
CP048238.1,661980,630
CP048238.1,663019,218
CP048238.1,672526,558
CP048238.1,672597,294
CP048238.1,672624,914
CP048238.1,673027,7
CP048238.1,673545,1
CP048238.1,673954,15
CP048238.1,673974,1
CP048238.1,674058,463
CP048238.1,674116,507
CP048238.1,674130,25
CP048238.1,674351,245
CP048238.1,674407,13
CP048238.1,674467,301
CP048238.1,679191,14
CP048238.1,683129,1374
CP048238.1,683146,833
CP048238.1,683253,629
CP048238.1,683920,38
CP048238.1,683967,1328
CP048238.1,684043,6
CP048238.1,684200,14
CP048238.1,684505,1
CP048238.1,684542,7
CP048238.1,685062,16
CP048238.1,685783,618
CP048238.1,685784,1
CP048238.1,685810,1185
CP048238.1,685854,116
CP048238.1,685941,48
CP048238.1,686365,2
CP048238.1,686372,207
CP048238.1,686473,653
CP048238.1,686478,519
CP048238.1,686529,451
CP048238.1,686535,1338
CP048238.1,686547,72
CP048238.1,686700,4
CP048238.1,686707,36
CP048238.1,686864,138
CP048238.1,686901,741
CP048238.1,686903,125
CP048238.1,686912,1420
CP048238.1,686931,1404
CP048238.1,686986,658
CP048238.1,691318,16
CP048238.1,691325,31
CP048238.1,691383,65
CP048238.1,691442,335
CP048238.1,694978,106
CP048238.1,696289,389
CP048238.1,696414,8
CP048238.1,696421,35
CP048238.1,696481,75
CP048238.1,696483,14
CP048238.1,698313,9
CP048238.1,700305,447
CP048238.1,700312,210
CP048238.1,700445,550
CP048238.1,703080,846
CP048238.1,703512,699
CP048238.1,703519,869
CP048238.1,706429,127
CP048238.1,707593,243
CP048238.1,708151,1
CP048238.1,708253,391
CP048238.1,708260,2
CP048238.1,708321,161
CP048238.1,708378,1154
CP048238.1,708380,31
CP048238.1,708385,3
CP048238.1,708400,657
CP048238.1,708438,6
CP048238.1,708445,216
CP048238.1,708462,9
CP048238.1,708697,471
CP048238.1,708731,635
CP048238.1,708756,423
CP048238.1,708829,23
CP048238.1,708834,221
CP048238.1,708836,4
CP048238.1,709073,539
CP048238.1,709259,1
CP048238.1,710231,962
CP048238.1,710238,313
CP048238.1,710318,240
CP048238.1,710507,192
CP048238.1,710552,48
CP048238.1,710559,40
CP048238.1,710626,140
CP048238.1,710669,33
CP048238.1,710696,225
CP048238.1,711131,1
CP048238.1,711953,1
CP048238.1,712937,32
CP048238.1,713978,203
CP048238.1,714241,531
CP048238.1,714267,47
CP048238.1,714449,364
CP048238.1,714597,2
CP048238.1,714647,138
CP048238.1,715195,404
CP048238.1,715229,174
CP048238.1,716520,348
CP048238.1,716635,23
CP048238.1,717187,76
CP048238.1,717417,1
CP048238.1,717479,171
CP048238.1,718372,1
CP048238.1,718821,4
CP048238.1,718828,59
CP048238.1,718884,465
CP048238.1,720657,400
CP048238.1,720711,1
CP048238.1,720858,235
CP048238.1,721117,3
CP048238.1,721220,326
CP048238.1,725553,39
CP048238.1,727062,268
CP048238.1,727070,1
CP048238.1,727095,535
CP048238.1,727121,5
CP048238.1,727290,2
CP048238.1,730650,15
CP048238.1,730731,931
CP048238.1,730735,77
CP048238.1,730738,290
CP048238.1,730740,363
CP048238.1,730742,64
CP048238.1,730772,55
CP048238.1,730779,2
CP048238.1,730791,531
CP048238.1,730831,10
CP048238.1,730882,121
CP048238.1,730903,66
CP048238.1,730986,83
CP048238.1,731104,74
CP048238.1,731111,76
CP048238.1,731160,186
CP048238.1,733108,86
CP048238.1,759102,1
CP048239.1,25598,113
CP048239.1,27974,1
CP048239.1,27975,34
CP048239.1,28755,354
CP048239.1,30079,214
CP048239.1,30166,490
CP048239.1,30491,92
CP048239.1,32897,69
CP048239.1,34082,1
CP048239.1,34543,65
CP048239.1,35281,359
CP048239.1,35315,751
CP048239.1,35381,44
CP048239.1,35389,163
CP048239.1,35428,1
CP048239.1,35521,28
CP048239.1,35683,183
CP048239.1,35694,292
CP048239.1,35715,4
CP048239.1,35859,81
CP048239.1,35947,386
CP048239.1,36033,59
CP048239.1,36035,1
CP048239.1,36039,177
CP048239.1,36040,582
CP048239.1,36041,6
CP048239.1,36042,867
CP048239.1,36160,569
CP048239.1,36263,64
CP048239.1,36342,509
CP048239.1,36353,1
CP048239.1,36431,7
CP048239.1,36749,426
CP048239.1,38022,652
CP048239.1,38029,4
CP048239.1,38045,362
CP048239.1,38056,43
CP048239.1,38279,4
CP048239.1,39429,101
CP048239.1,41726,19
CP048239.1,44377,6
CP048239.1,44715,595
CP048239.1,45175,129
CP048239.1,46636,22
CP048239.1,46946,16
CP048239.1,46977,269
CP048239.1,46984,338
CP048239.1,48377,603
CP048239.1,49978,130
CP048239.1,50407,14
CP048239.1,50675,41
CP048239.1,50696,150
CP048239.1,50703,3
CP048239.1,50809,4
CP048239.1,50816,366
CP048239.1,50837,12
CP048239.1,50856,24
CP048239.1,50868,1
CP048239.1,50875,197
CP048239.1,50879,441
CP048239.1,50902,592
CP048239.1,50909,829
CP048239.1,50942,610
CP048239.1,50950,635
CP048239.1,50978,1066
CP048239.1,50984,538
CP048239.1,50991,372
CP048239.1,51089,433
CP048239.1,51394,501
CP048239.1,51401,295
CP048239.1,51403,449
CP048239.1,51455,1
CP048239.1,51520,63
CP048239.1,51772,199
CP048239.1,54968,2
CP048239.1,54975,118
CP048239.1,55026,394
CP048239.1,55462,417
CP048239.1,55497,156
CP048239.1,55553,501
CP048239.1,55571,3
CP048239.1,55661,330
CP048239.1,55877,82
CP048239.1,55912,59
CP048239.1,57969,173
CP048239.1,58262,12
CP048239.1,60243,668
CP048239.1,60547,239
CP048239.1,60596,441
CP048239.1,60598,616
CP048239.1,60603,829
CP048239.1,60989,1
CP048239.1,61544,86
CP048239.1,63866,853
CP048239.1,63873,449
CP048239.1,63935,16
CP048239.1,63944,207
CP048239.1,63964,48
CP048239.1,63971,170
CP048239.1,64030,191
CP048239.1,64035,515
CP048239.1,64151,1097
CP048239.1,64167,12
CP048239.1,64174,117
CP048239.1,64204,332
CP048239.1,65988,479
CP048239.1,66070,44
CP048239.1,66120,173
CP048239.1,66131,124
CP048239.1,66202,37
CP048239.1,67383,368
CP048239.1,67387,211
CP048239.1,67413,591
CP048239.1,67414,166
CP048239.1,67421,53
CP048239.1,68953,61
CP048239.1,69085,189
CP048239.1,70417,535
CP048239.1,70476,695
CP048239.1,75235,38
CP048239.1,84714,289
CP048239.1,84879,22
CP048239.1,84962,11
CP048239.1,84972,452
CP048239.1,85046,101
CP048239.1,86201,1
CP048239.1,86405,299
CP048239.1,86456,34
CP048239.1,86465,1
CP048239.1,86772,34
CP048239.1,86860,847
CP048239.1,86880,136
CP048239.1,86958,557
CP048239.1,86965,797
CP048239.1,86999,1
CP048239.1,89305,1
CP048239.1,90073,857
CP048239.1,91409,9
CP048239.1,91658,1216
CP048239.1,91663,151
CP048239.1,91665,311
CP048239.1,91669,82
CP048239.1,97258,68
CP048239.1,100491,192
CP048239.1,101161,26
CP048239.1,104626,1
CP048239.1,104666,80
CP048239.1,107280,1
CP048239.1,107601,1
CP048239.1,107610,1
CP048239.1,107631,2
CP048239.1,107771,1
CP048239.1,108873,970
CP048239.1,108915,155
CP048239.1,108956,2
CP048239.1,108974,767
CP048239.1,109075,68
CP048239.1,109084,180
CP048239.1,109091,1891
CP048239.1,109119,93
CP048239.1,109131,295
CP048239.1,109145,1371
CP048239.1,109172,20
CP048239.1,109174,398
CP048239.1,109181,291
CP048239.1,109229,574
CP048239.1,109329,287
CP048239.1,111989,333
CP048239.1,112165,6
CP048239.1,115298,181
CP048239.1,115314,75
CP048239.1,115813,144
CP048239.1,115820,19
CP048239.1,115890,29
CP048239.1,117483,2
CP048239.1,125750,1
CP048239.1,126226,1
CP048239.1,126527,629
CP048239.1,127249,331
CP048239.1,127393,753
CP048239.1,127543,31
CP048239.1,128223,525
CP048239.1,133871,13
CP048239.1,135552,1197
CP048239.1,135617,333
CP048239.1,135737,4
CP048239.1,137571,1
CP048239.1,138074,1
CP048239.1,142244,223
CP048239.1,145097,406
CP048239.1,145104,27
CP048239.1,145111,45
CP048239.1,147119,627
CP048239.1,147308,3
CP048239.1,147804,1
CP048239.1,148045,132
CP048239.1,149665,192
CP048239.1,151598,535
CP048239.1,151915,735
CP048239.1,152173,42
CP048239.1,152683,113
CP048239.1,152685,1
CP048239.1,152854,1
CP048239.1,152860,152
CP048239.1,153161,1962
CP048239.1,153168,86
CP048239.1,153211,6
CP048239.1,153253,135
CP048239.1,153318,85
CP048239.1,153342,618
CP048239.1,153513,541
CP048239.1,153516,390
CP048239.1,153579,81
CP048239.1,153601,26
CP048239.1,153724,603
CP048239.1,155415,43
CP048239.1,155422,424
CP048239.1,155593,148
CP048239.1,155595,1
CP048239.1,155600,35
CP048239.1,155601,1
CP048239.1,155602,2
CP048239.1,155676,274
CP048239.1,155732,141
CP048239.1,155760,316
CP048239.1,155902,576
CP048239.1,155995,13
CP048239.1,156037,34
CP048239.1,156196,2
CP048239.1,156363,859
CP048239.1,156370,798
CP048239.1,156512,226
CP048239.1,156558,4
CP048239.1,156636,2
CP048239.1,156823,173
CP048239.1,156829,128
CP048239.1,161730,1
CP048239.1,163292,1
CP048239.1,163537,117
CP048239.1,163554,274
CP048239.1,163581,17
CP048239.1,164086,692
CP048239.1,164099,48
CP048239.1,164111,553
CP048239.1,164183,369
CP048239.1,164213,328
CP048239.1,164317,17
CP048239.1,167514,4
CP048239.1,168613,1059
CP048239.1,170521,333
CP048239.1,170528,12
CP048239.1,170993,68
CP048239.1,171000,1336
CP048239.1,171070,909
CP048239.1,171077,432
CP048239.1,171555,2690
CP048239.1,171562,1102
CP048239.1,171800,30
CP048239.1,171809,710
CP048239.1,171812,515
CP048239.1,171816,487
CP048239.1,171818,185
CP048239.1,171841,1
CP048239.1,173227,128
CP048239.1,173287,909
CP048239.1,173294,786
CP048239.1,173316,74
CP048239.1,173382,1
CP048239.1,173417,34
CP048239.1,173430,424
CP048239.1,173445,77
CP048239.1,173490,214
CP048239.1,173502,302
CP048239.1,173565,111
CP048239.1,173603,193
CP048239.1,173655,444
CP048239.1,174151,81
CP048239.1,174439,122
CP048239.1,174455,14
CP048239.1,174462,357
CP048239.1,174496,189
CP048239.1,174590,4
CP048239.1,174787,2
CP048239.1,176112,159
CP048239.1,176296,52
CP048239.1,176326,5
CP048239.1,176341,74
CP048239.1,176454,955
CP048239.1,176638,1316
CP048239.1,176749,1
CP048239.1,176952,10
CP048239.1,177340,100
CP048239.1,177892,397
CP048239.1,178367,116
CP048239.1,178494,334
CP048239.1,179179,752
CP048239.1,179430,10
CP048239.1,179460,4
CP048239.1,179479,20
CP048239.1,179797,148
CP048239.1,179804,575
CP048239.1,180514,2
CP048239.1,181019,1
CP048239.1,181260,9
CP048239.1,181326,51
CP048239.1,182222,239
CP048239.1,182567,171
CP048239.1,182574,98
CP048239.1,182672,1706
CP048239.1,182679,13
CP048239.1,182708,58
CP048239.1,182738,282
CP048239.1,182763,1
CP048239.1,182765,15
CP048239.1,182919,23
CP048239.1,182963,1618
CP048239.1,182973,1
CP048239.1,182977,20
CP048239.1,182984,1439
CP048239.1,182999,808
CP048239.1,183012,3
CP048239.1,183088,477
CP048239.1,183089,766
CP048239.1,183098,1
CP048239.1,183102,1
CP048239.1,183105,1361
CP048239.1,183124,86
CP048239.1,183156,69
CP048239.1,183178,279
CP048239.1,183208,1342
CP048239.1,183215,361
CP048239.1,183240,948
CP048239.1,183325,312
CP048239.1,183349,719
CP048239.1,183366,1
CP048239.1,183373,1616
CP048239.1,183679,125
CP048239.1,186620,1
CP048239.1,188562,1
CP048239.1,188965,789
CP048239.1,193360,417
CP048239.1,194161,245
CP048239.1,194223,55
CP048239.1,194449,98
CP048239.1,194498,1
CP048239.1,195255,112
CP048239.1,199721,3
CP048239.1,199736,258
CP048239.1,199756,72
CP048239.1,199763,903
CP048239.1,199829,332
CP048239.1,199842,203
CP048239.1,200066,4
CP048239.1,200212,508
CP048239.1,200448,14
CP048239.1,200606,1
CP048239.1,200892,4
CP048239.1,200901,240
CP048239.1,200915,13
CP048239.1,204967,169
CP048239.1,205002,1
CP048239.1,205011,442
CP048239.1,205018,24
CP048239.1,205332,7
CP048239.1,205448,108
CP048239.1,205462,176
CP048239.1,205693,1
CP048239.1,205884,100
CP048239.1,206124,204
CP048239.1,206195,794
CP048239.1,206202,22
CP048239.1,206354,4
CP048239.1,206356,2
CP048239.1,206363,866
CP048239.1,206655,167
CP048239.1,207779,129
CP048239.1,208217,25
CP048239.1,208450,1
CP048239.1,208452,512
CP048239.1,208949,1047
CP048239.1,211097,38
CP048239.1,213034,1
CP048239.1,213969,293
CP048239.1,214106,3
CP048239.1,215492,1
CP048239.1,215738,594
CP048239.1,215777,575
CP048239.1,215784,4
CP048239.1,215963,140
CP048239.1,217372,61
CP048239.1,217711,565
CP048239.1,217718,2
CP048239.1,218065,189
CP048239.1,218086,491
CP048239.1,218093,1383
CP048239.1,218421,383
CP048239.1,218440,486
CP048239.1,218599,1
CP048239.1,219222,580
CP048239.1,219900,6
CP048239.1,221439,856
CP048239.1,221443,290
CP048239.1,221447,2
CP048239.1,221456,83
CP048239.1,221905,248
CP048239.1,221921,288
CP048239.1,221982,1
CP048239.1,221987,1137
CP048239.1,221994,299
CP048239.1,222001,202
CP048239.1,222044,91
CP048239.1,222051,1
CP048239.1,222070,118
CP048239.1,222094,4
CP048239.1,222122,28
CP048239.1,223492,29
CP048239.1,226501,174
CP048239.1,227187,344
CP048239.1,227579,533
CP048239.1,227748,380
CP048239.1,227762,704
CP048239.1,227766,22
CP048239.1,227769,123
CP048239.1,227773,2
CP048239.1,228423,819
CP048239.1,228430,472
CP048239.1,228446,459
CP048239.1,228464,13
CP048239.1,228487,42
CP048239.1,228490,99
CP048239.1,228497,338
CP048239.1,228512,738
CP048239.1,228520,37
CP048239.1,228531,229
CP048239.1,228533,10
CP048239.1,228538,743
CP048239.1,228550,646
CP048239.1,228578,1
CP048239.1,228582,578
CP048239.1,230370,10
CP048239.1,230677,316
CP048239.1,230752,198
CP048239.1,230979,40
CP048239.1,231086,78
CP048239.1,231098,135
CP048239.1,231105,341
CP048239.1,231885,696
CP048239.1,231925,613
CP048239.1,231932,372
CP048239.1,233048,446
CP048239.1,233074,411
CP048239.1,233323,3
CP048239.1,233330,140
CP048239.1,233505,30
CP048239.1,234037,23
CP048239.1,234063,137
CP048239.1,234164,26
CP048239.1,234351,11
CP048239.1,234959,349
CP048239.1,235660,15
CP048239.1,236186,1
CP048239.1,236208,213
CP048239.1,236356,24
CP048239.1,236365,520
CP048239.1,236557,7
CP048239.1,236630,66
CP048239.1,236737,73
CP048239.1,236754,9
CP048239.1,236768,41
CP048239.1,236809,853
CP048239.1,236815,351
CP048239.1,236816,170
CP048239.1,236827,81
CP048239.1,236834,3
CP048239.1,236879,653
CP048239.1,236886,700
CP048239.1,236890,550
CP048239.1,236897,782
CP048239.1,236899,13
CP048239.1,236905,715
CP048239.1,236917,172
CP048239.1,236971,19
CP048239.1,237001,258
CP048239.1,237061,6
CP048239.1,237166,75
CP048239.1,237187,72
CP048239.1,237191,1
CP048239.1,237255,283
CP048239.1,237329,128
CP048239.1,237351,39
CP048239.1,237430,1
CP048239.1,237663,163
CP048239.1,237670,65
CP048239.1,237976,191
CP048239.1,238133,1
CP048239.1,238157,146
CP048239.1,238159,248
CP048239.1,238356,49
CP048239.1,238461,105
CP048239.1,238521,160
CP048239.1,238548,35
CP048239.1,238554,402
CP048239.1,238660,244
CP048239.1,238885,1
CP048239.1,238926,2374
CP048239.1,238933,595
CP048239.1,238934,384
CP048239.1,238965,8
CP048239.1,238989,30
CP048239.1,238991,291
CP048239.1,238998,182
CP048239.1,238999,258
CP048239.1,239032,3
CP048239.1,239321,1
CP048239.1,239510,133
CP048239.1,239630,3
CP048239.1,239651,6
CP048239.1,239677,885
CP048239.1,239680,30
CP048239.1,239730,3
CP048239.1,239742,68
CP048239.1,239749,467
CP048239.1,239764,17
CP048239.1,239771,546
CP048239.1,239773,618
CP048239.1,239775,703
CP048239.1,239776,17
CP048239.1,239780,426
CP048239.1,239813,7070
CP048239.1,239818,33
CP048239.1,239820,2195
CP048239.1,239825,182
CP048239.1,239850,227
CP048239.1,239857,967
CP048239.1,239866,726
CP048239.1,239901,7340
CP048239.1,239908,4408
CP048239.1,239911,117
CP048239.1,239931,366
CP048239.1,239938,1
CP048239.1,239940,7576
CP048239.1,239943,13
CP048239.1,239946,532
CP048239.1,239947,9705
CP048239.1,239997,551
CP048239.1,240004,5
CP048239.1,240014,438
CP048239.1,240028,336
CP048239.1,240033,6
CP048239.1,240043,41
CP048239.1,240058,2
CP048239.1,240065,1414
CP048239.1,240075,31
CP048239.1,240082,29
CP048239.1,240110,686
CP048239.1,240111,130
CP048239.1,240118,575
CP048239.1,240134,473
CP048239.1,240583,319
CP048239.1,241662,494
CP048239.1,241716,11
CP048239.1,243195,240
CP048239.1,243198,493
CP048239.1,243202,683
CP048239.1,243206,592
CP048239.1,243217,2
CP048239.1,243342,604
CP048239.1,243349,2
CP048239.1,243366,1039
CP048239.1,243367,623
CP048239.1,243373,79
CP048239.1,243374,97
CP048239.1,243383,5
CP048239.1,243384,74
CP048239.1,243385,746
CP048239.1,243426,456
CP048239.1,243433,479
CP048239.1,243442,363
CP048239.1,243446,590
CP048239.1,243449,3
CP048239.1,243453,552
CP048239.1,243495,466
CP048239.1,243545,132
CP048239.1,243653,26
CP048239.1,243671,13
CP048239.1,243686,612
CP048239.1,243691,1
CP048239.1,243693,1164
CP048239.1,243700,907
CP048239.1,243711,177
CP048239.1,243720,264
CP048239.1,243727,440
CP048239.1,243730,1
CP048239.1,243789,458
CP048239.1,243796,922
CP048239.1,243799,286
CP048239.1,243803,187
CP048239.1,243806,562
CP048239.1,243812,76
CP048239.1,243863,279
CP048239.1,243879,1
CP048239.1,243931,1
CP048239.1,243960,301
CP048239.1,243967,1
CP048239.1,243987,367
CP048239.1,243994,1
CP048239.1,244002,746
CP048239.1,244004,283
CP048239.1,244011,1997
CP048239.1,245055,279
CP048239.1,245099,1
CP048239.1,245401,17
CP048239.1,245879,1
CP048239.1,246652,1
CP048239.1,247267,102
CP048239.1,247305,242
CP048239.1,247312,1
CP048239.1,247425,38
CP048239.1,247633,7
CP048239.1,247674,43
CP048239.1,247982,109
CP048239.1,248164,163
CP048239.1,248171,89
CP048239.1,248420,794
CP048239.1,248427,90
CP048239.1,248607,5
CP048239.1,248812,86
CP048239.1,249252,318
CP048239.1,250513,1
CP048239.1,251148,26
CP048239.1,251193,28
CP048239.1,251327,99
CP048239.1,251348,64
CP048239.1,251474,869
CP048239.1,251481,52
CP048239.1,251488,535
CP048239.1,251515,38
CP048239.1,253861,2195
CP048239.1,253868,3873
CP048239.1,253924,436
CP048239.1,253928,169
CP048239.1,253931,470
CP048239.1,253969,315
CP048239.1,255244,186
CP048239.1,255277,1
CP048239.1,257631,56
CP048239.1,257955,554
CP048239.1,257983,21
CP048239.1,259894,25
CP048239.1,259906,300
CP048239.1,261555,259
CP048239.1,262007,66
CP048239.1,262100,12
CP048239.1,263236,919
CP048239.1,263336,137
CP048239.1,264259,1
CP048239.1,264541,171
CP048239.1,266992,46
CP048239.1,267013,242
CP048239.1,267017,428
CP048239.1,267018,779
CP048239.1,267141,173
CP048239.1,267145,88
CP048239.1,267238,34
CP048239.1,267250,95
CP048239.1,267519,625
CP048239.1,267934,1
CP048239.1,270436,19
CP048239.1,270483,4
CP048239.1,270530,76
CP048239.1,270713,14
CP048239.1,270858,1
CP048239.1,270887,10
CP048239.1,270899,403
CP048239.1,271038,355
CP048239.1,271194,135
CP048239.1,271280,40
CP048239.1,271287,500
CP048239.1,271325,3
CP048239.1,271353,699
CP048239.1,271422,271
CP048239.1,271429,89
CP048239.1,271463,464
CP048239.1,271523,9
CP048239.1,271606,381
CP048239.1,271683,36
CP048239.1,271690,132
CP048239.1,271764,291
CP048239.1,271771,14
CP048239.1,272176,961
CP048239.1,272184,1
CP048239.1,273431,1
CP048239.1,274315,526
CP048239.1,275283,22
CP048239.1,275287,340
CP048239.1,275370,359
CP048239.1,275372,6
CP048239.1,275409,293
CP048239.1,275414,1
CP048239.1,275416,645
CP048239.1,275431,63
CP048239.1,275456,468
CP048239.1,275600,1086
CP048239.1,275607,509
CP048239.1,275847,41
CP048239.1,275859,315
CP048239.1,275860,2
CP048239.1,275861,1
CP048239.1,275953,192
CP048239.1,275989,1
CP048239.1,276080,27
CP048239.1,276147,29
CP048239.1,276312,188
CP048239.1,276771,1
CP048239.1,276772,203
CP048239.1,279983,370
CP048239.1,279995,200
CP048239.1,280132,60
CP048239.1,280134,479
CP048239.1,280137,479
CP048239.1,280219,173
CP048239.1,280449,154
CP048239.1,280476,1
CP048239.1,280612,1
CP048239.1,280690,354
CP048239.1,280778,1
CP048239.1,281159,120
CP048239.1,281223,1
CP048239.1,281356,310
CP048239.1,281360,193
CP048239.1,281955,134
CP048239.1,281998,148
CP048239.1,282005,1
CP048239.1,282069,5
CP048239.1,282073,700
CP048239.1,282080,1
CP048239.1,282153,280
CP048239.1,282182,7
CP048239.1,282319,277
CP048239.1,282442,247
CP048239.1,282445,48
CP048239.1,282449,147
CP048239.1,282587,209
CP048239.1,282594,368
CP048239.1,282648,353
CP048239.1,282650,142
CP048239.1,282689,1
CP048239.1,283015,71
CP048239.1,285771,33
CP048239.1,286200,888
CP048239.1,291036,139
CP048239.1,294452,1
CP048239.1,294788,17
CP048239.1,294949,384
CP048239.1,295076,24
CP048239.1,296008,1
CP048239.1,296020,2977
CP048239.1,296027,905
CP048239.1,296135,136
CP048239.1,296328,832
CP048239.1,296354,350
CP048239.1,296358,438
CP048239.1,296428,1077
CP048239.1,296435,2129
CP048239.1,296448,4
CP048239.1,296482,1
CP048239.1,296484,561
CP048239.1,296486,542
CP048239.1,296488,48
CP048239.1,296490,30
CP048239.1,296494,356
CP048239.1,296496,82
CP048239.1,297999,431
CP048239.1,298074,15
CP048239.1,300735,44
CP048239.1,301232,8
CP048239.1,301273,21
CP048239.1,301638,151
CP048239.1,303577,75
CP048239.1,303584,927
CP048239.1,303664,559
CP048239.1,303667,747
CP048239.1,303671,100
CP048239.1,303696,1
CP048239.1,303697,773
CP048239.1,304138,19
CP048239.1,304210,1
CP048239.1,304218,7
CP048239.1,305126,1
CP048239.1,305598,1039
CP048239.1,305605,352
CP048239.1,305631,83
CP048239.1,305642,76
CP048239.1,305677,682
CP048239.1,305682,893
CP048239.1,305995,1
CP048239.1,306001,47
CP048239.1,306659,122
CP048239.1,306661,175
CP048239.1,306671,128
CP048239.1,306697,1
CP048239.1,306896,56
CP048239.1,307351,1
CP048239.1,307407,259
CP048239.1,307984,239
CP048239.1,308000,6
CP048239.1,308092,135
CP048239.1,308167,1
CP048239.1,308209,73
CP048239.1,308382,409
CP048239.1,310179,496
CP048239.1,310239,422
CP048239.1,311285,7
CP048239.1,311623,49
CP048239.1,313773,2
CP048239.1,313850,468
CP048239.1,313875,157
CP048239.1,314081,50
CP048239.1,314479,986
CP048239.1,314536,21
CP048239.1,314543,2
CP048239.1,315341,46
CP048239.1,316403,7
CP048239.1,316436,2
CP048239.1,316474,1
CP048239.1,316655,85
CP048239.1,316736,669
CP048239.1,316759,508
CP048239.1,316771,3
CP048239.1,317740,820
CP048239.1,317908,567
CP048239.1,317937,614
CP048239.1,320431,908
CP048239.1,320490,11
CP048239.1,320605,16
CP048239.1,320687,63
CP048239.1,320713,121
CP048239.1,320845,1
CP048239.1,323791,302
CP048239.1,323925,33
CP048239.1,330662,250
CP048239.1,330856,388
CP048239.1,330858,19
CP048239.1,330863,119
CP048239.1,330865,52
CP048239.1,330870,139
CP048239.1,330910,2
CP048239.1,330934,265
CP048239.1,331084,118
CP048239.1,331092,660
CP048239.1,331164,525
CP048239.1,331172,84
CP048239.1,331193,324
CP048239.1,331200,929
CP048239.1,331562,24
CP048239.1,331715,235
CP048239.1,331735,701
CP048239.1,331761,1
CP048239.1,331785,103
CP048239.1,331802,385
CP048239.1,331811,317
CP048239.1,332151,463
CP048239.1,332494,229
CP048239.1,332617,488
CP048239.1,333699,1
CP048239.1,333743,29
CP048239.1,335846,3
CP048239.1,335973,540
CP048239.1,336767,62
CP048239.1,336786,533
CP048239.1,336829,202
CP048239.1,339905,273
CP048239.1,340237,1
CP048239.1,340318,2
CP048239.1,340352,1
CP048239.1,340358,382
CP048239.1,344121,86
CP048239.1,344125,70
CP048239.1,349350,331
CP048239.1,350056,62
CP048239.1,350818,4
CP048239.1,351156,489
CP048239.1,351333,1258
CP048239.1,351340,511
CP048239.1,351341,716
CP048239.1,351411,1
CP048239.1,351423,322
CP048239.1,351503,117
CP048239.1,359870,629
CP048239.1,360183,166
CP048239.1,365210,2
CP048239.1,366863,14
CP048239.1,369322,177
CP048239.1,369337,239
CP048239.1,369484,75
CP048239.1,369588,134
CP048239.1,369798,31
CP048239.1,370626,185
CP048239.1,383114,48
CP048239.1,383140,670
CP048239.1,384634,1
CP048239.1,385174,861
CP048239.1,385186,48
CP048239.1,385244,467
CP048239.1,386664,103
CP048239.1,386784,497
CP048239.1,386797,13
CP048239.1,389324,105
CP048239.1,389455,207
CP048239.1,389568,581
CP048239.1,389575,121
CP048239.1,389707,45
CP048239.1,389788,45
CP048239.1,390542,19
CP048239.1,393192,445
CP048239.1,393283,808
CP048239.1,393286,391
CP048239.1,396176,6
CP048239.1,397436,1
CP048239.1,398337,2
CP048239.1,398804,629
CP048239.1,398867,43
CP048239.1,398905,530
CP048239.1,398912,295
CP048239.1,398977,109
CP048239.1,399021,1
CP048239.1,399777,203
CP048239.1,401229,391
CP048239.1,401462,608
CP048239.1,404574,1
CP048239.1,404576,709
CP048239.1,404616,1
CP048239.1,404741,1728
CP048239.1,404769,202
CP048239.1,404999,65
CP048239.1,405201,105
CP048239.1,405366,830
CP048239.1,405373,57
CP048239.1,405386,1
CP048239.1,405479,11
CP048239.1,405513,177
CP048239.1,405578,605
CP048239.1,406041,383
CP048239.1,406043,185
CP048239.1,409100,43
CP048239.1,409578,559
CP048239.1,409619,1
CP048239.1,409735,31
CP048239.1,409738,114
CP048239.1,409801,634
CP048239.1,412327,226
CP048239.1,412397,135
CP048239.1,412399,6
CP048239.1,412404,418
CP048239.1,412406,326
CP048239.1,412496,664
CP048239.1,412503,1042
CP048239.1,412507,1
CP048239.1,412525,2605
CP048239.1,412532,2866
CP048239.1,412550,142
CP048239.1,412612,907
CP048239.1,413960,13
CP048239.1,414963,87
CP048239.1,415760,93
CP048239.1,415937,77
CP048239.1,416033,101
CP048239.1,416158,25
CP048239.1,416201,561
CP048239.1,416247,494
CP048239.1,416309,63
CP048239.1,416435,110
CP048239.1,416845,20
CP048239.1,419351,50
CP048239.1,419354,258
CP048239.1,419361,4
CP048239.1,419460,494
CP048239.1,421265,1574
CP048239.1,421661,1
CP048239.1,423067,336
CP048239.1,423246,268
CP048239.1,423253,2
CP048239.1,423262,1
CP048239.1,423991,356
CP048239.1,424000,100
CP048239.1,424248,90
CP048239.1,426670,474
CP048239.1,426874,579
CP048239.1,426920,1
CP048239.1,426963,983
CP048239.1,432092,82
CP048239.1,434783,1
CP048239.1,434790,1
CP048239.1,437703,216
CP048239.1,441077,1
CP048239.1,444821,131
CP048239.1,445690,1
CP048239.1,445854,1
CP048239.1,445883,264
CP048239.1,445932,314
CP048239.1,446012,546
CP048239.1,446329,39
CP048239.1,446336,502
CP048239.1,446371,23
CP048239.1,446432,8
CP048239.1,446561,147
CP048239.1,446812,181
CP048239.1,447234,2
CP048239.1,447250,1
CP048239.1,455651,1
CP048239.1,456699,51
CP048239.1,460379,333
CP048239.1,467052,85
CP048239.1,486629,46
CP048239.1,486689,653
CP048239.1,486740,102
CP048239.1,486754,24
CP048239.1,486782,6
CP048239.1,486821,41
CP048239.1,486903,214
CP048239.1,490089,6
CP048239.1,496447,4
CP048239.1,496556,920
CP048239.1,496568,534
CP048239.1,496626,845
CP048239.1,496658,346
CP048239.1,496675,611
CP048239.1,496710,629
CP048239.1,496746,69
CP048239.1,496781,1
CP048239.1,496785,792
CP048239.1,496792,141
CP048239.1,496794,297
CP048239.1,497098,681
CP048239.1,499582,10
CP048239.1,501262,21
CP048239.1,501270,1
CP048239.1,501276,3
CP048239.1,501385,50
CP048239.1,501399,188
CP048239.1,502215,397
CP048239.1,505233,605
CP048239.1,505310,729
CP048239.1,509040,31
CP048239.1,510468,314
CP048239.1,510567,41
CP048239.1,510613,15
CP048239.1,510647,2
CP048239.1,510652,622
CP048239.1,510654,72
CP048239.1,510702,498
CP048239.1,510704,1
CP048239.1,510999,96
CP048239.1,512590,2164
CP048239.1,534530,199
CP048239.1,534570,61
CP048239.1,537393,21
CP048239.1,539923,21
CP048239.1,540367,189
CP048239.1,540727,600
CP048239.1,540729,1
CP048239.1,542084,25
CP048239.1,542117,1
CP048239.1,544762,504
CP048239.1,544807,61
CP048239.1,547566,1
CP048239.1,547996,140
CP048239.1,548027,1
CP048239.1,548964,440
CP048239.1,550291,212
CP048239.1,552467,14
CP048239.1,552500,126
CP048239.1,553001,78
CP048239.1,553164,392
CP048239.1,553223,66
CP048239.1,553253,39
CP048239.1,553334,230
CP048239.1,553350,8
CP048239.1,553357,7
CP048239.1,553463,1
CP048239.1,553695,271
CP048239.1,553977,338
CP048239.1,559946,36
CP048239.1,559953,29
CP048239.1,559996,135
CP048239.1,560012,2
CP048239.1,561532,268
CP048239.1,563353,330
CP048239.1,570607,524
CP048239.1,573716,47
CP048239.1,573743,1
CP048239.1,574564,210
CP048239.1,593994,208
CP048239.1,596386,1
CP048239.1,596810,78
CP048239.1,596853,328
CP048239.1,596872,1872
CP048239.1,596878,26
CP048239.1,598186,34
CP048239.1,598355,124
CP048239.1,598478,620
CP048239.1,598482,391
CP048239.1,598489,1
CP048239.1,598495,416
CP048239.1,600187,622
CP048239.1,600267,16
CP048239.1,600269,435
CP048239.1,602204,393
CP048239.1,602211,25
CP048239.1,602762,117
CP048239.1,602845,19
CP048239.1,602859,451
CP048239.1,602895,8
CP048239.1,602909,427
CP048239.1,602912,257
CP048239.1,605936,28
CP048239.1,605943,22
CP048239.1,606009,65
CP048239.1,610930,212
CP048239.1,613014,155
CP048239.1,613117,199
CP048239.1,613124,443
CP048239.1,613126,343
CP048239.1,613129,1
CP048239.1,613136,458
CP048239.1,613317,442
CP048239.1,613333,135
CP048239.1,613579,181
CP048239.1,613768,253
CP048239.1,614006,26
CP048239.1,614026,567
CP048239.1,614216,5
CP048239.1,614223,1
CP048239.1,614551,304
CP048239.1,621606,118
CP048239.1,621628,6
CP048239.1,621635,6
CP048239.1,624299,259
CP048239.1,624304,1188
CP048239.1,624306,1
CP048239.1,625938,283
CP048239.1,625955,705
CP048239.1,628179,1
CP048239.1,628247,106
CP048239.1,629638,2
CP048239.1,637246,67
CP048239.1,641863,251
CP048239.1,642460,295
CP048239.1,644863,298
CP048239.1,644870,121
CP048239.1,645001,1378
CP048239.1,645008,962
CP048239.1,645046,4
CP048239.1,645060,2
CP048239.1,645179,452
CP048239.1,645183,1
CP048239.1,647585,54
CP048239.1,649146,268
CP048239.1,649280,405
CP048239.1,650306,288
CP048239.1,650331,1
CP048239.1,650380,4
CP048239.1,650460,12
CP048239.1,650486,46
CP048239.1,650585,126
CP048239.1,651170,396
CP048239.1,651174,75
CP048239.1,651311,26
CP048239.1,651489,13
CP048239.1,652771,340
CP048239.1,652872,73
CP048239.1,652993,7
CP048239.1,653002,283
CP048239.1,653069,41
CP048239.1,653076,1
CP048239.1,653213,219
CP048239.1,653237,193
CP048239.1,653324,1
CP048239.1,654112,271
CP048239.1,654126,64
CP048239.1,654133,17
CP048239.1,657519,64
CP048239.1,661639,40
CP048239.1,661705,148
CP048239.1,661712,535
CP048239.1,661738,31
CP048239.1,661791,282
CP048239.1,661803,1
CP048239.1,661830,523
CP048239.1,665264,315
CP048239.1,671108,8
CP048239.1,671150,269
CP048239.1,678778,213
CP048239.1,678930,8
CP048239.1,680048,352
CP048239.1,683407,2
CP048239.1,683744,357
CP048239.1,683749,1
CP048239.1,683920,308
CP048239.1,684075,1
CP048239.1,684708,12
CP048239.1,687704,25
CP048239.1,689630,188
CP048239.1,689633,98
CP048239.1,689715,105
CP048239.1,689898,40
CP048239.1,696027,6
CP048239.1,699253,344
CP048239.1,700411,97
CP048239.1,704458,375
CP048239.1,707418,2
CP048239.1,707604,1
CP048239.1,707912,1
CP048239.1,714419,36
CP048239.1,714450,1013
CP048239.1,714457,48
CP048239.1,714531,699
CP048239.1,716684,1
CP048239.1,717236,529
CP048239.1,717623,1
CP048239.1,723252,250
CP048239.1,723289,12
CP048239.1,723296,21
CP048239.1,723588,1
CP048239.1,723686,12
CP048239.1,723694,1
CP048239.1,723701,2
CP048239.1,723753,1969
CP048239.1,723791,578
CP048239.1,723860,27
CP048239.1,723891,52
CP048239.1,724070,601
CP048239.1,724131,665
CP048239.1,724209,1
CP048239.1,727410,1
CP048239.1,727411,22
CP048239.1,727444,1
CP048239.1,727750,24
CP048239.1,727785,570
CP048239.1,727910,75
CP048239.1,729133,147
CP048239.1,733471,20
CP048239.1,733650,323
CP048239.1,733793,32
CP048239.1,733831,315
CP048239.1,733862,10
CP048239.1,733920,224
CP048239.1,734287,51
CP048239.1,734940,1
CP048239.1,736969,297
CP048239.1,738383,3
CP048239.1,738425,347
CP048239.1,738434,45
CP048239.1,739580,353
CP048239.1,739584,140
CP048239.1,742863,151
CP048239.1,742870,360
CP048239.1,742916,6
CP048239.1,742932,273
CP048239.1,743297,398
CP048239.1,746704,334
CP048239.1,751223,131
CP048239.1,751536,35
CP048239.1,751568,250
CP048239.1,753546,387
CP048239.1,753643,32
CP048239.1,753784,14
CP048239.1,759492,884
CP048239.1,759744,697
CP048239.1,759855,13
CP048239.1,759961,19
CP048239.1,760171,3
CP048239.1,761501,383
CP048239.1,766359,408
CP048239.1,766400,260
CP048239.1,766482,122
CP048239.1,766675,418
CP048239.1,767346,50
CP048239.1,768885,12
CP048239.1,769340,469
CP048239.1,769457,74
CP048239.1,769540,69
CP048239.1,770746,100
CP048239.1,773695,4
CP048239.1,774295,28
CP048239.1,776763,923
CP048239.1,776797,1
CP048239.1,776853,5
CP048239.1,776864,275
CP048239.1,776932,45
CP048239.1,778642,193
CP048239.1,780614,1
CP048239.1,780678,263
CP048239.1,780685,965
CP048239.1,780972,383
CP048239.1,781144,410
CP048239.1,793366,27
CP048239.1,793409,538
CP048239.1,811137,8
CP048239.1,811607,4
CP048239.1,819196,593
CP048239.1,825203,95
CP048239.1,832668,111
CP048239.1,832692,188
CP048239.1,832824,337
CP048239.1,834800,3
CP048239.1,837541,551
CP048239.1,845964,5
CP048239.1,846049,414
CP048239.1,846254,356
CP048239.1,849324,30
CP048239.1,849408,357
CP048239.1,849569,1
CP048239.1,858504,5
CP048239.1,862635,452
CP048239.1,862659,264
CP048239.1,862802,700
CP048239.1,866049,419
CP048239.1,866248,8
CP048239.1,866831,106
CP048239.1,866839,30
CP048239.1,866848,25
CP048239.1,866946,60
CP048239.1,866982,128
CP048239.1,868650,1
CP048239.1,868658,69
CP048239.1,868732,223
CP048239.1,869177,227
CP048239.1,869179,558
CP048239.1,873312,3
CP048239.1,873319,1
CP048239.1,873323,610
CP048239.1,874047,1
CP048239.1,874177,18
CP048239.1,879603,891
CP048239.1,881048,7
CP048239.1,886439,51
CP048239.1,886468,38
CP048239.1,886796,1
CP048239.1,886979,174
CP048239.1,886999,403
CP048239.1,890080,1
CP048239.1,892497,1
CP048239.1,893776,1219
CP048239.1,893999,708
CP048239.1,899299,728
CP048239.1,899394,693
CP048239.1,899419,390
CP048239.1,900517,451
CP048239.1,902603,510
CP048239.1,902722,1248
CP048239.1,905500,1
CP048239.1,908467,1
CP048239.1,911234,144
CP048239.1,911553,1
CP048239.1,917402,32
CP048239.1,922651,488
CP048239.1,922680,244
CP048239.1,929184,38
CP048239.1,929353,591
CP048239.1,929462,153
CP048239.1,934683,20
CP048239.1,934844,9
CP048239.1,936365,831
CP048239.1,936372,228
CP048239.1,936394,356
CP048239.1,938600,277
CP048239.1,941849,498
CP048239.1,942289,29
CP048239.1,942291,79
CP048239.1,942298,383
CP048239.1,942300,282
CP048239.1,942329,591
CP048239.1,942350,388
CP048239.1,942428,202
CP048239.1,942469,618
CP048239.1,942594,147
CP048239.1,942616,588
CP048239.1,942797,3
CP048239.1,946133,60
CP048239.1,946190,303
CP048239.1,947055,1
CP048239.1,947267,165
CP048239.1,947274,1
CP048239.1,947790,1337
CP048239.1,949581,41
CP048239.1,953260,492
CP048239.1,953440,586
CP048239.1,953463,1
CP048239.1,955641,12
CP048239.1,956567,439
CP048239.1,957040,51
CP048239.1,957662,47
CP048239.1,957739,11
CP048239.1,958756,7
CP048239.1,959315,33
CP048239.1,959425,286
CP048239.1,959441,242
CP048239.1,966021,2329
CP048239.1,966028,6
CP048239.1,967984,14
CP048239.1,968041,566
CP048239.1,968588,258
CP048239.1,969915,334
CP048239.1,970168,7
CP048239.1,983706,1853
CP048239.1,983755,1034
CP048239.1,985555,15
CP048239.1,986665,38
CP048239.1,988633,63
CP048239.1,991970,391
CP048239.1,993825,176
CP048239.1,993867,69
CP048239.1,993876,108
CP048239.1,993885,1220
CP048239.1,993999,49
CP048239.1,994005,334
CP048239.1,994024,1
CP048239.1,994031,1
CP048239.1,994036,26
CP048239.1,994038,1
CP048239.1,994043,347
CP048239.1,994085,858
CP048239.1,994142,719
CP048239.1,1001293,1
CP048239.1,1001343,1
CP048239.1,1003526,7
CP048239.1,1004681,2
CP048239.1,1006408,1
CP048239.1,1006539,506
CP048239.1,1008588,479
CP048239.1,1008967,743
CP048239.1,1008972,5
CP048239.1,1008973,362
CP048239.1,1009126,81
CP048239.1,1009135,1
CP048239.1,1009143,54
CP048239.1,1009225,87
CP048239.1,1009304,565
CP048239.1,1009331,1
CP048239.1,1010755,12
CP048239.1,1010768,494
CP048239.1,1010824,322
CP048239.1,1010923,186
CP048239.1,1011196,111
CP048239.1,1011410,60
CP048239.1,1011467,302
CP048239.1,1011790,167
CP048239.1,1012884,625
CP048239.1,1015036,269
CP048239.1,1015553,1502
CP048239.1,1015554,1
CP048239.1,1015886,1
CP048239.1,1015893,70
CP048239.1,1016114,1433
CP048239.1,1016158,1
CP048239.1,1016438,101
CP048239.1,1018632,1
CP048239.1,1020559,928
CP048239.1,1028158,429
CP048239.1,1029835,57
CP048239.1,1030814,1
CP048239.1,1034300,631
CP048239.1,1036728,39
CP048239.1,1039614,878
CP048239.1,1042716,21
CP048239.1,1046773,230
CP048239.1,1046788,620
CP048239.1,1049150,78
CP048239.1,1050728,417
CP048239.1,1050934,2
CP048239.1,1050941,437
CP048239.1,1050943,24
CP048239.1,1055264,445
CP048239.1,1060443,73
CP048239.1,1060696,502
CP048239.1,1061892,7
CP048239.1,1063045,175
CP048239.1,1063146,515
CP048239.1,1063153,295
CP048239.1,1063173,65
CP048239.1,1063225,343
CP048239.1,1063551,410
CP048239.1,1063747,48
CP048239.1,1067876,20
CP048239.1,1068110,254
CP048239.1,1068309,62
CP048239.1,1068832,47
CP048239.1,1068936,408
CP048239.1,1069097,17
CP048239.1,1069180,224
CP048239.1,1069187,36
CP048239.1,1073030,475
CP048239.1,1073449,88
CP048239.1,1075648,16
CP048239.1,1080528,258
CP048239.1,1080853,101
CP048239.1,1088429,1
CP048239.1,1091958,188
CP048239.1,1092057,280
CP048239.1,1099975,178
CP048239.1,1100593,356
CP048239.1,1100740,1
CP048239.1,1100804,159
CP048239.1,1108077,55
CP048239.1,1108094,572
CP048239.1,1108241,335
CP048239.1,1109127,149
CP048239.1,1110992,108
CP048239.1,1111313,220
CP048239.1,1111890,72
CP048239.1,1111942,666
CP048239.1,1115413,198
CP048239.1,1118997,9
CP048239.1,1119056,699
CP048239.1,1119076,10
CP048239.1,1119078,455
CP048239.1,1119085,292
CP048239.1,1123563,1
CP048239.1,1124091,2699
CP048239.1,1124403,619
CP048239.1,1124447,908
CP048239.1,1125868,291
CP048239.1,1125959,1
CP048239.1,1125964,68
CP048239.1,1128075,485
CP048239.1,1128658,23
CP048239.1,1128669,439
CP048239.1,1128697,54
CP048239.1,1128826,14
CP048239.1,1132653,1
CP048239.1,1132657,1
CP048239.1,1133820,103
CP048239.1,1133840,7
CP048239.1,1133993,485
CP048239.1,1134295,1
CP048239.1,1134374,779
CP048239.1,1134872,1
CP048239.1,1140206,438
CP048239.1,1142941,562
CP048239.1,1146548,422
CP048239.1,1146869,88
CP048239.1,1147113,627
CP048239.1,1147115,1
CP048239.1,1147564,149
CP048239.1,1148014,627
CP048239.1,1152468,257
CP048239.1,1152569,137
CP048239.1,1153691,293
CP048239.1,1155798,52
CP048239.1,1162209,1475
CP048239.1,1162306,73
CP048239.1,1174664,399
CP048239.1,1174671,30
CP048239.1,1174917,374
CP048239.1,1175110,104
CP048239.1,1175406,397
CP048239.1,1175674,1082
CP048239.1,1178368,6
CP048239.1,1178550,1393
CP048239.1,1178921,1
CP048239.1,1178944,1740
CP048239.1,1185318,52
CP048239.1,1186509,200
CP048239.1,1186516,334
CP048239.1,1186564,222
CP048239.1,1186647,183
CP048239.1,1186857,52
CP048239.1,1186940,24
CP048239.1,1188298,1
CP048239.1,1188303,653
CP048239.1,1189290,45
CP048239.1,1189642,1
CP048239.1,1189715,1
CP048239.1,1190106,6
CP048239.1,1190179,880
CP048239.1,1190186,1
CP048239.1,1190259,36
CP048239.1,1190902,1
CP048239.1,1190929,425
CP048239.1,1190961,25
CP048239.1,1192849,477
CP048239.1,1192930,1
CP048239.1,1192952,68
CP048239.1,1194073,17
CP048239.1,1197152,1
CP048239.1,1197192,243
CP048239.1,1198191,676
CP048239.1,1198445,410
CP048239.1,1198468,2
CP048239.1,1198488,84
CP048239.1,1198495,634
CP048239.1,1198591,21
CP048239.1,1201589,31
CP048239.1,1201606,47
CP048239.1,1204293,59
CP048239.1,1205483,119
CP048239.1,1206172,91
CP048239.1,1211471,315
CP048239.1,1211592,521
CP048239.1,1211637,133
CP048239.1,1216331,160
CP048239.1,1217748,471
CP048239.1,1218050,1
CP048239.1,1218973,391
CP048239.1,1223348,505
CP048239.1,1240898,195
CP048239.1,1242322,23
CP048240.1,24757,5
CP048240.1,25973,403
CP048240.1,27231,1
CP048240.1,28459,13
CP048240.1,28480,199
CP048240.1,28491,617
CP048240.1,28508,137
CP048240.1,28750,406
CP048240.1,28757,55
CP048240.1,29372,293
CP048240.1,29379,2528
CP048240.1,29446,427
CP048240.1,29453,8
CP048240.1,29702,3
CP048240.1,29894,311
CP048240.1,32464,423
CP048240.1,32700,9
CP048240.1,32946,1
CP048240.1,33018,9
CP048240.1,33024,1
CP048240.1,33100,240
CP048240.1,33205,440
CP048240.1,33217,1
CP048240.1,33293,214
CP048240.1,33355,592
CP048240.1,33362,31
CP048240.1,33440,10
CP048240.1,33449,1
CP048240.1,33459,25
CP048240.1,33484,716
CP048240.1,33490,19
CP048240.1,33509,4
CP048240.1,33588,1
CP048240.1,33597,6
CP048240.1,33612,1
CP048240.1,33619,111
CP048240.1,33621,51
CP048240.1,33632,1114
CP048240.1,33702,343
CP048240.1,33706,363
CP048240.1,33791,67
CP048240.1,33817,328
CP048240.1,33951,854
CP048240.1,33953,20
CP048240.1,38069,1
CP048240.1,39173,11
CP048240.1,40268,1
CP048240.1,40275,1
CP048240.1,40503,32
CP048240.1,42434,132
CP048240.1,42520,458
CP048240.1,43368,175
CP048240.1,43609,1605
CP048240.1,43616,180
CP048240.1,43650,580
CP048240.1,43673,379
CP048240.1,43698,437
CP048240.1,44832,6
CP048240.1,46772,328
CP048240.1,47517,516
CP048240.1,48419,9
CP048240.1,48421,169
CP048240.1,65878,1
CP048240.1,65957,12
CP048240.1,66210,319
CP048240.1,66217,131
CP048240.1,66223,300
CP048240.1,66235,496
CP048240.1,66250,572
CP048240.1,66257,544
CP048240.1,66330,245
CP048240.1,67277,1
CP048240.1,67455,13
CP048240.1,68079,67
CP048240.1,68167,973
CP048240.1,68229,424
CP048240.1,68231,1
CP048240.1,68458,1
CP048240.1,68467,150
CP048240.1,68564,828
CP048240.1,68610,23
CP048240.1,70976,172
CP048240.1,70994,897
CP048240.1,71007,132
CP048240.1,73801,474
CP048240.1,73808,349
CP048240.1,73826,8
CP048240.1,73866,1304
CP048240.1,73920,485
CP048240.1,73929,22
CP048240.1,74049,108
CP048240.1,74415,239
CP048240.1,74738,1
CP048240.1,74749,33
CP048240.1,74766,71
CP048240.1,74814,439
CP048240.1,74901,451
CP048240.1,74939,1
CP048240.1,75237,363
CP048240.1,78112,68
CP048240.1,79000,440
CP048240.1,79011,17
CP048240.1,79022,2
CP048240.1,79026,58
CP048240.1,79054,316
CP048240.1,79061,1192
CP048240.1,79063,1
CP048240.1,79108,576
CP048240.1,79115,322
CP048240.1,79298,1
CP048240.1,79304,1311
CP048240.1,79715,1
CP048240.1,84676,6
CP048240.1,86234,89
CP048240.1,86259,85
CP048240.1,86329,483
CP048240.1,86349,1
CP048240.1,86415,42
CP048240.1,86461,1
CP048240.1,87600,1
CP048240.1,89831,227
CP048240.1,89836,81
CP048240.1,91253,313
CP048240.1,91255,53
CP048240.1,92263,10
CP048240.1,93309,247
CP048240.1,93976,12
CP048240.1,94231,109
CP048240.1,94335,623
CP048240.1,94515,421
CP048240.1,94525,1
CP048240.1,94593,1
CP048240.1,94622,405
CP048240.1,94647,671
CP048240.1,95417,52
CP048240.1,98298,376
CP048240.1,98448,110
CP048240.1,100464,117
CP048240.1,109374,477
CP048240.1,110644,56
CP048240.1,110692,538
CP048240.1,110698,255
CP048240.1,110710,1084
CP048240.1,111794,280
CP048240.1,111801,870
CP048240.1,112189,1
CP048240.1,112191,3
CP048240.1,112193,23
CP048240.1,112401,11
CP048240.1,112408,145
CP048240.1,114258,74
CP048240.1,114339,949
CP048240.1,114722,251
CP048240.1,116220,28
CP048240.1,120309,1
CP048240.1,120310,570
CP048240.1,120436,1
CP048240.1,122894,46
CP048240.1,124595,1
CP048240.1,127384,28
CP048240.1,127391,30
CP048240.1,128260,1
CP048240.1,131304,1
CP048240.1,135476,109
CP048240.1,135625,2
CP048240.1,136115,611
CP048240.1,136123,579
CP048240.1,136127,6
CP048240.1,136134,1
CP048240.1,145976,46
CP048240.1,145987,63
CP048240.1,147345,68
CP048240.1,147368,4
CP048240.1,147437,17
CP048240.1,147441,814
CP048240.1,147975,19
CP048240.1,149025,1
CP048240.1,149059,1
CP048240.1,149336,799
CP048240.1,149346,69
CP048240.1,149353,59
CP048240.1,149384,919
CP048240.1,149391,168
CP048240.1,149441,3
CP048240.1,149444,159
CP048240.1,149448,1165
CP048240.1,149455,1
CP048240.1,149462,460
CP048240.1,149504,2294
CP048240.1,149511,2230
CP048240.1,149526,757
CP048240.1,149534,881
CP048240.1,149544,71
CP048240.1,149575,264
CP048240.1,149582,2029
CP048240.1,149654,1
CP048240.1,149692,479
CP048240.1,149719,705
CP048240.1,149821,109
CP048240.1,149872,1243
CP048240.1,149873,97
CP048240.1,149879,927
CP048240.1,149915,508
CP048240.1,149917,1
CP048240.1,149920,1117
CP048240.1,150425,429
CP048240.1,150726,3
CP048240.1,151498,142
CP048240.1,151522,320
CP048240.1,151716,19
CP048240.1,151778,1
CP048240.1,151785,360
CP048240.1,151836,6
CP048240.1,152868,166
CP048240.1,159230,640
CP048240.1,160220,88
CP048240.1,161266,20
CP048240.1,161540,33
CP048240.1,161560,381
CP048240.1,161711,73
CP048240.1,161894,203
CP048240.1,162587,4
CP048240.1,162853,466
CP048240.1,167187,206
CP048240.1,167481,3
CP048240.1,167589,365
CP048240.1,167642,75
CP048240.1,169987,491
CP048240.1,170004,1
CP048240.1,170686,32
CP048240.1,170725,738
CP048240.1,172240,478
CP048240.1,173712,446
CP048240.1,173776,168
CP048240.1,173830,149
CP048240.1,173878,1
CP048240.1,174337,1
CP048240.1,176010,768
CP048240.1,176072,39
CP048240.1,177498,153
CP048240.1,177507,6
CP048240.1,178122,116
CP048240.1,178273,186
CP048240.1,178319,737
CP048240.1,178535,158
CP048240.1,178639,1
CP048240.1,178684,25
CP048240.1,180876,447
CP048240.1,180877,360
CP048240.1,181043,29
CP048240.1,181050,6
CP048240.1,181189,195
CP048240.1,181203,2
CP048240.1,181591,361
CP048240.1,181744,25
CP048240.1,181774,24
CP048240.1,181775,50
CP048240.1,181782,6
CP048240.1,182371,138
CP048240.1,185058,41
CP048240.1,187674,94
CP048240.1,187969,275
CP048240.1,188029,30
CP048240.1,188275,124
CP048240.1,188282,37
CP048240.1,188388,390
CP048240.1,188395,450
CP048240.1,189519,198
CP048240.1,189547,4
CP048240.1,189549,108
CP048240.1,189556,4
CP048240.1,189640,399
CP048240.1,189726,1
CP048240.1,189733,17
CP048240.1,189938,142
CP048240.1,190029,546
CP048240.1,190060,1
CP048240.1,190083,315
CP048240.1,190135,1129
CP048240.1,190142,1195
CP048240.1,190149,665
CP048240.1,190156,172
CP048240.1,190170,812
CP048240.1,190183,45
CP048240.1,190188,529
CP048240.1,190198,8
CP048240.1,190199,1
CP048240.1,190223,16
CP048240.1,190230,833
CP048240.1,190231,367
CP048240.1,190233,17
CP048240.1,190330,560
CP048240.1,190337,1414
CP048240.1,190363,5
CP048240.1,190376,620
CP048240.1,190453,21
CP048240.1,190478,23
CP048240.1,190510,1031
CP048240.1,190557,59
CP048240.1,190611,226
CP048240.1,190633,344
CP048240.1,191670,116
CP048240.1,196346,1
CP048240.1,196498,1
CP048240.1,196505,371
CP048240.1,196528,60
CP048240.1,196574,62
CP048240.1,196584,5
CP048240.1,196687,463
CP048240.1,196720,1099
CP048240.1,197567,407
CP048240.1,197600,13
CP048240.1,200122,130
CP048240.1,203060,246
CP048240.1,203186,294
CP048240.1,203385,21
CP048240.1,203519,1
CP048240.1,203568,805
CP048240.1,203823,134
CP048240.1,207889,82
CP048240.1,207926,360
CP048240.1,209167,402
CP048240.1,209187,1066
CP048240.1,209520,1
CP048240.1,212913,57
CP048240.1,213200,357
CP048240.1,213890,60
CP048240.1,216066,2
CP048240.1,216144,17
CP048240.1,216264,40
CP048240.1,216426,188
CP048240.1,216493,25
CP048240.1,216535,652
CP048240.1,216538,91
CP048240.1,216542,341
CP048240.1,216626,73
CP048240.1,219412,233
CP048240.1,219470,102
CP048240.1,219611,69
CP048240.1,219618,1192
CP048240.1,219749,7
CP048240.1,222992,517
CP048240.1,222999,142
CP048240.1,223358,95
CP048240.1,224739,96
CP048240.1,224940,317
CP048240.1,224947,45
CP048240.1,224993,7
CP048240.1,225331,77
CP048240.1,225825,302
CP048240.1,225832,61
CP048240.1,227951,584
CP048240.1,229055,177
CP048240.1,229136,417
CP048240.1,229455,266
CP048240.1,229466,75
CP048240.1,229689,25
CP048240.1,231668,489
CP048240.1,232278,172
CP048240.1,233639,145
CP048240.1,233735,274
CP048240.1,235202,451
CP048240.1,235217,475
CP048240.1,235284,592
CP048240.1,235298,77
CP048240.1,235335,372
CP048240.1,235600,597
CP048240.1,235604,158
CP048240.1,236148,333
CP048240.1,236771,652
CP048240.1,238156,240
CP048240.1,238493,529
CP048240.1,240143,7
CP048240.1,240579,641
CP048240.1,240798,3
CP048240.1,240931,106
CP048240.1,241109,105
CP048240.1,241111,17
CP048240.1,241112,967
CP048240.1,241118,883
CP048240.1,241119,669
CP048240.1,241194,332
CP048240.1,241222,683
CP048240.1,241226,1
CP048240.1,241227,25
CP048240.1,241229,670
CP048240.1,241244,2
CP048240.1,241338,94
CP048240.1,241378,1
CP048240.1,241387,1733
CP048240.1,241467,1
CP048240.1,241471,354
CP048240.1,241816,544
CP048240.1,241852,634
CP048240.1,241873,7
CP048240.1,241874,31
CP048240.1,241883,400
CP048240.1,241933,289
CP048240.1,241934,213
CP048240.1,241941,245
CP048240.1,242025,1
CP048240.1,242155,4
CP048240.1,243128,138
CP048240.1,243912,1
CP048240.1,244711,38
CP048240.1,244718,132
CP048240.1,245160,119
CP048240.1,245745,929
CP048240.1,245766,922
CP048240.1,245874,2
CP048240.1,245876,794
CP048240.1,245906,1436
CP048240.1,245913,1422
CP048240.1,246127,302
CP048240.1,246396,233
CP048240.1,246401,38
CP048240.1,246403,732
CP048240.1,246405,781
CP048240.1,246408,230
CP048240.1,246448,123
CP048240.1,246451,1
CP048240.1,246455,266
CP048240.1,246471,522
CP048240.1,246896,367
CP048240.1,248244,238
CP048240.1,248600,46
CP048240.1,250163,728
CP048240.1,250170,857
CP048240.1,250257,131
CP048240.1,250264,79
CP048240.1,250274,1057
CP048240.1,250275,174
CP048240.1,250285,371
CP048240.1,250354,432
CP048240.1,250356,22
CP048240.1,250359,4
CP048240.1,250363,589
CP048240.1,250367,542
CP048240.1,250371,478
CP048240.1,250382,124
CP048240.1,250423,61
CP048240.1,250424,370
CP048240.1,250449,104
CP048240.1,250523,274
CP048240.1,251431,5
CP048240.1,254468,1
CP048240.1,254640,645
CP048240.1,254709,298
CP048240.1,254716,198
CP048240.1,254738,193
CP048240.1,254745,949
CP048240.1,254750,123
CP048240.1,254789,139
CP048240.1,254796,826
CP048240.1,254820,401
CP048240.1,254821,37
CP048240.1,254834,1
CP048240.1,254909,1
CP048240.1,254916,61
CP048240.1,254940,93
CP048240.1,254972,1
CP048240.1,255042,37
CP048240.1,255049,744
CP048240.1,255055,513
CP048240.1,255061,33
CP048240.1,255081,28
CP048240.1,255159,14
CP048240.1,255166,3528
CP048240.1,255174,1
CP048240.1,255195,346
CP048240.1,255202,338
CP048240.1,255217,104
CP048240.1,255222,1593
CP048240.1,255282,1010
CP048240.1,255293,601
CP048240.1,255330,1
CP048240.1,255414,12
CP048240.1,255442,482
CP048240.1,255473,9
CP048240.1,255502,34
CP048240.1,255700,3
CP048240.1,256387,778
CP048240.1,256809,455
CP048240.1,256816,1
CP048240.1,256958,451
CP048240.1,257129,171
CP048240.1,257177,106
CP048240.1,257193,26
CP048240.1,257194,6
CP048240.1,257201,280
CP048240.1,257224,469
CP048240.1,257227,2
CP048240.1,257229,649
CP048240.1,257236,881
CP048240.1,257297,1
CP048240.1,258216,7
CP048240.1,258274,465
CP048240.1,258347,70
CP048240.1,258354,457
CP048240.1,258397,151
CP048240.1,258430,131
CP048240.1,258601,270
CP048240.1,259014,336
CP048240.1,259749,92
CP048240.1,259751,323
CP048240.1,259761,8
CP048240.1,260093,54
CP048240.1,260189,5
CP048240.1,260230,410
CP048240.1,260237,1
CP048240.1,260282,378
CP048240.1,260285,201
CP048240.1,260289,444
CP048240.1,260292,294
CP048240.1,260355,3
CP048240.1,260362,808
CP048240.1,260403,11
CP048240.1,261684,436
CP048240.1,261916,7
CP048240.1,261919,111
CP048240.1,262210,35
CP048240.1,262366,43
CP048240.1,262541,101
CP048240.1,263186,147
CP048240.1,263214,3
CP048240.1,263243,57
CP048240.1,263310,794
CP048240.1,263317,1620
CP048240.1,263527,16
CP048240.1,263531,54
CP048240.1,263536,41
CP048240.1,263550,11
CP048240.1,263552,166
CP048240.1,263589,31
CP048240.1,263676,478
CP048240.1,263839,101
CP048240.1,263841,138
CP048240.1,263903,256
CP048240.1,263999,1
CP048240.1,264033,87
CP048240.1,264039,131
CP048240.1,264163,162
CP048240.1,264164,25
CP048240.1,264170,233
CP048240.1,264290,233
CP048240.1,264353,13
CP048240.1,264535,195
CP048240.1,264706,1
CP048240.1,264919,83
CP048240.1,264994,24
CP048240.1,265121,227
CP048240.1,265130,11
CP048240.1,265219,134
CP048240.1,265270,477
CP048240.1,265272,425
CP048240.1,265277,377
CP048240.1,265278,39
CP048240.1,265285,147
CP048240.1,265295,59
CP048240.1,265339,26
CP048240.1,265379,245
CP048240.1,265383,8
CP048240.1,265385,184
CP048240.1,265388,860
CP048240.1,265390,516
CP048240.1,265406,251
CP048240.1,266836,26
CP048240.1,267410,120
CP048240.1,267868,2
CP048240.1,267932,19
CP048240.1,268191,386
CP048240.1,268222,2
CP048240.1,268244,34
CP048240.1,268299,387
CP048240.1,268300,476
CP048240.1,268301,228
CP048240.1,268308,24
CP048240.1,268309,86
CP048240.1,268370,13
CP048240.1,268377,545
CP048240.1,268560,367
CP048240.1,270307,6
CP048240.1,270496,7
CP048240.1,270633,76
CP048240.1,270712,2
CP048240.1,270719,315
CP048240.1,270815,12
CP048240.1,270822,18
CP048240.1,270826,60
CP048240.1,271169,88
CP048240.1,271172,57
CP048240.1,272337,417
CP048240.1,272987,2
CP048240.1,273143,395
CP048240.1,273353,158
CP048240.1,273354,1
CP048240.1,273355,12
CP048240.1,273361,375
CP048240.1,273362,764
CP048240.1,273383,1
CP048240.1,273580,324
CP048240.1,274408,75
CP048240.1,274590,4
CP048240.1,274609,15
CP048240.1,274665,7
CP048240.1,274782,152
CP048240.1,274805,9
CP048240.1,275194,45
CP048240.1,275207,413
CP048240.1,275612,57
CP048240.1,275680,518
CP048240.1,275687,310
CP048240.1,275724,1
CP048240.1,275731,76
CP048240.1,275878,78
CP048240.1,276238,11
CP048240.1,276405,359
CP048240.1,276414,333
CP048240.1,276472,367
CP048240.1,276520,342
CP048240.1,276529,773
CP048240.1,276547,604
CP048240.1,276549,26
CP048240.1,276554,440
CP048240.1,276668,651
CP048240.1,276903,15
CP048240.1,276912,568
CP048240.1,276921,547
CP048240.1,276953,590
CP048240.1,276977,758
CP048240.1,277024,653
CP048240.1,277145,13
CP048240.1,277365,233
CP048240.1,277367,1
CP048240.1,277428,13
CP048240.1,277615,48
CP048240.1,278730,1
CP048240.1,278737,1
CP048240.1,278797,68
CP048240.1,278814,1
CP048240.1,279091,174
CP048240.1,279098,1029
CP048240.1,279234,1453
CP048240.1,279368,551
CP048240.1,279375,842
CP048240.1,279468,11
CP048240.1,279474,5
CP048240.1,279487,102
CP048240.1,279494,697
CP048240.1,279507,368
CP048240.1,279819,1
CP048240.1,279827,54
CP048240.1,279843,3
CP048240.1,279849,282
CP048240.1,279858,223
CP048240.1,280016,506
CP048240.1,280125,373
CP048240.1,280143,236
CP048240.1,280335,338
CP048240.1,280346,773
CP048240.1,280382,362
CP048240.1,280391,1
CP048240.1,280649,12
CP048240.1,280777,48
CP048240.1,280845,50
CP048240.1,280884,438
CP048240.1,280891,150
CP048240.1,281008,139
CP048240.1,281095,3
CP048240.1,281097,169
CP048240.1,281121,290
CP048240.1,281295,346
CP048240.1,281555,221
CP048240.1,281560,735
CP048240.1,282259,140
CP048240.1,283104,94
CP048240.1,283119,59
CP048240.1,283123,703
CP048240.1,283130,628
CP048240.1,283150,269
CP048240.1,283157,205
CP048240.1,283199,61
CP048240.1,285176,18
CP048240.1,285603,638
CP048240.1,285638,66
CP048240.1,287295,710
CP048240.1,287354,287
CP048240.1,287694,432
CP048240.1,287747,241
CP048240.1,287766,304
CP048240.1,287777,50
CP048240.1,288087,1
CP048240.1,288094,282
CP048240.1,288186,1080
CP048240.1,288193,952
CP048240.1,288268,277
CP048240.1,288287,458
CP048240.1,288551,454
CP048240.1,288558,863
CP048240.1,288602,467
CP048240.1,289142,260
CP048240.1,289326,39
CP048240.1,289333,620
CP048240.1,289358,260
CP048240.1,289365,405
CP048240.1,289419,11
CP048240.1,289423,289
CP048240.1,289544,2
CP048240.1,289638,301
CP048240.1,291413,8
CP048240.1,291594,4
CP048240.1,291622,5
CP048240.1,291629,687
CP048240.1,291635,225
CP048240.1,291647,1
CP048240.1,291665,156
CP048240.1,291672,444
CP048240.1,291683,389
CP048240.1,291687,43
CP048240.1,291694,163
CP048240.1,291741,1
CP048240.1,291814,285
CP048240.1,291901,50
CP048240.1,291934,125
CP048240.1,291941,257
CP048240.1,291992,373
CP048240.1,291999,241
CP048240.1,292006,1
CP048240.1,292023,503
CP048240.1,292030,341
CP048240.1,292043,230
CP048240.1,292055,768
CP048240.1,292062,1586
CP048240.1,292069,1202
CP048240.1,292076,1350
CP048240.1,292083,65
CP048240.1,292084,162
CP048240.1,292087,118
CP048240.1,292103,27
CP048240.1,292110,803
CP048240.1,292113,524
CP048240.1,292125,432
CP048240.1,292132,716
CP048240.1,292144,1
CP048240.1,292229,563
CP048240.1,292235,1726
CP048240.1,292329,17
CP048240.1,292336,156
CP048240.1,292340,70
CP048240.1,292369,52
CP048240.1,292376,49
CP048240.1,292422,252
CP048240.1,292446,19
CP048240.1,292863,288
CP048240.1,293071,105
CP048240.1,293156,425
CP048240.1,293208,268
CP048240.1,294470,311
CP048240.1,294476,448
CP048240.1,294678,4
CP048240.1,294706,15
CP048240.1,294774,265
CP048240.1,294838,1
CP048240.1,294908,31
CP048240.1,294915,46
CP048240.1,295139,501
CP048240.1,295934,72
CP048240.1,295942,79
CP048240.1,295956,77
CP048240.1,295995,7
CP048240.1,296001,334
CP048240.1,296016,133
CP048240.1,296025,222
CP048240.1,296147,514
CP048240.1,296231,57
CP048240.1,296266,167
CP048240.1,296273,51
CP048240.1,296685,911
CP048240.1,299036,9
CP048240.1,301328,1
CP048240.1,301455,20
CP048240.1,301880,629
CP048240.1,301964,104
CP048240.1,302468,1
CP048240.1,302778,2
CP048240.1,303487,134
CP048240.1,303826,18
CP048240.1,304402,1099
CP048240.1,304744,133
CP048240.1,305005,155
CP048240.1,305199,678
CP048240.1,307296,72
CP048240.1,307325,243
CP048240.1,307337,125
CP048240.1,307344,270
CP048240.1,307351,482
CP048240.1,307379,267
CP048240.1,307386,253
CP048240.1,308366,2
CP048240.1,308688,529
CP048240.1,308847,450
CP048240.1,309179,379
CP048240.1,309208,60
CP048240.1,309366,20
CP048240.1,309373,35
CP048240.1,315425,33
CP048240.1,316037,342
CP048240.1,316091,388
CP048240.1,316098,878
CP048240.1,316114,752
CP048240.1,316120,665
CP048240.1,316127,2081
CP048240.1,316129,1
CP048240.1,316138,713
CP048240.1,316314,809
CP048240.1,316624,125
CP048240.1,319428,362
CP048240.1,319442,548
CP048240.1,319480,24
CP048240.1,319553,189
CP048240.1,319560,378
CP048240.1,319562,16
CP048240.1,319571,375
CP048240.1,319592,1
CP048240.1,319600,1
CP048240.1,319644,703
CP048240.1,319652,8
CP048240.1,319680,37
CP048240.1,319716,1
CP048240.1,319807,376
CP048240.1,319841,2
CP048240.1,320017,891
CP048240.1,320186,115
CP048240.1,322461,656
CP048240.1,322469,8
CP048240.1,322526,361
CP048240.1,322533,148
CP048240.1,323056,222
CP048240.1,323577,79
CP048240.1,324084,1539
CP048240.1,324256,1908
CP048240.1,324286,938
CP048240.1,324663,5
CP048240.1,324665,2
CP048240.1,324684,1
CP048240.1,324686,28
CP048240.1,324687,41
CP048240.1,324688,294
CP048240.1,324690,1164
CP048240.1,324692,1065
CP048240.1,324694,1
CP048240.1,324737,1387
CP048240.1,324739,658
CP048240.1,324741,418
CP048240.1,324841,37
CP048240.1,324960,10
CP048240.1,325134,33
CP048240.1,325331,355
CP048240.1,325450,1
CP048240.1,328047,6
CP048240.1,328144,76
CP048240.1,328195,166
CP048240.1,335675,44
CP048240.1,335694,209
CP048240.1,335801,1
CP048240.1,335812,247
CP048240.1,335815,510
CP048240.1,335902,98
CP048240.1,335924,107
CP048240.1,335935,1
CP048240.1,335968,168
CP048240.1,335975,9
CP048240.1,335978,239
CP048240.1,335985,447
CP048240.1,336220,271
CP048240.1,339117,50
CP048240.1,342156,339
CP048240.1,343325,203
CP048240.1,343699,828
CP048240.1,343704,1
CP048240.1,344006,307
CP048240.1,344073,30
CP048240.1,344168,433
CP048240.1,344237,527
CP048240.1,344311,482
CP048240.1,344520,426
CP048240.1,344527,135
CP048240.1,344694,43
CP048240.1,344743,26
CP048240.1,344793,170
CP048240.1,344867,1
CP048240.1,345002,159
CP048240.1,345125,9
CP048240.1,345294,12
CP048240.1,345370,2
CP048240.1,345377,38
CP048240.1,345399,1
CP048240.1,345414,97
CP048240.1,345518,54
CP048240.1,345597,8
CP048240.1,345715,64
CP048240.1,345737,216
CP048240.1,345789,8
CP048240.1,345849,138
CP048240.1,345895,1
CP048240.1,345977,1974
CP048240.1,345984,9
CP048240.1,346006,301
CP048240.1,346083,186
CP048240.1,346090,146
CP048240.1,346222,497
CP048240.1,349102,8
CP048240.1,354312,25
CP048240.1,354368,885
CP048240.1,354407,11
CP048240.1,360060,332
CP048240.1,362432,76
CP048240.1,363135,183
CP048240.1,364559,248
CP048240.1,364994,1
CP048240.1,367729,65
CP048240.1,368503,11
CP048240.1,372867,149
CP048240.1,372918,251
CP048240.1,374544,317
CP048240.1,374844,1
CP048240.1,375663,120
CP048240.1,375702,310
CP048240.1,375785,408
CP048240.1,376568,1
CP048240.1,376827,1
CP048240.1,376929,23
CP048240.1,376994,1
CP048240.1,377007,679
CP048240.1,377019,943
CP048240.1,377021,340
CP048240.1,377028,1
CP048240.1,377052,56
CP048240.1,377065,961
CP048240.1,377072,184
CP048240.1,377364,188
CP048240.1,377428,7
CP048240.1,377435,17
CP048240.1,377504,3
CP048240.1,377904,191
CP048240.1,377934,27
CP048240.1,378283,103
CP048240.1,378460,683
CP048240.1,378646,6
CP048240.1,379711,46
CP048240.1,380341,1
CP048240.1,382716,47
CP048240.1,383312,329
CP048240.1,383337,1
CP048240.1,384126,40
CP048240.1,386031,266
CP048240.1,386123,374
CP048240.1,387455,152
CP048240.1,387479,3
CP048240.1,387967,509
CP048240.1,388030,43
CP048240.1,388312,1
CP048240.1,388378,342
CP048240.1,388387,1
CP048240.1,388394,245
CP048240.1,388489,160
CP048240.1,388548,46
CP048240.1,388585,27
CP048240.1,388626,300
CP048240.1,388843,229
CP048240.1,388850,4
CP048240.1,389251,82
CP048240.1,389840,596
CP048240.1,389868,682
CP048240.1,390146,23
CP048240.1,391574,245
CP048240.1,391629,75
CP048240.1,391739,1
CP048240.1,391832,76
CP048240.1,392215,136
CP048240.1,394168,210
CP048240.1,394201,328
CP048240.1,395381,192
CP048240.1,396045,3
CP048240.1,396451,27
CP048240.1,396539,1
CP048240.1,396559,444
CP048240.1,396566,435
CP048240.1,396573,192
CP048240.1,396587,351
CP048240.1,396594,15
CP048240.1,396601,48
CP048240.1,396603,115
CP048240.1,396608,847
CP048240.1,396614,593
CP048240.1,397614,64
CP048240.1,397944,114
CP048240.1,399958,10
CP048240.1,400121,777
CP048240.1,400125,901
CP048240.1,400282,36
CP048240.1,400289,929
CP048240.1,400381,17
CP048240.1,400564,604
CP048240.1,400648,1
CP048240.1,401008,306
CP048240.1,401645,642
CP048240.1,402448,321
CP048240.1,402564,466
CP048240.1,402812,1
CP048240.1,402892,13
CP048240.1,405000,59
CP048240.1,405082,17
CP048240.1,405089,51
CP048240.1,405568,39
CP048240.1,407338,174
CP048240.1,407538,429
CP048240.1,407694,198
CP048240.1,407771,388
CP048240.1,407794,187
CP048240.1,407965,233
CP048240.1,408473,3
CP048240.1,408742,1
CP048240.1,408998,1
CP048240.1,409000,615
CP048240.1,409093,1
CP048240.1,409399,884
CP048240.1,409453,168
CP048240.1,409461,1
CP048240.1,409483,57
CP048240.1,409490,708
CP048240.1,409491,66
CP048240.1,409599,20
CP048240.1,409616,477
CP048240.1,409742,4
CP048240.1,409812,14
CP048240.1,410354,10
CP048240.1,413564,23
CP048240.1,413766,197
CP048240.1,413805,1
CP048240.1,413849,1
CP048240.1,414152,110
CP048240.1,416385,23
CP048240.1,417450,235
CP048240.1,417621,233
CP048240.1,417630,265
CP048240.1,417645,14
CP048240.1,417647,8
CP048240.1,417652,239
CP048240.1,417654,78
CP048240.1,417656,197
CP048240.1,417679,614
CP048240.1,417876,1
CP048240.1,418260,26
CP048240.1,418349,2
CP048240.1,418627,58
CP048240.1,419056,111
CP048240.1,419407,375
CP048240.1,420273,12
CP048240.1,420791,415
CP048240.1,420883,42
CP048240.1,420931,247
CP048240.1,425554,596
CP048240.1,425556,13
CP048240.1,425583,857
CP048240.1,425590,244
CP048240.1,425654,439
CP048240.1,429024,61
CP048240.1,429269,92
CP048240.1,429355,1
CP048240.1,429370,81
CP048240.1,429461,1
CP048240.1,429533,986
CP048240.1,429550,1160
CP048240.1,429557,346
CP048240.1,429725,1
CP048240.1,429727,557
CP048240.1,429784,88
CP048240.1,429816,294
CP048240.1,429865,330
CP048240.1,429929,102
CP048240.1,435646,1
CP048240.1,435653,128
CP048240.1,435913,680
CP048240.1,435955,734
CP048240.1,436000,1
CP048240.1,436112,414
CP048240.1,436232,841
CP048240.1,436271,5
CP048240.1,441781,49
CP048240.1,444092,35
CP048240.1,444123,214
CP048240.1,444124,372
CP048240.1,447071,138
CP048240.1,447102,50
CP048240.1,447109,59
CP048240.1,447197,35
CP048240.1,447237,492
CP048240.1,447238,1
CP048240.1,447355,22
CP048240.1,447478,403
CP048240.1,447480,19
CP048240.1,447694,1
CP048240.1,447738,395
CP048240.1,447917,1
CP048240.1,448184,489
CP048240.1,450161,632
CP048240.1,450745,562
CP048240.1,450953,2
CP048240.1,451349,999
CP048240.1,451373,12
CP048240.1,451405,520
CP048240.1,451563,560
CP048240.1,451676,1
CP048240.1,454234,1
CP048240.1,454293,70
CP048240.1,454381,3
CP048240.1,454457,42
CP048240.1,454471,346
CP048240.1,455557,55
CP048240.1,455564,1
CP048240.1,457040,14
CP048240.1,461063,208
CP048240.1,462034,20
CP048240.1,462145,26
CP048240.1,462510,188
CP048240.1,463229,1505
CP048240.1,463236,536
CP048240.1,463637,4
CP048240.1,468697,232
CP048240.1,469028,40
CP048240.1,471560,8
CP048240.1,471573,132
CP048240.1,472006,435
CP048240.1,472016,707
CP048240.1,472099,1
CP048240.1,472110,1
CP048240.1,472123,998
CP048240.1,475191,65
CP048240.1,477150,460
CP048240.1,477295,130
CP048240.1,479535,549
CP048240.1,479974,1
CP048240.1,480014,151
CP048240.1,480019,261
CP048240.1,480071,54
CP048240.1,480078,39
CP048240.1,480174,42
CP048240.1,480181,190
CP048240.1,480340,388
CP048240.1,480407,855
CP048240.1,480409,180
CP048240.1,480416,437
CP048240.1,480464,1
CP048240.1,480498,539
CP048240.1,480592,426
CP048240.1,480669,33
CP048240.1,480676,185
CP048240.1,480715,1
CP048240.1,480722,431
CP048240.1,481102,331
CP048240.1,482345,60
CP048240.1,485277,1
CP048240.1,486674,505
CP048240.1,486694,65
CP048240.1,486697,151
CP048240.1,486754,455
CP048240.1,486763,567
CP048240.1,486821,44
CP048240.1,488452,1
CP048240.1,488551,1234
CP048240.1,489973,10
CP048240.1,490601,507
CP048240.1,490706,54
CP048240.1,495001,618
CP048240.1,495092,90
CP048240.1,495141,464
CP048240.1,498323,143
CP048240.1,499653,540
CP048240.1,499658,374
CP048240.1,499701,104
CP048240.1,500567,514
CP048240.1,500730,154
CP048240.1,500737,461
CP048240.1,500915,119
CP048240.1,500921,1
CP048240.1,500946,755
CP048240.1,505299,158
CP048240.1,505662,385
CP048240.1,505669,1
CP048240.1,505734,67
CP048240.1,509912,129
CP048240.1,509922,1
CP048240.1,509941,138
CP048240.1,510587,81
CP048240.1,510689,20
CP048240.1,510696,29
CP048240.1,510745,263
CP048240.1,510832,3
CP048240.1,514480,169
CP048240.1,514519,42
CP048240.1,514688,27
CP048240.1,514696,37
CP048240.1,514751,1701
CP048240.1,514857,6
CP048240.1,515010,456
CP048240.1,515034,726
CP048240.1,515090,91
CP048240.1,515093,1093
CP048240.1,518202,15
CP048240.1,521862,248
CP048240.1,522582,20
CP048240.1,523068,13
CP048240.1,529168,216
CP048240.1,529441,6
CP048240.1,529445,199
CP048240.1,529447,267
CP048240.1,529469,8
CP048240.1,529683,1071
CP048240.1,529785,777
CP048240.1,532654,579
CP048240.1,532737,133
CP048240.1,532772,4
CP048240.1,532882,683
CP048240.1,535407,174
CP048240.1,536243,1
CP048240.1,544060,1
CP048240.1,555991,60
CP048240.1,556372,9
CP048240.1,556425,1
CP048240.1,560177,26
CP048240.1,560597,716
CP048240.1,565953,4
CP048240.1,565968,62
CP048240.1,566045,962
CP048240.1,566047,8
CP048240.1,566052,894
CP048240.1,566054,240
CP048240.1,566421,360
CP048240.1,566428,189
CP048240.1,567414,6
CP048240.1,567425,381
CP048240.1,567762,47
CP048240.1,567764,194
CP048240.1,567771,630
CP048240.1,567916,521
CP048240.1,567920,1
CP048240.1,568268,157
CP048240.1,568328,1
CP048240.1,568574,8
CP048240.1,568605,126
CP048240.1,568864,1
CP048240.1,568994,380
CP048240.1,569001,2501
CP048240.1,569157,11
CP048240.1,569507,812
CP048240.1,572952,5
CP048240.1,573447,316
CP048240.1,573454,635
CP048240.1,574912,450
CP048240.1,575011,280
CP048240.1,575013,330
CP048240.1,575163,372
CP048240.1,575274,18
CP048240.1,575399,78
CP048240.1,575404,1
CP048240.1,575467,16
CP048240.1,575474,193
CP048240.1,575479,502
CP048240.1,575555,334
CP048240.1,576304,9
CP048240.1,577903,2427
CP048240.1,577910,368
CP048240.1,578485,454
CP048240.1,579514,204
CP048240.1,579872,23
CP048240.1,584808,499
CP048240.1,588298,288
CP048240.1,588340,1
CP048240.1,588352,362
CP048240.1,588534,2
CP048240.1,588576,105
CP048240.1,588617,845
CP048240.1,588755,44
CP048240.1,588756,1
CP048240.1,588823,180
CP048240.1,589080,20
CP048240.1,589085,1252
CP048240.1,589323,302
CP048240.1,589422,1
CP048240.1,589424,116
CP048240.1,589431,1002
CP048240.1,593547,489
CP048240.1,593599,10
CP048240.1,594341,125
CP048240.1,594407,393
CP048240.1,594560,1
CP048240.1,595155,230
CP048240.1,597878,50
CP048240.1,597881,36
CP048240.1,597912,187
CP048240.1,598679,23
CP048240.1,598680,51
CP048240.1,598862,97
CP048240.1,600091,1
CP048240.1,600098,13
CP048240.1,602254,1
CP048240.1,602400,158
CP048240.1,602599,567
CP048240.1,602721,440
CP048240.1,602846,4
CP048240.1,602853,71
CP048240.1,603114,126
CP048240.1,606460,2
CP048240.1,606470,2
CP048240.1,606501,542
CP048240.1,606611,1
CP048240.1,610708,474
CP048240.1,614104,172
CP048240.1,614123,182
CP048240.1,614124,583
CP048240.1,614130,20
CP048240.1,614207,432
CP048240.1,614286,1
CP048240.1,614339,501
CP048240.1,614377,24
CP048240.1,614384,5
CP048240.1,614410,637
CP048240.1,614500,3
CP048240.1,614575,284
CP048240.1,614582,13
CP048240.1,614588,180
CP048240.1,614923,68
CP048240.1,615046,160
CP048240.1,615055,56
CP048240.1,615071,203
CP048240.1,616320,798
CP048240.1,616357,1
CP048240.1,616358,190
CP048240.1,616366,27
CP048240.1,616403,175
CP048240.1,616451,3
CP048240.1,632832,2
CP048240.1,632868,16
CP048240.1,632888,480
CP048240.1,633041,172
CP048240.1,633048,378
CP048240.1,633054,1
CP048240.1,633061,70
CP048240.1,633129,17
CP048240.1,633136,351
CP048240.1,633907,1014
CP048240.1,635606,16
CP048240.1,641539,11
CP048240.1,641555,25
CP048240.1,649415,791
CP048240.1,653865,159
CP048240.1,653874,53
CP048240.1,653987,515
CP048240.1,654324,340
CP048240.1,654562,33
CP048240.1,658554,309
CP048240.1,658634,118
CP048240.1,658641,246
CP048240.1,661034,158
CP048240.1,661073,1
CP048240.1,661245,48
CP048240.1,661252,1
CP048240.1,664641,7
CP048240.1,669794,124
CP048240.1,671794,59
CP048240.1,673530,18
CP048240.1,673652,42
CP048240.1,675638,4
CP048240.1,675645,1
CP048240.1,675653,584
CP048240.1,677610,466
CP048240.1,686860,894
CP048240.1,686867,456
CP048240.1,687367,63
CP048240.1,689778,1
CP048240.1,689790,457
CP048240.1,689791,329
CP048240.1,689831,30
CP048240.1,689838,440
CP048240.1,691520,319
CP048240.1,691548,66
CP048240.1,691794,57
CP048240.1,692250,121
CP048240.1,692375,206
CP048240.1,692438,36
CP048240.1,692572,5
CP048240.1,701783,24
CP048240.1,703763,376
CP048240.1,706401,20
CP048240.1,708242,664
CP048240.1,714090,1
CP048240.1,714347,498
CP048240.1,714374,471
CP048240.1,714428,31
CP048240.1,714500,1
CP048240.1,714519,59
CP048240.1,714553,3
CP048240.1,714713,673
CP048240.1,714720,1033
CP048240.1,714724,1
CP048240.1,716007,5
CP048240.1,717339,2
CP048240.1,717418,63
CP048240.1,717426,839
CP048240.1,717433,2
CP048240.1,720297,1
CP048240.1,720505,1
CP048240.1,720546,13
CP048240.1,722231,386
CP048240.1,722456,8
CP048240.1,722471,517
CP048240.1,722473,43
CP048240.1,722480,431
CP048240.1,724417,102
CP048240.1,726001,1
CP048240.1,726661,622
CP048240.1,726663,5
CP048240.1,726666,842
CP048240.1,726843,229
CP048240.1,726850,379
CP048240.1,726998,43
CP048240.1,727600,119
CP048240.1,727821,1
CP048240.1,728003,180
CP048240.1,728028,5
CP048240.1,728551,279
CP048240.1,728730,135
CP048240.1,728788,35
CP048240.1,729040,718
CP048240.1,729067,3
CP048240.1,729100,1
CP048240.1,729197,168
CP048240.1,729401,440
CP048240.1,729509,436
CP048240.1,729540,1
CP048240.1,729607,416
CP048240.1,730045,238
CP048240.1,731920,9
CP048240.1,732226,25
CP048240.1,734075,279
CP048240.1,734175,445
CP048240.1,734301,219
CP048240.1,734308,1
CP048240.1,734316,231
CP048240.1,734358,4
CP048240.1,734560,694
CP048240.1,734641,5
CP048240.1,734672,605
CP048240.1,734682,94
CP048240.1,734686,588
CP048240.1,734693,349
CP048240.1,734713,1
CP048240.1,734720,600
CP048240.1,734724,31
CP048240.1,734731,65
CP048240.1,734871,608
CP048240.1,735019,1
CP048240.1,735231,65
CP048240.1,735577,219
CP048240.1,735671,29
CP048240.1,738277,245
CP048240.1,738303,40
CP048240.1,738369,1
CP048240.1,741187,95
CP048240.1,741908,1
CP048240.1,742020,122
CP048240.1,742025,114
CP048240.1,742027,436
CP048240.1,742297,61
CP048240.1,742304,1
CP048240.1,742678,178
CP048240.1,744909,2
CP048240.1,745380,10
CP048240.1,745423,772
CP048240.1,745607,327
CP048240.1,745666,315
CP048240.1,745674,161
CP048240.1,745742,255
CP048240.1,748127,276
CP048240.1,748129,1
CP048240.1,748159,1
CP048240.1,748425,710
CP048240.1,748638,705
CP048240.1,751978,363
CP048240.1,751980,85
CP048240.1,752222,1
CP048240.1,752870,310
CP048240.1,752940,1
CP048240.1,753029,1
CP048240.1,754240,512
CP048240.1,754379,175
CP048240.1,758714,34
CP048240.1,762315,659
CP048240.1,762748,188
CP048240.1,762831,2
CP048240.1,763065,95
CP048240.1,763072,316
CP048240.1,763810,46
CP048240.1,763987,195
CP048240.1,764250,2
CP048240.1,764601,1171
CP048240.1,764686,121
CP048240.1,765398,405
CP048240.1,766193,1
CP048240.1,766315,2
CP048240.1,766357,1
CP048240.1,767413,1190
CP048240.1,767420,32
CP048240.1,769346,4
CP048240.1,769369,29
CP048240.1,770530,10
CP048240.1,770660,121
CP048240.1,770662,279
CP048240.1,770808,384
CP048240.1,770812,50
CP048240.1,770815,96
CP048240.1,771006,117
CP048240.1,771181,22
CP048240.1,773527,42
CP048240.1,774830,1435
CP048240.1,774837,603
CP048240.1,775075,49
CP048240.1,775088,241
CP048240.1,776078,43
CP048240.1,776564,139
CP048240.1,776836,501
CP048240.1,776839,282
CP048240.1,776862,459
CP048240.1,784581,1
CP048240.1,784795,561
CP048240.1,785764,352
CP048240.1,787703,1
CP048240.1,788419,9
CP048240.1,795495,1
CP048240.1,795498,333
CP048240.1,798300,148
CP048240.1,811808,18
CP048240.1,818102,31
CP048240.1,818271,1
CP048240.1,818763,873
CP048240.1,818770,105
CP048240.1,818818,332
CP048240.1,818951,12
CP048240.1,818964,325
CP048240.1,819025,39
CP048240.1,819029,523
CP048240.1,824643,179
CP048240.1,828979,1
CP048240.1,829752,652
CP048240.1,829873,28
CP048240.1,830310,1
CP048240.1,830358,27
CP048240.1,840510,92
CP048240.1,842476,53
CP048240.1,843487,70
CP048240.1,843743,475
CP048240.1,844276,178
CP048240.1,847375,308
CP048240.1,849888,164
CP048240.1,850388,41
CP048240.1,852081,272
CP048240.1,852149,374
CP048240.1,862795,148
CP048240.1,862802,6
CP048240.1,864636,8
CP048240.1,864643,57
CP048240.1,864767,46
CP048240.1,865037,108
CP048240.1,865075,273
CP048240.1,865119,79
CP048240.1,865188,72
CP048240.1,865230,340
CP048240.1,865312,992
CP048240.1,865319,233
CP048240.1,865580,842
CP048240.1,865732,32
CP048240.1,865750,383
CP048240.1,865821,1
CP048240.1,865830,1
CP048240.1,865883,76
CP048240.1,867930,265
CP048240.1,877171,7
CP048240.1,877248,1
CP048240.1,877554,536
CP048240.1,878231,391
CP048240.1,878269,640
CP048240.1,878317,573
CP048240.1,879457,317
CP048240.1,879659,3
CP048240.1,879787,77
CP048240.1,879885,1029
CP048240.1,880060,552
CP048240.1,880113,144
CP048240.1,880147,828
CP048240.1,880326,120
CP048240.1,880431,35
CP048240.1,880466,1
CP048240.1,880593,648
CP048240.1,881529,370
CP048240.1,881816,7
CP048240.1,882179,455
CP048240.1,882279,2
CP048240.1,882349,651
CP048240.1,884664,21
CP048240.1,884737,97
CP048240.1,884744,51
CP048240.1,884788,38
CP048240.1,884894,742
CP048240.1,884896,721
CP048240.1,884898,373
CP048240.1,884955,723
CP048240.1,885036,753
CP048240.1,885173,1611
CP048240.1,886000,24
CP048240.1,886813,219
CP048240.1,886820,502
CP048240.1,887207,22
CP048240.1,887308,36
CP048240.1,888461,46
CP048240.1,888924,97
CP048240.1,888937,216
CP048240.1,888970,28
CP048240.1,889022,112
CP048240.1,889037,45
CP048240.1,889060,1
CP048240.1,889968,544
CP048240.1,890134,25
CP048240.1,891827,59
CP048240.1,892050,605
CP048240.1,892136,357
CP048240.1,892143,46
CP048240.1,892179,27
CP048240.1,892187,48
CP048240.1,892192,483
CP048240.1,892440,138
CP048240.1,892540,17
CP048240.1,894587,136
CP048240.1,894589,581
CP048240.1,894596,332
CP048240.1,905984,53
CP048240.1,906890,13
CP048240.1,906959,106
CP048240.1,908301,588
CP048240.1,912480,651
CP048240.1,913753,272
CP048240.1,914186,94
CP048240.1,914544,8
CP048240.1,914551,360
CP048240.1,914570,2
CP048240.1,914779,1
CP048240.1,914829,523
CP048240.1,914957,61
CP048240.1,915082,3
CP048240.1,915120,1
CP048240.1,915199,20
CP048240.1,917141,453
CP048240.1,917343,96
CP048240.1,917673,26
CP048240.1,919134,396
CP048240.1,919141,253
CP048240.1,919152,328
CP048240.1,919201,238
CP048240.1,919399,35
CP048240.1,920053,253
CP048240.1,924024,176
CP048240.1,927666,114
CP048240.1,927845,49
CP048240.1,929594,395
CP048240.1,929847,422
CP048240.1,930325,18
CP048240.1,930511,24
CP048240.1,930758,404
CP048240.1,930837,635
CP048240.1,932812,217
CP048240.1,932853,3
CP048240.1,932887,454
CP048240.1,932928,377
CP048240.1,933033,15
CP048240.1,933586,360
CP048240.1,933598,424
CP048240.1,933714,221
CP048240.1,933724,859
CP048240.1,933745,1
CP048240.1,934062,24
CP048240.1,934069,672
CP048240.1,936327,1
CP048240.1,940317,133
CP048240.1,940509,73
CP048240.1,947900,55
CP048240.1,947946,86
CP048240.1,954576,4
CP048240.1,954593,187
CP048240.1,954653,810
CP048240.1,954682,1
CP048240.1,955405,179
CP048240.1,955495,89
CP048240.1,957034,1
CP048240.1,957041,328
CP048240.1,957393,25
CP048240.1,966235,49
CP048240.1,970360,641
CP048240.1,975076,672
CP048240.1,975178,960
CP048240.1,975201,4
CP048240.1,975264,448
CP048240.1,975708,458
CP048240.1,977582,202
CP048240.1,980046,180
CP048240.1,980051,861
CP048240.1,980058,817
CP048240.1,980181,5
CP048240.1,980183,742
CP048240.1,980188,470
CP048240.1,983052,349
CP048240.1,985340,617
CP048240.1,985375,3
CP048240.1,993593,716
CP048240.1,996697,284
CP048240.1,996974,1
CP048240.1,996981,99
CP048240.1,997018,1427
CP048240.1,997025,11
CP048240.1,997305,134
CP048240.1,997783,1
CP048240.1,997790,63
CP048240.1,997825,626
CP048240.1,997832,491
CP048240.1,997964,1
CP048240.1,998196,476
CP048240.1,998243,133
CP048240.1,999750,16
CP048240.1,1007799,121
CP048240.1,1007800,307
CP048240.1,1009824,91
CP048240.1,1009884,52
CP048240.1,1015040,82
CP048240.1,1023333,1
CP048240.1,1023340,35
CP048240.1,1023388,382
CP048240.1,1025793,321
CP048240.1,1026143,190
CP048240.1,1031551,6
CP048240.1,1031628,13
CP048240.1,1031785,9
CP048240.1,1031988,339
CP048240.1,1032000,42
CP048240.1,1032249,2
CP048240.1,1037009,22
CP048240.1,1037016,363
CP048240.1,1038409,27
CP048240.1,1038416,7
CP048240.1,1040449,38
CP048240.1,1040570,475
CP048240.1,1040602,137
CP048240.1,1040620,1
CP048240.1,1040628,533
CP048240.1,1040630,68
CP048240.1,1040861,380
CP048240.1,1040912,233
CP048240.1,1041158,141
CP048240.1,1041262,611
CP048240.1,1041555,446
CP048240.1,1044673,255
CP048240.1,1044763,353
CP048240.1,1045182,607
CP048240.1,1045343,414
CP048240.1,1047402,447
CP048240.1,1047430,150
CP048240.1,1047582,2
CP048240.1,1047589,129
CP048240.1,1050762,6
CP048240.1,1050769,1
CP048240.1,1050800,94
CP048240.1,1050847,14
CP048240.1,1053616,288
CP048240.1,1054377,390
CP048240.1,1054392,18
CP048240.1,1054686,359
CP048240.1,1057715,267
CP048240.1,1060728,1
CP048240.1,1060735,14
CP048240.1,1060873,1
CP048240.1,1062205,99
CP048240.1,1064537,4
CP048240.1,1064781,131
CP048240.1,1064913,350
CP048240.1,1064914,167
CP048240.1,1064957,1
CP048240.1,1065015,383
CP048240.1,1065036,234
CP048240.1,1065269,275
CP048240.1,1065284,460
CP048240.1,1065291,862
CP048240.1,1065528,476
CP048240.1,1065598,142
CP048240.1,1065705,1898
CP048240.1,1067660,1
CP048240.1,1067714,590
CP048240.1,1070048,18
CP048240.1,1070073,169
CP048240.1,1070382,348
CP048240.1,1070403,481
CP048240.1,1070570,92
CP048240.1,1070577,12
CP048240.1,1070674,9
CP048240.1,1070744,181
CP048240.1,1070846,100
CP048240.1,1070853,209
CP048240.1,1070887,10
CP048240.1,1072778,38
CP048240.1,1074919,436
CP048240.1,1076405,393
CP048240.1,1076634,369
CP048240.1,1076641,121
CP048240.1,1076661,6
CP048240.1,1076723,749
CP048240.1,1076730,4
CP048240.1,1076748,1
CP048240.1,1076755,99
CP048240.1,1076787,1
CP048240.1,1076794,199
CP048240.1,1076810,402
CP048240.1,1076812,375
CP048240.1,1076817,507
CP048240.1,1076850,358
CP048240.1,1076857,65
CP048240.1,1076973,47
CP048240.1,1079511,27
CP048240.1,1079518,8
CP048240.1,1082276,1
CP048240.1,1087901,557
CP048240.1,1094684,214
CP048240.1,1098206,45
CP048240.1,1098371,590
CP048240.1,1099698,65
CP048240.1,1099705,902
CP048240.1,1099761,2156
CP048240.1,1099811,73
CP048240.1,1103010,1
CP048240.1,1103036,1558
CP048240.1,1103046,12
CP048240.1,1103047,382
CP048240.1,1103117,254
CP048240.1,1103133,25
CP048240.1,1103140,1
CP048240.1,1103177,290
CP048240.1,1103202,874
CP048240.1,1114252,29
CP048240.1,1114618,407
CP048240.1,1114684,19
CP048240.1,1115897,1
CP048240.1,1116790,1
CP048240.1,1116797,78
CP048240.1,1117224,20
CP048240.1,1117231,409
CP048240.1,1117236,1
CP048240.1,1117361,345
CP048240.1,1117376,692
CP048240.1,1117389,314
CP048240.1,1117413,1
CP048240.1,1117499,182
CP048240.1,1118066,30
CP048240.1,1118511,367
CP048240.1,1118555,36
CP048240.1,1119007,691
CP048240.1,1119162,428
CP048240.1,1119324,65
CP048240.1,1119462,5
CP048240.1,1122697,78
CP048240.1,1124107,17
CP048240.1,1124193,5
CP048240.1,1124293,1
CP048240.1,1127172,859
CP048240.1,1129403,378
CP048240.1,1129410,367
CP048240.1,1129423,8
CP048240.1,1129431,391
CP048240.1,1129433,4
CP048240.1,1129447,861
CP048240.1,1129462,603
CP048240.1,1129576,1107
CP048240.1,1129583,50
CP048240.1,1130918,287
CP048240.1,1133378,1315
CP048240.1,1133385,122
CP048240.1,1135334,1
CP048240.1,1135687,1
CP048240.1,1135704,797
CP048240.1,1135753,333
CP048240.1,1137932,15
CP048240.1,1137939,477
CP048240.1,1137968,136
CP048240.1,1143495,1
CP048240.1,1143679,144
CP048240.1,1151064,2
CP048240.1,1151086,67
CP048240.1,1151274,1
CP048240.1,1151281,986
CP048240.1,1151549,1
CP048240.1,1151556,10
CP048240.1,1151781,25
CP048240.1,1151848,2
CP048240.1,1152088,1
CP048240.1,1152154,384
CP048240.1,1152636,604
CP048240.1,1157232,663
CP048240.1,1157458,167
CP048240.1,1157463,104
CP048240.1,1157488,1
CP048240.1,1157549,643
CP048240.1,1157807,42
CP048240.1,1157873,44
CP048240.1,1157880,1
CP048240.1,1157882,934
CP048240.1,1158341,289
CP048240.1,1158917,494
CP048240.1,1161274,9
CP048240.1,1161338,976
CP048240.1,1161345,701
CP048240.1,1161382,58
CP048240.1,1164808,16
CP048240.1,1164941,15
CP048240.1,1167363,144
CP048240.1,1167382,129
CP048240.1,1171024,568
CP048240.1,1171163,1
CP048240.1,1171636,70
CP048240.1,1171809,888
CP048240.1,1171936,1727
CP048240.1,1171965,979
CP048240.1,1171983,164
CP048240.1,1172101,1040
CP048240.1,1172208,249
CP048240.1,1172322,1
CP048240.1,1172348,305
CP048240.1,1172527,105
CP048240.1,1172552,533
CP048240.1,1172605,112
CP048240.1,1172607,19
CP048240.1,1174162,1
CP048240.1,1176784,121
CP048240.1,1177978,472
CP048240.1,1177980,460
CP048240.1,1180615,182
CP048240.1,1180648,68
CP048240.1,1180722,129
CP048240.1,1180737,560
CP048240.1,1181076,34
CP048240.1,1181494,56
CP048240.1,1183696,1
CP048240.1,1184486,354
CP048240.1,1186910,337
CP048240.1,1187789,8
CP048240.1,1188251,220
CP048240.1,1188282,1
CP048240.1,1188488,583
CP048240.1,1194835,32
CP048240.1,1194841,2
CP048240.1,1194853,110
CP048240.1,1197418,991
CP048240.1,1199544,693
CP048240.1,1199555,6
CP048240.1,1199560,1
CP048240.1,1200077,1
CP048240.1,1200134,243
CP048240.1,1200141,20
CP048240.1,1200517,1
CP048240.1,1204110,242
CP048240.1,1204157,41
CP048240.1,1204384,122
CP048240.1,1204391,38
CP048240.1,1204415,278
CP048240.1,1204689,24
CP048240.1,1204996,98
CP048240.1,1205175,105
CP048240.1,1205223,1
CP048240.1,1205373,31
CP048240.1,1205390,3
CP048240.1,1205392,1
CP048240.1,1211713,148
CP048240.1,1211720,104
CP048240.1,1212110,553
CP048240.1,1212117,268
CP048240.1,1212243,239
CP048240.1,1212429,98
CP048240.1,1221352,247
CP048240.1,1221383,43
CP048240.1,1221450,3
CP048240.1,1224801,385
CP048240.1,1229779,97
CP048240.1,1232841,8
CP048240.1,1233970,25
CP048240.1,1234904,241
CP048240.1,1236925,8
CP048240.1,1240257,355
CP048240.1,1240377,68
CP048240.1,1240384,266
CP048240.1,1240526,47
CP048240.1,1240706,83
CP048240.1,1240800,58
CP048240.1,1240830,10
CP048240.1,1240837,318
CP048240.1,1240864,1
CP048240.1,1241078,66
CP048240.1,1243149,1
CP048240.1,1245216,27
CP048240.1,1250749,4
CP048240.1,1250876,169
CP048240.1,1257172,147
CP048240.1,1257234,184
CP048240.1,1257238,952
CP048240.1,1257241,42
CP048240.1,1257465,92
CP048240.1,1257624,465
CP048240.1,1260077,43
CP048240.1,1260136,497
CP048240.1,1260210,147
CP048240.1,1260228,22
CP048240.1,1260273,21
CP048240.1,1260524,699
CP048240.1,1260703,47
CP048240.1,1260741,152
CP048240.1,1260749,103
CP048240.1,1260754,350
CP048240.1,1261035,5
CP048240.1,1261078,64
CP048240.1,1261104,131
CP048240.1,1261116,169
CP048240.1,1261118,787
CP048240.1,1261195,642
CP048240.1,1261199,23
CP048240.1,1261587,288
CP048240.1,1261589,2
CP048240.1,1263018,562
CP048240.1,1263218,640
CP048240.1,1263327,55
CP048240.1,1263422,1204
CP048240.1,1263446,173
CP048240.1,1263447,1
CP048240.1,1263453,839
CP048240.1,1263697,75
CP048240.1,1270142,1
CP048240.1,1270544,186
CP048240.1,1270614,493
CP048240.1,1270723,12
CP048240.1,1276058,1
CP048240.1,1276067,617
CP048240.1,1276075,1
CP048240.1,1276151,2
CP048240.1,1276153,26
CP048240.1,1276155,191
CP048240.1,1276156,14
CP048240.1,1276157,21
CP048240.1,1276159,147
CP048240.1,1276161,517
CP048240.1,1276163,1930
CP048240.1,1276211,1
CP048240.1,1276291,140
CP048240.1,1277367,136
CP048240.1,1277681,52
CP048240.1,1277741,556
CP048240.1,1277747,3
CP048240.1,1277748,29
CP048240.1,1277752,594
CP048240.1,1280169,534
CP048240.1,1280516,66
CP048240.1,1283113,38
CP048240.1,1283212,370
CP048240.1,1288702,5
CP048240.1,1288709,37
CP048240.1,1289144,65
CP048240.1,1292763,437
CP048240.1,1293160,1
CP048240.1,1293162,33
CP048240.1,1293327,83
CP048240.1,1293421,574
CP048240.1,1293506,77
CP048240.1,1293528,683
CP048240.1,1293560,388
CP048240.1,1293620,121
CP048240.1,1293622,408
CP048240.1,1293656,160
CP048240.1,1293689,200
CP048240.1,1293805,42
CP048240.1,1293896,65
CP048240.1,1293903,525
CP048240.1,1294010,1
CP048240.1,1294056,116
CP048240.1,1298666,5
CP048240.1,1298979,13
CP048240.1,1299367,4
CP048240.1,1302480,1
CP048240.1,1304845,1
CP048241.1,709,193
CP048241.1,1654,1190
CP048241.1,1990,410
CP048241.1,7152,1
CP048241.1,9284,3
CP048241.1,10107,977
CP048241.1,20427,13
CP048241.1,23542,1
CP048241.1,23893,244
CP048241.1,24184,1
CP048241.1,24562,658
CP048241.1,24758,212
CP048241.1,26809,82
CP048241.1,26890,37
CP048241.1,27187,34
CP048241.1,27324,102
CP048241.1,28722,379
CP048241.1,28864,3
CP048241.1,29537,222
CP048241.1,29598,43
CP048241.1,32837,71
CP048241.1,32906,387
CP048241.1,32912,184
CP048241.1,35215,10
CP048241.1,37178,247
CP048241.1,37392,468
CP048241.1,37645,38
CP048241.1,37821,38
CP048241.1,37831,1
CP048241.1,38351,161
CP048241.1,38705,1
CP048241.1,40398,7
CP048241.1,40696,89
CP048241.1,42702,54
CP048241.1,42793,1
CP048241.1,42844,137
CP048241.1,43123,399
CP048241.1,43158,43
CP048241.1,43218,2
CP048241.1,43278,275
CP048241.1,43333,5
CP048241.1,43354,286
CP048241.1,43434,696
CP048241.1,43436,402
CP048241.1,43492,178
CP048241.1,43545,686
CP048241.1,43746,849
CP048241.1,43753,1199
CP048241.1,44075,135
CP048241.1,44111,4
CP048241.1,44112,1850
CP048241.1,44119,452
CP048241.1,44324,175
CP048241.1,44422,402
CP048241.1,44429,307
CP048241.1,46725,22
CP048241.1,46800,127
CP048241.1,53053,1
CP048241.1,53261,440
CP048241.1,53262,1
CP048241.1,53284,130
CP048241.1,53888,1
CP048241.1,53895,1732
CP048241.1,53898,19
CP048241.1,54103,911
CP048241.1,54138,387
CP048241.1,54373,294
CP048241.1,54611,177
CP048241.1,56300,172
CP048241.1,58121,442
CP048241.1,58180,111
CP048241.1,58199,536
CP048241.1,58273,1
CP048241.1,58277,241
CP048241.1,58331,664
CP048241.1,58340,845
CP048241.1,60634,28
CP048241.1,60648,456
CP048241.1,60701,143
CP048241.1,61606,78
CP048241.1,63883,86
CP048241.1,64993,462
CP048241.1,65226,41
CP048241.1,67637,38
CP048241.1,67858,218
CP048241.1,69014,1
CP048241.1,70008,470
CP048241.1,70015,354
CP048241.1,70193,1
CP048241.1,70206,65
CP048241.1,70578,612
CP048241.1,70587,3
CP048241.1,70616,536
CP048241.1,70621,6
CP048241.1,71766,656
CP048241.1,71773,1065
CP048241.1,71849,13
CP048241.1,71899,37
CP048241.1,72219,7
CP048241.1,73026,1
CP048241.1,73280,639
CP048241.1,73574,1
CP048241.1,74194,2
CP048241.1,74201,325
CP048241.1,74216,3
CP048241.1,74222,1058
CP048241.1,74259,484
CP048241.1,74459,56
CP048241.1,74477,23
CP048241.1,74527,167
CP048241.1,75708,312
CP048241.1,75906,3
CP048241.1,76243,18
CP048241.1,76311,120
CP048241.1,77228,70
CP048241.1,77243,4
CP048241.1,79853,6
CP048241.1,84820,514
CP048241.1,90385,16
CP048241.1,90641,4
CP048241.1,90683,53
CP048241.1,91038,523
CP048241.1,91075,599
CP048241.1,91083,556
CP048241.1,91112,300
CP048241.1,91241,2
CP048241.1,93056,48
CP048241.1,93083,262
CP048241.1,93317,399
CP048241.1,93723,92
CP048241.1,93860,1
CP048241.1,94380,326
CP048241.1,95868,264
CP048241.1,95950,65
CP048241.1,96776,22
CP048241.1,96898,1
CP048241.1,96945,156
CP048241.1,97003,833
CP048241.1,97012,201
CP048241.1,97032,394
CP048241.1,97041,11
CP048241.1,97049,6
CP048241.1,97093,53
CP048241.1,106527,1
CP048241.1,106586,32
CP048241.1,109776,468
CP048241.1,109883,36
CP048241.1,110254,3
CP048241.1,110378,100
CP048241.1,110401,27
CP048241.1,110443,427
CP048241.1,112650,1
CP048241.1,112728,1236
CP048241.1,112772,2
CP048241.1,112825,431
CP048241.1,112858,691
CP048241.1,112860,1
CP048241.1,112957,1597
CP048241.1,113339,1326
CP048241.1,115439,191
CP048241.1,115444,2
CP048241.1,115464,439
CP048241.1,116126,152
CP048241.1,116236,494
CP048241.1,116430,1
CP048241.1,116441,68
CP048241.1,116448,18
CP048241.1,116462,330
CP048241.1,116497,24
CP048241.1,116526,1
CP048241.1,116645,1
CP048241.1,116654,716
CP048241.1,116695,169
CP048241.1,116700,137
CP048241.1,118147,29
CP048241.1,118605,250
CP048241.1,120821,341
CP048241.1,120902,853
CP048241.1,120982,414
CP048241.1,123456,12
CP048241.1,123516,1
CP048241.1,123542,240
CP048241.1,123642,409
CP048241.1,123649,1062
CP048241.1,135607,670
CP048241.1,139212,572
CP048241.1,146627,55
CP048241.1,146634,330
CP048241.1,146654,1170
CP048241.1,146670,200
CP048241.1,146833,157
CP048241.1,146840,1
CP048241.1,146863,35
CP048241.1,146878,437
CP048241.1,147088,460
CP048241.1,147732,32
CP048241.1,148386,2
CP048241.1,151655,594
CP048241.1,155003,558
CP048241.1,155010,684
CP048241.1,155035,1
CP048241.1,155110,168
CP048241.1,155117,1070
CP048241.1,155195,447
CP048241.1,159180,1
CP048241.1,159514,86
CP048241.1,159574,22
CP048241.1,159652,386
CP048241.1,159659,65
CP048241.1,159746,411
CP048241.1,159751,495
CP048241.1,159860,479
CP048241.1,160007,250
CP048241.1,165463,1
CP048241.1,166671,708
CP048241.1,167057,1
CP048241.1,167080,606
CP048241.1,167089,1
CP048241.1,167136,861
CP048241.1,172750,366
CP048241.1,174971,19
CP048241.1,177017,2
CP048241.1,184930,1
CP048241.1,184977,75
CP048241.1,185032,28
CP048241.1,185333,1
CP048241.1,185348,10
CP048241.1,185354,223
CP048241.1,185415,3
CP048241.1,187886,2
CP048241.1,187999,749
CP048241.1,188021,1
CP048241.1,188027,840
CP048241.1,188031,48
CP048241.1,188057,435
CP048241.1,188060,308
CP048241.1,188074,449
CP048241.1,188079,373
CP048241.1,188081,567
CP048241.1,188155,49
CP048241.1,188168,3
CP048241.1,188180,29
CP048241.1,188218,1
CP048241.1,188469,892
CP048241.1,188562,342
CP048241.1,188689,123
CP048241.1,188696,330
CP048241.1,188705,192
CP048241.1,189601,1
CP048241.1,189713,133
CP048241.1,195353,353
CP048241.1,196606,80
CP048241.1,206412,239
CP048241.1,209718,322
CP048241.1,212264,27
CP048241.1,212373,469
CP048241.1,214764,350
CP048241.1,223016,1
CP048241.1,223111,38
CP048241.1,223214,250
CP048241.1,223221,322
CP048241.1,223308,278
CP048241.1,223329,9
CP048241.1,223430,581
CP048241.1,223507,1003
CP048241.1,223509,684
CP048241.1,223580,2
CP048241.1,223628,126
CP048241.1,224014,2
CP048241.1,224082,849
CP048241.1,224152,1
CP048241.1,224304,424
CP048241.1,224311,2
CP048241.1,224340,4
CP048241.1,226168,31
CP048241.1,226853,619
CP048241.1,226908,88
CP048241.1,226915,24
CP048241.1,226987,509
CP048241.1,226994,564
CP048241.1,227146,89
CP048241.1,227181,374
CP048241.1,227188,44
CP048241.1,227364,110
CP048241.1,228396,414
CP048241.1,231921,16
CP048241.1,232481,327
CP048241.1,232626,481
CP048241.1,241685,386
CP048241.1,242117,592
CP048241.1,242147,167
CP048241.1,243474,266
CP048241.1,249480,1
CP048241.1,254083,6
CP048241.1,254942,107
CP048241.1,256684,604
CP048241.1,256879,10
CP048241.1,259214,730
CP048241.1,264824,241
CP048241.1,264899,65
CP048241.1,266239,127
CP048241.1,266269,215
CP048241.1,266379,5
CP048241.1,271143,522
CP048241.1,271322,250
CP048241.1,274050,231
CP048241.1,274606,109
CP048241.1,275634,201
CP048241.1,275662,397
CP048241.1,275821,709
CP048241.1,275823,1
CP048241.1,275876,1
CP048241.1,275886,675
CP048241.1,282143,33
CP048241.1,282173,577
CP048241.1,282194,192
CP048241.1,282347,20
CP048241.1,283910,26
CP048241.1,289333,854
CP048241.1,289420,291
CP048241.1,292748,1642
CP048241.1,292755,159
CP048241.1,294773,602
CP048241.1,294925,4
CP048241.1,297461,174
CP048241.1,297468,79
CP048241.1,297605,1183
CP048241.1,297708,684
CP048241.1,297715,174
CP048241.1,297722,730
CP048241.1,297768,813
CP048241.1,297784,1
CP048241.1,297853,340
CP048241.1,297854,1
CP048241.1,297861,12
CP048241.1,297903,18
CP048241.1,297910,1
CP048241.1,297944,1867
CP048241.1,297951,3
CP048241.1,298007,190
CP048241.1,301316,120
CP048241.1,302389,171
CP048241.1,309507,1
CP048241.1,314385,168
CP048241.1,314392,488
CP048241.1,318151,69
CP048241.1,322459,53
CP048241.1,323746,11
CP048241.1,323796,7
CP048241.1,323813,499
CP048241.1,323826,1
CP048241.1,327232,528
CP048241.1,335831,285
CP048241.1,335838,889
CP048241.1,336897,171
CP048241.1,336954,35
CP048241.1,337238,335
CP048241.1,337376,104
CP048241.1,337383,1161
CP048241.1,337569,1
CP048241.1,337668,559
CP048241.1,337955,450
CP048241.1,337987,22
CP048241.1,341213,3
CP048241.1,344657,92
CP048241.1,344712,127
CP048241.1,346615,185
CP048241.1,346798,787
CP048241.1,350382,293
CP048241.1,350575,5
CP048241.1,350952,580
CP048241.1,351076,87
CP048241.1,351083,336
CP048241.1,351186,17
CP048241.1,351429,75
CP048241.1,352128,315
CP048241.1,352183,316
CP048241.1,353436,6
CP048241.1,353538,30
CP048241.1,353611,1
CP048241.1,353716,420
CP048241.1,353762,826
CP048241.1,353914,178
CP048241.1,354877,103
CP048241.1,354879,1
CP048241.1,354897,860
CP048241.1,354994,759
CP048241.1,355129,682
CP048241.1,355279,842
CP048241.1,355309,35
CP048241.1,355316,1008
CP048241.1,355384,72
CP048241.1,355391,655
CP048241.1,355410,50
CP048241.1,358402,81
CP048241.1,358857,226
CP048241.1,360699,319
CP048241.1,364928,4
CP048241.1,367204,213
CP048241.1,367392,36
CP048241.1,367626,889
CP048241.1,367660,1046
CP048241.1,370429,1
CP048241.1,370436,719
CP048241.1,374134,54
CP048241.1,374389,261
CP048241.1,375028,605
CP048241.1,375682,18
CP048241.1,375747,461
CP048241.1,375789,246
CP048241.1,375796,79
CP048241.1,377105,1
CP048241.1,377274,35
CP048241.1,377563,7
CP048241.1,377609,100
CP048241.1,381058,165
CP048241.1,381066,522
CP048241.1,381103,431
CP048241.1,381125,206
CP048241.1,381146,271
CP048241.1,381203,65
CP048241.1,381222,25
CP048241.1,381342,401
CP048241.1,381369,48
CP048241.1,383004,122
CP048241.1,386477,23
CP048241.1,386778,646
CP048241.1,386782,485
CP048241.1,386855,5
CP048241.1,387059,68
CP048241.1,387279,740
CP048241.1,387306,81
CP048241.1,387311,7
CP048241.1,387778,4
CP048241.1,389385,136
CP048241.1,389386,457
CP048241.1,389556,1
CP048241.1,389558,147
CP048241.1,389767,164
CP048241.1,391585,446
CP048241.1,391670,37
CP048241.1,391937,35
CP048241.1,394637,542
CP048241.1,397480,23
CP048241.1,397841,343
CP048241.1,404755,16
CP048241.1,404784,1
CP048241.1,404791,75
CP048241.1,404826,384
CP048241.1,404893,114
CP048241.1,405080,25
CP048241.1,406813,1
CP048241.1,408259,194
CP048241.1,408346,129
CP048241.1,408480,3
CP048241.1,412635,79
CP048241.1,416865,219
CP048241.1,419677,98
CP048241.1,422036,220
CP048241.1,422047,8
CP048241.1,422344,503
CP048241.1,422859,514
CP048241.1,422865,69
CP048241.1,422999,456
CP048241.1,424244,26
CP048241.1,424251,1
CP048241.1,425857,312
CP048241.1,425864,92
CP048241.1,425883,3
CP048241.1,430005,391
CP048241.1,431689,1
CP048241.1,431795,190
CP048241.1,432178,372
CP048241.1,432320,108
CP048241.1,444054,37
CP048241.1,444234,340
CP048241.1,444242,3
CP048241.1,445185,540
CP048241.1,445753,1
CP048241.1,445857,33
CP048241.1,445979,1
CP048241.1,446043,768
CP048241.1,446156,353
CP048241.1,446571,16
CP048241.1,446680,392
CP048241.1,446810,116
CP048241.1,448573,667
CP048241.1,449855,7
CP048241.1,450661,226
CP048241.1,450775,8
CP048241.1,456220,12
CP048241.1,456406,635
CP048241.1,456442,522
CP048241.1,456450,132
CP048241.1,456479,314
CP048241.1,456553,823
CP048241.1,456754,537
CP048241.1,456873,244
CP048241.1,457043,20
CP048241.1,457118,290
CP048241.1,457129,172
CP048241.1,457355,5252
CP048241.1,457362,11
CP048241.1,457604,17
CP048241.1,457606,118
CP048241.1,457613,3
CP048241.1,460813,307
CP048241.1,461044,175
CP048241.1,461136,1
CP048241.1,461177,378
CP048241.1,461300,1
CP048241.1,461470,135
CP048241.1,461558,22
CP048241.1,462501,279
CP048241.1,462931,66
CP048241.1,462992,1
CP048241.1,463099,52
CP048241.1,463106,12
CP048241.1,463109,347
CP048241.1,463116,447
CP048241.1,463405,225
CP048241.1,467361,520
CP048241.1,467363,670
CP048241.1,467399,1
CP048241.1,467498,32
CP048241.1,467500,874
CP048241.1,467507,721
CP048241.1,467516,233
CP048241.1,468369,29
CP048241.1,468841,540
CP048241.1,469212,5
CP048241.1,469597,358
CP048241.1,470897,10
CP048241.1,472198,49
CP048241.1,472223,1
CP048241.1,473613,562
CP048241.1,476782,28
CP048241.1,476832,5
CP048241.1,477325,278
CP048241.1,477356,704
CP048241.1,477889,369
CP048241.1,477978,45
CP048241.1,478097,112
CP048241.1,478424,147
CP048241.1,478542,12
CP048241.1,478622,48
CP048241.1,478665,533
CP048241.1,478700,166
CP048241.1,478703,1373
CP048241.1,478714,7
CP048241.1,478846,1
CP048241.1,483878,322
CP048241.1,486204,66
CP048241.1,486500,1
CP048241.1,486747,62
CP048241.1,486754,348
CP048241.1,486778,282
CP048241.1,487187,62
CP048241.1,489491,65
CP048241.1,489518,6
CP048241.1,489631,159
CP048241.1,489738,1
CP048241.1,489870,101
CP048241.1,490016,1068
CP048241.1,490105,348
CP048241.1,490215,2
CP048241.1,490259,4
CP048241.1,490266,419
CP048241.1,490309,4
CP048241.1,490315,6
CP048241.1,490412,562
CP048241.1,490416,22
CP048241.1,490418,15
CP048241.1,490419,290
CP048241.1,490683,1
CP048241.1,490685,421
CP048241.1,490686,1
CP048241.1,490696,1
CP048241.1,490802,169
CP048241.1,492350,567
CP048241.1,492927,210
CP048241.1,494403,4
CP048241.1,495121,114
CP048241.1,495566,560
CP048241.1,498363,234
CP048241.1,499174,772
CP048241.1,500193,372
CP048241.1,500492,39
CP048241.1,500667,469
CP048241.1,501038,492
CP048241.1,501450,33
CP048241.1,504249,27
CP048241.1,504974,476
CP048241.1,505011,112
CP048241.1,505018,1
CP048241.1,505055,1415
CP048241.1,506741,11
CP048241.1,506872,6
CP048241.1,506879,74
CP048241.1,506910,12
CP048241.1,509992,132
CP048241.1,513387,14
CP048241.1,515011,59
CP048241.1,518832,269
CP048241.1,518836,2
CP048241.1,518839,36
CP048241.1,518970,46
CP048241.1,521305,684
CP048241.1,521516,246
CP048241.1,522274,60
CP048241.1,522605,204
CP048241.1,526166,10
CP048241.1,532390,184
CP048241.1,542252,421
CP048241.1,542259,114
CP048241.1,542338,56
CP048241.1,542616,250
CP048241.1,544138,739
CP048241.1,544141,913
CP048241.1,544148,496
CP048241.1,544369,44
CP048241.1,544371,225
CP048241.1,544434,218
CP048241.1,544577,130
CP048241.1,544601,33
CP048241.1,547292,329
CP048241.1,547296,207
CP048241.1,551090,86
CP048241.1,551110,58
CP048241.1,555193,776
CP048241.1,555235,68
CP048241.1,555241,1
CP048241.1,555367,469
CP048241.1,557248,772
CP048241.1,557407,598
CP048241.1,557994,93
CP048241.1,559452,277
CP048241.1,559529,560
CP048241.1,559933,533
CP048241.1,560529,391
CP048241.1,561255,720
CP048241.1,561257,815
CP048241.1,563879,143
CP048241.1,566510,28
CP048241.1,570259,510
CP048241.1,570266,395
CP048241.1,570324,14
CP048241.1,570878,9
CP048241.1,570939,560
CP048241.1,570971,441
CP048241.1,571673,18
CP048241.1,571729,79
CP048241.1,571854,3
CP048241.1,574984,161
CP048241.1,575259,526
CP048241.1,575313,281
CP048241.1,575559,437
CP048241.1,576535,552
CP048241.1,577488,747
CP048241.1,579308,438
CP048241.1,581878,1
CP048241.1,582059,632
CP048241.1,582084,106
CP048241.1,583080,449
CP048241.1,583114,401
CP048241.1,585733,310
CP048241.1,586329,185
CP048241.1,586333,551
CP048241.1,586371,252
CP048241.1,588822,1
CP048241.1,589410,577
CP048241.1,589418,281
CP048241.1,589419,3
CP048241.1,589500,1
CP048241.1,589646,530
CP048241.1,589664,3
CP048241.1,589800,730
CP048241.1,589807,10
CP048241.1,590267,77
CP048241.1,590513,231
CP048241.1,590515,152
CP048241.1,598287,61
CP048241.1,598297,594
CP048241.1,598304,377
CP048241.1,599538,294
CP048241.1,600831,301
CP048241.1,602242,9
CP048241.1,602277,64
CP048241.1,602283,17
CP048241.1,608806,385
CP048241.1,608872,35
CP048241.1,609275,86
CP048241.1,609915,672
CP048241.1,609945,128
CP048241.1,610040,1
CP048241.1,610112,604
CP048241.1,610772,60
CP048241.1,610962,404
CP048241.1,611113,4
CP048241.1,611150,217
CP048241.1,611169,1
CP048241.1,611223,263
CP048241.1,612966,323
CP048241.1,613373,95
CP048241.1,613382,319
CP048241.1,613584,463
CP048241.1,613875,2
CP048241.1,613888,295
CP048241.1,615838,1
CP048241.1,618701,1
CP048241.1,618764,18
CP048241.1,618771,110
CP048241.1,618946,26
CP048241.1,624505,61
CP048241.1,624913,483
CP048241.1,624914,5
CP048241.1,624915,1
CP048241.1,624956,684
CP048241.1,624964,51
CP048241.1,624979,657
CP048241.1,624993,59
CP048241.1,624995,27
CP048241.1,625036,468
CP048241.1,625057,6
CP048241.1,625117,62
CP048241.1,625380,1
CP048241.1,625387,1749
CP048241.1,625456,745
CP048241.1,626033,43
CP048241.1,626393,1
CP048241.1,636421,575
CP048241.1,639088,143
CP048241.1,639095,309
CP048241.1,639271,225
CP048241.1,640063,2
CP048241.1,640335,167
CP048241.1,640339,297
CP048241.1,640432,4
CP048241.1,640848,2
CP048241.1,641313,163
CP048241.1,641561,134
CP048241.1,641924,1
CP048241.1,643680,206
CP048241.1,644308,39
CP048241.1,647868,413
CP048241.1,647872,12
CP048241.1,648272,654
CP048241.1,648443,827
CP048241.1,653207,150
CP048241.1,653250,532
CP048241.1,655651,59
CP048241.1,655685,14
CP048241.1,656242,1
CP048241.1,656690,2
CP048241.1,656939,128
CP048241.1,659254,101
CP048241.1,659309,84
CP048241.1,659311,4
CP048241.1,659854,359
CP048241.1,659861,1
CP048241.1,661060,122
CP048241.1,661105,102
CP048241.1,661270,477
CP048241.1,661482,62
CP048241.1,661783,683
CP048241.1,662110,559
CP048241.1,662160,239
CP048241.1,662167,1
CP048241.1,662171,172
CP048241.1,662301,71
CP048241.1,664179,834
CP048241.1,664337,292
CP048241.1,664340,2
CP048241.1,664451,434
CP048241.1,664791,7
CP048241.1,664859,399
CP048241.1,664866,447
CP048241.1,664987,121
CP048241.1,665182,121
CP048241.1,665210,455
CP048241.1,665276,2
CP048241.1,667682,3
CP048241.1,667692,98
CP048241.1,670271,119
CP048241.1,670639,83
CP048241.1,670886,71
CP048241.1,671942,77
CP048241.1,672024,572
CP048241.1,672244,203
CP048241.1,672247,150
CP048241.1,672253,57
CP048241.1,672269,332
CP048241.1,672542,64
CP048241.1,677031,346
CP048241.1,679198,23
CP048241.1,679563,455
CP048241.1,682580,1
CP048241.1,683754,407
CP048241.1,683835,555
CP048241.1,683842,68
CP048241.1,683867,7
CP048241.1,683896,332
CP048241.1,683898,374
CP048241.1,684333,518
CP048241.1,685574,1
CP048241.1,685836,6
CP048241.1,685927,30
CP048241.1,686001,415
CP048241.1,686124,160
CP048241.1,686172,220
CP048241.1,686255,73
CP048241.1,686260,2
CP048241.1,689373,1
CP048241.1,689379,924
CP048241.1,689543,2
CP048241.1,689573,1
CP048241.1,689672,1
CP048241.1,689805,554
CP048241.1,689935,220
CP048241.1,689942,2
CP048241.1,689968,12
CP048241.1,690023,1
CP048241.1,690188,6
CP048241.1,690714,93
CP048241.1,690821,657
CP048241.1,690822,291
CP048241.1,691003,976
CP048241.1,691094,706
CP048241.1,693529,375
CP048241.1,693594,2
CP048241.1,693765,297
CP048241.1,693772,137
CP048241.1,693839,235
CP048241.1,693902,1
CP048241.1,693909,1
CP048241.1,694249,67
CP048241.1,695450,22
CP048241.1,700699,49
CP048241.1,704715,181
CP048241.1,704869,1
CP048241.1,705071,811
CP048241.1,705156,66
CP048241.1,705181,7
CP048241.1,711262,10
CP048241.1,712798,18
CP048241.1,715164,49
CP048241.1,724647,114
CP048241.1,726406,125
CP048241.1,726557,30
CP048241.1,726588,20
CP048241.1,726669,23
CP048241.1,727231,561
CP048241.1,727238,154
CP048241.1,728418,495
CP048241.1,731223,108
CP048241.1,731372,521
CP048241.1,731374,101
CP048241.1,731582,9
CP048241.1,731652,148
CP048241.1,732698,1
CP048241.1,733701,506
CP048241.1,733753,386
CP048241.1,733760,585
CP048241.1,739509,721
CP048241.1,745023,12
CP048241.1,745457,168
CP048241.1,745508,411
CP048241.1,745680,10
CP048241.1,746216,185
CP048241.1,747991,338
CP048241.1,748549,6
CP048241.1,749278,123
CP048241.1,749720,734
CP048241.1,749845,523
CP048241.1,751970,12
CP048241.1,752042,803
CP048241.1,752650,1
CP048241.1,752665,8
CP048241.1,752702,155
CP048241.1,752708,9
CP048241.1,752709,246
CP048241.1,757053,558
CP048241.1,757158,1
CP048241.1,758023,689
CP048241.1,758369,260
CP048241.1,758409,182
CP048241.1,758427,186
CP048241.1,758442,438
CP048241.1,758509,774
CP048241.1,758516,380
CP048241.1,758753,204
CP048241.1,761041,18
CP048241.1,762384,18
CP048241.1,764304,1
CP048241.1,764311,23
CP048241.1,764379,3
CP048241.1,764565,4
CP048241.1,764847,1462
CP048241.1,764854,54
CP048241.1,768530,249
CP048241.1,768537,234
CP048241.1,768544,470
CP048241.1,768724,1
CP048241.1,769130,831
CP048241.1,769162,259
CP048241.1,774134,510
CP048241.1,775370,2
CP048241.1,775445,461
CP048241.1,775486,13
CP048241.1,776090,16
CP048241.1,776325,638
CP048241.1,779955,181
CP048241.1,779962,178
CP048241.1,783077,20
CP048241.1,783212,221
CP048241.1,783219,1
CP048241.1,783360,524
CP048241.1,783624,9
CP048241.1,783626,17
CP048241.1,783666,319
CP048241.1,784083,1351
CP048241.1,784251,341
CP048241.1,787125,469
CP048241.1,787189,11
CP048241.1,788982,1
CP048241.1,789441,424
CP048241.1,789966,7
CP048241.1,790560,616
CP048241.1,790569,3
CP048241.1,790618,119
CP048241.1,790743,1
CP048241.1,790845,66
CP048241.1,792064,381
CP048241.1,792647,342
CP048241.1,792697,129
CP048241.1,792883,29
CP048241.1,793123,398
CP048241.1,793690,581
CP048241.1,793697,620
CP048241.1,793700,409
CP048241.1,793772,17
CP048241.1,793775,34
CP048241.1,794005,11
CP048241.1,794012,1
CP048241.1,794287,1
CP048241.1,794416,1
CP048241.1,794417,461
CP048241.1,794418,3
CP048241.1,794434,685
CP048241.1,794517,1
CP048241.1,794524,1
CP048241.1,794583,458
CP048241.1,794585,271
CP048241.1,794592,273
CP048241.1,794594,429
CP048241.1,794635,1
CP048241.1,798444,68
CP048241.1,798583,16
CP048241.1,798860,43
CP048241.1,799295,4
CP048241.1,799789,242
CP048241.1,799840,112
CP048241.1,799872,819
CP048241.1,802654,195
CP048241.1,804624,295
CP048241.1,810015,1
CP048241.1,815572,152
CP048241.1,815579,120
CP048241.1,815719,73
CP048241.1,815742,370
CP048241.1,816475,9
CP048241.1,819007,172
CP048241.1,819112,253
CP048241.1,824662,1
CP048241.1,824665,495
CP048241.1,824669,2
CP048241.1,824694,101
CP048241.1,826439,15
CP048241.1,826491,1
CP048241.1,826586,610
CP048241.1,827366,353
CP048241.1,832351,328
CP048241.1,834719,243
CP048241.1,834734,181
CP048241.1,834741,53
CP048241.1,834805,40
CP048241.1,835020,346
CP048241.1,835027,24
CP048241.1,838220,429
CP048241.1,838245,35
CP048241.1,838399,577
CP048241.1,838538,2
CP048241.1,838853,918
CP048241.1,838901,98
CP048241.1,838922,1162
CP048241.1,838968,5
CP048241.1,838972,215
CP048241.1,841291,703
CP048241.1,841297,508
CP048241.1,841298,447
CP048241.1,841304,311
CP048241.1,843850,635
CP048241.1,845955,10
CP048241.1,846062,4
CP048241.1,846220,12
CP048241.1,848901,524
CP048241.1,848933,1
CP048241.1,848934,343
CP048241.1,849028,1
CP048241.1,849046,178
CP048241.1,849053,311
CP048241.1,851437,695
CP048241.1,851476,25
CP048241.1,851852,442
CP048241.1,852064,645
CP048241.1,852116,1
CP048241.1,852538,156
CP048241.1,853441,254
CP048241.1,853584,130
CP048241.1,853762,88
CP048241.1,853930,82
CP048241.1,854031,2078
CP048241.1,854038,343
CP048241.1,854756,116
CP048241.1,854830,148
CP048241.1,854944,252
CP048241.1,857223,348
CP048241.1,857509,52
CP048241.1,857645,2
CP048241.1,859294,805
CP048241.1,860480,456
CP048241.1,860784,127
CP048241.1,864835,475
CP048241.1,865033,574
CP048241.1,865487,21
CP048241.1,866328,20
CP048241.1,866465,1949
CP048241.1,866552,2
CP048241.1,867439,133
CP048241.1,870397,279
CP048241.1,870398,2
CP048241.1,875636,425
CP048241.1,875643,27
CP048241.1,875748,7
CP048241.1,878650,14
CP048241.1,878706,207
CP048241.1,882837,2
CP048241.1,883129,7
CP048241.1,883217,1
CP048241.1,883311,225
CP048241.1,883349,8
CP048241.1,883441,166
CP048241.1,883966,466
CP048241.1,885298,398
CP048241.1,885300,381
CP048241.1,885302,280
CP048241.1,885315,230
CP048241.1,885326,652
CP048241.1,889935,56
CP048241.1,889999,199
CP048241.1,890006,1
CP048241.1,890399,490
CP048241.1,892018,113
CP048241.1,892400,156
CP048241.1,893470,56
CP048241.1,893586,145
CP048241.1,893710,384
CP048241.1,893985,1
CP048241.1,894081,873
CP048241.1,894239,380
CP048241.1,894246,1
CP048241.1,894252,644
CP048241.1,894265,109
CP048241.1,896626,47
CP048241.1,899845,1
CP048241.1,899908,519
CP048241.1,899915,2
CP048241.1,899922,179
CP048241.1,900043,574
CP048241.1,900076,664
CP048241.1,900121,49
CP048241.1,900138,746
CP048241.1,900147,3
CP048241.1,900302,371
CP048241.1,900309,492
CP048241.1,900534,618
CP048241.1,901309,16
CP048241.1,901471,50
CP048241.1,905258,563
CP048241.1,905781,7
CP048241.1,908650,11
CP048241.1,908696,850
CP048241.1,908703,554
CP048241.1,910224,721
CP048241.1,910231,80
CP048241.1,910281,246
CP048241.1,910397,308
CP048241.1,910411,524
CP048241.1,910413,1
CP048241.1,910420,692
CP048241.1,910422,16
CP048241.1,910441,42
CP048241.1,910720,224
CP048241.1,910725,105
CP048241.1,910740,1
CP048241.1,910742,90
CP048241.1,910743,4
CP048241.1,910749,738
CP048241.1,911491,49
CP048241.1,911523,37
CP048241.1,911547,264
CP048241.1,911614,553
CP048241.1,911733,122
CP048241.1,911753,931
CP048241.1,911840,5
CP048241.1,911918,138
CP048241.1,912176,730
CP048241.1,912998,364
CP048241.1,914887,1
CP048241.1,914987,348
CP048241.1,915748,326
CP048241.1,917973,1
CP048241.1,918415,242
CP048241.1,919326,145
CP048241.1,919361,149
CP048241.1,919401,138
CP048241.1,919507,262
CP048241.1,919509,873
CP048241.1,919714,108
CP048241.1,919730,730
CP048241.1,919737,410
CP048241.1,919761,748
CP048241.1,919798,807
CP048241.1,919911,7
CP048241.1,919986,974
CP048241.1,919993,1155
CP048241.1,920013,753
CP048241.1,920191,30
CP048241.1,920228,1
CP048241.1,922768,43
CP048241.1,923128,694
CP048241.1,923135,309
CP048241.1,923162,1
CP048241.1,923175,112
CP048241.1,923181,484
CP048241.1,923236,897
CP048241.1,923279,55
CP048241.1,923411,635
CP048241.1,923426,261
CP048241.1,923479,370
CP048241.1,923583,526
CP048241.1,925432,12
CP048241.1,927093,81
CP048241.1,927164,1
CP048241.1,927246,255
CP048241.1,927261,89
CP048241.1,927292,453
CP048241.1,927340,79
CP048241.1,927387,110
CP048241.1,927408,1415
CP048241.1,927416,1
CP048241.1,927417,895
CP048241.1,927441,1573
CP048241.1,927448,921
CP048241.1,927449,1211
CP048241.1,927456,11
CP048241.1,927498,6
CP048241.1,927505,425
CP048241.1,927564,6
CP048241.1,927572,1298
CP048241.1,927579,689
CP048241.1,927636,30
CP048241.1,927638,702
CP048241.1,927640,475
CP048241.1,927645,1627
CP048241.1,927647,1145
CP048241.1,927727,441
CP048241.1,927733,73
CP048241.1,928108,188
CP048241.1,928274,26
CP048241.1,928371,187
CP048241.1,928613,1
CP048241.1,931209,1
CP048241.1,931393,374
CP048241.1,931397,45
CP048241.1,931744,10
CP048241.1,932198,127
CP048241.1,932519,420
CP048241.1,933296,13
CP048241.1,934321,19
CP048241.1,934792,661
CP048241.1,935692,24
CP048241.1,936367,426
CP048241.1,936494,313
CP048241.1,940221,494
CP048241.1,940293,154
CP048241.1,940414,81
CP048241.1,940432,851
CP048241.1,940540,10
CP048241.1,940622,433
CP048241.1,942714,75
CP048241.1,942759,349
CP048241.1,942898,1
CP048241.1,942922,592
CP048241.1,942937,262
CP048241.1,942973,9
CP048241.1,943010,47
CP048241.1,943082,779
CP048241.1,949249,530
CP048241.1,949559,134
CP048241.1,949634,140
CP048241.1,949952,245
CP048241.1,950001,334
CP048241.1,950117,1
CP048241.1,950335,175
CP048241.1,950832,44
CP048241.1,950972,785
CP048241.1,951085,8
CP048241.1,951149,20
CP048241.1,951164,637
CP048241.1,951299,6
CP048241.1,958101,4
CP048241.1,969334,295
CP048241.1,970800,1
CP048241.1,975064,314
CP048241.1,975240,681
CP048241.1,975298,11
CP048241.1,975465,46
CP048241.1,978234,540
CP048241.1,978806,229
CP048241.1,980182,109
CP048241.1,980556,1
CP048241.1,982445,28
CP048241.1,982658,242
CP048241.1,982775,5
CP048241.1,982877,129
CP048241.1,983617,42
CP048241.1,983963,257
CP048241.1,983982,51
CP048241.1,984076,55
CP048241.1,984103,538
CP048241.1,984123,782
CP048241.1,984189,82
CP048241.1,984250,1
CP048241.1,985019,896
CP048241.1,985026,513
CP048241.1,985170,101
CP048241.1,985182,66
CP048241.1,985262,328
CP048241.1,985346,598
CP048241.1,985380,1
CP048241.1,985542,640
CP048241.1,985806,143
CP048241.1,985813,123
CP048241.1,985895,36
CP048241.1,985902,287
CP048241.1,985927,141
CP048241.1,986038,48
CP048241.1,986436,1
CP048241.1,991334,1087
CP048241.1,991902,5
CP048241.1,991922,473
CP048241.1,991929,363
CP048241.1,991986,16
CP048241.1,992980,94
CP048241.1,999244,9
CP048241.1,999825,5
CP048241.1,1000247,741
CP048241.1,1000309,667
CP048241.1,1000317,186
CP048241.1,1003532,3
CP048241.1,1005065,76
CP048241.1,1005140,6
CP048241.1,1005145,401
CP048241.1,1005147,510
CP048241.1,1005290,71
CP048241.1,1005336,644
CP048241.1,1008274,539
CP048241.1,1008281,387
CP048241.1,1008379,39
CP048241.1,1008956,483
CP048241.1,1013319,1
CP048241.1,1018123,730
CP048241.1,1018192,25
CP048241.1,1018467,30
CP048241.1,1020997,368
CP048241.1,1021024,2
CP048241.1,1021116,409
CP048241.1,1021823,364
CP048241.1,1021886,2312
CP048241.1,1022263,1
CP048241.1,1022296,23
CP048241.1,1022310,249
CP048241.1,1022316,178
CP048241.1,1022319,126
CP048241.1,1022345,4
CP048241.1,1022515,1
CP048241.1,1022524,279
CP048241.1,1022531,657
CP048241.1,1024765,125
CP048241.1,1027888,1247
CP048241.1,1028224,559
CP048241.1,1028382,61
CP048241.1,1031412,169
CP048241.1,1031556,354
CP048241.1,1031574,405
CP048241.1,1031581,22
CP048241.1,1031605,46
CP048241.1,1031606,12
CP048241.1,1031612,30
CP048241.1,1031662,215
CP048241.1,1032530,336
CP048241.1,1032617,387
CP048241.1,1032928,1056
CP048241.1,1037171,520
CP048241.1,1037268,203
CP048241.1,1037338,460
CP048241.1,1037359,441
CP048241.1,1037366,26
CP048241.1,1037403,84
CP048241.1,1039120,539
CP048241.1,1040908,1066
CP048241.1,1043284,5
CP048241.1,1048449,27
CP048241.1,1048641,1
CP048241.1,1052306,21
CP048241.1,1052897,57
CP048241.1,1053010,116
CP048241.1,1055826,728
CP048241.1,1055833,366
CP048241.1,1057827,6
CP048241.1,1059811,1
CP048241.1,1063371,92
CP048241.1,1063495,248
CP048241.1,1063503,390
CP048241.1,1063523,16
CP048241.1,1063525,420
CP048241.1,1063534,1
CP048241.1,1063603,89
CP048241.1,1063640,470
CP048241.1,1066068,209
CP048241.1,1066075,11
CP048241.1,1066252,115
CP048241.1,1066259,1
CP048241.1,1066322,311
CP048241.1,1067739,1
CP048241.1,1069450,5
CP048241.1,1069615,82
CP048241.1,1074731,494
CP048241.1,1077439,15
CP048241.1,1077489,1
CP048241.1,1077496,422
CP048241.1,1079078,16
CP048241.1,1079150,9
CP048241.1,1079208,35
CP048241.1,1081310,251
CP048241.1,1082878,648
CP048241.1,1082966,164
CP048241.1,1083038,360
CP048241.1,1083051,142
CP048241.1,1083119,320
CP048241.1,1083165,660
CP048241.1,1085531,2
CP048241.1,1087616,52
CP048241.1,1087679,1
CP048241.1,1087711,802
CP048241.1,1087713,3
CP048241.1,1087720,1
CP048241.1,1091380,69
CP048241.1,1096916,2
CP048241.1,1098391,226
CP048241.1,1102885,1
CP048241.1,1102897,55
CP048241.1,1103116,477
CP048241.1,1103188,73
CP048241.1,1103206,262
CP048241.1,1103214,123
CP048241.1,1103260,424
CP048241.1,1103356,3
CP048241.1,1103403,431
CP048241.1,1103689,169
CP048241.1,1104080,10
CP048241.1,1104555,58
CP048241.1,1106655,90
CP048241.1,1106680,757
CP048241.1,1106687,398
CP048241.1,1106743,75
CP048241.1,1106784,3
CP048241.1,1106856,28
CP048241.1,1107037,478
CP048241.1,1107353,84
CP048241.1,1108524,1
CP048241.1,1114361,1
CP048241.1,1114368,426
CP048241.1,1114706,534
CP048241.1,1116132,424
CP048241.1,1120526,155
CP048241.1,1127378,272
CP048241.1,1127385,167
CP048241.1,1129201,293
CP048241.1,1132381,11
CP048241.1,1135490,1
CP048241.1,1137695,277
CP048241.1,1137702,4
CP048241.1,1144044,11
CP048241.1,1144144,424
CP048241.1,1150324,330
CP048241.1,1150333,1
CP048241.1,1151047,487
CP048241.1,1153831,556
CP048241.1,1154014,12
CP048241.1,1157009,270
CP048241.1,1157436,315
CP048241.1,1158860,578
CP048241.1,1159038,441
CP048241.1,1159052,77
CP048241.1,1159141,40
CP048241.1,1159203,67
CP048241.1,1159704,7
CP048241.1,1159955,256
CP048241.1,1160049,1
CP048241.1,1160170,1162
CP048241.1,1160265,491
CP048241.1,1161478,227
CP048241.1,1161781,1
CP048241.1,1161788,322
CP048241.1,1161960,199
CP048241.1,1161964,1
CP048241.1,1162209,24
CP048241.1,1162213,1
CP048241.1,1162682,1
CP048241.1,1162812,392
CP048241.1,1162982,615
CP048241.1,1163393,75
CP048241.1,1163564,225
CP048241.1,1163566,512
CP048241.1,1165696,41
CP048241.1,1167019,109
CP048241.1,1168373,1
CP048241.1,1170488,79
CP048241.1,1170795,1
CP048241.1,1170949,30
CP048241.1,1170972,85
CP048241.1,1171074,114
CP048241.1,1171480,43
CP048241.1,1171520,177
CP048241.1,1171634,11
CP048241.1,1171703,1
CP048241.1,1171727,79
CP048241.1,1171837,133
CP048241.1,1171882,25
CP048241.1,1171921,63
CP048241.1,1173313,322
CP048241.1,1173367,55
CP048241.1,1173374,270
CP048241.1,1173521,306
CP048241.1,1173528,153
CP048241.1,1176717,192
CP048241.1,1176782,297
CP048241.1,1177281,2
CP048241.1,1177754,161
CP048241.1,1177778,6
CP048241.1,1177851,187
CP048241.1,1177865,317
CP048241.1,1177959,141
CP048241.1,1178096,149
CP048241.1,1178113,36
CP048241.1,1178181,1
CP048241.1,1178217,218
CP048241.1,1178247,90
CP048241.1,1178337,865
CP048241.1,1178378,251
CP048241.1,1180104,830
CP048241.1,1183831,391
CP048241.1,1183930,5
CP048241.1,1183945,26
CP048241.1,1183992,123
CP048241.1,1184067,102
CP048241.1,1184075,1038
CP048241.1,1184219,2
CP048241.1,1184224,82
CP048241.1,1184246,445
CP048241.1,1184298,30
CP048241.1,1184411,515
CP048241.1,1184489,359
CP048241.1,1193734,1
CP048241.1,1193888,431
CP048241.1,1193922,85
CP048241.1,1193967,234
CP048241.1,1194106,99
CP048241.1,1194385,93
CP048241.1,1194432,437
CP048241.1,1194562,336
CP048241.1,1194579,1
CP048241.1,1194720,189
CP048241.1,1194784,727
CP048241.1,1194900,154
CP048241.1,1195215,10
CP048241.1,1195257,4
CP048241.1,1195412,17
CP048241.1,1195433,1
CP048241.1,1195605,143
CP048241.1,1197465,5
CP048241.1,1197618,458
CP048241.1,1197626,275
CP048241.1,1197633,1
CP048241.1,1197644,380
CP048241.1,1202617,564
CP048241.1,1202628,523
CP048241.1,1202633,202
CP048241.1,1202728,546
CP048241.1,1202790,18
CP048241.1,1202797,12
CP048241.1,1203069,1
CP048241.1,1203217,5
CP048241.1,1205764,3
CP048241.1,1205859,571
CP048241.1,1205901,761
CP048241.1,1205903,137
CP048241.1,1205908,188
CP048241.1,1205910,7
CP048241.1,1205919,457
CP048241.1,1205974,564
CP048241.1,1206011,177
CP048241.1,1210648,80
CP048241.1,1217033,688
CP048241.1,1219788,111
CP048241.1,1220118,224
CP048241.1,1222319,1
CP048241.1,1223048,553
CP048241.1,1226430,147
CP048241.1,1228260,41
CP048241.1,1230740,442
CP048241.1,1230881,363
CP048241.1,1230982,497
CP048241.1,1230989,1929
CP048241.1,1230991,57
CP048241.1,1231029,112
CP048241.1,1231062,1
CP048241.1,1231159,796
CP048241.1,1231307,2
CP048241.1,1231590,77
CP048241.1,1231968,188
CP048241.1,1235500,72
CP048241.1,1235505,157
CP048241.1,1235558,1
CP048241.1,1235575,1
CP048241.1,1236061,1
CP048241.1,1238357,768
CP048241.1,1238412,18
CP048241.1,1242076,1
CP048241.1,1242260,128
CP048241.1,1242590,14
CP048241.1,1242850,313
CP048241.1,1242986,6
CP048241.1,1243073,228
CP048241.1,1243223,717
CP048241.1,1243445,114
CP048241.1,1243460,32
CP048241.1,1243537,390
CP048241.1,1243553,326
CP048241.1,1243568,994
CP048241.1,1243586,1187
CP048241.1,1243593,722
CP048241.1,1243632,1036
CP048241.1,1243639,498
CP048241.1,1243796,1
CP048241.1,1244077,76
CP048241.1,1244175,431
CP048241.1,1244408,7
CP048241.1,1244415,919
CP048241.1,1244559,280
CP048241.1,1244574,2
CP048241.1,1244753,252
CP048241.1,1244829,494
CP048241.1,1245260,1003
CP048241.1,1245828,349
CP048241.1,1245844,184
CP048241.1,1246297,352
CP048241.1,1246343,2
CP048241.1,1246470,314
CP048241.1,1246547,364
CP048241.1,1246598,559
CP048241.1,1246660,349
CP048241.1,1246663,85
CP048241.1,1246667,974
CP048241.1,1246896,754
CP048241.1,1249516,2
CP048241.1,1249529,81
CP048241.1,1252288,2
CP048241.1,1252295,17
CP048241.1,1252330,845
CP048241.1,1252564,18
CP048241.1,1252568,19
CP048241.1,1252723,387
CP048241.1,1252742,16
CP048241.1,1253086,40
CP048241.1,1253093,718
CP048241.1,1253139,795
CP048241.1,1253210,48
CP048241.1,1253358,435
CP048241.1,1253365,272
CP048241.1,1253428,41
CP048241.1,1253500,1
CP048241.1,1253508,858
CP048241.1,1253513,210
CP048241.1,1253523,739
CP048241.1,1253534,544
CP048241.1,1253544,1164
CP048241.1,1253551,624
CP048241.1,1253633,391
CP048241.1,1253638,376
CP048241.1,1253640,66
CP048241.1,1253692,591
CP048241.1,1253741,863
CP048241.1,1253747,839
CP048241.1,1253804,522
CP048241.1,1254023,413
CP048241.1,1254030,2093
CP048241.1,1254070,23
CP048241.1,1254137,1
CP048241.1,1254143,1318
CP048241.1,1254150,45
CP048241.1,1254772,384
CP048241.1,1255152,79
CP048241.1,1256470,476
CP048241.1,1259849,1
CP048241.1,1260271,148
CP048241.1,1260634,328
CP048241.1,1260650,11
CP048241.1,1260725,798
CP048241.1,1260732,52
CP048241.1,1260764,741
CP048241.1,1260771,11
CP048241.1,1260886,25
CP048241.1,1260907,245
CP048241.1,1260916,1
CP048241.1,1260918,177
CP048241.1,1260921,12
CP048241.1,1260923,948
CP048241.1,1260925,845
CP048241.1,1261059,1
CP048241.1,1261066,680
CP048241.1,1261129,622
CP048241.1,1261183,867
CP048241.1,1261286,459
CP048241.1,1268425,560
CP048241.1,1273641,4
CP048241.1,1273655,710
CP048241.1,1273660,26
CP048241.1,1273679,612
CP048241.1,1273726,2849
CP048241.1,1273730,2
CP048241.1,1273733,504
CP048241.1,1273924,2
CP048241.1,1273944,1033
CP048241.1,1273951,1042
CP048241.1,1274085,41
CP048241.1,1274092,432
CP048241.1,1274379,298
CP048241.1,1275088,3
CP048241.1,1275096,643
CP048241.1,1275209,304
CP048241.1,1275320,425
CP048241.1,1278236,13
CP048241.1,1282567,663
CP048241.1,1286269,968
CP048241.1,1286276,56
CP048241.1,1286282,2
CP048241.1,1286287,101
CP048241.1,1286365,1
CP048241.1,1286372,325
CP048241.1,1286408,1
CP048241.1,1286579,601
CP048241.1,1286582,158
CP048241.1,1286597,6
CP048241.1,1286663,511
CP048241.1,1286687,1
CP048241.1,1286688,1
CP048241.1,1286703,50
CP048241.1,1286705,442
CP048241.1,1286712,307
CP048241.1,1286732,772
CP048241.1,1286867,1
CP048241.1,1286950,177
CP048241.1,1286962,224
CP048241.1,1286971,885
CP048241.1,1287013,60
CP048241.1,1287043,1024
CP048241.1,1287050,321
CP048241.1,1287063,119
CP048241.1,1287091,8
CP048241.1,1287340,1
CP048241.1,1291479,16
CP048241.1,1292354,31
CP048241.1,1292490,116
CP048241.1,1298483,431
CP048241.1,1300776,72
CP048241.1,1302454,2
CP048241.1,1307920,1
CP048241.1,1307975,78
CP048241.1,1307990,3
CP048241.1,1308070,29
CP048241.1,1308075,606
CP048241.1,1308077,630
CP048241.1,1308339,374
CP048241.1,1308434,373
CP048241.1,1311254,543
CP048241.1,1311267,1
CP048241.1,1312022,76
CP048241.1,1312515,468
CP048241.1,1312522,2
CP048241.1,1312564,154
CP048241.1,1312913,412
CP048241.1,1314390,66
CP048241.1,1317884,207
CP048241.1,1318166,55
CP048241.1,1321348,1
CP048241.1,1321516,266
CP048241.1,1321523,538
CP048241.1,1321581,71
CP048241.1,1321603,1182
CP048241.1,1321610,12
CP048241.1,1321667,346
CP048241.1,1321720,304
CP048241.1,1321748,2
CP048241.1,1321755,146
CP048241.1,1322407,137
CP048241.1,1322494,2
CP048241.1,1322498,58
CP048241.1,1322502,802
CP048241.1,1322526,478
CP048241.1,1322566,281
CP048241.1,1322568,4
CP048241.1,1322711,268
CP048241.1,1322785,362
CP048241.1,1322934,979
CP048241.1,1323189,5
CP048241.1,1323196,150
CP048241.1,1323198,770
CP048241.1,1323286,367
CP048241.1,1323304,210
CP048241.1,1323465,408
CP048241.1,1323467,29
CP048241.1,1323481,86
CP048241.1,1323488,121
CP048241.1,1323496,215
CP048241.1,1323580,304
CP048241.1,1323788,12
CP048241.1,1324604,54
CP048241.1,1325384,404
CP048241.1,1325427,456
CP048241.1,1325718,261
CP048241.1,1331732,318
CP048241.1,1331743,77
CP048241.1,1331798,95
CP048241.1,1331805,183
CP048241.1,1332017,470
CP048241.1,1332094,181
CP048241.1,1332130,1013
CP048241.1,1333015,6
CP048241.1,1333074,286
CP048241.1,1333474,1
CP048241.1,1336109,37
CP048241.1,1336399,2
CP048241.1,1336520,2650
CP048241.1,1336527,252
CP048241.1,1336560,375
CP048241.1,1341266,4
CP048241.1,1341356,377
CP048241.1,1341558,62
CP048241.1,1342183,443
CP048241.1,1342599,3
CP048241.1,1343063,1
CP048241.1,1343078,640
CP048241.1,1343096,169
CP048241.1,1344211,35
CP048241.1,1344668,42
CP048241.1,1345043,64
CP048241.1,1345133,222
CP048241.1,1345189,535
CP048241.1,1345192,181
CP048241.1,1345212,384
CP048241.1,1345239,56
CP048241.1,1345281,132
CP048241.1,1347578,166
CP048241.1,1348967,314
CP048241.1,1348997,137
CP048241.1,1349009,34
CP048241.1,1349020,2
CP048241.1,1349039,983
CP048241.1,1349046,350
CP048241.1,1349138,306
CP048241.1,1349169,1
CP048241.1,1349176,360
CP048241.1,1349218,50
CP048241.1,1349226,370
CP048241.1,1349238,104
CP048241.1,1349355,1451
CP048241.1,1349362,262
CP048241.1,1349368,43
CP048241.1,1349467,42
CP048241.1,1349555,55
CP048241.1,1349615,467
CP048241.1,1349691,330
CP048241.1,1349719,504
CP048241.1,1349792,1881
CP048241.1,1349799,2510
CP048241.1,1349832,241
CP048241.1,1349837,99
CP048241.1,1349844,452
CP048241.1,1349863,57
CP048241.1,1349872,298
CP048241.1,1349910,63
CP048241.1,1349956,1
CP048241.1,1349969,347
CP048241.1,1350007,901
CP048241.1,1350058,1
CP048241.1,1350062,287
CP048241.1,1350063,1
CP048241.1,1350065,37
CP048241.1,1350066,107
CP048241.1,1350068,599
CP048241.1,1350090,2294
CP048241.1,1350097,139
CP048241.1,1350117,131
CP048241.1,1350124,13
CP048241.1,1350155,273
CP048241.1,1350177,174
CP048241.1,1350179,1
CP048241.1,1350184,46
CP048241.1,1350190,24
CP048241.1,1350193,367
CP048241.1,1350227,412
CP048241.1,1350282,1
CP048241.1,1350299,253
CP048241.1,1350313,569
CP048241.1,1350387,8
CP048241.1,1350410,94
CP048241.1,1350436,235
CP048241.1,1350743,25
CP048241.1,1350764,109
CP048241.1,1351024,28
CP048241.1,1351025,485
CP048241.1,1351027,69
CP048241.1,1351073,886
CP048241.1,1351077,5
CP048241.1,1351085,170
CP048241.1,1351150,25
CP048241.1,1351248,40
CP048241.1,1351255,336
CP048241.1,1351266,208
CP048241.1,1351448,356
CP048241.1,1351457,24
CP048241.1,1351461,321
CP048241.1,1351793,8
CP048241.1,1352459,493
CP048241.1,1354668,462
CP048241.1,1354701,424
CP048241.1,1354764,522
CP048241.1,1354793,235
CP048241.1,1356277,25
CP048241.1,1356812,50
CP048241.1,1356965,369
CP048241.1,1356972,40
CP048241.1,1356987,40
CP048241.1,1357376,398
CP048241.1,1357399,178
CP048241.1,1357400,3
CP048241.1,1357407,304
CP048241.1,1357421,3
CP048241.1,1357592,215
CP048241.1,1357599,1
CP048241.1,1357603,1
CP048241.1,1358010,53
CP048241.1,1358052,436
CP048241.1,1358054,7
CP048241.1,1358061,29
CP048241.1,1358192,379
CP048241.1,1358202,606
CP048241.1,1358209,233
CP048241.1,1358220,194
CP048241.1,1358221,1895
CP048241.1,1358233,2
CP048241.1,1358298,266
CP048241.1,1358316,2
CP048241.1,1358319,201
CP048241.1,1358323,600
CP048241.1,1358327,50
CP048241.1,1358338,17
CP048241.1,1358461,143
CP048241.1,1358708,537
CP048241.1,1358952,199
CP048241.1,1358975,389
CP048241.1,1358982,218
CP048241.1,1358984,91
CP048241.1,1358998,1753
CP048241.1,1359005,392
CP048241.1,1359007,93
CP048241.1,1359029,551
CP048241.1,1359036,22
CP048241.1,1359049,175
CP048241.1,1359052,12
CP048241.1,1359146,21
CP048241.1,1359178,56
CP048241.1,1359194,219
CP048241.1,1359215,252
CP048241.1,1359367,1164
CP048241.1,1359374,864
CP048241.1,1359479,263
CP048241.1,1359501,1
CP048241.1,1359555,429
CP048241.1,1359624,434
CP048241.1,1359640,541
CP048241.1,1359656,257
CP048241.1,1359695,2
CP048241.1,1359787,23
CP048241.1,1359869,387
CP048241.1,1359994,10
CP048241.1,1360057,343
CP048241.1,1360111,15
CP048241.1,1360184,169
CP048241.1,1360313,44
CP048241.1,1360403,75
CP048241.1,1360430,1
CP048241.1,1360448,503
CP048241.1,1360458,33
CP048241.1,1360506,1
CP048241.1,1360624,132
CP048241.1,1360643,1
CP048241.1,1360664,46
CP048241.1,1360689,449
CP048241.1,1360691,502
CP048241.1,1360766,52
CP048241.1,1360777,137
CP048241.1,1360797,52
CP048241.1,1361017,58
CP048241.1,1361168,561
CP048241.1,1361182,17
CP048241.1,1361233,67
CP048241.1,1361240,602
CP048241.1,1361257,5
CP048241.1,1361285,368
CP048241.1,1361290,1315
CP048241.1,1361292,1
CP048241.1,1361297,133
CP048241.1,1361344,620
CP048241.1,1361388,48
CP048241.1,1361451,9
CP048241.1,1361472,27
CP048241.1,1361490,82
CP048241.1,1361535,88
CP048241.1,1361542,208
CP048241.1,1361552,518
CP048241.1,1361567,637
CP048241.1,1361658,220
CP048241.1,1361660,115
CP048241.1,1361683,215
CP048241.1,1361690,824
CP048241.1,1361692,80
CP048241.1,1361715,617
CP048241.1,1361723,11
CP048241.1,1361753,157
CP048241.1,1361942,6
CP048241.1,1362209,441
CP048241.1,1362277,253
CP048241.1,1362649,500
CP048241.1,1363358,308
CP048241.1,1363365,23
CP048241.1,1363733,1
CP048241.1,1363741,405
CP048241.1,1363742,11
CP048241.1,1366752,545
CP048241.1,1366866,418
CP048241.1,1368049,347
CP048241.1,1368056,72
CP048241.1,1368516,2
CP048241.1,1369488,225
CP048241.1,1369498,6
CP048241.1,1369501,1038
CP048241.1,1369505,38
CP048241.1,1369624,49
CP048241.1,1371347,108
CP048241.1,1373100,19
CP048241.1,1373661,51
CP048241.1,1373663,531
CP048241.1,1374977,87
CP048241.1,1375103,1
CP048241.1,1375180,10
CP048241.1,1376201,1
CP048241.1,1376287,106
CP048241.1,1376735,117
CP048241.1,1376768,201
CP048241.1,1376833,974
CP048241.1,1376840,528
CP048241.1,1377164,49
CP048241.1,1377254,225
CP048241.1,1377261,468
CP048241.1,1377380,735
CP048241.1,1377387,339
CP048241.1,1377401,10
CP048241.1,1377430,466
CP048241.1,1377450,105
CP048241.1,1377457,11
CP048241.1,1377550,122
CP048241.1,1377613,151
CP048241.1,1378200,356
CP048241.1,1378340,279
CP048241.1,1378380,232
CP048241.1,1378856,338
CP048241.1,1379188,1
CP048241.1,1379897,131
CP048241.1,1379956,1239
CP048241.1,1379963,290
CP048241.1,1380029,19
CP048241.1,1380995,1
CP048241.1,1382640,405
CP048241.1,1382828,305
CP048241.1,1382978,742
CP048241.1,1383207,148
CP048241.1,1383218,2
CP048241.1,1383384,767
CP048241.1,1383404,698
CP048241.1,1383463,132
CP048241.1,1383515,32
CP048241.1,1383554,21
CP048241.1,1383582,417
CP048241.1,1383588,32
CP048241.1,1383595,557
CP048241.1,1383721,101
CP048241.1,1383728,1578
CP048241.1,1383739,2
CP048241.1,1383748,120
CP048241.1,1383755,942
CP048241.1,1383775,60
CP048241.1,1383838,1
CP048241.1,1384114,119
CP048241.1,1384186,161
CP048241.1,1384210,270
CP048241.1,1384388,20
CP048241.1,1384395,919
CP048241.1,1384485,53
CP048241.1,1384538,112
CP048241.1,1384545,16
CP048241.1,1384560,425
CP048241.1,1384566,341
CP048241.1,1384586,865
CP048241.1,1384591,596
CP048241.1,1384593,1
CP048241.1,1384598,14
CP048241.1,1384698,182
CP048241.1,1384802,1
CP048241.1,1384891,16
CP048241.1,1385109,12
CP048241.1,1385111,181
CP048241.1,1385131,940
CP048241.1,1385147,636
CP048241.1,1385256,3
CP048241.1,1386822,2
CP048241.1,1388593,23
CP048241.1,1388597,363
CP048241.1,1388723,190
CP048241.1,1389150,434
CP048241.1,1389181,379
CP048241.1,1389253,1
CP048241.1,1389345,503
CP048241.1,1389525,1
CP048241.1,1389690,101
CP048241.1,1389769,2
CP048241.1,1389771,14
CP048241.1,1389917,328
CP048241.1,1390014,1106
CP048241.1,1390021,331
CP048241.1,1390048,23
CP048241.1,1390094,75
CP048241.1,1390131,1
CP048241.1,1390198,11
CP048241.1,1390203,355
CP048241.1,1390485,313
CP048241.1,1390517,90
CP048241.1,1390696,322
CP048241.1,1390740,207
CP048241.1,1390885,431
CP048241.1,1391550,5
CP048241.1,1391951,567
CP048241.1,1392212,1
CP048241.1,1392396,525
CP048241.1,1394096,9
CP048241.1,1394164,23
CP048241.1,1394176,28
CP048241.1,1394189,93
CP048241.1,1394340,150
CP048241.1,1394495,79
CP048241.1,1394554,62
CP048241.1,1395005,220
CP048241.1,1398300,1
CP048241.1,1399490,26
CP048241.1,1399497,12
CP048241.1,1399517,10
CP048241.1,1399522,40
CP048241.1,1399662,1
CP048241.1,1399753,459
CP048241.1,1399755,473
CP048241.1,1399819,23
CP048241.1,1399962,287
CP048241.1,1401718,171
CP048241.1,1402084,462
CP048241.1,1402451,293
CP048241.1,1403185,348
CP048241.1,1403188,237
CP048241.1,1403194,86
CP048241.1,1407924,89
CP048241.1,1407937,350
CP048241.1,1407944,417
CP048241.1,1407966,1
CP048241.1,1407978,4
CP048241.1,1413286,5
CP048241.1,1415724,274
CP048241.1,1415772,1
CP048241.1,1415954,1
CP048241.1,1416114,16
CP048241.1,1416149,182
CP048241.1,1416184,6
CP048241.1,1416593,3
CP048241.1,1416594,95
CP048241.1,1416604,604
CP048241.1,1417143,4
CP048241.1,1418179,31
CP048241.1,1418229,238
CP048241.1,1418235,174
CP048241.1,1421837,437
CP048241.1,1422160,84
CP048241.1,1422167,1
CP048241.1,1422280,24
CP048241.1,1423666,73
CP048241.1,1432152,1532
CP048241.1,1432159,1441
CP048241.1,1432783,561
CP048241.1,1432786,994
CP048241.1,1432790,563
CP048241.1,1432820,341
CP048241.1,1433037,1
CP048241.1,1433172,461
CP048241.1,1433277,23
CP048241.1,1433506,653
CP048241.1,1433873,24
CP048241.1,1433903,285
CP048241.1,1433932,150
CP048241.1,1433946,1
CP048241.1,1434275,2
CP048241.1,1434277,1
CP048241.1,1434284,12
CP048241.1,1434291,1033
CP048241.1,1436463,1
CP048241.1,1437102,188
CP048241.1,1437226,846
CP048241.1,1437260,1758
CP048241.1,1437301,6
CP048241.1,1437308,49
CP048241.1,1453787,177
CP048241.1,1454040,78
CP048241.1,1454124,633
CP048241.1,1454131,2
CP048241.1,1454203,64
CP048241.1,1454280,109
CP048241.1,1454553,214
CP048241.1,1455906,449
CP048241.1,1455988,505
CP048241.1,1456170,16
CP048241.1,1456426,951
CP048241.1,1456430,70
CP048241.1,1456431,748
CP048241.1,1456433,546
CP048241.1,1456434,1
CP048241.1,1456439,242
CP048241.1,1456441,24
CP048241.1,1456469,10
CP048241.1,1456806,121
CP048241.1,1456814,846
CP048241.1,1457369,4
CP048241.1,1457800,195
CP048241.1,1458309,3
CP048241.1,1458521,30
CP048241.1,1458842,217
CP048241.1,1458923,1319
CP048241.1,1459116,8
CP048241.1,1460332,463
CP048241.1,1460399,74
CP048241.1,1465149,185
CP048241.1,1465164,133
CP048241.1,1465299,272
CP048241.1,1465356,1
CP048241.1,1465809,10
CP048241.1,1465836,497
CP048241.1,1465926,614
CP048241.1,1465931,287
CP048241.1,1465933,271
CP048241.1,1466028,1
CP048241.1,1466029,1245
CP048241.1,1466063,337
CP048241.1,1466177,385
CP048241.1,1466225,789
CP048241.1,1466336,187
CP048241.1,1467481,18
CP048241.1,1467932,544
CP048241.1,1467992,255
CP048241.1,1468023,1
CP048241.1,1468162,260
CP048241.1,1468216,48
CP048241.1,1468456,30
CP048241.1,1468645,1
CP048241.1,1469411,183
CP048241.1,1470307,49
CP048241.1,1470447,668
CP048241.1,1470527,253
CP048241.1,1470733,704
CP048241.1,1471653,1042
CP048241.1,1471674,66
CP048241.1,1471702,126
CP048241.1,1471711,775
CP048241.1,1471901,359
CP048241.1,1472035,1
CP048241.1,1472161,889
CP048241.1,1472287,1559
CP048241.1,1472454,1
CP048241.1,1472834,699
CP048241.1,1472860,29
CP048241.1,1472891,126
CP048241.1,1472901,78
CP048241.1,1472939,39
CP048241.1,1472991,755
CP048241.1,1473096,92
CP048241.1,1473108,76
CP048241.1,1473374,1
CP048241.1,1473621,250
CP048241.1,1473777,396
CP048241.1,1474085,151
CP048241.1,1474091,322
CP048241.1,1474098,1
CP048241.1,1477414,147
CP048241.1,1477417,568
CP048241.1,1477419,9
CP048241.1,1478497,2
CP048241.1,1478950,1
CP048241.1,1479088,12
CP048241.1,1479097,1
CP048241.1,1479133,29
CP048241.1,1479186,4
CP048241.1,1479193,2
CP048241.1,1479779,6
CP048241.1,1479916,286
CP048241.1,1479923,391
CP048241.1,1479925,1
CP048241.1,1479990,62
CP048241.1,1481416,1
CP048241.1,1481428,62
CP048241.1,1481449,1
CP048241.1,1481456,194
CP048241.1,1481503,7
CP048241.1,1481633,99
CP048241.1,1482717,31
CP048241.1,1482779,21
CP048241.1,1482783,1432
CP048241.1,1482790,265
CP048241.1,1482806,91
CP048241.1,1482808,1394
CP048241.1,1482815,633
CP048241.1,1482869,168
CP048241.1,1482877,260
CP048241.1,1482893,21
CP048241.1,1482914,562
CP048241.1,1482931,70
CP048241.1,1482958,640
CP048241.1,1482966,776
CP048241.1,1482973,1378
CP048241.1,1483041,353
CP048241.1,1483042,61
CP048241.1,1483044,90
CP048241.1,1483048,667
CP048241.1,1483050,63
CP048241.1,1483075,51
CP048241.1,1483082,104
CP048241.1,1483129,523
CP048241.1,1483198,32
CP048241.1,1483205,1
CP048241.1,1483756,1
CP048241.1,1484141,417
CP048241.1,1485266,714
CP048241.1,1485272,62
CP048241.1,1485299,111
CP048241.1,1485370,1
CP048241.1,1485385,229
CP048241.1,1485394,72
CP048241.1,1485410,32
CP048241.1,1490276,11
CP048241.1,1490449,1
CP048241.1,1490456,9
CP048241.1,1492408,601
CP048241.1,1492415,96
CP048241.1,1492433,137
CP048241.1,1492440,45
CP048241.1,1492500,282
CP048241.1,1493538,30
CP048241.1,1494303,281
CP048241.1,1494824,89
CP048241.1,1494943,868
CP048241.1,1495891,12
CP048241.1,1495941,427
CP048241.1,1496037,505
CP048241.1,1496273,83
CP048241.1,1496420,273
CP048241.1,1497523,97
CP048241.1,1497530,1
CP048241.1,1497794,350
CP048241.1,1497812,212
CP048241.1,1497860,605
CP048241.1,1497861,1
CP048241.1,1497947,67
CP048241.1,1498010,321
CP048241.1,1498136,300
CP048241.1,1498968,82
CP048241.1,1499010,321
CP048241.1,1500138,102
CP048241.1,1500145,516
CP048241.1,1500506,1670
CP048241.1,1502625,86
CP048241.1,1504717,279
CP048241.1,1509101,2
CP048241.1,1509144,1
CP048241.1,1509553,294
CP048241.1,1509586,429
CP048241.1,1509633,353
CP048241.1,1512438,391
CP048241.1,1512549,354
CP048241.1,1512654,4
CP048241.1,1515580,13
CP048241.1,1515587,783
CP048241.1,1515665,1554
CP048241.1,1515670,132
CP048241.1,1515672,4238
CP048241.1,1515785,104
CP048241.1,1516206,11
CP048241.1,1516208,2
CP048241.1,1516215,872
CP048241.1,1516485,458
CP048241.1,1516965,4
CP048241.1,1517039,356
CP048241.1,1517046,188
CP048241.1,1518163,343
CP048241.1,1519874,49
CP048241.1,1520794,185
CP048241.1,1520861,311
CP048241.1,1522709,679
CP048241.1,1522811,207
CP048241.1,1522827,19
CP048241.1,1522834,72
CP048241.1,1522857,93
CP048241.1,1522874,111
CP048241.1,1523123,722
CP048241.1,1523392,137
CP048241.1,1523461,21
CP048241.1,1524242,321
CP048241.1,1524823,17
CP048241.1,1527984,237
CP048241.1,1528011,15
CP048241.1,1529244,569
CP048241.1,1529626,3
CP048241.1,1529630,10
CP048241.1,1531638,12
CP048241.1,1535636,181
CP048241.1,1535643,31
CP048241.1,1535718,573
CP048241.1,1535728,1420
CP048241.1,1535735,879
CP048241.1,1535934,1
CP048241.1,1536539,1
CP048241.1,1536611,14
CP048241.1,1536684,2
CP048241.1,1539837,1
CP048241.1,1544019,2
CP048241.1,1544039,1731
CP048241.1,1544041,15
CP048241.1,1544043,369
CP048241.1,1544110,78
CP048241.1,1544123,345
CP048241.1,1544307,1
CP048241.1,1544335,2
CP048241.1,1544357,1007
CP048241.1,1544424,1266
CP048241.1,1544558,23
CP048241.1,1544732,1098
CP048241.1,1544768,4
CP048241.1,1544822,171
CP048241.1,1544846,1
CP048241.1,1545069,348
CP048241.1,1545076,1
CP048241.1,1545104,1
CP048241.1,1545105,521
CP048241.1,1545162,106
CP048241.1,1545209,20
CP048241.1,1545341,20
CP048241.1,1545495,229
CP048241.1,1545530,112
CP048241.1,1545822,169
CP048241.1,1546720,900
CP048241.1,1549453,348
CP048241.1,1549656,41
CP048241.1,1549951,58
CP048241.1,1549985,76
CP048241.1,1551681,47
CP048241.1,1554499,519
CP048241.1,1554741,1
CP048241.1,1554769,1
CP048241.1,1554807,157
CP048241.1,1554810,1
CP048241.1,1554814,394
CP048241.1,1555125,1
CP048241.1,1560133,78
CP048241.1,1560161,127
CP048241.1,1560171,86
CP048241.1,1560889,623
CP048241.1,1560894,433
CP048241.1,1560988,1
CP048241.1,1561050,2
CP048241.1,1562031,3
CP048241.1,1563544,2
CP048241.1,1564725,835
CP048241.1,1565906,556
CP048241.1,1570112,94
CP048241.1,1570198,236
CP048241.1,1570914,282
CP048241.1,1571072,172
CP048241.1,1571121,457
CP048241.1,1571243,341
CP048241.1,1571250,7
CP048241.1,1574742,3
CP048241.1,1578372,1
CP048241.1,1578475,75
CP048241.1,1581589,543
CP048241.1,1588582,78
CP048241.1,1590170,190
CP048241.1,1590177,1
CP048241.1,1590197,426
CP048241.1,1593242,150
CP048241.1,1593260,205
CP048241.1,1595413,1
CP048241.1,1597531,1
CP048241.1,1597697,189
CP048241.1,1597841,1369
CP048241.1,1598161,1451
CP048241.1,1598168,1
CP048241.1,1600092,64
CP048241.1,1600148,489
CP048241.1,1604008,118
CP048241.1,1604846,1
CP048241.1,1607315,37
CP048241.1,1607446,571
CP048241.1,1607450,555
CP048241.1,1607453,353
CP048241.1,1608882,3
CP048241.1,1609014,2
CP048241.1,1609126,250
CP048241.1,1609711,14
CP048241.1,1610327,640
CP048241.1,1610366,989
CP048241.1,1610373,21
CP048241.1,1610491,35
CP048241.1,1610636,21
CP048241.1,1610676,445
CP048241.1,1610848,9
CP048241.1,1611463,279
CP048241.1,1616491,1
CP048241.1,1620136,142
CP048241.1,1620376,659
CP048241.1,1620431,65
CP048241.1,1620438,37
CP048241.1,1620452,468
CP048241.1,1620974,45
CP048241.1,1620998,265
CP048241.1,1621010,1
CP048241.1,1621193,3
CP048241.1,1621847,2
CP048241.1,1622500,32
CP048241.1,1623536,78
CP048241.1,1623772,3
CP048241.1,1626113,68
CP048241.1,1635839,6
CP048241.1,1636853,478
CP048241.1,1639581,4
CP048241.1,1640482,915
CP048241.1,1648263,126
CP048241.1,1652305,384
CP048241.1,1657396,12
CP048241.1,1659603,1807
CP048241.1,1662894,1
CP048241.1,1662901,1440
CP048241.1,1662973,840
CP048241.1,1673730,220
CP048241.1,1677019,404
CP048241.1,1677186,207
CP048241.1,1677694,77
CP048241.1,1678484,277
CP048241.1,1678855,29
CP048241.1,1682543,66
CP048241.1,1682826,1
CP048241.1,1682839,286
CP048241.1,1682861,3
CP048241.1,1682913,301
CP048241.1,1683288,25
CP048241.1,1685263,47
CP048241.1,1693289,102
CP048241.1,1693365,10
CP048241.1,1711512,1
CP048241.1,1713814,204
CP048241.1,1713821,1083
CP048241.1,1713825,1
CP048241.1,1713917,270
CP048241.1,1714127,170
CP048241.1,1714256,345
CP048241.1,1714263,121
CP048241.1,1716923,371
CP048241.1,1717879,1646
CP048241.1,1717889,681
CP048241.1,1718278,5
CP048241.1,1718397,79
CP048241.1,1718399,208
CP048241.1,1718509,1
CP048241.1,1718528,865
CP048241.1,1718682,17
CP048241.1,1718710,724
CP048241.1,1719343,208
CP048241.1,1719942,539
CP048241.1,1720507,1
CP048241.1,1721096,512
CP048241.1,1721315,724
CP048241.1,1723322,568
CP048241.1,1727765,2
CP048241.1,1727855,349
CP048241.1,1727882,65
CP048241.1,1728861,210
CP048241.1,1730632,155
CP048241.1,1732233,38
CP048241.1,1732393,215
CP048241.1,1732394,1
CP048241.1,1733589,4
CP048241.1,1736437,163
CP048241.1,1736614,66
CP048241.1,1737306,92
CP048241.1,1739163,336
CP048241.1,1739209,50
CP048241.1,1743725,126
CP048241.1,1743791,41
CP048241.1,1752621,1
CP048241.1,1753727,195
CP048241.1,1756378,176
CP048241.1,1756380,29
CP048241.1,1756385,809
CP048241.1,1757963,1
CP048241.1,1758975,19
CP048241.1,1758978,42
CP048241.1,1761190,286
CP048241.1,1761268,84
CP048241.1,1762231,2
CP048241.1,1762506,4
CP048241.1,1762751,180
CP048241.1,1767687,132
CP048241.1,1778527,686
CP048241.1,1780294,109
CP048241.1,1780306,134
CP048241.1,1780398,320
CP048241.1,1786139,101
CP048241.1,1791041,9
CP048241.1,1794343,1
CP048241.1,1794808,544
CP048241.1,1794939,299
CP048241.1,1794952,503
CP048241.1,1794959,338
CP048241.1,1794985,97
CP048241.1,1795000,101
CP048241.1,1795024,179
CP048241.1,1795073,50
CP048241.1,1795196,62
CP048241.1,1798563,192
CP048241.1,1798647,19
CP048241.1,1798915,1041
CP048241.1,1800142,549
CP048241.1,1802020,7
CP048241.1,1802693,235
CP048241.1,1802780,772
CP048241.1,1802787,725
CP048241.1,1807978,558
CP048241.1,1829188,122
CP048241.1,1830965,161
CP048241.1,1830984,83
CP048241.1,1831072,45
CP048241.1,1831137,1
CP048241.1,1831144,463
CP048241.1,1836936,133
CP048241.1,1839844,1
CP048241.1,1839865,131
CP048241.1,1839897,3
CP048241.1,1840051,1
CP048241.1,1840095,187
CP048241.1,1842211,331
CP048242.1,29705,1
CP048242.1,29957,31
CP048242.1,30258,2
CP048242.1,30507,472
CP048242.1,34370,2
CP048242.1,34458,165
CP048242.1,34476,280
CP048242.1,34608,1
CP048242.1,34615,68
CP048242.1,34877,1047
CP048242.1,34982,148
CP048242.1,35237,684
CP048242.1,36118,934
CP048242.1,36125,9
CP048242.1,36171,466
CP048242.1,36425,45
CP048242.1,36598,84
CP048242.1,36660,82
CP048242.1,40443,5
CP048242.1,40661,47
CP048242.1,43853,113
CP048242.1,45284,3
CP048242.1,46997,1
CP048242.1,47201,641
CP048242.1,47263,258
CP048242.1,47333,119
CP048242.1,47370,1048
CP048242.1,47391,200
CP048242.1,47453,18
CP048242.1,47460,63
CP048242.1,47522,809
CP048242.1,47563,54
CP048242.1,47642,32
CP048242.1,47649,7
CP048242.1,47661,251
CP048242.1,47822,73
CP048242.1,49975,10
CP048242.1,50726,1
CP048242.1,56030,30
CP048242.1,56214,3
CP048242.1,56357,10
CP048242.1,56372,25
CP048242.1,56434,27
CP048242.1,56441,1
CP048242.1,56615,311
CP048242.1,57114,3
CP048242.1,57177,86
CP048242.1,57181,632
CP048242.1,57195,726
CP048242.1,57375,589
CP048242.1,57390,609
CP048242.1,57399,37
CP048242.1,57416,2
CP048242.1,57428,295
CP048242.1,57560,16
CP048242.1,57604,1
CP048242.1,57728,3
CP048242.1,57735,337
CP048242.1,59245,19
CP048242.1,61021,31
CP048242.1,61112,348
CP048242.1,62105,1
CP048242.1,62133,29
CP048242.1,62360,54
CP048242.1,62368,8
CP048242.1,62382,125
CP048242.1,62438,60
CP048242.1,62445,6
CP048242.1,65600,13
CP048242.1,68601,1225
CP048242.1,74487,4
CP048242.1,77981,9
CP048242.1,77993,41
CP048242.1,78340,691
CP048242.1,78422,749
CP048242.1,78743,9
CP048242.1,79004,18
CP048242.1,82681,8
CP048242.1,86886,510
CP048242.1,86893,193
CP048242.1,94528,287
CP048242.1,94697,66
CP048242.1,95542,1
CP048242.1,98642,844
CP048242.1,98710,1
CP048242.1,98717,1
CP048242.1,98755,148
CP048242.1,101005,20
CP048242.1,101594,186
CP048242.1,105272,531
CP048242.1,107402,109
CP048242.1,108034,54
CP048242.1,108096,180
CP048242.1,108103,1
CP048242.1,108395,713
CP048242.1,108402,344
CP048242.1,108446,1
CP048242.1,108501,1
CP048242.1,108555,747
CP048242.1,108562,3
CP048242.1,110118,30
CP048242.1,116596,80
CP048242.1,117051,1
CP048242.1,124876,667
CP048242.1,124882,701
CP048242.1,125014,6
CP048242.1,125153,188
CP048242.1,126531,1
CP048242.1,130248,392
CP048242.1,130255,316
CP048242.1,136437,4
CP048242.1,136709,356
CP048242.1,136895,132
CP048242.1,136944,132
CP048242.1,136985,42
CP048242.1,136995,51
CP048242.1,137007,279
CP048242.1,137014,277
CP048242.1,137018,600
CP048242.1,138289,357
CP048242.1,138536,575
CP048242.1,138571,110
CP048242.1,138579,165
CP048242.1,138852,1
CP048242.1,139063,1
CP048242.1,148515,1
CP048242.1,149531,375
CP048242.1,158896,1
CP048242.1,160725,423
CP048242.1,160796,693
CP048242.1,160805,562
CP048242.1,160812,626
CP048242.1,160814,2
CP048242.1,161025,1117
CP048242.1,161091,2
CP048242.1,161198,272
CP048242.1,161202,1
CP048242.1,161735,29
CP048242.1,161742,2765
CP048242.1,163506,6
CP048242.1,171624,3
CP048242.1,171740,518
CP048242.1,172862,396
CP048242.1,177342,18
CP048242.1,177681,121
CP048242.1,177688,531
CP048242.1,177737,291
CP048242.1,177753,478
CP048242.1,177893,112
CP048242.1,178337,1
CP048242.1,179579,256
CP048242.1,179658,5
CP048242.1,182858,276
CP048242.1,185762,734
CP048242.1,185790,6
CP048242.1,185859,33
CP048242.1,185923,729
CP048242.1,185969,166
CP048242.1,185974,986
CP048242.1,186145,108
CP048242.1,186709,112
CP048242.1,187434,31
CP048242.1,192372,1
CP048242.1,192662,101
CP048242.1,199755,1
CP048242.1,199762,399
CP048242.1,199882,85
CP048242.1,200096,776
CP048242.1,200106,298
CP048242.1,201682,1
CP048242.1,202799,25
CP048242.1,203180,978
CP048242.1,203540,3
CP048242.1,203589,148
CP048242.1,203596,1
CP048242.1,203880,719
CP048242.1,204947,500
CP048242.1,204949,1
CP048242.1,210667,1
CP048242.1,210713,162
CP048242.1,210735,1
CP048242.1,210828,42
CP048242.1,211009,520
CP048242.1,219825,107
CP048242.1,223142,1
CP048242.1,223225,131
CP048242.1,223735,1
CP048242.1,224624,5
CP048242.1,225465,751
CP048242.1,225642,725
CP048242.1,225825,374
CP048242.1,227160,48
CP048242.1,227269,120
CP048242.1,227396,2
CP048242.1,227427,1
CP048242.1,229572,41
CP048242.1,230397,35
CP048242.1,231076,1
CP048242.1,231109,513
CP048242.1,231157,1
CP048242.1,231224,21
CP048242.1,231305,30
CP048242.1,231722,807
CP048242.1,232106,179
CP048242.1,232524,6
CP048242.1,234842,273
CP048242.1,235603,560
CP048242.1,235652,29
CP048242.1,235872,699
CP048242.1,235901,913
CP048242.1,236070,51
CP048242.1,236113,510
CP048242.1,238101,35
CP048242.1,238206,274
CP048242.1,238552,603
CP048242.1,239049,8
CP048242.1,239220,1
CP048242.1,240620,570
CP048242.1,249828,439
CP048242.1,252301,96
CP048242.1,252412,536
CP048242.1,263863,2
CP048242.1,266364,1
CP048242.1,266370,1007
CP048242.1,266377,41
CP048242.1,269008,360
CP048242.1,269055,94
CP048242.1,269253,364
CP048242.1,269286,1
CP048242.1,269632,192
CP048242.1,269639,471
CP048242.1,269709,666
CP048242.1,271792,111
CP048242.1,272184,765
CP048242.1,272191,198
CP048242.1,274261,81
CP048242.1,274330,118
CP048242.1,274412,296
CP048242.1,274419,413
CP048242.1,274512,439
CP048242.1,274550,664
CP048242.1,275117,20
CP048242.1,275346,574
CP048242.1,287042,3
CP048242.1,288475,502
CP048242.1,288536,1105
CP048242.1,288652,217
CP048242.1,288700,150
CP048242.1,288707,1082
CP048242.1,288762,328
CP048242.1,288769,256
CP048242.1,288841,1
CP048242.1,291680,99
CP048242.1,293333,90
CP048242.1,295623,46
CP048242.1,295641,188
CP048242.1,295704,2
CP048242.1,295762,761
CP048242.1,295768,156
CP048242.1,295769,122
CP048242.1,295842,658
CP048242.1,295953,39
CP048242.1,295962,9
CP048242.1,295969,70
CP048242.1,295979,353
CP048242.1,296286,1
CP048242.1,296884,320
CP048242.1,296919,8
CP048242.1,297139,427
CP048242.1,302217,18
CP048242.1,302396,51
CP048242.1,302484,698
CP048242.1,302615,343
CP048242.1,303427,552
CP048242.1,305243,75
CP048242.1,307128,116
CP048242.1,309694,267
CP048242.1,311188,6
CP048242.1,311189,4681
CP048242.1,311196,2680
CP048242.1,311197,53
CP048242.1,311204,721
CP048242.1,311262,2
CP048242.1,311299,763
CP048242.1,311303,9
CP048242.1,311741,3
CP048242.1,311753,1702
CP048242.1,311757,616
CP048242.1,312787,496
CP048242.1,312794,399
CP048242.1,312840,389
CP048242.1,312903,163
CP048242.1,312950,42
CP048242.1,313756,144
CP048242.1,316432,109
CP048242.1,317932,371
CP048242.1,319346,498
CP048242.1,319478,10
CP048242.1,319492,1
CP048242.1,322703,1
CP048242.1,324669,1
CP048242.1,324855,1
CP048242.1,324866,33
CP048242.1,325019,660
CP048242.1,331483,1
CP048242.1,331502,293
CP048242.1,331588,29
CP048242.1,331589,42
CP048242.1,331595,1248
CP048242.1,331600,814
CP048242.1,331696,19
CP048242.1,332125,591
CP048242.1,332161,736
CP048242.1,332168,76
CP048242.1,332250,726
CP048242.1,332294,567
CP048242.1,332573,3
CP048242.1,332580,250
CP048242.1,334872,23
CP048242.1,334886,70
CP048242.1,334893,191
CP048242.1,339357,654
CP048242.1,339473,277
CP048242.1,339537,1
CP048242.1,339668,12
CP048242.1,339686,238
CP048242.1,344197,56
CP048242.1,344422,419
CP048242.1,354476,280
CP048242.1,354993,443
CP048242.1,355047,6
CP048242.1,355054,312
CP048242.1,358141,256
CP048242.1,358148,4
CP048242.1,361063,156
CP048242.1,363244,287
CP048242.1,366889,42
CP048242.1,366919,319
CP048242.1,366942,528
CP048242.1,367902,49
CP048242.1,369294,38
CP048242.1,370663,3
CP048242.1,371412,1
CP048242.1,379001,10
CP048242.1,379749,139
CP048242.1,379858,108
CP048242.1,380052,1
CP048242.1,380087,97
CP048242.1,380097,17
CP048242.1,380151,13
CP048242.1,380158,275
CP048242.1,380168,631
CP048242.1,380407,431
CP048242.1,380437,485
CP048242.1,380533,9
CP048242.1,382736,656
CP048242.1,382743,50
CP048242.1,382853,115
CP048242.1,385316,353
CP048242.1,385484,822
CP048242.1,385903,46
CP048242.1,385910,321
CP048242.1,385989,506
CP048242.1,386136,245
CP048242.1,386210,777
CP048242.1,388425,42
CP048242.1,390708,271
CP048242.1,390715,406
CP048242.1,393538,31
CP048242.1,396891,27
CP048242.1,396906,559
CP048242.1,397633,13
CP048242.1,397967,304
CP048242.1,399247,24
CP048242.1,399478,58
CP048242.1,400624,4
CP048242.1,400985,244
CP048242.1,400991,498
CP048242.1,401183,250
CP048242.1,404246,1
CP048242.1,404303,655
CP048242.1,404364,96
CP048242.1,404648,79
CP048242.1,406642,10
CP048242.1,411805,32
CP048242.1,411831,663
CP048242.1,411866,89
CP048242.1,412342,830
CP048242.1,412360,331
CP048242.1,412419,113
CP048242.1,416923,129
CP048242.1,417183,13
CP048242.1,419921,401
CP048242.1,419987,722
CP048242.1,423790,286
CP048242.1,432117,11
CP048242.1,432195,54
CP048242.1,432409,16
CP048242.1,436677,53
CP048242.1,437123,6
CP048242.1,437218,22
CP048242.1,439759,218
CP048242.1,439847,1
CP048242.1,440030,16
CP048242.1,441478,512
CP048242.1,446358,59
CP048242.1,450367,9
CP048242.1,450374,771
CP048242.1,460943,43
CP048242.1,464314,1
CP048242.1,464486,510
CP048242.1,464580,75
CP048242.1,464587,15
CP048242.1,467775,1187
CP048242.1,472710,1
CP048242.1,473409,153
CP048242.1,473486,2130
CP048242.1,473493,638
CP048242.1,473524,318
CP048242.1,473531,490
CP048242.1,480945,203
CP048242.1,485687,1259
CP048242.1,485736,250
CP048242.1,485802,6
CP048242.1,502207,28
CP048242.1,502267,160
CP048242.1,502272,22
CP048242.1,502274,683
CP048242.1,502306,30
CP048242.1,503053,399
CP048242.1,503824,43
CP048242.1,504771,16
CP048242.1,507015,17
CP048242.1,507022,1056
CP048242.1,513954,27
CP048242.1,517826,276
CP048242.1,517836,1
CP048242.1,517843,158
CP048242.1,518664,121
CP048242.1,518747,206
CP048242.1,523210,136
CP048242.1,523220,116
CP048242.1,527907,1
CP048242.1,529461,67
CP048242.1,529626,216
CP048242.1,529732,2
CP048242.1,530250,480
CP048242.1,530826,186
CP048242.1,531007,194
CP048242.1,531014,300
CP048242.1,531048,259
CP048242.1,531300,175
CP048242.1,531448,3
CP048242.1,531455,113
CP048242.1,531583,7
CP048242.1,531600,104
CP048242.1,531992,444
CP048242.1,532161,986
CP048242.1,533104,234
CP048242.1,533116,102
CP048242.1,539120,2
CP048242.1,539194,44
CP048242.1,539748,4
CP048242.1,540085,549
CP048242.1,540177,607
CP048242.1,540261,603
CP048242.1,540289,59
CP048242.1,540311,473
CP048242.1,540595,585
CP048242.1,541189,935
CP048242.1,542637,681
CP048242.1,542648,300
CP048242.1,549403,342
CP048242.1,552787,23
CP048242.1,553613,14
CP048242.1,557739,59
CP048242.1,566495,442
CP048242.1,567513,123
CP048242.1,568490,790
CP048242.1,568599,234
CP048242.1,568687,173
CP048242.1,568771,14
CP048242.1,568854,200
CP048242.1,571795,683
CP048242.1,574318,66
CP048242.1,583297,4
CP048242.1,583324,352
CP048242.1,584470,550
CP048242.1,585371,150
CP048242.1,585388,22
CP048242.1,585434,40
CP048242.1,585441,93
CP048242.1,585488,1
CP048242.1,585513,365
CP048242.1,585531,33
CP048242.1,585615,1
CP048242.1,588670,1
CP048242.1,588913,533
CP048242.1,589078,22
CP048242.1,589105,388
CP048242.1,603116,50
CP048242.1,603189,338
CP048242.1,603484,607
CP048242.1,603568,578
CP048242.1,606554,1
CP048242.1,607070,1
CP048242.1,607088,619
CP048242.1,607095,231
CP048242.1,607340,1047
CP048242.1,607540,12
CP048242.1,607548,812
CP048242.1,607753,1
CP048242.1,607910,1
CP048242.1,607956,392
CP048242.1,607963,629
CP048242.1,612498,1482
CP048242.1,613449,601
CP048242.1,613452,244
CP048242.1,613459,1
CP048242.1,613472,1
CP048242.1,613482,555
CP048242.1,613493,1
CP048242.1,613557,102
CP048242.1,613560,31
CP048242.1,613610,1
CP048242.1,613616,367
CP048242.1,613651,3
CP048242.1,614262,101
CP048242.1,615671,214
CP048242.1,619479,748
CP048242.1,621361,46
CP048242.1,622395,467
CP048242.1,622402,455
CP048242.1,622427,215
CP048242.1,622759,2
CP048242.1,623101,4
CP048242.1,623538,12
CP048242.1,623845,182
CP048242.1,624524,1
CP048242.1,626104,7
CP048242.1,627782,548
CP048242.1,627865,455
CP048242.1,627867,1
CP048242.1,627869,282
CP048242.1,627899,439
CP048242.1,627907,175
CP048242.1,627940,298
CP048242.1,628818,1197
CP048242.1,634350,6
CP048242.1,634530,281
CP048242.1,634988,467
CP048242.1,635959,1
CP048242.1,637771,619
CP048242.1,637904,390
CP048242.1,638033,36
CP048242.1,638068,326
CP048242.1,640907,25
CP048242.1,648670,1
CP048242.1,652546,38
CP048242.1,652578,346
CP048242.1,652585,138
CP048242.1,653667,242
CP048242.1,656784,489
CP048242.1,657261,1
CP048242.1,657361,606
CP048242.1,660501,95
CP048242.1,662414,162
CP048242.1,664803,616
CP048242.1,665149,988
CP048242.1,665156,38
CP048242.1,665247,1
CP048242.1,665249,224
CP048242.1,665265,336
CP048242.1,668308,1
CP048242.1,668398,477
CP048242.1,668405,39
CP048242.1,668412,166
CP048242.1,668417,627
CP048242.1,668422,86
CP048242.1,668441,17
CP048242.1,668449,6
CP048242.1,668553,25
CP048242.1,668555,144
CP048242.1,668560,753
CP048242.1,668562,396
CP048242.1,668563,1438
CP048242.1,668675,1480
CP048242.1,668676,183
CP048242.1,668768,11
CP048242.1,668774,3
CP048242.1,668781,125
CP048242.1,668789,932
CP048242.1,668803,7
CP048242.1,668820,22
CP048242.1,669256,255
CP048242.1,669930,71
CP048242.1,670005,240
CP048242.1,672053,5
CP048242.1,673374,1
CP048242.1,673623,20
CP048242.1,674444,10
CP048242.1,676418,8
CP048242.1,678706,13
CP048242.1,678798,6
CP048242.1,678822,809
CP048242.1,678829,19
CP048242.1,678951,277
CP048242.1,678982,72
CP048242.1,678989,129
CP048242.1,680928,111
CP048242.1,680935,1101
CP048242.1,680991,460
CP048242.1,683127,97
CP048242.1,683212,12
CP048242.1,683239,476
CP048242.1,685656,215
CP048242.1,685689,1
CP048242.1,687507,23
CP048242.1,697950,1
CP048242.1,698072,587
CP048242.1,698079,8
CP048242.1,702344,541
CP048242.1,703062,26
CP048242.1,703382,732
CP048242.1,703431,411
CP048242.1,703592,10
CP048242.1,709155,435
CP048242.1,710681,1
CP048242.1,711988,17
CP048242.1,712040,231
CP048242.1,712122,431
CP048242.1,717141,61
CP048242.1,720314,1
CP048242.1,721313,11
CP048242.1,725422,4
CP048242.1,725575,12
CP048242.1,727917,75
CP048242.1,728242,42
CP048242.1,733136,10
CP048242.1,735193,3
CP048242.1,741883,46
CP048242.1,744199,127
CP048242.1,746983,8
CP048242.1,747115,111
CP048242.1,747122,113
CP048242.1,747130,504
CP048242.1,747212,197
CP048242.1,747390,416
CP048242.1,747405,1
CP048242.1,747466,14
CP048242.1,747473,231
CP048242.1,747511,818
CP048242.1,748052,11
CP048242.1,748059,119
CP048242.1,748132,18
CP048242.1,748406,115
CP048242.1,748471,288
CP048242.1,748537,104
CP048242.1,749351,36
CP048242.1,749670,2
CP048242.1,749876,3
CP048242.1,750104,24
CP048242.1,750403,6
CP048242.1,751476,79
CP048242.1,751510,25
CP048242.1,751580,93
CP048242.1,751657,141
CP048242.1,751690,235
CP048242.1,752874,1
CP048242.1,753815,520
CP048242.1,755327,601
CP048242.1,755527,179
CP048242.1,755529,213
CP048242.1,755534,15
CP048242.1,755536,578
CP048242.1,755626,4
CP048242.1,755690,1543
CP048242.1,755692,12
CP048242.1,755697,25
CP048242.1,755736,406
CP048242.1,755762,2
CP048242.1,755816,284
CP048242.1,755823,65
CP048242.1,755853,23
CP048242.1,756004,79
CP048242.1,756076,1
CP048242.1,756098,111
CP048242.1,756100,137
CP048242.1,756103,176
CP048242.1,756105,1848
CP048242.1,756110,487
CP048242.1,756117,882
CP048242.1,756125,14
CP048242.1,756182,88
CP048242.1,756188,17
CP048242.1,756189,90
CP048242.1,756191,202
CP048242.1,756210,401
CP048242.1,756490,1
CP048242.1,760522,260
CP048242.1,760665,9
CP048242.1,762259,19
CP048242.1,763340,29
CP048242.1,765012,24
CP048242.1,767371,2
CP048242.1,767581,466
CP048242.1,767913,1
CP048242.1,769682,779
CP048242.1,770619,652
CP048242.1,771015,264
CP048242.1,771363,207
CP048242.1,771403,8
CP048242.1,771468,236
CP048242.1,771528,80
CP048242.1,771704,269
CP048242.1,771710,48
CP048242.1,771747,324
CP048242.1,772178,14
CP048242.1,773956,12
CP048242.1,777979,235
CP048242.1,777981,5
CP048242.1,778062,59
CP048242.1,778119,481
CP048242.1,778171,15
CP048242.1,778184,106
CP048242.1,778222,11
CP048242.1,778230,190
CP048242.1,778988,52
CP048242.1,779434,405
CP048242.1,786363,341
CP048242.1,786366,1139
CP048242.1,786424,37
CP048242.1,786463,32
CP048242.1,786505,3
CP048242.1,786514,772
CP048242.1,786521,526
CP048242.1,786551,87
CP048242.1,786558,332
CP048242.1,786585,137
CP048242.1,786592,72
CP048242.1,786610,1
CP048242.1,786654,56
CP048242.1,787257,281
CP048242.1,787881,1
CP048242.1,789764,39
CP048242.1,789773,410
CP048242.1,789791,18
CP048242.1,789879,36
CP048242.1,791515,236
CP048242.1,791556,12
CP048242.1,792119,21
CP048242.1,792133,63
CP048242.1,793731,608
CP048242.1,795076,31
CP048242.1,795134,24
CP048242.1,795173,2
CP048242.1,800760,879
CP048242.1,800771,4
CP048242.1,800773,1
CP048242.1,800781,1
CP048242.1,800788,2
CP048242.1,800815,411
CP048242.1,800855,3
CP048242.1,800858,327
CP048242.1,800861,125
CP048242.1,800865,784
CP048242.1,800916,92
CP048242.1,801022,69
CP048242.1,801035,652
CP048242.1,801172,327
CP048242.1,801195,635
CP048242.1,801992,1207
CP048242.1,802069,339
CP048242.1,802182,601
CP048242.1,803288,3208
CP048242.1,803290,685
CP048242.1,803295,28
CP048242.1,803297,72
CP048242.1,803326,78
CP048242.1,803606,551
CP048242.1,810377,690
CP048242.1,810400,256
CP048242.1,814946,159
CP048242.1,817989,543
CP048242.1,820455,243
CP048242.1,824863,131
CP048242.1,824871,26
CP048242.1,829548,1
CP048242.1,829562,14
CP048242.1,829581,12
CP048242.1,832751,1
CP048242.1,833745,474
CP048242.1,844796,345
CP048242.1,844993,164
CP048242.1,845549,403
CP048242.1,845739,1
CP048242.1,847633,120
CP048242.1,847648,58
CP048242.1,847674,5
CP048242.1,849527,1
CP048242.1,849862,4
CP048242.1,849933,371
CP048242.1,850120,31
CP048242.1,853408,1
CP048242.1,853415,559
CP048242.1,853461,24
CP048242.1,853511,6
CP048242.1,854047,3
CP048242.1,854864,222
CP048242.1,854909,1397
CP048242.1,854911,3
CP048242.1,855044,205
CP048242.1,855697,547
CP048242.1,855836,413
CP048242.1,855901,2
CP048242.1,855940,117
CP048242.1,856450,292
CP048242.1,856555,2
CP048242.1,856714,382
CP048242.1,856719,6
CP048242.1,856721,9
CP048242.1,857615,783
CP048242.1,857835,1
CP048242.1,858250,24
CP048242.1,858442,82
CP048242.1,858670,40
CP048242.1,859467,216
CP048242.1,859747,4
CP048242.1,859773,85
CP048242.1,859776,434
CP048242.1,859814,16
CP048242.1,859928,9
CP048242.1,859971,1
CP048242.1,859993,1
CP048242.1,860050,25
CP048242.1,860293,1
CP048242.1,860718,14
CP048242.1,860762,1102
CP048242.1,860922,1143
CP048242.1,860925,272
CP048242.1,860927,59
CP048242.1,860929,3
CP048242.1,860972,372
CP048242.1,861088,1
CP048242.1,861239,1
CP048242.1,861716,6
CP048242.1,861773,1
CP048242.1,862210,23
CP048242.1,862244,384
CP048242.1,862276,284
CP048242.1,862297,209
CP048242.1,862298,471
CP048242.1,862365,1053
CP048242.1,862425,1
CP048242.1,862444,49
CP048242.1,862451,436
CP048242.1,862453,1
CP048242.1,862455,445
CP048242.1,862464,604
CP048242.1,862506,18
CP048242.1,862512,165
CP048242.1,862534,842
CP048242.1,862541,50
CP048242.1,862544,210
CP048242.1,862582,506
CP048242.1,862679,638
CP048242.1,862966,659
CP048242.1,862984,252
CP048242.1,863860,326
CP048242.1,864638,1
CP048242.1,864728,1196
CP048242.1,865010,319
CP048242.1,866987,13
CP048242.1,867132,13
CP048242.1,871493,74
CP048242.1,871495,250
CP048242.1,871496,539
CP048242.1,871502,69
CP048242.1,873599,27
CP048242.1,873630,29
CP048242.1,874905,231
CP048242.1,875111,628
CP048242.1,875118,146
CP048242.1,878244,30
CP048242.1,878251,5
CP048242.1,878774,126
CP048242.1,879675,263
CP048242.1,880674,44
CP048242.1,881226,1
CP048242.1,881377,29
CP048242.1,881505,757
CP048242.1,881543,1
CP048242.1,881611,7
CP048242.1,881640,1241
CP048242.1,881647,21
CP048242.1,881696,275
CP048242.1,881773,542
CP048242.1,881798,28
CP048242.1,881805,242
CP048242.1,881819,854
CP048242.1,881913,291
CP048242.1,881975,785
CP048242.1,882372,546
CP048242.1,884236,345
CP048242.1,884950,66
CP048242.1,885116,494
CP048242.1,885123,104
CP048242.1,885344,314
CP048242.1,888063,278
CP048242.1,888295,1
CP048242.1,888416,8
CP048242.1,888536,367
CP048242.1,888643,219
CP048242.1,888957,400
CP048242.1,889087,157
CP048242.1,889126,294
CP048242.1,889264,740
CP048242.1,890793,639
CP048242.1,891558,352
CP048242.1,891578,356
CP048242.1,891622,184
CP048242.1,893411,42
CP048242.1,893418,176
CP048242.1,896263,539
CP048242.1,898453,111
CP048242.1,898474,1
CP048242.1,898554,254
CP048242.1,898570,513
CP048242.1,899477,1329
CP048242.1,899484,10
CP048242.1,900753,529
CP048242.1,902508,159
CP048242.1,902513,63
CP048242.1,904411,284
CP048242.1,904418,250
CP048242.1,905506,1
CP048242.1,905712,370
CP048242.1,907026,173
CP048242.1,907052,15
CP048242.1,907069,426
CP048242.1,907076,1783
CP048242.1,907168,260
CP048242.1,907175,69
CP048242.1,907257,446
CP048242.1,908738,564
CP048242.1,910886,356
CP048242.1,918483,1682
CP048242.1,918488,1
CP048242.1,918490,2309
CP048242.1,918492,1
CP048242.1,918496,81
CP048242.1,918499,238
CP048242.1,918507,467
CP048242.1,918628,100
CP048242.1,918651,1
CP048242.1,918659,376
CP048242.1,918749,13
CP048242.1,918756,20
CP048242.1,923156,83
CP048242.1,929707,1
CP048242.1,931210,191
CP048242.1,931311,59
CP048242.1,931852,83
CP048242.1,934435,214
CP048242.1,934442,308
CP048242.1,934588,401
CP048242.1,934937,341
CP048242.1,935878,37
CP048242.1,937004,70
CP048242.1,937035,431
CP048242.1,937097,12
CP048242.1,945033,57
CP048242.1,945909,2
CP048242.1,945916,1610
CP048242.1,947325,1
CP048242.1,948002,246
CP048242.1,950299,326
CP048242.1,950329,279
CP048242.1,950633,920
CP048242.1,950636,236
CP048242.1,950666,1
CP048242.1,950714,473
CP048242.1,950716,843
CP048242.1,950717,309
CP048242.1,950734,633
CP048242.1,950738,15
CP048242.1,950745,576
CP048242.1,950765,546
CP048242.1,950777,2695
CP048242.1,950784,3168
CP048242.1,953931,1726
CP048242.1,954008,50
CP048242.1,954030,377
CP048242.1,954048,13
CP048242.1,956149,187
CP048242.1,956201,3
CP048242.1,961739,142
CP048242.1,967618,391
CP048242.1,967625,1
CP048242.1,967720,97
CP048242.1,967989,296
CP048242.1,968015,288
CP048242.1,970400,2
CP048242.1,971781,482
CP048242.1,971822,86
CP048242.1,971862,759
CP048242.1,971864,1
CP048242.1,971869,62
CP048242.1,973299,1523
CP048242.1,973472,311
CP048242.1,974907,45
CP048242.1,974935,6
CP048242.1,975473,16
CP048242.1,976356,390
CP048242.1,976369,598
CP048242.1,976373,4
CP048242.1,976418,1
CP048242.1,988376,573
CP048242.1,988398,340
CP048242.1,988406,6
CP048242.1,988467,19
CP048242.1,988480,792
CP048242.1,988559,152
CP048242.1,989721,212
CP048242.1,989785,370
CP048242.1,989786,1
CP048242.1,989880,366
CP048242.1,992942,128
CP048242.1,993057,670
CP048242.1,993064,1182
CP048242.1,993357,187
CP048242.1,993457,1
CP048242.1,993459,1
CP048242.1,993464,2
CP048242.1,995579,529
CP048242.1,995583,2274
CP048242.1,995584,30
CP048242.1,995586,352
CP048242.1,995590,3304
CP048242.1,995609,37
CP048242.1,995657,1003
CP048242.1,996818,211
CP048242.1,997786,1
CP048242.1,998043,536
CP048242.1,998189,527
CP048242.1,998533,154
CP048242.1,998668,7
CP048242.1,998769,8
CP048242.1,998840,647
CP048242.1,999192,163
CP048242.1,999908,35
CP048242.1,999943,157
CP048242.1,1000989,132
CP048242.1,1001141,449
CP048242.1,1001307,1
CP048242.1,1001878,9
CP048242.1,1002085,27
CP048242.1,1002092,826
CP048242.1,1002389,1
CP048242.1,1002454,1
CP048242.1,1002617,1
CP048242.1,1002841,9
CP048242.1,1003447,1
CP048242.1,1003783,51
CP048242.1,1003796,497
CP048242.1,1004188,35
CP048242.1,1004190,1
CP048242.1,1004194,545
CP048242.1,1004200,567
CP048242.1,1004241,2
CP048242.1,1004248,1
CP048242.1,1004328,40
CP048242.1,1004412,10
CP048242.1,1004982,1
CP048242.1,1005080,664
CP048242.1,1005093,551
CP048242.1,1005217,411
CP048242.1,1005302,1
CP048242.1,1005319,283
CP048242.1,1006178,102
CP048242.1,1009960,85
CP048242.1,1010169,73
CP048242.1,1010204,1
CP048242.1,1010211,582
CP048242.1,1010519,388
CP048242.1,1010550,170
CP048242.1,1011284,1
CP048242.1,1012121,17
CP048242.1,1012383,1461
CP048242.1,1012401,454
CP048242.1,1012406,287
CP048242.1,1012447,175
CP048242.1,1012456,2
CP048242.1,1012463,1
CP048242.1,1012471,584
CP048242.1,1012472,1092
CP048242.1,1012476,282
CP048242.1,1012479,154
CP048242.1,1012513,217
CP048242.1,1012605,482
CP048242.1,1012640,18
CP048242.1,1012653,177
CP048242.1,1012679,309
CP048242.1,1012690,1
CP048242.1,1012884,95
CP048242.1,1012919,6
CP048242.1,1012926,317
CP048242.1,1013086,50
CP048242.1,1013117,123
CP048242.1,1013250,105
CP048242.1,1013295,37
CP048242.1,1013388,263
CP048242.1,1013404,338
CP048242.1,1015120,453
CP048242.1,1017099,37
CP048242.1,1019180,290
CP048242.1,1019187,398
CP048242.1,1019686,65
CP048242.1,1020176,3
CP048242.1,1020409,17
CP048242.1,1021079,179
CP048242.1,1022574,145
CP048242.1,1022685,22
CP048242.1,1022729,537
CP048242.1,1023083,2
CP048242.1,1027672,1056
CP048242.1,1027820,49
CP048242.1,1027955,14
CP048242.1,1028093,514
CP048242.1,1028102,67
CP048242.1,1029186,103
CP048242.1,1029454,433
CP048242.1,1030427,1
CP048242.1,1030812,97
CP048242.1,1030873,323
CP048242.1,1030888,56
CP048242.1,1030981,206
CP048242.1,1031175,1
CP048242.1,1031338,3
CP048242.1,1031345,550
CP048242.1,1031366,300
CP048242.1,1031388,22
CP048242.1,1031564,48
CP048242.1,1031571,1
CP048242.1,1031640,217
CP048242.1,1031832,272
CP048242.1,1032393,1202
CP048242.1,1032466,32
CP048242.1,1032510,514
CP048242.1,1032512,592
CP048242.1,1032519,1
CP048242.1,1032742,404
CP048242.1,1032744,566
CP048242.1,1032749,268
CP048242.1,1032751,279
CP048242.1,1032772,1
CP048242.1,1035285,176
CP048242.1,1036930,5
CP048242.1,1037076,294
CP048242.1,1037905,1
CP048242.1,1037947,173
CP048242.1,1038165,1
CP048242.1,1038222,361
CP048242.1,1039889,3383
CP048242.1,1039896,1548
CP048242.1,1040046,369
CP048242.1,1040071,304
CP048242.1,1040150,611
CP048242.1,1040151,19
CP048242.1,1040175,640
CP048242.1,1040189,2648
CP048242.1,1040190,430
CP048242.1,1040232,16
CP048242.1,1042330,117
CP048242.1,1042338,228
CP048242.1,1043024,111
CP048242.1,1043404,625
CP048242.1,1043441,231
CP048242.1,1045026,110
CP048242.1,1045039,6
CP048242.1,1045141,693
CP048242.1,1045189,76
CP048242.1,1047720,301
CP048242.1,1048469,37
CP048242.1,1048555,222
CP048242.1,1050239,73
CP048242.1,1050474,418
CP048242.1,1050543,252
CP048242.1,1050618,410
CP048242.1,1050641,135
CP048242.1,1050781,17
CP048242.1,1050807,661
CP048242.1,1051449,1042
CP048242.1,1052292,990
CP048242.1,1052299,160
CP048242.1,1052377,51
CP048242.1,1053725,1
CP048242.1,1053853,147
CP048242.1,1053925,1
CP048242.1,1054010,730
CP048242.1,1054016,1564
CP048242.1,1054018,357
CP048242.1,1054023,496
CP048242.1,1054036,574
CP048242.1,1054042,669
CP048242.1,1054073,1367
CP048242.1,1054080,468
CP048242.1,1054159,83
CP048242.1,1054172,311
CP048242.1,1054235,10
CP048242.1,1054250,114
CP048242.1,1054299,7
CP048242.1,1054313,1512
CP048242.1,1054320,1163
CP048242.1,1054344,1
CP048242.1,1054349,217
CP048242.1,1054379,37
CP048242.1,1054390,538
CP048242.1,1054392,724
CP048242.1,1054410,242
CP048242.1,1054420,299
CP048242.1,1054426,527
CP048242.1,1054433,49
CP048242.1,1054518,190
CP048242.1,1054525,1
CP048242.1,1054583,1859
CP048242.1,1054590,1835
CP048242.1,1054617,242
CP048242.1,1054618,119
CP048242.1,1054625,785
CP048242.1,1054645,4
CP048242.1,1054647,425
CP048242.1,1054652,735
CP048242.1,1054654,322
CP048242.1,1054668,1
CP048242.1,1054672,856
CP048242.1,1054674,874
CP048242.1,1054675,1061
CP048242.1,1054679,5
CP048242.1,1054681,686
CP048242.1,1054683,675
CP048242.1,1054690,12
CP048242.1,1054706,1497
CP048242.1,1054713,1518
CP048242.1,1054720,535
CP048242.1,1054727,427
CP048242.1,1054741,260
CP048242.1,1054749,4
CP048242.1,1054757,379
CP048242.1,1054764,2458
CP048242.1,1054766,7
CP048242.1,1054815,2
CP048242.1,1054839,244
CP048242.1,1054907,610
CP048242.1,1055056,421
CP048242.1,1055085,205
CP048242.1,1055122,110
CP048242.1,1055345,491
CP048242.1,1055380,310
CP048242.1,1055439,585
CP048242.1,1055452,3
CP048242.1,1055502,1172
CP048242.1,1055522,28
CP048242.1,1056404,606
CP048242.1,1057620,271
CP048242.1,1057674,591
CP048242.1,1057721,3
CP048242.1,1057741,374
CP048242.1,1057950,1
CP048242.1,1057984,219
CP048242.1,1058011,6
CP048242.1,1058018,454
CP048242.1,1058319,1
CP048242.1,1058324,155
CP048242.1,1058782,2
CP048242.1,1059122,1
CP048242.1,1059126,1
CP048242.1,1059146,2
CP048242.1,1059323,1
CP048242.1,1059584,81
CP048242.1,1059615,63
CP048242.1,1059651,290
CP048242.1,1059657,525
CP048242.1,1059752,29
CP048242.1,1059799,16
CP048242.1,1059890,590
CP048242.1,1059899,354
CP048242.1,1059988,273
CP048242.1,1060170,34
CP048242.1,1060172,1
CP048242.1,1060179,1
CP048242.1,1060272,14
CP048242.1,1060325,31
CP048242.1,1060621,4
CP048242.1,1060800,31
CP048242.1,1060927,577
CP048242.1,1068730,563
CP048242.1,1068731,301
CP048242.1,1068905,268
CP048242.1,1068935,1349
CP048242.1,1068941,923
CP048242.1,1069004,11
CP048242.1,1069034,58
CP048242.1,1069098,450
CP048242.1,1069122,1
CP048242.1,1069172,104
CP048242.1,1070134,387
CP048242.1,1070175,421
CP048242.1,1070201,1012
CP048242.1,1070214,353
CP048242.1,1070384,21
CP048242.1,1071095,1
CP048242.1,1072449,88
CP048242.1,1073304,299
CP048242.1,1073675,1
CP048242.1,1077281,102
CP048242.1,1077302,36
CP048242.1,1077303,7
CP048242.1,1077354,105
CP048242.1,1077387,721
CP048242.1,1077394,130
CP048242.1,1077395,764
CP048242.1,1079891,21
CP048242.1,1081760,271
CP048242.1,1081998,64
CP048242.1,1083251,100
CP048242.1,1083522,632
CP048242.1,1084334,42
CP048242.1,1085097,6
CP048242.1,1085528,178
CP048242.1,1085612,447
CP048242.1,1085969,47
CP048242.1,1087091,27
CP048242.1,1087153,324
CP048242.1,1088571,44
CP048242.1,1088748,197
CP048242.1,1089498,9
CP048242.1,1089608,746
CP048242.1,1089720,1
CP048242.1,1089726,314
CP048242.1,1089913,34
CP048242.1,1090121,1
CP048242.1,1090128,402
CP048242.1,1090151,2346
CP048242.1,1090223,9
CP048242.1,1090225,968
CP048242.1,1090227,1044
CP048242.1,1090229,450
CP048242.1,1090248,3221
CP048242.1,1090255,1814
CP048242.1,1090284,549
CP048242.1,1090291,1
CP048242.1,1090298,5
CP048242.1,1090315,254
CP048242.1,1090323,714
CP048242.1,1090579,1823
CP048242.1,1090628,3
CP048242.1,1092330,454
CP048242.1,1093002,1
CP048242.1,1094011,75
CP048242.1,1094358,505
CP048242.1,1094501,10
CP048242.1,1094865,25
CP048242.1,1094967,347
CP048242.1,1094971,350
CP048242.1,1096388,674
CP048242.1,1098602,1
CP048242.1,1098823,45
CP048242.1,1098854,409
CP048242.1,1098861,16
CP048242.1,1098896,1
CP048242.1,1099069,1
CP048242.1,1099184,184
CP048242.1,1099187,101
CP048242.1,1099314,693
CP048242.1,1100031,237
CP048242.1,1100224,2
CP048242.1,1100367,1
CP048242.1,1102863,2
CP048242.1,1102992,11
CP048242.1,1102999,141
CP048242.1,1103030,1
CP048242.1,1103173,3
CP048242.1,1103235,568
CP048242.1,1103237,513
CP048242.1,1103240,12
CP048242.1,1103242,48
CP048242.1,1103244,597
CP048242.1,1103255,564
CP048242.1,1103257,719
CP048242.1,1103264,944
CP048242.1,1103646,16
CP048242.1,1103649,371
CP048242.1,1103699,712
CP048242.1,1103700,24
CP048242.1,1103919,24
CP048242.1,1104564,749
CP048242.1,1104639,12
CP048242.1,1109527,5
CP048242.1,1109902,29
CP048242.1,1110131,8
CP048242.1,1110885,876
CP048242.1,1114996,321
CP048242.1,1115583,133
CP048242.1,1115684,1011
CP048242.1,1116001,71
CP048242.1,1116028,21
CP048242.1,1116556,427
CP048242.1,1116722,2
CP048242.1,1116769,1
CP048242.1,1116793,568
CP048242.1,1116795,370
CP048242.1,1116947,686
CP048242.1,1117030,1
CP048242.1,1117053,97
CP048242.1,1120113,944
CP048242.1,1120201,386
CP048242.1,1125275,361
CP048242.1,1127218,18
CP048242.1,1133539,480
CP048242.1,1135815,544
CP048242.1,1136002,48
CP048242.1,1137018,541
CP048242.1,1137025,136
CP048242.1,1137484,73
CP048242.1,1137516,111
CP048242.1,1137658,386
CP048242.1,1138849,1
CP048242.1,1139535,180
CP048242.1,1146914,17
CP048242.1,1149294,613
CP048242.1,1151435,281
CP048242.1,1151531,391
CP048242.1,1151533,397
CP048242.1,1166664,49
CP048242.1,1168610,255
CP048242.1,1169930,100
CP048242.1,1170069,313
CP048242.1,1170118,1
CP048242.1,1170129,42
CP048242.1,1170153,2
CP048242.1,1170234,131
CP048242.1,1170322,398
CP048242.1,1171924,314
CP048242.1,1172102,130
CP048242.1,1172325,74
CP048242.1,1172364,187
CP048242.1,1172417,3
CP048242.1,1172439,681
CP048242.1,1172542,104
CP048242.1,1172549,26
CP048242.1,1172581,911
CP048242.1,1172661,603
CP048242.1,1172701,1876
CP048242.1,1172703,322
CP048242.1,1172938,918
CP048242.1,1172964,1
CP048242.1,1172997,600
CP048242.1,1173003,535
CP048242.1,1173093,26
CP048242.1,1173135,624
CP048242.1,1173210,1
CP048242.1,1173287,212
CP048242.1,1173296,10
CP048242.1,1173327,431
CP048242.1,1173483,727
CP048242.1,1173566,2
CP048242.1,1173573,387
CP048242.1,1173649,1120
CP048242.1,1173656,491
CP048242.1,1173694,910
CP048242.1,1173701,1010
CP048242.1,1173724,12
CP048242.1,1173810,51
CP048242.1,1174128,2
CP048242.1,1174206,34
CP048242.1,1174222,35
CP048242.1,1174662,128
CP048242.1,1175055,1
CP048242.1,1175083,571
CP048242.1,1175095,335
CP048242.1,1175186,26
CP048242.1,1175514,12
CP048242.1,1175866,278
CP048242.1,1176141,7
CP048242.1,1176470,593
CP048242.1,1176472,1157
CP048242.1,1176506,358
CP048242.1,1176649,617
CP048242.1,1176818,587
CP048242.1,1176842,251
CP048242.1,1176849,432
CP048242.1,1176859,180
CP048242.1,1176882,646
CP048242.1,1176922,67
CP048242.1,1176967,391
CP048242.1,1177008,583
CP048242.1,1177025,31
CP048242.1,1177122,162
CP048242.1,1177130,89
CP048242.1,1177132,1
CP048242.1,1177166,5
CP048242.1,1177173,250
CP048242.1,1177278,1
CP048242.1,1178986,66
CP048242.1,1179197,23
CP048242.1,1181369,16
CP048242.1,1181372,850
CP048242.1,1181404,3
CP048242.1,1181623,572
CP048242.1,1181911,501
CP048242.1,1181958,318
CP048242.1,1181965,536
CP048242.1,1181996,622
CP048242.1,1182175,127
CP048242.1,1184440,618
CP048242.1,1184974,9
CP048242.1,1184982,16
CP048242.1,1185051,7
CP048242.1,1185729,1
CP048242.1,1188316,23
CP048242.1,1190249,32
CP048242.1,1194296,1
CP048242.1,1194410,13
CP048242.1,1194639,319
CP048242.1,1201968,564
CP048242.1,1202022,40
CP048242.1,1202281,2
CP048242.1,1202683,75
CP048242.1,1202807,31
CP048242.1,1202845,1
CP048242.1,1203122,10
CP048242.1,1205975,1
CP048242.1,1205982,285
CP048242.1,1206058,212
CP048242.1,1206099,282
CP048242.1,1207616,117
CP048242.1,1207819,2
CP048242.1,1208069,435
CP048242.1,1208150,190
CP048242.1,1208157,145
CP048242.1,1208347,14
CP048242.1,1208397,537
CP048242.1,1208526,976
CP048242.1,1208642,1
CP048242.1,1208695,516
CP048242.1,1208796,20
CP048242.1,1208872,450
CP048242.1,1208984,426
CP048242.1,1209131,31
CP048242.1,1209158,712
CP048242.1,1209599,456
CP048242.1,1209612,79
CP048242.1,1212651,366
CP048242.1,1213230,1
CP048242.1,1213262,20
CP048242.1,1213643,646
CP048242.1,1214964,135
CP048242.1,1215131,399
CP048242.1,1215737,190
CP048242.1,1215828,241
CP048242.1,1215980,243
CP048242.1,1219911,180
CP048242.1,1221102,1
CP048242.1,1227751,10
CP048242.1,1228017,753
CP048242.1,1228099,36
CP048242.1,1228158,270
CP048242.1,1228221,142
CP048242.1,1228235,555
CP048242.1,1229799,728
CP048242.1,1230005,5
CP048242.1,1230007,35
CP048242.1,1230762,39
CP048242.1,1233456,1
CP048242.1,1239197,498
CP048242.1,1239204,461
CP048242.1,1242111,1
CP048242.1,1242145,431
CP048242.1,1242225,58
CP048242.1,1242398,199
CP048242.1,1242405,1010
CP048242.1,1242446,1
CP048242.1,1242470,465
CP048242.1,1244395,402
CP048242.1,1244449,10
CP048242.1,1244541,162
CP048242.1,1244604,442
CP048242.1,1244650,187
CP048242.1,1244760,1
CP048242.1,1245671,206
CP048242.1,1245676,295
CP048242.1,1245687,2
CP048242.1,1245693,14
CP048242.1,1245767,2
CP048242.1,1245769,755
CP048242.1,1247897,59
CP048242.1,1247936,268
CP048242.1,1248489,1
CP048242.1,1248626,454
CP048242.1,1249029,109
CP048242.1,1249096,4
CP048242.1,1249388,198
CP048242.1,1249463,1
CP048242.1,1249465,137
CP048242.1,1249472,463
CP048242.1,1249644,50
CP048242.1,1249723,414
CP048242.1,1249730,547
CP048242.1,1249753,472
CP048242.1,1249939,1235
CP048242.1,1250036,1849
CP048242.1,1250114,935
CP048242.1,1250202,144
CP048242.1,1250305,1292
CP048242.1,1250326,430
CP048242.1,1250341,47
CP048242.1,1250344,1
CP048242.1,1250381,41
CP048242.1,1250395,55
CP048242.1,1250472,370
CP048242.1,1250479,230
CP048242.1,1252278,334
CP048242.1,1254863,1
CP048242.1,1254870,286
CP048242.1,1254901,1110
CP048242.1,1255161,1
CP048242.1,1255311,373
CP048242.1,1255370,342
CP048242.1,1255376,320
CP048242.1,1255377,115
CP048242.1,1255378,596
CP048242.1,1260267,428
CP048242.1,1260306,55
CP048242.1,1260422,34
CP048242.1,1263574,1014
CP048242.1,1263581,1543
CP048242.1,1263583,2
CP048242.1,1263607,572
CP048242.1,1271885,14
CP048242.1,1272027,1
CP048242.1,1275400,6
CP048242.1,1275477,61
CP048242.1,1275484,77
CP048242.1,1275502,367
CP048242.1,1275509,283
CP048242.1,1275696,267
CP048242.1,1275729,383
CP048242.1,1275795,32
CP048242.1,1277799,19
CP048242.1,1281252,538
CP048242.1,1281324,1
CP048242.1,1281331,1
CP048242.1,1281372,185
CP048242.1,1284581,1
CP048242.1,1284584,477
CP048242.1,1285025,1
CP048242.1,1285668,2
CP048242.1,1285751,47
CP048242.1,1287418,506
CP048242.1,1288402,1
CP048242.1,1294812,401
CP048242.1,1294819,400
CP048242.1,1294825,474
CP048242.1,1295624,193
CP048242.1,1300367,129
CP048242.1,1300378,469
CP048242.1,1301591,495
CP048242.1,1306047,69
CP048242.1,1306072,743
CP048242.1,1306206,386
CP048242.1,1306283,1
CP048242.1,1306394,1
CP048242.1,1306419,21
CP048242.1,1306567,142
CP048242.1,1306599,483
CP048242.1,1306816,2
CP048242.1,1306817,55
CP048242.1,1306846,198
CP048242.1,1306947,35
CP048242.1,1306976,689
CP048242.1,1307063,1
CP048242.1,1307202,1126
CP048242.1,1307227,5
CP048242.1,1307396,206
CP048242.1,1307402,1372
CP048242.1,1307411,1
CP048242.1,1307439,65
CP048242.1,1307470,5
CP048242.1,1307471,122
CP048242.1,1307771,445
CP048242.1,1307871,600
CP048242.1,1307883,463
CP048242.1,1307885,21
CP048242.1,1307887,1
CP048242.1,1307892,1
CP048242.1,1308067,6
CP048242.1,1308120,1
CP048242.1,1308269,3
CP048242.1,1313199,630
CP048242.1,1313263,1185
CP048242.1,1313270,473
CP048242.1,1313508,1
CP048242.1,1313540,142
CP048242.1,1313547,8
CP048242.1,1313645,341
CP048242.1,1313652,3788
CP048242.1,1313711,9
CP048242.1,1313754,1
CP048242.1,1313815,32
CP048242.1,1314724,19
CP048242.1,1316080,27
CP048242.1,1316214,140
CP048242.1,1316386,370
CP048242.1,1317711,681
CP048242.1,1317740,924
CP048242.1,1317747,247
CP048242.1,1317784,95
CP048242.1,1317839,132
CP048242.1,1317979,31
CP048242.1,1317986,537
CP048242.1,1318009,1
CP048242.1,1318138,369
CP048242.1,1318160,21
CP048242.1,1318405,302
CP048242.1,1318407,4
CP048242.1,1318485,575
CP048242.1,1318563,829
CP048242.1,1319354,102
CP048242.1,1319464,1
CP048242.1,1319567,460
CP048242.1,1319640,575
CP048242.1,1319666,586
CP048242.1,1319813,78
CP048242.1,1319957,156
CP048242.1,1319964,5
CP048242.1,1320066,1
CP048242.1,1320314,2
CP048242.1,1320348,2
CP048242.1,1320489,1
CP048242.1,1320518,759
CP048242.1,1320587,260
CP048242.1,1320780,55
CP048242.1,1320820,327
CP048242.1,1320831,8
CP048242.1,1320838,776
CP048242.1,1320971,72
CP048242.1,1331153,96
CP048242.1,1331205,141
CP048242.1,1341222,681
CP048242.1,1341902,263
CP048242.1,1342068,45
CP048242.1,1342338,45
CP048242.1,1347090,218
CP048242.1,1349221,614
CP048242.1,1349317,206
CP048242.1,1349345,48
CP048242.1,1349390,260
CP048242.1,1349402,44
CP048242.1,1353705,159
CP048242.1,1353712,103
CP048242.1,1355253,49
CP048242.1,1355642,1
CP048242.1,1355806,60
CP048242.1,1355926,67
CP048242.1,1358760,127
CP048242.1,1358767,1
CP048242.1,1361891,20
CP048242.1,1361941,128
CP048242.1,1361972,13
CP048242.1,1361987,523
CP048242.1,1362045,433
CP048242.1,1362210,185
CP048242.1,1362467,498
CP048242.1,1367078,1
CP048242.1,1368361,747
CP048242.1,1368755,6
CP048242.1,1368792,34
CP048242.1,1368851,160
CP048242.1,1369195,11
CP048242.1,1369197,359
CP048242.1,1369347,13
CP048242.1,1369357,722
CP048242.1,1369523,844
CP048242.1,1376269,1
CP048242.1,1376373,7
CP048242.1,1378513,213
CP048242.1,1382891,72
CP048242.1,1387220,48
CP048242.1,1387641,376
CP048242.1,1388481,1
CP048242.1,1388879,3
CP048242.1,1388945,286
CP048242.1,1388964,1
CP048242.1,1393179,1
CP048242.1,1393250,3
CP048242.1,1393456,10
CP048242.1,1395032,379
CP048242.1,1395055,194
CP048242.1,1395218,18
CP048242.1,1396599,396
CP048242.1,1396994,52
CP048242.1,1398741,43
CP048242.1,1399008,107
CP048242.1,1399067,1
CP048242.1,1399215,995
CP048242.1,1403250,298
CP048242.1,1403386,6
CP048242.1,1404772,1
CP048242.1,1405740,11
CP048242.1,1408500,1806
CP048242.1,1408724,667
CP048242.1,1408732,267
CP048242.1,1408754,69
CP048242.1,1410874,108
CP048242.1,1417583,53
CP048242.1,1417753,200
CP048242.1,1421696,4
CP048242.1,1421835,500
