Chromosome,Position,Reads
CP048230.1,39235,3
CP048230.1,39242,1
CP048230.1,39279,2
CP048230.1,39283,2
CP048230.1,39630,1
CP048230.1,43314,1
CP048230.1,43356,1
CP048230.1,47445,1
CP048230.1,49393,1
CP048230.1,51236,2
CP048230.1,51243,4
CP048230.1,51700,1
CP048230.1,51736,1
CP048230.1,51889,1
CP048230.1,52067,2
CP048230.1,52074,1
CP048230.1,61114,1
CP048230.1,61603,2
CP048230.1,61612,1
CP048230.1,61624,1
CP048230.1,61798,1
CP048230.1,63437,1
CP048230.1,68665,1
CP048230.1,68950,1
CP048230.1,72918,2
CP048230.1,72950,1
CP048230.1,73162,1
CP048230.1,73239,1
CP048230.1,73281,1
CP048230.1,73406,1
CP048230.1,73428,2
CP048230.1,73429,4
CP048230.1,73466,3
CP048230.1,74029,2
CP048230.1,74080,1
CP048230.1,75953,1
CP048230.1,76017,1
CP048230.1,76372,1
CP048230.1,78219,2
CP048230.1,78234,1
CP048230.1,78286,1
CP048230.1,78332,1
CP048230.1,78347,1
CP048230.1,78363,1
CP048230.1,78438,1
CP048230.1,78445,1
CP048230.1,78507,1
CP048230.1,78524,1
CP048230.1,78529,2
CP048230.1,78621,1
CP048230.1,78628,1
CP048230.1,78629,1
CP048230.1,78636,1
CP048230.1,78817,1
CP048230.1,78865,1
CP048230.1,78878,1
CP048230.1,78922,1
CP048230.1,79045,1
CP048230.1,79286,1
CP048230.1,79705,1
CP048230.1,84071,3
CP048230.1,84078,2
CP048230.1,86029,1
CP048230.1,86217,3
CP048230.1,86219,1
CP048230.1,86453,1
CP048230.1,87557,2
CP048230.1,87673,1
CP048230.1,89335,1
CP048230.1,89933,1
CP048230.1,90609,1
CP048230.1,90839,1
CP048230.1,94813,1
CP048230.1,94881,1
CP048230.1,94918,1
CP048230.1,95025,2
CP048230.1,95034,1
CP048230.1,95225,2
CP048230.1,97126,1
CP048230.1,97128,1
CP048230.1,97260,1
CP048230.1,97861,1
CP048230.1,97961,1
CP048230.1,98134,2
CP048230.1,98317,1
CP048230.1,99151,1
CP048230.1,99244,1
CP048230.1,99413,1
CP048230.1,99733,1
CP048230.1,102418,1
CP048230.1,111432,1
CP048230.1,120915,1
CP048230.1,120920,1
CP048230.1,121149,1
CP048230.1,122108,1
CP048230.1,122246,1
CP048230.1,122443,2
CP048230.1,122444,1
CP048230.1,122564,2
CP048230.1,122713,1
CP048230.1,122726,1
CP048230.1,122812,1
CP048230.1,123049,1
CP048230.1,123090,2
CP048230.1,123154,1
CP048230.1,123161,1
CP048230.1,123329,1
CP048230.1,123339,4
CP048230.1,123370,5
CP048230.1,123375,2
CP048230.1,123392,2
CP048230.1,123445,1
CP048230.1,123446,2
CP048230.1,123448,1
CP048230.1,123450,1
CP048230.1,125952,1
CP048230.1,126042,1
CP048230.1,127608,1
CP048230.1,127737,1
CP048230.1,127793,1
CP048230.1,127801,2
CP048230.1,127808,2
CP048230.1,127816,1
CP048230.1,127880,1
CP048230.1,127973,2
CP048230.1,128229,2
CP048230.1,128322,1
CP048230.1,128466,1
CP048230.1,131573,1
CP048230.1,132262,1
CP048230.1,132273,4
CP048230.1,132288,2
CP048230.1,132302,1
CP048230.1,132329,4
CP048230.1,132362,1
CP048230.1,132401,1
CP048230.1,132408,1
CP048230.1,132420,1
CP048230.1,133168,1
CP048230.1,135516,1
CP048230.1,140883,1
CP048230.1,140890,1
CP048230.1,140923,1
CP048230.1,140930,1
CP048230.1,141229,1
CP048230.1,141502,1
CP048230.1,141830,2
CP048230.1,142158,1
CP048230.1,142301,1
CP048230.1,142428,1
CP048230.1,142435,1
CP048230.1,143043,1
CP048230.1,145992,2
CP048230.1,146466,1
CP048230.1,146606,1
CP048230.1,147228,1
CP048230.1,149748,1
CP048230.1,150435,1
CP048230.1,150465,2
CP048230.1,150515,1
CP048230.1,150653,1
CP048230.1,150819,1
CP048230.1,151139,1
CP048230.1,151696,1
CP048230.1,153461,2
CP048230.1,153823,1
CP048230.1,159117,2
CP048230.1,162481,1
CP048230.1,167758,1
CP048230.1,168390,1
CP048230.1,168869,2
CP048230.1,170295,1
CP048230.1,173701,1
CP048230.1,173984,1
CP048230.1,176776,1
CP048230.1,179208,1
CP048230.1,179458,1
CP048230.1,179620,1
CP048230.1,180982,2
CP048230.1,181010,1
CP048230.1,181030,1
CP048230.1,181365,1
CP048230.1,181879,1
CP048230.1,182751,1
CP048230.1,182755,2
CP048230.1,183334,1
CP048230.1,183420,1
CP048230.1,183436,1
CP048230.1,183443,2
CP048230.1,183484,1
CP048230.1,183540,1
CP048230.1,183570,1
CP048230.1,183580,1
CP048230.1,183587,2
CP048230.1,184040,1
CP048230.1,184279,1
CP048230.1,184446,1
CP048230.1,184498,1
CP048230.1,185558,1
CP048230.1,190086,1
CP048230.1,190411,1
CP048230.1,191823,2
CP048230.1,196866,1
CP048230.1,197605,1
CP048230.1,202175,2
CP048230.1,203716,1
CP048230.1,208376,1
CP048230.1,208500,1
CP048230.1,209055,2
CP048230.1,212134,1
CP048230.1,235275,1
CP048230.1,236089,1
CP048230.1,236171,1
CP048230.1,239446,1
CP048230.1,246139,1
CP048230.1,251239,1
CP048230.1,253025,1
CP048230.1,254902,1
CP048230.1,257425,2
CP048230.1,258131,2
CP048230.1,258959,3
CP048230.1,260344,2
CP048230.1,264147,5
CP048230.1,264274,1
CP048230.1,264344,1
CP048230.1,265379,1
CP048230.1,268064,1
CP048230.1,268785,1
CP048230.1,269069,1
CP048230.1,270564,1
CP048230.1,270971,1
CP048230.1,271148,1
CP048230.1,278847,2
CP048230.1,281166,1
CP048230.1,285419,1
CP048230.1,291429,1
CP048230.1,291953,1
CP048230.1,292428,1
CP048230.1,293004,2
CP048230.1,296440,2
CP048230.1,296647,1
CP048230.1,311776,1
CP048230.1,328944,1
CP048230.1,328975,2
CP048230.1,332038,2
CP048230.1,332045,1
CP048230.1,332281,1
CP048230.1,332449,1
CP048230.1,332463,3
CP048230.1,332465,1
CP048230.1,333176,1
CP048230.1,334593,1
CP048230.1,338233,3
CP048230.1,340443,1
CP048230.1,340719,1
CP048230.1,342268,1
CP048230.1,343183,1
CP048230.1,343444,1
CP048230.1,346476,1
CP048230.1,351065,1
CP048230.1,351105,1
CP048230.1,351116,1
CP048230.1,351273,5
CP048230.1,351280,1
CP048230.1,351598,1
CP048230.1,361016,1
CP048230.1,372338,1
CP048230.1,372582,1
CP048230.1,372771,1
CP048230.1,372905,2
CP048230.1,372963,1
CP048230.1,375894,1
CP048230.1,382491,1
CP048230.1,382718,1
CP048230.1,383098,1
CP048230.1,391873,1
CP048230.1,391936,1
CP048230.1,393085,1
CP048230.1,399556,1
CP048230.1,403244,1
CP048230.1,407591,1
CP048230.1,411303,1
CP048230.1,411650,1
CP048230.1,411657,2
CP048230.1,411666,1
CP048230.1,411675,1
CP048230.1,412273,1
CP048230.1,413933,1
CP048230.1,422644,2
CP048230.1,422657,1
CP048230.1,422695,1
CP048230.1,430837,2
CP048230.1,430844,1
CP048230.1,431960,1
CP048230.1,439501,1
CP048230.1,439505,2
CP048230.1,439540,4
CP048230.1,439578,1
CP048230.1,439665,2
CP048230.1,439821,2
CP048230.1,440063,1
CP048230.1,440420,1
CP048230.1,443549,3
CP048230.1,443668,1
CP048230.1,443953,1
CP048230.1,444190,1
CP048230.1,460824,2
CP048230.1,460835,1
CP048230.1,463702,1
CP048230.1,465136,1
CP048230.1,474389,1
CP048230.1,476586,1
CP048230.1,481670,1
CP048230.1,481677,2
CP048230.1,481706,1
CP048230.1,481825,1
CP048230.1,481931,2
CP048230.1,485979,1
CP048230.1,488147,1
CP048231.1,17938,1
CP048231.1,18692,1
CP048231.1,31928,1
CP048231.1,32357,1
CP048231.1,32365,2
CP048231.1,32456,1
CP048231.1,32472,1
CP048231.1,42968,1
CP048231.1,43682,1
CP048231.1,44377,1
CP048231.1,49119,1
CP048231.1,49293,2
CP048231.1,49300,1
CP048231.1,51605,1
CP048231.1,52071,1
CP048231.1,52376,1
CP048231.1,53900,1
CP048231.1,54391,1
CP048231.1,60273,1
CP048231.1,65064,2
CP048231.1,65116,1
CP048231.1,65491,2
CP048231.1,65618,1
CP048231.1,68046,1
CP048231.1,68135,2
CP048231.1,72795,1
CP048231.1,75847,1
CP048231.1,75926,2
CP048231.1,75944,1
CP048231.1,78255,1
CP048231.1,78373,1
CP048231.1,88434,1
CP048231.1,90298,1
CP048231.1,92011,1
CP048231.1,92041,3
CP048231.1,92076,1
CP048231.1,92492,2
CP048231.1,93037,1
CP048231.1,93236,1
CP048231.1,93328,1
CP048231.1,97004,1
CP048231.1,97125,1
CP048231.1,97146,1
CP048231.1,97851,3
CP048231.1,102091,1
CP048231.1,102098,1
CP048231.1,102689,1
CP048231.1,105914,1
CP048231.1,121809,1
CP048231.1,122808,2
CP048231.1,125595,1
CP048231.1,132425,2
CP048231.1,141023,1
CP048231.1,148773,1
CP048231.1,148777,1
CP048231.1,173646,1
CP048231.1,177107,1
CP048231.1,177439,1
CP048231.1,183861,2
CP048231.1,196468,2
CP048231.1,196756,1
CP048231.1,200146,1
CP048231.1,203438,1
CP048231.1,218592,1
CP048231.1,221814,1
CP048231.1,222131,1
CP048231.1,230412,1
CP048231.1,230505,1
CP048231.1,233425,2
CP048231.1,234335,1
CP048231.1,234338,1
CP048231.1,234347,1
CP048231.1,234439,2
CP048231.1,237798,2
CP048231.1,238810,1
CP048231.1,240341,1
CP048231.1,240380,1
CP048231.1,246153,1
CP048231.1,248374,1
CP048231.1,248784,1
CP048231.1,248805,1
CP048231.1,248873,1
CP048231.1,249806,1
CP048231.1,249873,2
CP048231.1,252983,4
CP048231.1,252990,2
CP048231.1,253776,1
CP048231.1,256557,1
CP048231.1,256672,1
CP048231.1,256718,1
CP048231.1,256741,1
CP048231.1,256791,1
CP048231.1,257044,1
CP048231.1,263985,1
CP048231.1,264238,2
CP048231.1,264365,1
CP048231.1,273507,1
CP048231.1,278381,3
CP048231.1,278468,3
CP048231.1,278475,1
CP048231.1,279394,2
CP048231.1,279427,1
CP048231.1,279619,1
CP048231.1,279756,1
CP048231.1,279960,1
CP048231.1,280014,1
CP048231.1,280021,1
CP048231.1,280709,1
CP048231.1,281241,1
CP048231.1,281860,1
CP048231.1,283797,3
CP048231.1,284452,1
CP048231.1,284563,1
CP048231.1,284810,1
CP048231.1,285119,1
CP048231.1,289464,1
CP048231.1,289574,1
CP048231.1,290088,1
CP048231.1,290277,2
CP048231.1,290296,1
CP048231.1,290305,1
CP048231.1,290366,1
CP048231.1,290404,1
CP048231.1,290564,2
CP048231.1,292719,1
CP048231.1,295184,1
CP048231.1,295955,2
CP048231.1,295962,3
CP048231.1,295999,3
CP048231.1,296040,1
CP048231.1,296049,1
CP048231.1,296141,1
CP048231.1,296150,1
CP048231.1,296375,2
CP048231.1,296818,1
CP048231.1,296923,1
CP048231.1,297033,1
CP048231.1,298635,1
CP048231.1,298956,3
CP048231.1,298994,2
CP048231.1,299842,1
CP048231.1,299849,1
CP048231.1,299856,2
CP048231.1,299901,1
CP048231.1,299942,1
CP048231.1,300141,1
CP048231.1,300558,1
CP048231.1,302325,1
CP048231.1,302580,1
CP048231.1,302686,1
CP048231.1,302720,2
CP048231.1,303093,1
CP048231.1,303173,1
CP048231.1,303331,1
CP048231.1,303510,1
CP048231.1,303597,4
CP048231.1,304227,1
CP048231.1,304278,1
CP048231.1,308252,2
CP048231.1,311321,2
CP048231.1,316898,1
CP048231.1,338451,1
CP048231.1,340282,2
CP048231.1,340961,1
CP048231.1,343558,1
CP048231.1,347595,1
CP048231.1,351686,1
CP048231.1,351974,1
CP048231.1,352627,1
CP048231.1,354145,1
CP048231.1,354278,2
CP048231.1,354283,2
CP048231.1,354365,1
CP048231.1,354377,2
CP048231.1,354384,2
CP048231.1,354390,1
CP048231.1,354484,1
CP048231.1,354607,2
CP048231.1,354618,1
CP048231.1,354695,2
CP048231.1,355084,1
CP048231.1,355182,1
CP048231.1,355335,2
CP048231.1,355579,1
CP048231.1,355593,1
CP048231.1,355600,1
CP048231.1,355678,1
CP048231.1,356144,1
CP048231.1,356407,1
CP048231.1,369788,1
CP048231.1,370817,1
CP048231.1,370991,4
CP048231.1,371414,2
CP048231.1,371710,2
CP048231.1,371717,1
CP048231.1,371816,2
CP048231.1,371953,1
CP048231.1,372087,2
CP048231.1,372143,1
CP048231.1,372144,1
CP048231.1,372145,2
CP048231.1,372418,1
CP048231.1,372444,3
CP048231.1,372499,1
CP048231.1,372506,1
CP048231.1,372519,2
CP048231.1,372560,1
CP048231.1,372596,1
CP048231.1,372639,1
CP048231.1,373703,1
CP048231.1,373710,2
CP048231.1,380188,1
CP048231.1,380298,2
CP048231.1,380783,2
CP048231.1,380975,1
CP048231.1,381074,2
CP048231.1,381084,1
CP048231.1,381086,1
CP048231.1,381177,2
CP048231.1,381215,1
CP048231.1,381229,2
CP048231.1,381235,4
CP048231.1,381242,2
CP048231.1,381296,1
CP048231.1,381699,1
CP048231.1,381707,1
CP048231.1,382224,1
CP048231.1,382242,2
CP048231.1,382297,1
CP048231.1,382323,4
CP048231.1,382330,3
CP048231.1,382347,1
CP048231.1,382457,1
CP048231.1,382480,1
CP048231.1,382995,1
CP048231.1,383278,2
CP048231.1,383609,1
CP048231.1,383680,2
CP048231.1,384331,3
CP048231.1,384946,1
CP048231.1,385306,1
CP048231.1,388945,1
CP048231.1,389058,1
CP048231.1,392020,1
CP048231.1,392175,2
CP048231.1,392846,1
CP048231.1,395047,2
CP048231.1,395306,1
CP048231.1,399284,1
CP048231.1,401899,5
CP048231.1,401950,1
CP048231.1,402406,1
CP048231.1,409978,1
CP048231.1,410035,1
CP048231.1,410042,1
CP048231.1,410512,1
CP048231.1,410558,1
CP048231.1,410571,1
CP048231.1,410646,1
CP048231.1,412592,1
CP048231.1,413576,1
CP048231.1,418235,2
CP048231.1,419266,1
CP048231.1,419273,1
CP048231.1,419414,1
CP048231.1,419421,2
CP048231.1,420935,1
CP048231.1,420945,1
CP048231.1,421087,2
CP048231.1,423376,1
CP048231.1,424843,1
CP048231.1,424936,1
CP048231.1,424979,2
CP048231.1,427502,1
CP048231.1,428537,1
CP048231.1,429252,2
CP048231.1,434306,1
CP048231.1,434623,1
CP048231.1,437201,2
CP048231.1,437313,1
CP048231.1,437389,1
CP048231.1,437402,2
CP048231.1,437409,2
CP048231.1,437445,1
CP048231.1,438068,2
CP048231.1,439491,1
CP048231.1,440912,1
CP048231.1,443613,1
CP048231.1,443681,1
CP048231.1,444049,1
CP048231.1,444055,1
CP048231.1,444056,1
CP048231.1,444076,2
CP048231.1,444083,2
CP048231.1,444151,2
CP048231.1,445332,1
CP048231.1,445664,1
CP048231.1,446308,1
CP048231.1,446621,2
CP048231.1,446809,2
CP048231.1,446855,2
CP048231.1,446861,1
CP048231.1,446881,2
CP048231.1,446921,2
CP048231.1,446925,1
CP048231.1,446929,1
CP048231.1,446935,2
CP048231.1,446944,2
CP048231.1,447016,1
CP048231.1,447053,2
CP048231.1,448106,1
CP048231.1,448254,2
CP048231.1,448430,2
CP048231.1,448434,2
CP048231.1,453162,1
CP048231.1,453232,1
CP048231.1,453285,1
CP048231.1,453299,1
CP048231.1,453677,1
CP048231.1,455149,1
CP048231.1,455366,1
CP048231.1,456385,3
CP048231.1,456450,1
CP048231.1,456457,1
CP048231.1,456542,1
CP048231.1,456543,3
CP048231.1,457228,1
CP048231.1,457498,2
CP048231.1,459155,1
CP048231.1,459313,1
CP048231.1,459320,1
CP048231.1,459781,1
CP048231.1,459866,1
CP048231.1,460074,2
CP048231.1,460096,1
CP048231.1,460142,1
CP048231.1,460433,1
CP048231.1,460743,1
CP048231.1,460907,4
CP048231.1,460914,1
CP048231.1,461026,1
CP048231.1,461338,1
CP048231.1,461376,1
CP048231.1,462629,1
CP048231.1,462808,1
CP048231.1,462864,1
CP048231.1,462873,1
CP048231.1,462878,1
CP048231.1,470824,2
CP048231.1,470831,1
CP048231.1,472476,1
CP048231.1,473491,2
CP048231.1,474712,2
CP048231.1,474719,2
CP048231.1,475283,1
CP048231.1,475396,1
CP048231.1,476158,1
CP048231.1,476165,1
CP048231.1,476336,2
CP048231.1,476488,1
CP048231.1,476734,1
CP048231.1,476781,1
CP048231.1,476805,1
CP048231.1,476913,1
CP048231.1,478049,1
CP048231.1,478722,1
CP048231.1,480011,2
CP048231.1,481269,1
CP048231.1,482366,1
CP048231.1,482427,1
CP048231.1,482587,1
CP048231.1,482595,1
CP048231.1,482607,1
CP048231.1,482669,1
CP048231.1,482676,2
CP048231.1,482726,1
CP048231.1,482736,1
CP048231.1,482786,2
CP048231.1,483004,1
CP048231.1,483400,1
CP048231.1,485083,1
CP048231.1,486586,1
CP048231.1,486986,1
CP048231.1,487546,1
CP048231.1,487605,1
CP048231.1,487646,1
CP048231.1,487700,1
CP048231.1,488328,1
CP048232.1,27101,1
CP048232.1,27578,2
CP048232.1,36646,1
CP048232.1,36969,1
CP048232.1,39592,1
CP048232.1,39740,2
CP048232.1,42702,1
CP048232.1,42812,4
CP048232.1,44083,1
CP048232.1,44942,1
CP048232.1,59275,1
CP048232.1,59661,3
CP048232.1,59668,4
CP048232.1,60716,1
CP048232.1,64813,1
CP048232.1,71116,1
CP048232.1,71229,1
CP048232.1,71689,2
CP048232.1,71734,1
CP048232.1,72227,2
CP048232.1,80548,1
CP048232.1,83792,1
CP048232.1,84036,2
CP048232.1,88049,1
CP048232.1,88876,1
CP048232.1,89532,1
CP048232.1,105162,2
CP048232.1,105290,2
CP048232.1,107885,1
CP048232.1,108204,1
CP048232.1,111570,1
CP048232.1,111736,1
CP048232.1,111789,1
CP048232.1,114657,1
CP048232.1,115003,1
CP048232.1,115142,7
CP048232.1,115933,1
CP048232.1,122814,2
CP048232.1,137261,1
CP048232.1,137511,1
CP048232.1,142997,2
CP048232.1,153556,1
CP048232.1,153670,1
CP048232.1,154299,1
CP048232.1,157341,1
CP048232.1,162325,1
CP048232.1,162345,1
CP048232.1,162730,1
CP048232.1,167854,4
CP048232.1,167861,1
CP048232.1,167887,2
CP048232.1,168165,3
CP048232.1,168194,1
CP048232.1,168229,1
CP048232.1,168256,1
CP048232.1,168354,1
CP048232.1,168436,3
CP048232.1,168443,2
CP048232.1,168475,4
CP048232.1,168611,1
CP048232.1,169737,1
CP048232.1,172771,1
CP048232.1,175482,1
CP048232.1,180279,1
CP048232.1,180384,1
CP048232.1,180722,2
CP048232.1,180984,1
CP048232.1,181010,1
CP048232.1,184294,1
CP048232.1,184377,3
CP048232.1,184426,1
CP048232.1,186692,1
CP048232.1,188430,1
CP048232.1,190232,1
CP048232.1,190753,1
CP048232.1,190760,1
CP048232.1,191896,1
CP048232.1,203994,1
CP048232.1,207341,3
CP048232.1,208670,1
CP048232.1,215509,1
CP048232.1,219832,1
CP048232.1,220847,1
CP048232.1,222261,1
CP048232.1,222813,2
CP048232.1,222839,1
CP048232.1,222863,1
CP048232.1,228445,1
CP048232.1,228607,2
CP048232.1,231820,1
CP048232.1,231827,1
CP048232.1,231857,2
CP048232.1,231866,1
CP048232.1,231873,2
CP048232.1,234862,1
CP048232.1,234985,1
CP048232.1,235091,1
CP048232.1,235093,2
CP048232.1,235100,1
CP048232.1,235421,1
CP048232.1,241630,3
CP048232.1,242128,2
CP048232.1,242580,1
CP048232.1,245415,1
CP048232.1,245457,1
CP048232.1,246046,1
CP048232.1,246939,1
CP048232.1,247103,1
CP048232.1,247785,1
CP048232.1,249163,1
CP048232.1,249199,1
CP048232.1,249896,1
CP048232.1,250029,1
CP048232.1,250165,1
CP048232.1,260920,1
CP048232.1,263286,2
CP048232.1,272554,1
CP048232.1,273723,1
CP048232.1,277052,2
CP048232.1,277072,1
CP048232.1,282792,2
CP048232.1,283964,1
CP048232.1,284149,1
CP048232.1,284216,1
CP048232.1,284241,1
CP048232.1,286016,1
CP048232.1,290173,1
CP048232.1,300067,1
CP048232.1,306687,1
CP048232.1,310206,1
CP048232.1,316687,1
CP048232.1,316781,1
CP048232.1,316973,1
CP048232.1,317676,2
CP048232.1,317689,1
CP048232.1,317897,1
CP048232.1,318191,1
CP048232.1,318288,1
CP048232.1,318394,2
CP048232.1,318418,2
CP048232.1,318630,1
CP048232.1,318687,1
CP048232.1,318725,1
CP048232.1,318732,2
CP048232.1,318762,2
CP048232.1,318781,2
CP048232.1,318785,1
CP048232.1,318801,1
CP048232.1,318917,1
CP048232.1,320900,1
CP048232.1,322297,3
CP048232.1,322304,1
CP048232.1,322576,1
CP048232.1,322873,1
CP048232.1,324143,1
CP048232.1,324163,1
CP048232.1,330044,1
CP048232.1,330051,2
CP048232.1,330262,2
CP048232.1,330464,3
CP048232.1,330471,2
CP048232.1,334352,1
CP048232.1,341546,1
CP048232.1,341563,1
CP048232.1,341570,2
CP048232.1,341578,1
CP048232.1,343640,1
CP048232.1,343647,1
CP048232.1,345944,1
CP048232.1,346021,1
CP048232.1,347951,1
CP048232.1,349612,1
CP048232.1,353154,1
CP048232.1,355655,2
CP048232.1,355809,2
CP048232.1,355960,2
CP048232.1,355968,5
CP048232.1,356023,1
CP048232.1,356031,3
CP048232.1,356062,1
CP048232.1,356853,1
CP048232.1,364129,1
CP048232.1,365472,1
CP048232.1,365474,1
CP048232.1,368138,1
CP048232.1,368139,1
CP048232.1,368179,1
CP048232.1,368380,1
CP048232.1,368398,1
CP048232.1,368414,1
CP048232.1,368423,1
CP048232.1,368716,1
CP048232.1,368839,2
CP048232.1,368842,1
CP048232.1,368947,1
CP048232.1,369307,1
CP048232.1,369770,2
CP048232.1,369779,3
CP048232.1,369837,1
CP048232.1,370033,1
CP048232.1,370060,1
CP048232.1,370188,3
CP048232.1,370347,1
CP048232.1,370984,1
CP048232.1,371044,1
CP048232.1,371366,1
CP048232.1,374288,2
CP048232.1,374292,1
CP048232.1,374367,1
CP048232.1,376598,1
CP048232.1,376614,1
CP048232.1,376775,1
CP048232.1,376950,1
CP048232.1,378271,1
CP048232.1,379136,1
CP048232.1,380928,1
CP048232.1,380935,1
CP048232.1,381453,1
CP048232.1,381589,1
CP048232.1,381613,2
CP048232.1,389237,1
CP048232.1,389245,1
CP048232.1,389388,2
CP048232.1,389406,1
CP048232.1,389478,3
CP048232.1,389505,2
CP048232.1,389507,1
CP048232.1,389519,2
CP048232.1,389543,1
CP048232.1,389735,1
CP048232.1,390295,2
CP048232.1,390805,2
CP048232.1,391707,1
CP048232.1,392211,2
CP048232.1,392843,2
CP048232.1,392959,2
CP048232.1,392966,1
CP048232.1,393052,1
CP048232.1,393059,1
CP048232.1,393061,2
CP048232.1,394112,1
CP048232.1,394134,1
CP048232.1,394158,1
CP048232.1,394366,1
CP048232.1,394368,1
CP048232.1,395762,1
CP048232.1,399866,1
CP048232.1,402952,1
CP048232.1,402959,3
CP048232.1,405423,1
CP048232.1,405426,1
CP048232.1,405430,3
CP048232.1,405437,3
CP048232.1,405438,1
CP048232.1,405491,1
CP048232.1,405498,4
CP048232.1,405500,1
CP048232.1,405508,4
CP048232.1,405515,1
CP048232.1,405540,2
CP048232.1,405683,1
CP048232.1,405690,2
CP048232.1,405705,1
CP048232.1,405710,1
CP048232.1,405719,1
CP048232.1,405945,1
CP048232.1,406217,1
CP048232.1,406350,2
CP048232.1,407405,1
CP048232.1,408850,1
CP048232.1,409005,1
CP048232.1,410547,1
CP048232.1,410787,1
CP048232.1,410796,1
CP048232.1,410839,1
CP048232.1,410916,1
CP048232.1,411002,1
CP048232.1,411222,1
CP048232.1,411243,1
CP048232.1,412060,1
CP048232.1,412497,1
CP048232.1,412744,1
CP048232.1,412802,3
CP048232.1,412810,1
CP048232.1,412844,1
CP048232.1,412854,3
CP048232.1,412861,3
CP048232.1,412932,2
CP048232.1,412991,5
CP048232.1,413010,1
CP048232.1,413039,1
CP048232.1,413053,1
CP048232.1,413066,1
CP048232.1,413076,1
CP048232.1,413098,1
CP048232.1,416371,1
CP048232.1,417588,2
CP048232.1,417592,3
CP048232.1,417594,1
CP048232.1,417600,1
CP048232.1,418062,2
CP048232.1,418089,3
CP048232.1,418169,1
CP048232.1,421137,1
CP048232.1,421239,4
CP048232.1,421245,1
CP048232.1,421301,1
CP048232.1,421600,1
CP048232.1,421778,1
CP048232.1,422286,1
CP048232.1,422441,1
CP048232.1,422600,1
CP048232.1,425750,1
CP048232.1,425793,2
CP048232.1,425998,1
CP048232.1,426136,1
CP048232.1,426248,1
CP048232.1,426255,1
CP048232.1,426384,1
CP048232.1,426503,1
CP048232.1,426545,2
CP048232.1,426561,1
CP048232.1,426568,1
CP048232.1,426726,1
CP048232.1,426823,2
CP048232.1,428411,1
CP048232.1,428629,1
CP048232.1,428994,1
CP048232.1,429850,1
CP048232.1,430759,1
CP048232.1,430761,1
CP048232.1,430785,3
CP048232.1,430859,2
CP048232.1,430866,1
CP048232.1,430868,1
CP048232.1,430914,1
CP048232.1,431707,1
CP048232.1,431733,2
CP048232.1,431736,1
CP048232.1,431746,1
CP048232.1,431805,1
CP048232.1,432041,1
CP048232.1,432138,1
CP048232.1,432145,2
CP048232.1,432177,1
CP048232.1,432199,1
CP048232.1,432217,1
CP048232.1,432229,1
CP048232.1,432254,1
CP048232.1,432286,1
CP048232.1,432290,4
CP048232.1,432376,3
CP048232.1,432383,2
CP048232.1,432480,1
CP048232.1,432600,1
CP048232.1,432668,1
CP048232.1,432682,1
CP048232.1,432740,2
CP048232.1,432864,1
CP048232.1,433320,2
CP048232.1,433386,4
CP048232.1,433392,1
CP048232.1,433432,3
CP048232.1,434010,2
CP048232.1,434463,4
CP048232.1,434470,1
CP048232.1,434713,4
CP048232.1,435406,1
CP048232.1,435455,1
CP048232.1,435624,1
CP048232.1,440299,2
CP048232.1,440531,2
CP048232.1,440706,1
CP048232.1,443805,1
CP048232.1,443905,2
CP048232.1,443933,1
CP048232.1,444103,1
CP048232.1,444463,5
CP048232.1,445646,1
CP048232.1,447218,1
CP048232.1,448875,1
CP048232.1,450059,1
CP048232.1,450560,1
CP048232.1,450589,1
CP048232.1,450673,2
CP048232.1,450693,1
CP048232.1,450984,1
CP048232.1,451664,1
CP048232.1,451780,1
CP048232.1,452836,1
CP048232.1,454276,1
CP048232.1,459487,1
CP048232.1,459574,2
CP048232.1,459596,1
CP048232.1,459748,1
CP048232.1,462775,1
CP048232.1,462886,1
CP048232.1,464101,1
CP048232.1,464183,1
CP048232.1,466013,2
CP048232.1,466556,1
CP048232.1,466948,1
CP048232.1,467065,1
CP048232.1,467066,1
CP048232.1,467502,1
CP048232.1,471710,1
CP048232.1,472225,1
CP048232.1,473777,2
CP048232.1,473971,1
CP048232.1,474135,2
CP048232.1,474142,1
CP048232.1,474264,1
CP048232.1,474266,1
CP048232.1,474348,3
CP048232.1,474355,1
CP048232.1,476538,1
CP048232.1,476623,2
CP048232.1,476790,1
CP048232.1,477177,2
CP048232.1,479319,1
CP048232.1,479477,2
CP048232.1,479520,1
CP048232.1,479537,2
CP048232.1,479558,1
CP048232.1,479734,1
CP048232.1,482763,1
CP048232.1,483535,1
CP048232.1,484232,1
CP048232.1,484239,1
CP048232.1,485293,1
CP048232.1,485671,1
CP048232.1,488408,2
CP048232.1,496328,1
CP048232.1,497009,1
CP048232.1,497202,1
CP048232.1,500842,3
CP048232.1,501470,1
CP048232.1,504487,1
CP048232.1,506611,1
CP048232.1,509086,1
CP048232.1,519594,2
CP048232.1,520807,2
CP048233.1,19466,1
CP048233.1,20021,1
CP048233.1,25205,1
CP048233.1,25651,2
CP048233.1,26280,2
CP048233.1,26933,1
CP048233.1,27443,1
CP048233.1,28276,1
CP048233.1,28315,1
CP048233.1,29566,4
CP048233.1,29764,1
CP048233.1,30013,1
CP048233.1,30204,2
CP048233.1,30552,2
CP048233.1,30648,2
CP048233.1,30683,1
CP048233.1,30712,1
CP048233.1,30721,1
CP048233.1,33655,1
CP048233.1,55332,2
CP048233.1,55546,1
CP048233.1,56369,2
CP048233.1,62659,1
CP048233.1,62666,1
CP048233.1,68194,1
CP048233.1,68622,1
CP048233.1,68627,2
CP048233.1,72539,1
CP048233.1,73088,1
CP048233.1,79437,1
CP048233.1,80633,2
CP048233.1,80782,2
CP048233.1,86121,1
CP048233.1,95659,1
CP048233.1,95937,1
CP048233.1,95944,1
CP048233.1,96054,2
CP048233.1,96576,1
CP048233.1,97118,2
CP048233.1,97172,1
CP048233.1,97235,1
CP048233.1,100315,1
CP048233.1,106528,1
CP048233.1,107446,2
CP048233.1,121675,1
CP048233.1,129279,1
CP048233.1,129586,2
CP048233.1,129631,2
CP048233.1,129846,1
CP048233.1,135669,2
CP048233.1,136035,2
CP048233.1,136759,3
CP048233.1,136902,1
CP048233.1,137537,1
CP048233.1,140658,2
CP048233.1,152687,1
CP048233.1,161221,1
CP048233.1,168660,4
CP048233.1,168743,1
CP048233.1,168856,1
CP048233.1,168859,2
CP048233.1,168879,2
CP048233.1,169084,2
CP048233.1,169326,2
CP048233.1,170781,1
CP048233.1,182765,1
CP048233.1,182825,1
CP048233.1,183152,1
CP048233.1,183494,1
CP048233.1,183505,1
CP048233.1,186367,1
CP048233.1,189524,2
CP048233.1,189630,1
CP048233.1,192856,1
CP048233.1,193257,1
CP048233.1,193323,1
CP048233.1,196839,3
CP048233.1,196905,2
CP048233.1,198876,1
CP048233.1,202667,1
CP048233.1,209781,1
CP048233.1,222842,1
CP048233.1,227144,1
CP048233.1,228235,2
CP048233.1,234657,1
CP048233.1,241305,1
CP048233.1,243954,1
CP048233.1,248908,1
CP048233.1,248915,2
CP048233.1,250010,1
CP048233.1,250904,1
CP048233.1,265976,1
CP048233.1,274528,3
CP048233.1,276907,1
CP048233.1,292764,1
CP048233.1,298439,1
CP048233.1,301692,3
CP048233.1,333985,1
CP048233.1,347631,1
CP048233.1,352701,1
CP048233.1,356376,2
CP048233.1,361433,1
CP048233.1,361790,1
CP048233.1,377094,1
CP048233.1,379376,1
CP048233.1,379377,1
CP048233.1,388581,1
CP048233.1,394314,1
CP048233.1,394972,1
CP048233.1,395086,1
CP048233.1,395773,1
CP048233.1,401486,1
CP048233.1,402002,1
CP048233.1,423102,1
CP048233.1,423184,2
CP048233.1,423192,1
CP048233.1,423373,1
CP048233.1,423733,1
CP048233.1,433590,1
CP048233.1,433751,2
CP048233.1,433867,1
CP048233.1,434080,1
CP048233.1,435221,2
CP048233.1,441648,1
CP048233.1,443646,1
CP048233.1,443969,1
CP048233.1,444008,1
CP048233.1,444015,2
CP048233.1,447814,2
CP048233.1,449334,1
CP048233.1,450499,1
CP048233.1,455472,1
CP048233.1,471017,2
CP048233.1,471164,2
CP048233.1,471430,2
CP048233.1,471524,3
CP048233.1,471585,1
CP048233.1,480399,1
CP048233.1,484237,1
CP048233.1,484512,1
CP048233.1,484613,1
CP048233.1,484632,2
CP048233.1,496171,2
CP048233.1,496935,1
CP048233.1,497346,1
CP048233.1,502440,3
CP048233.1,502447,2
CP048233.1,502819,3
CP048233.1,506818,2
CP048233.1,509573,1
CP048233.1,510203,1
CP048233.1,510318,1
CP048233.1,510542,1
CP048233.1,522491,1
CP048233.1,522498,1
CP048233.1,525731,1
CP048233.1,525737,2
CP048233.1,531870,1
CP048233.1,532649,1
CP048233.1,532681,2
CP048233.1,532778,1
CP048233.1,535980,1
CP048233.1,536868,1
CP048233.1,537075,2
CP048233.1,537467,1
CP048233.1,537479,1
CP048233.1,537635,1
CP048233.1,537640,1
CP048233.1,537883,1
CP048233.1,540310,1
CP048233.1,540466,1
CP048233.1,541522,1
CP048233.1,542931,2
CP048233.1,542958,3
CP048233.1,542998,1
CP048233.1,543014,1
CP048233.1,543022,1
CP048233.1,551491,2
CP048233.1,551962,2
CP048233.1,551990,1
CP048233.1,552005,1
CP048233.1,552007,3
CP048233.1,552067,1
CP048233.1,552110,2
CP048233.1,552112,2
CP048233.1,552115,2
CP048233.1,552119,1
CP048233.1,552246,1
CP048233.1,552413,1
CP048233.1,557163,1
CP048233.1,558955,1
CP048233.1,558977,1
CP048233.1,558984,1
CP048233.1,558987,1
CP048233.1,559037,1
CP048233.1,559050,3
CP048233.1,559055,1
CP048233.1,559057,1
CP048233.1,559116,2
CP048233.1,559173,1
CP048233.1,559202,1
CP048233.1,559270,1
CP048233.1,559324,2
CP048233.1,559329,1
CP048233.1,559331,4
CP048233.1,559393,5
CP048233.1,559415,2
CP048233.1,559418,4
CP048233.1,559425,4
CP048233.1,559431,1
CP048233.1,559437,1
CP048233.1,559530,1
CP048233.1,559534,1
CP048233.1,560065,2
CP048233.1,560137,3
CP048233.1,560144,1
CP048233.1,562386,1
CP048233.1,564435,1
CP048233.1,564522,1
CP048233.1,565162,1
CP048233.1,565614,1
CP048233.1,570611,1
CP048233.1,571710,1
CP048233.1,573004,1
CP048233.1,574722,1
CP048233.1,574928,1
CP048233.1,574960,1
CP048233.1,575468,2
CP048233.1,576488,2
CP048233.1,581536,1
CP048233.1,581543,1
CP048233.1,581575,1
CP048233.1,581668,1
CP048233.1,581675,3
CP048233.1,585130,2
CP048233.1,585231,1
CP048233.1,595660,1
CP048233.1,595694,1
CP048233.1,595837,1
CP048233.1,595844,2
CP048233.1,595882,1
CP048233.1,595950,1
CP048233.1,596293,1
CP048233.1,596813,1
CP048233.1,597146,1
CP048233.1,597415,1
CP048233.1,597969,1
CP048233.1,599028,1
CP048233.1,599183,1
CP048233.1,599388,1
CP048233.1,601953,1
CP048233.1,601961,1
CP048233.1,604099,1
CP048233.1,604270,1
CP048233.1,606630,1
CP048233.1,606669,1
CP048233.1,606785,2
CP048233.1,606889,3
CP048233.1,606910,1
CP048233.1,607010,1
CP048233.1,607096,1
CP048233.1,607443,1
CP048233.1,607506,1
CP048233.1,608934,1
CP048233.1,609256,1
CP048233.1,609263,1
CP048233.1,609637,1
CP048233.1,609654,1
CP048233.1,609828,5
CP048233.1,609844,1
CP048233.1,610067,2
CP048233.1,612213,1
CP048233.1,615179,1
CP048233.1,615355,1
CP048233.1,615564,3
CP048233.1,615571,1
CP048233.1,617824,1
CP048233.1,619662,1
CP048233.1,619800,1
CP048233.1,619903,1
CP048233.1,620014,1
CP048233.1,621709,1
CP048233.1,623770,1
CP048233.1,624624,1
CP048233.1,628133,4
CP048233.1,628550,1
CP048233.1,628912,1
CP048233.1,629018,2
CP048233.1,629071,1
CP048233.1,629099,1
CP048233.1,629406,1
CP048233.1,633251,1
CP048233.1,643581,1
CP048233.1,644886,1
CP048233.1,645141,1
CP048233.1,645309,2
CP048233.1,645413,1
CP048233.1,646046,2
CP048233.1,646081,3
CP048233.1,646093,1
CP048233.1,646100,2
CP048233.1,646107,1
CP048233.1,646109,2
CP048233.1,646123,1
CP048233.1,646137,1
CP048233.1,646144,5
CP048233.1,646151,1
CP048233.1,646158,1
CP048233.1,646165,1
CP048233.1,646195,5
CP048233.1,646229,2
CP048233.1,646250,1
CP048233.1,646270,2
CP048233.1,646276,1
CP048233.1,646277,2
CP048233.1,646297,1
CP048233.1,646323,2
CP048233.1,646324,2
CP048233.1,646330,2
CP048233.1,646346,1
CP048233.1,646352,3
CP048233.1,646353,1
CP048233.1,646391,1
CP048233.1,646398,10
CP048233.1,646433,1
CP048233.1,647146,1
CP048233.1,647511,2
CP048233.1,647734,1
CP048233.1,648085,1
CP048233.1,648124,1
CP048233.1,651680,2
CP048233.1,651717,1
CP048233.1,651911,1
CP048233.1,651947,1
CP048233.1,651959,1
CP048233.1,657924,2
CP048233.1,658126,1
CP048233.1,665486,1
CP048233.1,665492,1
CP048233.1,665524,2
CP048233.1,665531,1
CP048233.1,665579,2
CP048233.1,666060,1
CP048233.1,666079,2
CP048233.1,666164,1
CP048233.1,666447,2
CP048233.1,666615,1
CP048233.1,666687,4
CP048233.1,666797,1
CP048233.1,666851,2
CP048233.1,669106,2
CP048233.1,669113,1
CP048233.1,669115,1
CP048233.1,669326,1
CP048233.1,669534,1
CP048233.1,669667,1
CP048233.1,669691,2
CP048233.1,669848,1
CP048233.1,669870,1
CP048233.1,669894,1
CP048233.1,669905,3
CP048233.1,669912,6
CP048233.1,669913,1
CP048233.1,670920,2
CP048233.1,671220,1
CP048233.1,677433,1
CP048233.1,677505,1
CP048233.1,681174,2
CP048233.1,682399,1
CP048233.1,682495,2
CP048233.1,682870,3
CP048233.1,682904,1
CP048234.1,12778,1
CP048234.1,41647,1
CP048234.1,66970,1
CP048234.1,73055,1
CP048234.1,84810,1
CP048234.1,87694,3
CP048234.1,92059,2
CP048234.1,92936,1
CP048234.1,93125,1
CP048234.1,101018,1
CP048234.1,101217,2
CP048234.1,101893,1
CP048234.1,116371,1
CP048234.1,124614,1
CP048234.1,124708,1
CP048234.1,126394,3
CP048234.1,126422,1
CP048234.1,126605,2
CP048234.1,126612,1
CP048234.1,126698,1
CP048234.1,126699,1
CP048234.1,126740,2
CP048234.1,126813,1
CP048234.1,128050,1
CP048234.1,130199,1
CP048234.1,130370,3
CP048234.1,130375,1
CP048234.1,130398,1
CP048234.1,130437,1
CP048234.1,130462,1
CP048234.1,130469,1
CP048234.1,143339,1
CP048234.1,143616,2
CP048234.1,143677,1
CP048234.1,152198,1
CP048234.1,154959,1
CP048234.1,155970,1
CP048234.1,156605,1
CP048234.1,163876,1
CP048234.1,171397,1
CP048234.1,172263,1
CP048234.1,178557,1
CP048234.1,179409,1
CP048234.1,179418,1
CP048234.1,185397,1
CP048234.1,188683,1
CP048234.1,189062,1
CP048234.1,189100,1
CP048234.1,190590,2
CP048234.1,190729,1
CP048234.1,190907,1
CP048234.1,190909,1
CP048234.1,191495,1
CP048234.1,191548,1
CP048234.1,192046,1
CP048234.1,195543,1
CP048234.1,198349,1
CP048234.1,198709,1
CP048234.1,198718,1
CP048234.1,199606,1
CP048234.1,201856,1
CP048234.1,201873,1
CP048234.1,201923,1
CP048234.1,203913,1
CP048234.1,205900,1
CP048234.1,207368,1
CP048234.1,214203,1
CP048234.1,214773,1
CP048234.1,217955,2
CP048234.1,217962,1
CP048234.1,218098,1
CP048234.1,220103,1
CP048234.1,220110,1
CP048234.1,220112,1
CP048234.1,220127,2
CP048234.1,220244,1
CP048234.1,220292,2
CP048234.1,220327,1
CP048234.1,220373,1
CP048234.1,221911,1
CP048234.1,223728,1
CP048234.1,226894,1
CP048234.1,227182,1
CP048234.1,232353,2
CP048234.1,232370,1
CP048234.1,232435,1
CP048234.1,232834,1
CP048234.1,233076,1
CP048234.1,233191,1
CP048234.1,234042,2
CP048234.1,234878,2
CP048234.1,235148,1
CP048234.1,235657,1
CP048234.1,236005,1
CP048234.1,236085,5
CP048234.1,236096,2
CP048234.1,236148,1
CP048234.1,236180,1
CP048234.1,236378,1
CP048234.1,236398,1
CP048234.1,237231,1
CP048234.1,237295,1
CP048234.1,237506,2
CP048234.1,237560,1
CP048234.1,237853,1
CP048234.1,237908,2
CP048234.1,238098,1
CP048234.1,238127,2
CP048234.1,238181,1
CP048234.1,238255,2
CP048234.1,238262,1
CP048234.1,238296,3
CP048234.1,238307,1
CP048234.1,238396,2
CP048234.1,238497,1
CP048234.1,239381,2
CP048234.1,239409,1
CP048234.1,239483,1
CP048234.1,239897,1
CP048234.1,241433,2
CP048234.1,241745,1
CP048234.1,241752,1
CP048234.1,241817,2
CP048234.1,241844,1
CP048234.1,242793,1
CP048234.1,244197,1
CP048234.1,248266,2
CP048234.1,248278,1
CP048234.1,251133,1
CP048234.1,251236,1
CP048234.1,251745,1
CP048234.1,255357,1
CP048234.1,255849,1
CP048234.1,256199,1
CP048234.1,256263,2
CP048234.1,256283,1
CP048234.1,256330,2
CP048234.1,256351,1
CP048234.1,256358,1
CP048234.1,256366,1
CP048234.1,256373,1
CP048234.1,256415,1
CP048234.1,256564,1
CP048234.1,256635,1
CP048234.1,256637,4
CP048234.1,256648,5
CP048234.1,256745,1
CP048234.1,260622,1
CP048234.1,260745,1
CP048234.1,261310,1
CP048234.1,262235,1
CP048234.1,262273,2
CP048234.1,263082,1
CP048234.1,263495,1
CP048234.1,263502,1
CP048234.1,263901,1
CP048234.1,264919,3
CP048234.1,266995,1
CP048234.1,269681,1
CP048234.1,270566,1
CP048234.1,270594,1
CP048234.1,270618,2
CP048234.1,270818,1
CP048234.1,275365,1
CP048234.1,277032,1
CP048234.1,278338,1
CP048234.1,278358,1
CP048234.1,278393,1
CP048234.1,280929,1
CP048234.1,280938,1
CP048234.1,281142,1
CP048234.1,281153,1
CP048234.1,281165,1
CP048234.1,282009,1
CP048234.1,285265,2
CP048234.1,292214,1
CP048234.1,296830,2
CP048234.1,297048,1
CP048234.1,298113,1
CP048234.1,303565,1
CP048234.1,303732,1
CP048234.1,305397,1
CP048234.1,305606,1
CP048234.1,305663,1
CP048234.1,305701,1
CP048234.1,305770,5
CP048234.1,305882,2
CP048234.1,305920,5
CP048234.1,305927,2
CP048234.1,305965,1
CP048234.1,306090,1
CP048234.1,306150,1
CP048234.1,309537,2
CP048234.1,311015,1
CP048234.1,311203,4
CP048234.1,311337,2
CP048234.1,311344,2
CP048234.1,311351,1
CP048234.1,311372,1
CP048234.1,311391,1
CP048234.1,311866,1
CP048234.1,311876,2
CP048234.1,311877,1
CP048234.1,313191,1
CP048234.1,315195,1
CP048234.1,315508,1
CP048234.1,315582,1
CP048234.1,315740,2
CP048234.1,317646,1
CP048234.1,321791,1
CP048234.1,322116,1
CP048234.1,322308,2
CP048234.1,323298,1
CP048234.1,323305,2
CP048234.1,323332,1
CP048234.1,323361,1
CP048234.1,323366,1
CP048234.1,323368,3
CP048234.1,323397,1
CP048234.1,323416,1
CP048234.1,323483,1
CP048234.1,332283,1
CP048234.1,334288,1
CP048234.1,334721,1
CP048234.1,334760,2
CP048234.1,334797,1
CP048234.1,334804,1
CP048234.1,334922,1
CP048234.1,335452,1
CP048234.1,339561,1
CP048234.1,339574,1
CP048234.1,339605,1
CP048234.1,339606,1
CP048234.1,344933,1
CP048234.1,353085,1
CP048234.1,363109,1
CP048234.1,363326,1
CP048234.1,363457,2
CP048234.1,363538,3
CP048234.1,363639,1
CP048234.1,363644,4
CP048234.1,365411,1
CP048234.1,365919,1
CP048234.1,367541,1
CP048234.1,374738,1
CP048234.1,384237,1
CP048234.1,384341,1
CP048234.1,390622,2
CP048234.1,390629,2
CP048234.1,390698,1
CP048234.1,390896,1
CP048234.1,390903,1
CP048234.1,391042,4
CP048234.1,391125,1
CP048234.1,393247,1
CP048234.1,396436,1
CP048234.1,396601,1
CP048234.1,396880,1
CP048234.1,406287,2
CP048234.1,412545,1
CP048234.1,412674,2
CP048234.1,413077,1
CP048234.1,413549,1
CP048234.1,414011,2
CP048234.1,429092,1
CP048234.1,432708,1
CP048234.1,436126,2
CP048234.1,438310,1
CP048234.1,438343,1
CP048234.1,438595,1
CP048234.1,439252,1
CP048234.1,439794,2
CP048234.1,439801,2
CP048234.1,440134,1
CP048234.1,440592,1
CP048234.1,442972,2
CP048234.1,443012,1
CP048234.1,443138,1
CP048234.1,443145,1
CP048234.1,443186,2
CP048234.1,443262,1
CP048234.1,443323,3
CP048234.1,443330,1
CP048234.1,445076,1
CP048234.1,445610,1
CP048234.1,445940,1
CP048234.1,464099,1
CP048234.1,466471,1
CP048234.1,466478,1
CP048234.1,466502,3
CP048234.1,466529,1
CP048234.1,466551,1
CP048234.1,466558,2
CP048234.1,466591,1
CP048234.1,466635,1
CP048234.1,466649,1
CP048234.1,466762,2
CP048234.1,466784,1
CP048234.1,466833,1
CP048234.1,467463,1
CP048234.1,467842,1
CP048234.1,471308,1
CP048234.1,472187,1
CP048234.1,472277,1
CP048234.1,472779,1
CP048234.1,474660,1
CP048234.1,477693,1
CP048234.1,479738,1
CP048234.1,479982,1
CP048234.1,480564,1
CP048234.1,480912,2
CP048234.1,481190,1
CP048234.1,486402,1
CP048234.1,496496,1
CP048234.1,496575,2
CP048234.1,496676,2
CP048234.1,496758,2
CP048234.1,496909,1
CP048234.1,497095,1
CP048234.1,497476,1
CP048234.1,497483,1
CP048234.1,497776,3
CP048234.1,504429,1
CP048234.1,504534,1
CP048234.1,504714,1
CP048234.1,507628,1
CP048234.1,508690,1
CP048234.1,508712,1
CP048234.1,521721,1
CP048234.1,522573,1
CP048234.1,525090,1
CP048234.1,526900,2
CP048234.1,526907,3
CP048234.1,527044,1
CP048234.1,527076,1
CP048234.1,527089,1
CP048234.1,527109,1
CP048234.1,528780,2
CP048234.1,528791,3
CP048234.1,528798,1
CP048234.1,529566,2
CP048234.1,530437,1
CP048234.1,530611,1
CP048234.1,531464,3
CP048234.1,532101,1
CP048234.1,536529,1
CP048234.1,540199,1
CP048234.1,554188,1
CP048234.1,568120,1
CP048234.1,568744,3
CP048234.1,569206,1
CP048234.1,569321,1
CP048234.1,569431,1
CP048234.1,574360,1
CP048234.1,577061,1
CP048234.1,577331,2
CP048234.1,577680,1
CP048234.1,578328,1
CP048234.1,578650,1
CP048234.1,578964,1
CP048234.1,578982,1
CP048234.1,579327,2
CP048234.1,580405,1
CP048234.1,580831,1
CP048234.1,581685,2
CP048234.1,582509,1
CP048234.1,585518,1
CP048234.1,585525,1
CP048234.1,595048,1
CP048234.1,595085,1
CP048234.1,606272,1
CP048234.1,606520,1
CP048234.1,608608,1
CP048234.1,610112,1
CP048234.1,610948,1
CP048234.1,621904,1
CP048234.1,621921,1
CP048234.1,621946,1
CP048234.1,622347,1
CP048234.1,622747,1
CP048234.1,622971,1
CP048234.1,623011,1
CP048234.1,628375,2
CP048234.1,636621,1
CP048234.1,636639,1
CP048234.1,636760,1
CP048234.1,636867,4
CP048234.1,637047,2
CP048234.1,637049,3
CP048234.1,639642,1
CP048234.1,639684,1
CP048234.1,639852,1
CP048234.1,639875,2
CP048234.1,639882,3
CP048234.1,644879,1
CP048234.1,644979,1
CP048234.1,649840,1
CP048234.1,649845,1
CP048234.1,650368,3
CP048234.1,657472,1
CP048234.1,659900,1
CP048234.1,661335,1
CP048234.1,661599,1
CP048234.1,661606,3
CP048234.1,661672,1
CP048234.1,662290,1
CP048234.1,670389,2
CP048235.1,28835,1
CP048235.1,30690,1
CP048235.1,31038,3
CP048235.1,31656,1
CP048235.1,31749,1
CP048235.1,32070,1
CP048235.1,32701,2
CP048235.1,33081,1
CP048235.1,39231,1
CP048235.1,39513,1
CP048235.1,39739,1
CP048235.1,42706,1
CP048235.1,42900,2
CP048235.1,42950,2
CP048235.1,43294,1
CP048235.1,52612,3
CP048235.1,53717,2
CP048235.1,53725,2
CP048235.1,53726,2
CP048235.1,54509,1
CP048235.1,55089,1
CP048235.1,55483,1
CP048235.1,74066,1
CP048235.1,75119,2
CP048235.1,75191,1
CP048235.1,75479,1
CP048235.1,75506,1
CP048235.1,75990,2
CP048235.1,75997,2
CP048235.1,76096,1
CP048235.1,76398,2
CP048235.1,76400,1
CP048235.1,76405,1
CP048235.1,76825,1
CP048235.1,76877,2
CP048235.1,81415,2
CP048235.1,81879,1
CP048235.1,82066,1
CP048235.1,82075,1
CP048235.1,82216,1
CP048235.1,82323,1
CP048235.1,82336,1
CP048235.1,82368,2
CP048235.1,83137,1
CP048235.1,83286,1
CP048235.1,83290,1
CP048235.1,83292,1
CP048235.1,83781,1
CP048235.1,84116,1
CP048235.1,84323,1
CP048235.1,84478,1
CP048235.1,84548,2
CP048235.1,84638,1
CP048235.1,84653,1
CP048235.1,84660,2
CP048235.1,84825,1
CP048235.1,84855,1
CP048235.1,85265,1
CP048235.1,87152,1
CP048235.1,93306,2
CP048235.1,93486,1
CP048235.1,96638,1
CP048235.1,96863,1
CP048235.1,102195,1
CP048235.1,102232,1
CP048235.1,103244,4
CP048235.1,104162,1
CP048235.1,115519,1
CP048235.1,126343,1
CP048235.1,126357,1
CP048235.1,134554,1
CP048235.1,134835,1
CP048235.1,135157,1
CP048235.1,138214,2
CP048235.1,138296,1
CP048235.1,138303,2
CP048235.1,138534,1
CP048235.1,143914,1
CP048235.1,144427,2
CP048235.1,144741,2
CP048235.1,144832,1
CP048235.1,144923,1
CP048235.1,145357,1
CP048235.1,145453,1
CP048235.1,145466,1
CP048235.1,145858,1
CP048235.1,147437,1
CP048235.1,148757,2
CP048235.1,149508,1
CP048235.1,149924,1
CP048235.1,150183,1
CP048235.1,153223,1
CP048235.1,158520,2
CP048235.1,159586,2
CP048235.1,162180,1
CP048235.1,162266,2
CP048235.1,162301,1
CP048235.1,162464,1
CP048235.1,162532,1
CP048235.1,162548,1
CP048235.1,163242,1
CP048235.1,163261,1
CP048235.1,163511,5
CP048235.1,163518,1
CP048235.1,163570,1
CP048235.1,163577,3
CP048235.1,163624,1
CP048235.1,163685,1
CP048235.1,163705,1
CP048235.1,163748,1
CP048235.1,164379,2
CP048235.1,165874,2
CP048235.1,166520,1
CP048235.1,167055,1
CP048235.1,167239,1
CP048235.1,167419,1
CP048235.1,169876,1
CP048235.1,169926,1
CP048235.1,180027,1
CP048235.1,186414,1
CP048235.1,186441,1
CP048235.1,186534,1
CP048235.1,187746,1
CP048235.1,191027,1
CP048235.1,191452,2
CP048235.1,193687,2
CP048235.1,193694,1
CP048235.1,193865,2
CP048235.1,194133,1
CP048235.1,194447,1
CP048235.1,194454,2
CP048235.1,195146,1
CP048235.1,195287,1
CP048235.1,195348,1
CP048235.1,197634,1
CP048235.1,199792,1
CP048235.1,202476,2
CP048235.1,202497,4
CP048235.1,205757,1
CP048235.1,207033,1
CP048235.1,207068,1
CP048235.1,207127,1
CP048235.1,207254,1
CP048235.1,207273,1
CP048235.1,207320,1
CP048235.1,207411,1
CP048235.1,208019,1
CP048235.1,208026,1
CP048235.1,208557,1
CP048235.1,209126,1
CP048235.1,219056,2
CP048235.1,219065,1
CP048235.1,227411,2
CP048235.1,227644,1
CP048235.1,227700,1
CP048235.1,228489,1
CP048235.1,228582,1
CP048235.1,231575,1
CP048235.1,231986,1
CP048235.1,233597,1
CP048235.1,233600,1
CP048235.1,234299,1
CP048235.1,234805,1
CP048235.1,235579,1
CP048235.1,235715,1
CP048235.1,235722,2
CP048235.1,235859,1
CP048235.1,242311,1
CP048235.1,243754,1
CP048235.1,243868,1
CP048235.1,244215,1
CP048235.1,244504,1
CP048235.1,246459,1
CP048235.1,246718,1
CP048235.1,246925,1
CP048235.1,247204,1
CP048235.1,247211,2
CP048235.1,247228,1
CP048235.1,247251,2
CP048235.1,247252,1
CP048235.1,247347,5
CP048235.1,247518,1
CP048235.1,247525,1
CP048235.1,247527,2
CP048235.1,247534,1
CP048235.1,247739,2
CP048235.1,247756,1
CP048235.1,247761,1
CP048235.1,247808,1
CP048235.1,247827,1
CP048235.1,247831,3
CP048235.1,247834,1
CP048235.1,247836,1
CP048235.1,247896,3
CP048235.1,247903,1
CP048235.1,248023,2
CP048235.1,248065,1
CP048235.1,248437,1
CP048235.1,250262,1
CP048235.1,250704,1
CP048235.1,253084,1
CP048235.1,253097,1
CP048235.1,253150,1
CP048235.1,258368,1
CP048235.1,258404,1
CP048235.1,258462,2
CP048235.1,258619,1
CP048235.1,258813,2
CP048235.1,258814,1
CP048235.1,258820,4
CP048235.1,258874,1
CP048235.1,258999,1
CP048235.1,259262,1
CP048235.1,264698,1
CP048235.1,265281,1
CP048235.1,266559,1
CP048235.1,266628,1
CP048235.1,269996,1
CP048235.1,270067,1
CP048235.1,275248,1
CP048235.1,275415,1
CP048235.1,275783,3
CP048235.1,275875,1
CP048235.1,275923,1
CP048235.1,275964,2
CP048235.1,275971,2
CP048235.1,275987,1
CP048235.1,276003,6
CP048235.1,276010,1
CP048235.1,276042,2
CP048235.1,276613,1
CP048235.1,276663,1
CP048235.1,277093,1
CP048235.1,284982,1
CP048235.1,285789,1
CP048235.1,285933,1
CP048235.1,293673,1
CP048235.1,300278,1
CP048235.1,300304,1
CP048235.1,302577,1
CP048235.1,302638,1
CP048235.1,302816,2
CP048235.1,302856,1
CP048235.1,302960,2
CP048235.1,303047,1
CP048235.1,303689,1
CP048235.1,304029,2
CP048235.1,307459,1
CP048235.1,308995,2
CP048235.1,310567,1
CP048235.1,313748,1
CP048235.1,315050,1
CP048235.1,317776,2
CP048235.1,317783,2
CP048235.1,318227,2
CP048235.1,335123,1
CP048235.1,339785,1
CP048235.1,339849,2
CP048235.1,339965,1
CP048235.1,340193,2
CP048235.1,340576,1
CP048235.1,340625,1
CP048235.1,343045,2
CP048235.1,346001,6
CP048235.1,346029,1
CP048235.1,346112,1
CP048235.1,346214,1
CP048235.1,346339,1
CP048235.1,348245,1
CP048235.1,349586,1
CP048235.1,350125,1
CP048235.1,350287,1
CP048235.1,350294,1
CP048235.1,355487,1
CP048235.1,358227,1
CP048235.1,369030,1
CP048235.1,369448,1
CP048235.1,370449,3
CP048235.1,376857,1
CP048235.1,376926,1
CP048235.1,376932,1
CP048235.1,376933,1
CP048235.1,377082,1
CP048235.1,377204,1
CP048235.1,377279,2
CP048235.1,378406,1
CP048235.1,390098,2
CP048235.1,390133,1
CP048235.1,400757,1
CP048235.1,400765,1
CP048235.1,415154,1
CP048235.1,416009,1
CP048235.1,429115,1
CP048235.1,429142,1
CP048235.1,430961,1
CP048235.1,431955,1
CP048235.1,432123,1
CP048235.1,432396,1
CP048235.1,432871,1
CP048235.1,433386,2
CP048235.1,433437,1
CP048235.1,433444,1
CP048235.1,433638,1
CP048235.1,433645,3
CP048235.1,433755,1
CP048235.1,435521,1
CP048235.1,436630,1
CP048235.1,436922,1
CP048235.1,437087,2
CP048235.1,438496,1
CP048235.1,438861,3
CP048235.1,438882,1
CP048235.1,438895,2
CP048235.1,438902,1
CP048235.1,462342,1
CP048235.1,464073,1
CP048235.1,465303,1
CP048235.1,471108,1
CP048235.1,473089,1
CP048235.1,473201,1
CP048235.1,476098,1
CP048235.1,486683,1
CP048235.1,487097,1
CP048235.1,487403,1
CP048235.1,489028,1
CP048235.1,489111,1
CP048235.1,492563,2
CP048235.1,498491,1
CP048235.1,501352,1
CP048235.1,501875,1
CP048235.1,501946,1
CP048235.1,505233,2
CP048235.1,505466,1
CP048235.1,508802,1
CP048235.1,508842,1
CP048235.1,509433,1
CP048235.1,509662,1
CP048235.1,509990,1
CP048235.1,516937,1
CP048235.1,527387,1
CP048235.1,527678,1
CP048235.1,530597,1
CP048235.1,532269,1
CP048235.1,532767,1
CP048235.1,535570,1
CP048235.1,536888,1
CP048235.1,537609,1
CP048235.1,549464,1
CP048235.1,549466,1
CP048235.1,550038,1
CP048235.1,551313,1
CP048235.1,551710,1
CP048235.1,551711,2
CP048235.1,551746,1
CP048235.1,551754,1
CP048235.1,555205,1
CP048235.1,555213,2
CP048235.1,580015,1
CP048235.1,584115,1
CP048235.1,584255,1
CP048235.1,584477,3
CP048235.1,584484,1
CP048235.1,592416,2
CP048235.1,599303,1
CP048235.1,600808,2
CP048235.1,602461,1
CP048235.1,602765,2
CP048235.1,602915,2
CP048235.1,615677,4
CP048235.1,618314,1
CP048235.1,619764,1
CP048235.1,621945,1
CP048235.1,622018,1
CP048235.1,622189,1
CP048235.1,627520,2
CP048235.1,639127,1
CP048235.1,639224,1
CP048235.1,639378,1
CP048235.1,639382,2
CP048235.1,647211,1
CP048235.1,647270,1
CP048235.1,648227,1
CP048235.1,648255,1
CP048235.1,663961,1
CP048235.1,679276,1
CP048235.1,682571,1
CP048235.1,690129,1
CP048235.1,693213,1
CP048235.1,693298,1
CP048235.1,701568,1
CP048235.1,702585,4
CP048235.1,703100,1
CP048235.1,703204,1
CP048235.1,733847,2
CP048235.1,733944,3
CP048235.1,734254,1
CP048235.1,745430,1
CP048235.1,745465,1
CP048235.1,745949,1
CP048235.1,747376,1
CP048235.1,750749,1
CP048235.1,751033,1
CP048235.1,751970,2
CP048235.1,751982,1
CP048235.1,752715,1
CP048235.1,754585,1
CP048235.1,754945,3
CP048235.1,755459,1
CP048235.1,762491,1
CP048235.1,770168,1
CP048235.1,774588,1
CP048235.1,775405,1
CP048235.1,784497,2
CP048235.1,786157,1
CP048235.1,790449,1
CP048235.1,799976,2
CP048235.1,804141,4
CP048235.1,804881,1
CP048235.1,806396,1
CP048235.1,811145,2
CP048235.1,811469,5
CP048235.1,813195,2
CP048235.1,813202,2
CP048235.1,813477,2
CP048235.1,813484,1
CP048235.1,813493,1
CP048235.1,816053,3
CP048235.1,817116,1
CP048235.1,817652,2
CP048235.1,825673,1
CP048235.1,833164,1
CP048235.1,833354,1
CP048235.1,839824,1
CP048235.1,843627,2
CP048235.1,843756,1
CP048235.1,843861,1
CP048235.1,847218,1
CP048235.1,847818,1
CP048235.1,864523,1
CP048235.1,864816,1
CP048235.1,864833,1
CP048235.1,881763,3
CP048235.1,881770,3
CP048235.1,882079,2
CP048235.1,882252,1
CP048235.1,885542,1
CP048235.1,886209,2
CP048235.1,886541,2
CP048235.1,887588,1
CP048235.1,887639,1
CP048235.1,887741,2
CP048235.1,887946,2
CP048235.1,890950,1
CP048235.1,893549,2
CP048235.1,902325,1
CP048235.1,902332,1
CP048235.1,906015,1
CP048235.1,906426,4
CP048235.1,906674,1
CP048235.1,907091,1
CP048235.1,907484,1
CP048235.1,907706,2
CP048235.1,907711,1
CP048235.1,912478,1
CP048235.1,912675,1
CP048235.1,916401,1
CP048235.1,918227,1
CP048235.1,918755,1
CP048235.1,925651,1
CP048236.1,1937,1
CP048236.1,38388,1
CP048236.1,38550,1
CP048236.1,38554,1
CP048236.1,38714,2
CP048236.1,38728,2
CP048236.1,38914,1
CP048236.1,39298,2
CP048236.1,39368,1
CP048236.1,39646,1
CP048236.1,40717,1
CP048236.1,42239,1
CP048236.1,45408,1
CP048236.1,45522,1
CP048236.1,45813,3
CP048236.1,45835,1
CP048236.1,45886,2
CP048236.1,45920,1
CP048236.1,45950,5
CP048236.1,46348,1
CP048236.1,46355,2
CP048236.1,46371,3
CP048236.1,50791,2
CP048236.1,50844,1
CP048236.1,50862,1
CP048236.1,50891,1
CP048236.1,51010,2
CP048236.1,51191,1
CP048236.1,51198,2
CP048236.1,51207,2
CP048236.1,51221,2
CP048236.1,51287,1
CP048236.1,51409,1
CP048236.1,51852,3
CP048236.1,51855,3
CP048236.1,51859,2
CP048236.1,52128,2
CP048236.1,52313,2
CP048236.1,52344,3
CP048236.1,52864,2
CP048236.1,53070,1
CP048236.1,53101,1
CP048236.1,53213,1
CP048236.1,53448,1
CP048236.1,53588,1
CP048236.1,53872,1
CP048236.1,54478,1
CP048236.1,55219,1
CP048236.1,57783,1
CP048236.1,59840,1
CP048236.1,59878,1
CP048236.1,61319,1
CP048236.1,68096,1
CP048236.1,69954,2
CP048236.1,70668,1
CP048236.1,75179,1
CP048236.1,79570,1
CP048236.1,79728,2
CP048236.1,79732,5
CP048236.1,79734,2
CP048236.1,80017,1
CP048236.1,80039,1
CP048236.1,80072,1
CP048236.1,80117,1
CP048236.1,80261,2
CP048236.1,80268,1
CP048236.1,80454,1
CP048236.1,80970,1
CP048236.1,80982,1
CP048236.1,83555,1
CP048236.1,83642,1
CP048236.1,83699,1
CP048236.1,83736,1
CP048236.1,85264,1
CP048236.1,87931,1
CP048236.1,91503,1
CP048236.1,91539,1
CP048236.1,91547,1
CP048236.1,95176,2
CP048236.1,95241,2
CP048236.1,96249,1
CP048236.1,96563,2
CP048236.1,97952,1
CP048236.1,98067,1
CP048236.1,98813,1
CP048236.1,105237,1
CP048236.1,105253,1
CP048236.1,105268,1
CP048236.1,105425,2
CP048236.1,105496,1
CP048236.1,105501,1
CP048236.1,108922,1
CP048236.1,110704,2
CP048236.1,111129,1
CP048236.1,111886,1
CP048236.1,111921,1
CP048236.1,111935,1
CP048236.1,112068,1
CP048236.1,112104,3
CP048236.1,112155,3
CP048236.1,112162,1
CP048236.1,112215,1
CP048236.1,112258,1
CP048236.1,112278,1
CP048236.1,112424,1
CP048236.1,112431,1
CP048236.1,112519,2
CP048236.1,112663,2
CP048236.1,112691,1
CP048236.1,124389,2
CP048236.1,124427,1
CP048236.1,124452,1
CP048236.1,126295,1
CP048236.1,127283,2
CP048236.1,127302,1
CP048236.1,127424,1
CP048236.1,135298,1
CP048236.1,137929,2
CP048236.1,138174,1
CP048236.1,139191,2
CP048236.1,139288,2
CP048236.1,139629,1
CP048236.1,146408,1
CP048236.1,146415,1
CP048236.1,153687,1
CP048236.1,155454,1
CP048236.1,158079,1
CP048236.1,158943,1
CP048236.1,158950,1
CP048236.1,162698,1
CP048236.1,164254,1
CP048236.1,165770,1
CP048236.1,165785,1
CP048236.1,165794,1
CP048236.1,165802,2
CP048236.1,165810,2
CP048236.1,176120,1
CP048236.1,176293,1
CP048236.1,177174,1
CP048236.1,177191,2
CP048236.1,177630,1
CP048236.1,190763,1
CP048236.1,191223,1
CP048236.1,192889,1
CP048236.1,193375,1
CP048236.1,202996,1
CP048236.1,203140,1
CP048236.1,203147,1
CP048236.1,203155,1
CP048236.1,203156,1
CP048236.1,203209,1
CP048236.1,203262,1
CP048236.1,203294,1
CP048236.1,203304,1
CP048236.1,206126,1
CP048236.1,206795,1
CP048236.1,206832,1
CP048236.1,206943,1
CP048236.1,208379,2
CP048236.1,212868,1
CP048236.1,213583,1
CP048236.1,228582,1
CP048236.1,231743,1
CP048236.1,232094,1
CP048236.1,237333,2
CP048236.1,237352,2
CP048236.1,237466,1
CP048236.1,238075,1
CP048236.1,241226,1
CP048236.1,241357,1
CP048236.1,259233,1
CP048236.1,267951,1
CP048236.1,268568,1
CP048236.1,268701,2
CP048236.1,270419,1
CP048236.1,270703,2
CP048236.1,270945,1
CP048236.1,271028,1
CP048236.1,271045,1
CP048236.1,271173,1
CP048236.1,271856,1
CP048236.1,272094,1
CP048236.1,272764,1
CP048236.1,282583,1
CP048236.1,282601,1
CP048236.1,282797,2
CP048236.1,283139,1
CP048236.1,283438,1
CP048236.1,285051,1
CP048236.1,286651,2
CP048236.1,286748,2
CP048236.1,288616,1
CP048236.1,289287,1
CP048236.1,289531,1
CP048236.1,289953,1
CP048236.1,292784,1
CP048236.1,296288,1
CP048236.1,296325,2
CP048236.1,305982,1
CP048236.1,306571,2
CP048236.1,313982,1
CP048236.1,314483,1
CP048236.1,314558,1
CP048236.1,314592,1
CP048236.1,314702,1
CP048236.1,314811,2
CP048236.1,320175,1
CP048236.1,328785,4
CP048236.1,328858,1
CP048236.1,329001,1
CP048236.1,331997,1
CP048236.1,332452,1
CP048236.1,333117,1
CP048236.1,351468,1
CP048236.1,352056,1
CP048236.1,352216,2
CP048236.1,363783,1
CP048236.1,364746,1
CP048236.1,365409,1
CP048236.1,365430,2
CP048236.1,366146,2
CP048236.1,366693,1
CP048236.1,371838,2
CP048236.1,373516,1
CP048236.1,375236,1
CP048236.1,375277,1
CP048236.1,377942,1
CP048236.1,382088,4
CP048236.1,382095,2
CP048236.1,382212,2
CP048236.1,383546,1
CP048236.1,386074,3
CP048236.1,387841,1
CP048236.1,388410,1
CP048236.1,391206,1
CP048236.1,391210,1
CP048236.1,392856,3
CP048236.1,396151,1
CP048236.1,396518,1
CP048236.1,399407,1
CP048236.1,399421,1
CP048236.1,399573,3
CP048236.1,399912,1
CP048236.1,400009,1
CP048236.1,404460,1
CP048236.1,417741,1
CP048236.1,427273,1
CP048236.1,428323,1
CP048236.1,430928,1
CP048236.1,430933,1
CP048236.1,435231,1
CP048236.1,435455,1
CP048236.1,445485,1
CP048236.1,449488,1
CP048236.1,460602,1
CP048236.1,475142,1
CP048236.1,475404,1
CP048236.1,476041,2
CP048236.1,478612,1
CP048236.1,478679,1
CP048236.1,478705,2
CP048236.1,478805,2
CP048236.1,478809,1
CP048236.1,478988,1
CP048236.1,478995,1
CP048236.1,479099,1
CP048236.1,479158,1
CP048236.1,495374,1
CP048236.1,495969,1
CP048236.1,500019,1
CP048236.1,506364,1
CP048236.1,514015,1
CP048236.1,515145,1
CP048236.1,515352,1
CP048236.1,518068,1
CP048236.1,518070,2
CP048236.1,519024,1
CP048236.1,519064,1
CP048236.1,519081,1
CP048236.1,519097,1
CP048236.1,519685,1
CP048236.1,519829,1
CP048236.1,519951,1
CP048236.1,520203,2
CP048236.1,530714,1
CP048236.1,531335,1
CP048236.1,537857,1
CP048236.1,538763,1
CP048236.1,539570,1
CP048236.1,544267,1
CP048236.1,544992,1
CP048236.1,550044,1
CP048236.1,550285,1
CP048236.1,550774,1
CP048236.1,551147,1
CP048236.1,551177,1
CP048236.1,555452,1
CP048236.1,555788,1
CP048236.1,559216,1
CP048236.1,570506,1
CP048236.1,570510,2
CP048236.1,570514,2
CP048236.1,570564,3
CP048236.1,572289,1
CP048236.1,574808,1
CP048236.1,575270,1
CP048236.1,577336,1
CP048236.1,584688,1
CP048236.1,584702,1
CP048236.1,584775,1
CP048236.1,584777,2
CP048236.1,589060,1
CP048236.1,590471,1
CP048236.1,590838,1
CP048236.1,590858,1
CP048236.1,594336,1
CP048236.1,598167,1
CP048236.1,598196,1
CP048236.1,598344,2
CP048236.1,600779,1
CP048236.1,603009,1
CP048236.1,607546,1
CP048236.1,607667,1
CP048236.1,607689,1
CP048236.1,608384,1
CP048236.1,608667,1
CP048236.1,625641,1
CP048236.1,633189,1
CP048236.1,633207,1
CP048236.1,633257,1
CP048236.1,637722,1
CP048236.1,637776,1
CP048236.1,638286,4
CP048236.1,638359,1
CP048236.1,640888,1
CP048236.1,641623,2
CP048236.1,642138,1
CP048236.1,642345,1
CP048236.1,642522,1
CP048236.1,648561,1
CP048236.1,662760,2
CP048236.1,662960,2
CP048236.1,686069,1
CP048236.1,686143,1
CP048236.1,703907,1
CP048236.1,704068,1
CP048236.1,704285,1
CP048236.1,704296,1
CP048236.1,704435,1
CP048236.1,704442,1
CP048236.1,704556,2
CP048236.1,704591,2
CP048236.1,704645,1
CP048236.1,704898,1
CP048236.1,704971,1
CP048236.1,705057,1
CP048236.1,716792,1
CP048236.1,716863,1
CP048236.1,717046,1
CP048236.1,721443,1
CP048236.1,735811,1
CP048236.1,735874,1
CP048236.1,738939,2
CP048236.1,739184,1
CP048236.1,739186,1
CP048236.1,741146,1
CP048236.1,741194,1
CP048236.1,742113,1
CP048236.1,755489,1
CP048236.1,769668,1
CP048236.1,774559,1
CP048236.1,776401,1
CP048236.1,778134,1
CP048236.1,787901,1
CP048236.1,788221,1
CP048236.1,788447,1
CP048236.1,789448,1
CP048236.1,789455,5
CP048236.1,789582,1
CP048236.1,793865,2
CP048236.1,793872,1
CP048236.1,793876,3
CP048236.1,820469,1
CP048236.1,820821,1
CP048236.1,820829,1
CP048236.1,828107,1
CP048236.1,837244,1
CP048236.1,841167,1
CP048236.1,841241,1
CP048236.1,841274,2
CP048236.1,841472,1
CP048236.1,842282,1
CP048236.1,862645,1
CP048236.1,868065,1
CP048236.1,872410,1
CP048236.1,872543,1
CP048236.1,872579,1
CP048236.1,872602,1
CP048236.1,872819,1
CP048236.1,876791,2
CP048236.1,877317,1
CP048236.1,877341,1
CP048236.1,878614,1
CP048236.1,878621,1
CP048236.1,879487,1
CP048236.1,882252,1
CP048236.1,888908,1
CP048236.1,890543,2
CP048236.1,898101,1
CP048236.1,898258,1
CP048236.1,901406,1
CP048236.1,911131,1
CP048236.1,912532,1
CP048236.1,912864,1
CP048236.1,914505,1
CP048236.1,921723,1
CP048236.1,922413,1
CP048236.1,924568,1
CP048236.1,930584,1
CP048236.1,931210,3
CP048236.1,931665,1
CP048236.1,931667,2
CP048236.1,932777,1
CP048236.1,932932,1
CP048236.1,932939,1
CP048236.1,941648,2
CP048236.1,948290,1
CP048236.1,949794,1
CP048236.1,950114,1
CP048236.1,957357,1
CP048236.1,962658,2
CP048236.1,963979,1
CP048236.1,963986,1
CP048236.1,964017,1
CP048236.1,965318,1
CP048236.1,965581,1
CP048236.1,980278,1
CP048236.1,982888,1
CP048236.1,983385,1
CP048236.1,983584,1
CP048236.1,983780,2
CP048236.1,987868,1
CP048236.1,989424,1
CP048236.1,989774,1
CP048236.1,1007837,2
CP048237.1,22163,2
CP048237.1,22174,2
CP048237.1,22413,3
CP048237.1,22473,1
CP048237.1,38785,1
CP048237.1,39238,1
CP048237.1,39467,1
CP048237.1,39658,2
CP048237.1,39682,1
CP048237.1,48659,2
CP048237.1,50207,1
CP048237.1,56632,1
CP048237.1,58484,1
CP048237.1,58491,1
CP048237.1,58904,1
CP048237.1,70177,1
CP048237.1,74139,1
CP048237.1,74164,1
CP048237.1,75186,1
CP048237.1,76339,3
CP048237.1,76369,2
CP048237.1,77203,1
CP048237.1,77258,1
CP048237.1,77481,1
CP048237.1,80496,1
CP048237.1,84259,3
CP048237.1,85664,1
CP048237.1,85700,1
CP048237.1,85707,1
CP048237.1,87364,1
CP048237.1,116563,3
CP048237.1,116570,1
CP048237.1,134431,1
CP048237.1,135028,1
CP048237.1,139880,1
CP048237.1,171691,1
CP048237.1,171800,1
CP048237.1,180093,1
CP048237.1,188907,1
CP048237.1,197707,1
CP048237.1,197823,1
CP048237.1,198046,2
CP048237.1,200972,1
CP048237.1,200979,3
CP048237.1,200989,2
CP048237.1,202953,1
CP048237.1,216441,2
CP048237.1,216448,1
CP048237.1,219434,1
CP048237.1,221589,2
CP048237.1,221837,1
CP048237.1,222495,2
CP048237.1,222753,1
CP048237.1,237805,1
CP048237.1,237855,1
CP048237.1,241188,1
CP048237.1,241402,1
CP048237.1,241519,1
CP048237.1,242755,1
CP048237.1,243518,1
CP048237.1,258597,1
CP048237.1,273801,1
CP048237.1,275083,1
CP048237.1,284504,1
CP048237.1,286916,1
CP048237.1,290552,1
CP048237.1,311207,2
CP048237.1,314015,1
CP048237.1,319933,2
CP048237.1,322828,2
CP048237.1,323895,1
CP048237.1,326993,2
CP048237.1,327528,1
CP048237.1,333663,2
CP048237.1,333731,1
CP048237.1,333756,3
CP048237.1,341338,2
CP048237.1,341624,1
CP048237.1,341830,2
CP048237.1,353409,2
CP048237.1,353416,1
CP048237.1,363034,3
CP048237.1,385438,1
CP048237.1,394704,1
CP048237.1,395093,1
CP048237.1,398694,1
CP048237.1,398848,1
CP048237.1,399313,1
CP048237.1,405137,1
CP048237.1,405144,2
CP048237.1,407462,1
CP048237.1,407471,1
CP048237.1,408179,1
CP048237.1,434820,1
CP048237.1,441453,1
CP048237.1,444369,1
CP048237.1,444709,1
CP048237.1,446849,1
CP048237.1,447092,1
CP048237.1,451560,1
CP048237.1,459136,2
CP048237.1,460985,1
CP048237.1,461288,1
CP048237.1,465387,2
CP048237.1,468763,1
CP048237.1,469336,1
CP048237.1,477689,1
CP048237.1,477696,1
CP048237.1,478816,1
CP048237.1,483578,1
CP048237.1,486588,2
CP048237.1,488585,2
CP048237.1,489010,1
CP048237.1,492847,1
CP048237.1,492878,1
CP048237.1,493296,1
CP048237.1,513710,2
CP048237.1,514284,1
CP048237.1,514346,1
CP048237.1,515833,1
CP048237.1,521836,1
CP048237.1,541347,1
CP048237.1,542082,1
CP048237.1,542184,2
CP048237.1,542454,1
CP048237.1,542567,1
CP048237.1,542829,1
CP048237.1,542870,1
CP048237.1,547546,1
CP048237.1,547784,1
CP048237.1,549946,1
CP048237.1,552645,1
CP048237.1,560125,1
CP048237.1,568962,1
CP048237.1,569608,1
CP048237.1,570568,1
CP048237.1,570640,1
CP048237.1,571004,2
CP048237.1,571171,2
CP048237.1,571426,1
CP048237.1,571428,1
CP048237.1,573484,1
CP048237.1,580741,1
CP048237.1,586835,1
CP048237.1,597575,1
CP048237.1,606569,2
CP048237.1,607853,2
CP048237.1,611038,2
CP048237.1,611058,1
CP048237.1,611059,1
CP048237.1,611117,3
CP048237.1,619607,1
CP048237.1,624192,2
CP048237.1,624762,1
CP048237.1,629131,1
CP048237.1,630475,1
CP048237.1,639515,1
CP048237.1,639865,1
CP048237.1,641330,1
CP048237.1,642428,2
CP048237.1,643315,2
CP048237.1,647453,1
CP048237.1,648776,1
CP048237.1,649178,1
CP048237.1,649396,2
CP048237.1,649492,1
CP048237.1,652445,1
CP048237.1,655252,1
CP048237.1,658592,2
CP048237.1,669921,1
CP048237.1,674318,2
CP048237.1,674433,2
CP048237.1,674512,2
CP048237.1,676498,2
CP048237.1,680393,1
CP048237.1,680686,1
CP048237.1,681689,1
CP048237.1,689432,1
CP048237.1,695469,1
CP048237.1,697840,1
CP048237.1,711898,1
CP048237.1,731944,2
CP048237.1,733754,2
CP048237.1,733837,1
CP048237.1,734286,1
CP048237.1,737134,2
CP048237.1,737246,1
CP048237.1,737431,2
CP048237.1,737986,1
CP048237.1,738362,1
CP048237.1,738384,2
CP048237.1,738997,1
CP048237.1,739022,2
CP048237.1,739237,1
CP048237.1,747307,1
CP048237.1,747316,2
CP048237.1,747680,2
CP048237.1,747851,1
CP048237.1,753633,1
CP048237.1,754043,1
CP048237.1,754050,1
CP048237.1,755126,1
CP048237.1,756118,1
CP048237.1,756196,1
CP048237.1,756287,1
CP048237.1,756414,2
CP048237.1,756962,2
CP048237.1,765860,2
CP048237.1,765881,1
CP048237.1,774617,1
CP048237.1,782932,1
CP048237.1,782939,2
CP048237.1,785720,1
CP048237.1,788639,1
CP048237.1,794145,1
CP048237.1,794463,1
CP048237.1,794720,1
CP048237.1,797028,1
CP048237.1,797703,2
CP048237.1,797710,2
CP048237.1,801511,1
CP048237.1,802713,1
CP048237.1,806280,1
CP048237.1,812785,1
CP048237.1,814025,1
CP048237.1,818472,1
CP048237.1,818849,1
CP048237.1,820176,1
CP048237.1,820802,2
CP048237.1,821152,1
CP048237.1,821329,1
CP048237.1,821977,2
CP048237.1,822520,2
CP048237.1,822586,1
CP048237.1,824041,1
CP048237.1,825985,3
CP048237.1,827802,1
CP048237.1,829404,1
CP048237.1,829895,1
CP048237.1,837263,1
CP048237.1,838019,1
CP048237.1,838431,2
CP048237.1,846463,1
CP048237.1,850969,1
CP048237.1,851679,2
CP048237.1,851717,1
CP048237.1,852246,2
CP048237.1,852260,2
CP048237.1,852302,1
CP048237.1,852347,1
CP048237.1,852359,1
CP048237.1,852381,1
CP048237.1,852468,1
CP048237.1,852474,1
CP048237.1,853378,2
CP048237.1,863535,1
CP048237.1,863869,1
CP048237.1,865847,1
CP048237.1,866013,2
CP048237.1,866766,1
CP048237.1,866838,1
CP048237.1,867507,1
CP048237.1,867514,2
CP048237.1,867571,1
CP048237.1,867633,1
CP048237.1,869165,2
CP048237.1,869470,2
CP048237.1,869668,1
CP048237.1,869714,2
CP048237.1,871382,1
CP048237.1,875635,1
CP048237.1,876787,1
CP048237.1,877697,2
CP048237.1,878855,1
CP048237.1,879267,1
CP048237.1,879323,1
CP048237.1,879451,1
CP048237.1,879482,1
CP048237.1,879545,1
CP048237.1,879647,2
CP048237.1,879674,1
CP048237.1,879753,1
CP048237.1,879758,1
CP048237.1,882460,1
CP048237.1,882550,2
CP048237.1,882557,1
CP048237.1,882791,1
CP048237.1,882827,2
CP048237.1,882893,1
CP048237.1,883101,1
CP048237.1,891452,1
CP048237.1,891989,1
CP048237.1,892225,1
CP048237.1,893605,1
CP048237.1,893611,1
CP048237.1,893618,1
CP048237.1,893736,3
CP048237.1,895772,1
CP048237.1,903188,1
CP048237.1,903239,1
CP048237.1,903870,1
CP048237.1,903881,1
CP048237.1,904211,1
CP048237.1,904458,1
CP048237.1,904572,1
CP048237.1,904807,1
CP048237.1,904988,3
CP048237.1,907824,1
CP048237.1,910722,1
CP048237.1,910885,1
CP048237.1,911219,1
CP048237.1,911284,1
CP048237.1,911808,1
CP048237.1,911810,1
CP048237.1,911972,1
CP048237.1,911999,1
CP048237.1,912006,2
CP048237.1,912099,1
CP048237.1,912101,1
CP048237.1,912106,1
CP048237.1,912108,1
CP048237.1,912114,3
CP048237.1,912329,1
CP048237.1,912384,2
CP048237.1,914345,1
CP048237.1,914470,1
CP048237.1,914529,1
CP048237.1,914618,2
CP048237.1,914639,2
CP048237.1,914660,1
CP048237.1,914681,1
CP048237.1,914685,1
CP048237.1,914898,1
CP048237.1,914983,2
CP048237.1,915054,1
CP048237.1,915591,2
CP048237.1,918118,2
CP048237.1,918136,1
CP048237.1,918714,1
CP048237.1,920372,1
CP048237.1,923908,2
CP048237.1,926396,1
CP048237.1,927016,1
CP048237.1,928306,1
CP048237.1,928919,1
CP048237.1,928975,2
CP048237.1,929201,1
CP048237.1,931684,2
CP048237.1,934714,1
CP048237.1,937156,2
CP048237.1,937469,1
CP048237.1,943833,1
CP048237.1,944049,1
CP048237.1,944057,1
CP048237.1,944064,5
CP048237.1,944097,1
CP048237.1,952664,2
CP048237.1,952670,1
CP048237.1,952694,1
CP048237.1,952716,1
CP048237.1,952773,1
CP048237.1,952780,2
CP048237.1,952802,1
CP048237.1,952811,1
CP048237.1,953323,1
CP048237.1,953347,1
CP048237.1,953455,1
CP048237.1,954336,1
CP048237.1,957131,1
CP048237.1,957228,2
CP048237.1,957291,5
CP048237.1,957585,1
CP048237.1,957829,1
CP048237.1,957919,1
CP048237.1,957980,1
CP048237.1,958003,1
CP048237.1,958009,1
CP048237.1,958052,1
CP048237.1,959698,1
CP048237.1,965675,1
CP048237.1,967651,1
CP048237.1,969897,1
CP048237.1,969900,1
CP048237.1,970166,1
CP048237.1,970232,1
CP048237.1,970505,2
CP048237.1,970666,1
CP048237.1,971335,1
CP048237.1,975161,1
CP048237.1,975248,6
CP048237.1,975255,4
CP048237.1,975429,4
CP048237.1,975748,1
CP048237.1,975835,2
CP048237.1,975954,1
CP048237.1,976222,1
CP048237.1,976846,1
CP048237.1,977784,1
CP048237.1,977816,1
CP048237.1,977825,1
CP048237.1,977831,1
CP048237.1,977907,1
CP048237.1,977914,1
CP048237.1,978008,1
CP048237.1,978071,2
CP048237.1,978078,1
CP048237.1,978179,6
CP048237.1,978186,8
CP048237.1,978223,1
CP048237.1,978303,1
CP048237.1,978337,2
CP048237.1,978344,11
CP048237.1,978503,1
CP048237.1,978510,3
CP048237.1,978517,4
CP048237.1,978584,1
CP048237.1,978722,1
CP048237.1,978733,1
CP048237.1,980760,1
CP048237.1,980800,2
CP048237.1,980880,1
CP048237.1,981077,1
CP048237.1,981086,1
CP048237.1,981102,5
CP048237.1,981109,2
CP048237.1,981172,1
CP048237.1,981253,1
CP048237.1,981307,1
CP048237.1,981345,1
CP048237.1,981347,4
CP048237.1,981352,1
CP048237.1,981354,1
CP048237.1,983191,1
CP048237.1,988723,1
CP048237.1,992023,1
CP048237.1,992036,1
CP048237.1,992061,2
CP048237.1,992157,1
CP048237.1,992164,1
CP048237.1,992174,1
CP048237.1,993020,2
CP048237.1,993777,3
CP048237.1,993814,1
CP048237.1,993820,1
CP048237.1,993853,1
CP048237.1,993908,1
CP048237.1,993974,1
CP048237.1,994146,2
CP048237.1,994921,1
CP048237.1,995088,2
CP048237.1,995208,1
CP048237.1,995210,1
CP048237.1,995249,3
CP048237.1,995409,1
CP048237.1,995930,2
CP048237.1,995975,2
CP048237.1,995982,1
CP048237.1,996172,1
CP048237.1,996655,7
CP048237.1,996662,2
CP048237.1,996683,1
CP048237.1,996808,1
CP048237.1,996826,1
CP048237.1,996833,1
CP048237.1,996840,2
CP048237.1,996873,1
CP048237.1,996879,1
CP048237.1,996887,1
CP048237.1,996894,1
CP048237.1,997045,7
CP048237.1,997052,2
CP048237.1,997070,1
CP048237.1,997071,1
CP048237.1,997092,1
CP048237.1,997105,1
CP048237.1,997112,2
CP048237.1,997203,3
CP048237.1,997242,1
CP048237.1,997278,1
CP048237.1,997854,1
CP048237.1,997856,1
CP048237.1,1004714,2
CP048237.1,1004875,1
CP048237.1,1004927,1
CP048237.1,1004957,1
CP048237.1,1004984,1
CP048237.1,1005054,1
CP048237.1,1005119,1
CP048237.1,1005188,1
CP048237.1,1009713,1
CP048237.1,1013466,2
CP048237.1,1014825,1
CP048237.1,1019674,1
CP048237.1,1020524,1
CP048237.1,1023346,2
CP048237.1,1025395,1
CP048237.1,1025438,1
CP048237.1,1025443,1
CP048237.1,1025546,2
CP048237.1,1025581,1
CP048237.1,1031966,1
CP048237.1,1032787,1
CP048237.1,1037204,1
CP048237.1,1043156,2
CP048237.1,1043286,1
CP048237.1,1044156,1
CP048237.1,1045462,1
CP048237.1,1048506,1
CP048237.1,1050919,1
CP048237.1,1051112,2
CP048238.1,25945,1
CP048238.1,26677,1
CP048238.1,26729,1
CP048238.1,32702,1
CP048238.1,40772,1
CP048238.1,41070,1
CP048238.1,41178,2
CP048238.1,41251,1
CP048238.1,41439,1
CP048238.1,41687,2
CP048238.1,42912,1
CP048238.1,42985,1
CP048238.1,43335,1
CP048238.1,43456,1
CP048238.1,43626,1
CP048238.1,50290,1
CP048238.1,50299,2
CP048238.1,50629,1
CP048238.1,51693,1
CP048238.1,59711,1
CP048238.1,61323,1
CP048238.1,61661,1
CP048238.1,61912,2
CP048238.1,61918,1
CP048238.1,61977,1
CP048238.1,66236,1
CP048238.1,66379,1
CP048238.1,66624,1
CP048238.1,69420,2
CP048238.1,70328,1
CP048238.1,70492,1
CP048238.1,71178,1
CP048238.1,77944,1
CP048238.1,79065,1
CP048238.1,79072,1
CP048238.1,84496,1
CP048238.1,85420,2
CP048238.1,87970,2
CP048238.1,88138,1
CP048238.1,88246,1
CP048238.1,110899,1
CP048238.1,123103,1
CP048238.1,123367,1
CP048238.1,128794,1
CP048238.1,129551,2
CP048238.1,137338,1
CP048238.1,137807,1
CP048238.1,138111,1
CP048238.1,141496,1
CP048238.1,143832,1
CP048238.1,155720,2
CP048238.1,157172,2
CP048238.1,157292,1
CP048238.1,157328,1
CP048238.1,157371,1
CP048238.1,158922,1
CP048238.1,158929,2
CP048238.1,158956,6
CP048238.1,158999,3
CP048238.1,163549,2
CP048238.1,164076,1
CP048238.1,164201,1
CP048238.1,167985,1
CP048238.1,171593,2
CP048238.1,172789,1
CP048238.1,172971,1
CP048238.1,173073,1
CP048238.1,173285,1
CP048238.1,173296,1
CP048238.1,173305,1
CP048238.1,173309,2
CP048238.1,173315,1
CP048238.1,173318,1
CP048238.1,173322,2
CP048238.1,173339,1
CP048238.1,173347,2
CP048238.1,173350,1
CP048238.1,173403,2
CP048238.1,173405,2
CP048238.1,173957,1
CP048238.1,174091,2
CP048238.1,175422,1
CP048238.1,175764,1
CP048238.1,175831,1
CP048238.1,183798,2
CP048238.1,188164,1
CP048238.1,188510,1
CP048238.1,188853,3
CP048238.1,189091,1
CP048238.1,192331,1
CP048238.1,193881,1
CP048238.1,202718,1
CP048238.1,202813,1
CP048238.1,203045,2
CP048238.1,224500,1
CP048238.1,237398,1
CP048238.1,240708,2
CP048238.1,245394,1
CP048238.1,251032,1
CP048238.1,251242,2
CP048238.1,251333,1
CP048238.1,254206,1
CP048238.1,259895,1
CP048238.1,259902,1
CP048238.1,260822,1
CP048238.1,263109,1
CP048238.1,266714,2
CP048238.1,269845,1
CP048238.1,269899,1
CP048238.1,270970,1
CP048238.1,276125,1
CP048238.1,276255,1
CP048238.1,276333,1
CP048238.1,276776,1
CP048238.1,276878,3
CP048238.1,276885,1
CP048238.1,277073,2
CP048238.1,278477,1
CP048238.1,281722,1
CP048238.1,284530,1
CP048238.1,284698,3
CP048238.1,285253,2
CP048238.1,285331,3
CP048238.1,285819,2
CP048238.1,288776,1
CP048238.1,291556,1
CP048238.1,291761,1
CP048238.1,292700,1
CP048238.1,292704,1
CP048238.1,292707,1
CP048238.1,292888,1
CP048238.1,293804,2
CP048238.1,296949,1
CP048238.1,297428,1
CP048238.1,297728,1
CP048238.1,297769,3
CP048238.1,298246,1
CP048238.1,299115,1
CP048238.1,299390,1
CP048238.1,300936,1
CP048238.1,311048,1
CP048238.1,311328,2
CP048238.1,311541,1
CP048238.1,311687,1
CP048238.1,316919,1
CP048238.1,317211,1
CP048238.1,321230,2
CP048238.1,322003,1
CP048238.1,322252,1
CP048238.1,322257,1
CP048238.1,322259,2
CP048238.1,322316,1
CP048238.1,322385,1
CP048238.1,322924,1
CP048238.1,322994,2
CP048238.1,323001,1
CP048238.1,333801,2
CP048238.1,334070,1
CP048238.1,339613,1
CP048238.1,339623,2
CP048238.1,339658,1
CP048238.1,339960,1
CP048238.1,339993,1
CP048238.1,343630,1
CP048238.1,343688,1
CP048238.1,350526,2
CP048238.1,350533,2
CP048238.1,356423,1
CP048238.1,356697,2
CP048238.1,356730,1
CP048238.1,356843,2
CP048238.1,357065,8
CP048238.1,359472,5
CP048238.1,359473,1
CP048238.1,359479,3
CP048238.1,359504,2
CP048238.1,359754,1
CP048238.1,359761,2
CP048238.1,360217,2
CP048238.1,360548,1
CP048238.1,363294,1
CP048238.1,365108,1
CP048238.1,365159,2
CP048238.1,365174,1
CP048238.1,365844,1
CP048238.1,366458,2
CP048238.1,366617,1
CP048238.1,366624,2
CP048238.1,366815,3
CP048238.1,366999,1
CP048238.1,367573,1
CP048238.1,371188,1
CP048238.1,371853,1
CP048238.1,371860,1
CP048238.1,372038,1
CP048238.1,372663,1
CP048238.1,372754,1
CP048238.1,377547,1
CP048238.1,379819,2
CP048238.1,379909,1
CP048238.1,379923,1
CP048238.1,388590,1
CP048238.1,391325,1
CP048238.1,391351,1
CP048238.1,393584,1
CP048238.1,393845,1
CP048238.1,393991,1
CP048238.1,394375,1
CP048238.1,394517,1
CP048238.1,394820,1
CP048238.1,394849,2
CP048238.1,395574,1
CP048238.1,395581,2
CP048238.1,396912,1
CP048238.1,397368,1
CP048238.1,397652,2
CP048238.1,397668,1
CP048238.1,397672,1
CP048238.1,397769,1
CP048238.1,397801,3
CP048238.1,397868,1
CP048238.1,398376,2
CP048238.1,398434,1
CP048238.1,401182,1
CP048238.1,401427,1
CP048238.1,401915,1
CP048238.1,402094,1
CP048238.1,405138,2
CP048238.1,405147,1
CP048238.1,408856,3
CP048238.1,408863,1
CP048238.1,408879,1
CP048238.1,409033,1
CP048238.1,409050,1
CP048238.1,409136,3
CP048238.1,409143,1
CP048238.1,409222,1
CP048238.1,409243,1
CP048238.1,409251,1
CP048238.1,409252,1
CP048238.1,409254,1
CP048238.1,409255,2
CP048238.1,409257,1
CP048238.1,409382,2
CP048238.1,409567,1
CP048238.1,409681,1
CP048238.1,409903,1
CP048238.1,417465,1
CP048238.1,419990,1
CP048238.1,421937,4
CP048238.1,421944,1
CP048238.1,422138,1
CP048238.1,422145,1
CP048238.1,424583,1
CP048238.1,426082,1
CP048238.1,432733,1
CP048238.1,432787,2
CP048238.1,433137,2
CP048238.1,433803,1
CP048238.1,433809,2
CP048238.1,433849,2
CP048238.1,433856,1
CP048238.1,433863,1
CP048238.1,433876,1
CP048238.1,433878,2
CP048238.1,434077,1
CP048238.1,434079,1
CP048238.1,434913,1
CP048238.1,435743,2
CP048238.1,440756,1
CP048238.1,440873,1
CP048238.1,441026,1
CP048238.1,441094,1
CP048238.1,442116,1
CP048238.1,442674,1
CP048238.1,443321,1
CP048238.1,443385,2
CP048238.1,443438,1
CP048238.1,443767,1
CP048238.1,443936,1
CP048238.1,443943,2
CP048238.1,444139,1
CP048238.1,444747,1
CP048238.1,444934,1
CP048238.1,445039,1
CP048238.1,445049,1
CP048238.1,445366,3
CP048238.1,445760,3
CP048238.1,445765,1
CP048238.1,445937,2
CP048238.1,445945,2
CP048238.1,446280,1
CP048238.1,446287,1
CP048238.1,446553,3
CP048238.1,446567,1
CP048238.1,446869,2
CP048238.1,447307,1
CP048238.1,447332,3
CP048238.1,447339,2
CP048238.1,447412,1
CP048238.1,450450,1
CP048238.1,454218,1
CP048238.1,456570,2
CP048238.1,456700,2
CP048238.1,456905,1
CP048238.1,457302,1
CP048238.1,459408,1
CP048238.1,459699,1
CP048238.1,463950,1
CP048238.1,465206,1
CP048238.1,472605,1
CP048238.1,472795,1
CP048238.1,472802,1
CP048238.1,474604,1
CP048238.1,474633,1
CP048238.1,480387,1
CP048238.1,482423,1
CP048238.1,482620,1
CP048238.1,484458,1
CP048238.1,484484,1
CP048238.1,484788,1
CP048238.1,485681,1
CP048238.1,486011,1
CP048238.1,486026,2
CP048238.1,486092,1
CP048238.1,486106,1
CP048238.1,489055,1
CP048238.1,497170,1
CP048238.1,497454,2
CP048238.1,497867,4
CP048238.1,499366,1
CP048238.1,499373,1
CP048238.1,502847,1
CP048238.1,503769,1
CP048238.1,506102,1
CP048238.1,510570,4
CP048238.1,510644,1
CP048238.1,517195,1
CP048238.1,517421,2
CP048238.1,522357,1
CP048238.1,531484,1
CP048238.1,531865,1
CP048238.1,532014,1
CP048238.1,534438,1
CP048238.1,536145,1
CP048238.1,539548,1
CP048238.1,542401,1
CP048238.1,543650,1
CP048238.1,553981,2
CP048238.1,555871,1
CP048238.1,556209,1
CP048238.1,556434,1
CP048238.1,559597,1
CP048238.1,559604,5
CP048238.1,559662,1
CP048238.1,559757,1
CP048238.1,559875,1
CP048238.1,565026,1
CP048238.1,570511,6
CP048238.1,570518,2
CP048238.1,570531,1
CP048238.1,570534,2
CP048238.1,570766,1
CP048238.1,570990,1
CP048238.1,571025,1
CP048238.1,596761,1
CP048238.1,597716,1
CP048238.1,599925,1
CP048238.1,600154,1
CP048238.1,601796,1
CP048238.1,604803,1
CP048238.1,629624,1
CP048238.1,630020,1
CP048238.1,656551,2
CP048238.1,660689,2
CP048238.1,673889,2
CP048238.1,673961,1
CP048238.1,674038,1
CP048238.1,674092,1
CP048238.1,674130,1
CP048238.1,674218,1
CP048238.1,679189,1
CP048238.1,683123,1
CP048238.1,683155,3
CP048238.1,686365,2
CP048238.1,686406,1
CP048238.1,686422,1
CP048238.1,686473,2
CP048238.1,686522,1
CP048238.1,686643,1
CP048238.1,686848,1
CP048238.1,686871,2
CP048238.1,686957,1
CP048238.1,686975,1
CP048238.1,686979,2
CP048238.1,687034,2
CP048238.1,690871,1
CP048238.1,696663,1
CP048238.1,703302,2
CP048238.1,703319,1
CP048238.1,703512,1
CP048238.1,703519,1
CP048238.1,703895,1
CP048238.1,704024,1
CP048238.1,708378,1
CP048238.1,708380,1
CP048238.1,708724,1
CP048238.1,708727,2
CP048238.1,710231,2
CP048238.1,711953,1
CP048238.1,714401,1
CP048238.1,714449,2
CP048238.1,714654,1
CP048238.1,716243,1
CP048238.1,716636,1
CP048238.1,718828,1
CP048238.1,718830,1
CP048238.1,727121,1
CP048238.1,727374,1
CP048238.1,730708,1
CP048238.1,730731,2
CP048238.1,730738,1
CP048238.1,731035,1
CP048238.1,731095,1
CP048239.1,27691,1
CP048239.1,30173,1
CP048239.1,31477,1
CP048239.1,35676,1
CP048239.1,38218,1
CP048239.1,44377,1
CP048239.1,48208,1
CP048239.1,50872,1
CP048239.1,50902,1
CP048239.1,50985,3
CP048239.1,64216,1
CP048239.1,65772,1
CP048239.1,65971,1
CP048239.1,66209,1
CP048239.1,75198,1
CP048239.1,84972,1
CP048239.1,86412,1
CP048239.1,86472,1
CP048239.1,86531,2
CP048239.1,86871,2
CP048239.1,87003,1
CP048239.1,87065,3
CP048239.1,89305,1
CP048239.1,91658,1
CP048239.1,102687,1
CP048239.1,102797,1
CP048239.1,104666,3
CP048239.1,106231,1
CP048239.1,107601,3
CP048239.1,107631,6
CP048239.1,107778,1
CP048239.1,108886,1
CP048239.1,108956,2
CP048239.1,108981,1
CP048239.1,109091,1
CP048239.1,109135,1
CP048239.1,109181,1
CP048239.1,125750,1
CP048239.1,135606,1
CP048239.1,137764,2
CP048239.1,138074,1
CP048239.1,138661,1
CP048239.1,145889,1
CP048239.1,152854,2
CP048239.1,153489,1
CP048239.1,155593,1
CP048239.1,155600,1
CP048239.1,156279,1
CP048239.1,156363,1
CP048239.1,156370,1
CP048239.1,156380,1
CP048239.1,156546,1
CP048239.1,160324,1
CP048239.1,164422,1
CP048239.1,170521,2
CP048239.1,171000,2
CP048239.1,171555,4
CP048239.1,171810,2
CP048239.1,171816,2
CP048239.1,171947,2
CP048239.1,173294,1
CP048239.1,173417,1
CP048239.1,173424,1
CP048239.1,173502,1
CP048239.1,173565,2
CP048239.1,176206,1
CP048239.1,176662,1
CP048239.1,182280,1
CP048239.1,182672,1
CP048239.1,182674,1
CP048239.1,182763,1
CP048239.1,182973,1
CP048239.1,183105,2
CP048239.1,183249,1
CP048239.1,183256,3
CP048239.1,183282,3
CP048239.1,183318,1
CP048239.1,183327,2
CP048239.1,183342,1
CP048239.1,183368,1
CP048239.1,183443,1
CP048239.1,184138,1
CP048239.1,194318,1
CP048239.1,199756,1
CP048239.1,200901,1
CP048239.1,205018,2
CP048239.1,205403,1
CP048239.1,215783,1
CP048239.1,215784,1
CP048239.1,216349,1
CP048239.1,217552,1
CP048239.1,218040,1
CP048239.1,221960,1
CP048239.1,221967,1
CP048239.1,222051,1
CP048239.1,224484,1
CP048239.1,227635,1
CP048239.1,228414,1
CP048239.1,228497,1
CP048239.1,228582,1
CP048239.1,230752,1
CP048239.1,230904,1
CP048239.1,231925,1
CP048239.1,233623,1
CP048239.1,233737,1
CP048239.1,233833,1
CP048239.1,236502,1
CP048239.1,236827,1
CP048239.1,236897,1
CP048239.1,236899,1
CP048239.1,236905,1
CP048239.1,236928,1
CP048239.1,237008,1
CP048239.1,237012,1
CP048239.1,237205,1
CP048239.1,237358,1
CP048239.1,237361,2
CP048239.1,237663,1
CP048239.1,237883,1
CP048239.1,237976,1
CP048239.1,238926,2
CP048239.1,238933,1
CP048239.1,238934,1
CP048239.1,238991,1
CP048239.1,239009,2
CP048239.1,239286,1
CP048239.1,239728,1
CP048239.1,239749,1
CP048239.1,239771,1
CP048239.1,239773,1
CP048239.1,239780,1
CP048239.1,239813,9
CP048239.1,239818,1
CP048239.1,239820,3
CP048239.1,239850,1
CP048239.1,239859,1
CP048239.1,239901,19
CP048239.1,239908,8
CP048239.1,239932,1
CP048239.1,239940,18
CP048239.1,239946,1
CP048239.1,239947,11
CP048239.1,239953,1
CP048239.1,240039,1
CP048239.1,240075,3
CP048239.1,240090,1
CP048239.1,240268,1
CP048239.1,243349,2
CP048239.1,243453,3
CP048239.1,243686,1
CP048239.1,243740,1
CP048239.1,243789,2
CP048239.1,243799,1
CP048239.1,243806,1
CP048239.1,243812,1
CP048239.1,243960,1
CP048239.1,244670,1
CP048239.1,247302,1
CP048239.1,247644,1
CP048239.1,247679,1
CP048239.1,247895,1
CP048239.1,248291,1
CP048239.1,248427,1
CP048239.1,251306,1
CP048239.1,251348,1
CP048239.1,253861,6
CP048239.1,253868,10
CP048239.1,253924,1
CP048239.1,253928,1
CP048239.1,253931,1
CP048239.1,253971,1
CP048239.1,255329,1
CP048239.1,255331,1
CP048239.1,268268,1
CP048239.1,269509,1
CP048239.1,270425,1
CP048239.1,270568,1
CP048239.1,271429,3
CP048239.1,271504,1
CP048239.1,272223,1
CP048239.1,273084,1
CP048239.1,273130,1
CP048239.1,273520,3
CP048239.1,275269,1
CP048239.1,275529,1
CP048239.1,275616,1
CP048239.1,275847,1
CP048239.1,280263,1
CP048239.1,280356,1
CP048239.1,282005,1
CP048239.1,282442,1
CP048239.1,282587,1
CP048239.1,282731,1
CP048239.1,282756,1
CP048239.1,293981,3
CP048239.1,296020,1
CP048239.1,296027,2
CP048239.1,296102,1
CP048239.1,296354,1
CP048239.1,296428,2
CP048239.1,296496,1
CP048239.1,300557,1
CP048239.1,300902,1
CP048239.1,301239,2
CP048239.1,303584,1
CP048239.1,303967,1
CP048239.1,305995,2
CP048239.1,306671,1
CP048239.1,306877,2
CP048239.1,307400,2
CP048239.1,315028,1
CP048239.1,315455,1
CP048239.1,316378,2
CP048239.1,316436,3
CP048239.1,316636,1
CP048239.1,317583,2
CP048239.1,323390,3
CP048239.1,324031,1
CP048239.1,330967,1
CP048239.1,331099,1
CP048239.1,331141,1
CP048239.1,331193,3
CP048239.1,333260,2
CP048239.1,333699,1
CP048239.1,340318,1
CP048239.1,351889,1
CP048239.1,357806,1
CP048239.1,359989,1
CP048239.1,367561,1
CP048239.1,369306,1
CP048239.1,374227,1
CP048239.1,374389,2
CP048239.1,374417,2
CP048239.1,385438,1
CP048239.1,389317,1
CP048239.1,389568,1
CP048239.1,389788,1
CP048239.1,397436,1
CP048239.1,398730,1
CP048239.1,404583,2
CP048239.1,404776,2
CP048239.1,405235,4
CP048239.1,407980,1
CP048239.1,412490,1
CP048239.1,412525,1
CP048239.1,412532,1
CP048239.1,412540,1
CP048239.1,412605,2
CP048239.1,412612,1
CP048239.1,413774,2
CP048239.1,416363,1
CP048239.1,423253,1
CP048239.1,423345,1
CP048239.1,423991,1
CP048239.1,434606,2
CP048239.1,437705,1
CP048239.1,446196,1
CP048239.1,446329,1
CP048239.1,446463,1
CP048239.1,446541,1
CP048239.1,449767,1
CP048239.1,457425,1
CP048239.1,459186,1
CP048239.1,460662,1
CP048239.1,461080,1
CP048239.1,466752,1
CP048239.1,486696,1
CP048239.1,486782,1
CP048239.1,486788,2
CP048239.1,496634,1
CP048239.1,501262,1
CP048239.1,505310,2
CP048239.1,510523,1
CP048239.1,510560,1
CP048239.1,510606,1
CP048239.1,536478,1
CP048239.1,539923,1
CP048239.1,541689,1
CP048239.1,547328,3
CP048239.1,560005,1
CP048239.1,579308,1
CP048239.1,593996,1
CP048239.1,597396,1
CP048239.1,602835,2
CP048239.1,602895,1
CP048239.1,606000,1
CP048239.1,613993,2
CP048239.1,613997,3
CP048239.1,614026,1
CP048239.1,628301,2
CP048239.1,643729,1
CP048239.1,644863,1
CP048239.1,645001,2
CP048239.1,647585,1
CP048239.1,649146,1
CP048239.1,650336,1
CP048239.1,651733,1
CP048239.1,652504,3
CP048239.1,652995,1
CP048239.1,653043,1
CP048239.1,654133,2
CP048239.1,657707,1
CP048239.1,658410,1
CP048239.1,661810,1
CP048239.1,663086,1
CP048239.1,677635,3
CP048239.1,683751,1
CP048239.1,685113,1
CP048239.1,700317,1
CP048239.1,705689,1
CP048239.1,714464,2
CP048239.1,716493,1
CP048239.1,717616,2
CP048239.1,717741,1
CP048239.1,723694,2
CP048239.1,723701,1
CP048239.1,723841,1
CP048239.1,727274,1
CP048239.1,727299,2
CP048239.1,727411,1
CP048239.1,733563,1
CP048239.1,733722,1
CP048239.1,735264,1
CP048239.1,738474,1
CP048239.1,738519,1
CP048239.1,739991,1
CP048239.1,740085,1
CP048239.1,742870,1
CP048239.1,742990,1
CP048239.1,743722,2
CP048239.1,767093,1
CP048239.1,767185,1
CP048239.1,769246,1
CP048239.1,773689,2
CP048239.1,774202,1
CP048239.1,780685,1
CP048239.1,794200,2
CP048239.1,794400,1
CP048239.1,819300,1
CP048239.1,825195,1
CP048239.1,844324,1
CP048239.1,845015,1
CP048239.1,866318,2
CP048239.1,866939,1
CP048239.1,868792,1
CP048239.1,869882,1
CP048239.1,879795,1
CP048239.1,879801,1
CP048239.1,881883,1
CP048239.1,886468,1
CP048239.1,890080,1
CP048239.1,894218,1
CP048239.1,894238,3
CP048239.1,900324,1
CP048239.1,900653,1
CP048239.1,901006,1
CP048239.1,902722,1
CP048239.1,911151,1
CP048239.1,922637,1
CP048239.1,924669,1
CP048239.1,929174,2
CP048239.1,936365,1
CP048239.1,942211,1
CP048239.1,942307,1
CP048239.1,947274,2
CP048239.1,953264,3
CP048239.1,953268,1
CP048239.1,953269,1
CP048239.1,953321,1
CP048239.1,953600,1
CP048239.1,953874,1
CP048239.1,954028,2
CP048239.1,955639,1
CP048239.1,957076,1
CP048239.1,959315,1
CP048239.1,959434,1
CP048239.1,959441,1
CP048239.1,966021,2
CP048239.1,966028,1
CP048239.1,970047,1
CP048239.1,994083,2
CP048239.1,994142,1
CP048239.1,997091,2
CP048239.1,999753,1
CP048239.1,1003854,2
CP048239.1,1009098,1
CP048239.1,1011551,1
CP048239.1,1011790,1
CP048239.1,1015462,1
CP048239.1,1016165,1
CP048239.1,1020535,1
CP048239.1,1021085,3
CP048239.1,1029800,1
CP048239.1,1029837,1
CP048239.1,1029842,1
CP048239.1,1037208,1
CP048239.1,1044309,1
CP048239.1,1060863,1
CP048239.1,1063536,1
CP048239.1,1067880,1
CP048239.1,1067923,1
CP048239.1,1068137,2
CP048239.1,1068169,1
CP048239.1,1111072,1
CP048239.1,1111686,1
CP048239.1,1119078,1
CP048239.1,1124091,4
CP048239.1,1124098,2
CP048239.1,1125875,2
CP048239.1,1127760,1
CP048239.1,1128024,1
CP048239.1,1128068,1
CP048239.1,1128826,1
CP048239.1,1133846,1
CP048239.1,1134272,1
CP048239.1,1134877,1
CP048239.1,1134908,1
CP048239.1,1147113,2
CP048239.1,1148256,2
CP048239.1,1155752,2
CP048239.1,1160304,1
CP048239.1,1162196,1
CP048239.1,1175133,1
CP048239.1,1178791,1
CP048239.1,1178951,1
CP048239.1,1186666,1
CP048239.1,1190179,1
CP048239.1,1190186,4
CP048239.1,1198199,1
CP048239.1,1198319,1
CP048239.1,1198488,1
CP048239.1,1201582,1
CP048239.1,1204111,1
CP048239.1,1207374,1
CP048239.1,1211471,1
CP048239.1,1212587,1
CP048239.1,1218050,1
CP048239.1,1219476,1
CP048240.1,32457,2
CP048240.1,33212,1
CP048240.1,33288,1
CP048240.1,33574,1
CP048240.1,33639,1
CP048240.1,37664,2
CP048240.1,43609,1
CP048240.1,48353,1
CP048240.1,63480,1
CP048240.1,66227,1
CP048240.1,67267,1
CP048240.1,67856,1
CP048240.1,68079,1
CP048240.1,68338,1
CP048240.1,73801,1
CP048240.1,74422,2
CP048240.1,74691,3
CP048240.1,74814,1
CP048240.1,75488,2
CP048240.1,76475,1
CP048240.1,79004,1
CP048240.1,84805,1
CP048240.1,86393,1
CP048240.1,86461,1
CP048240.1,94645,1
CP048240.1,99021,1
CP048240.1,100510,1
CP048240.1,107295,1
CP048240.1,110734,1
CP048240.1,111331,3
CP048240.1,111792,1
CP048240.1,114350,2
CP048240.1,114715,1
CP048240.1,115548,1
CP048240.1,117336,1
CP048240.1,118571,1
CP048240.1,141340,1
CP048240.1,145976,1
CP048240.1,146014,1
CP048240.1,149346,2
CP048240.1,149376,1
CP048240.1,149391,1
CP048240.1,149462,1
CP048240.1,149496,1
CP048240.1,149526,1
CP048240.1,149531,1
CP048240.1,149538,1
CP048240.1,149566,1
CP048240.1,149575,2
CP048240.1,149719,1
CP048240.1,149728,2
CP048240.1,149873,2
CP048240.1,149879,1
CP048240.1,149920,2
CP048240.1,150048,1
CP048240.1,151716,1
CP048240.1,153463,1
CP048240.1,159249,1
CP048240.1,167693,1
CP048240.1,169999,1
CP048240.1,170066,1
CP048240.1,170243,1
CP048240.1,173687,2
CP048240.1,173689,1
CP048240.1,177403,1
CP048240.1,178319,2
CP048240.1,181046,1
CP048240.1,181189,1
CP048240.1,181291,1
CP048240.1,181728,1
CP048240.1,183116,1
CP048240.1,187514,1
CP048240.1,189556,1
CP048240.1,189938,1
CP048240.1,189956,1
CP048240.1,190016,1
CP048240.1,190096,1
CP048240.1,190133,3
CP048240.1,190135,1
CP048240.1,190140,1
CP048240.1,190156,1
CP048240.1,190188,2
CP048240.1,190303,2
CP048240.1,190310,1
CP048240.1,190330,1
CP048240.1,190337,1
CP048240.1,190517,1
CP048240.1,196505,1
CP048240.1,197567,1
CP048240.1,197574,1
CP048240.1,207745,1
CP048240.1,216535,1
CP048240.1,219758,1
CP048240.1,219764,1
CP048240.1,225333,1
CP048240.1,225683,1
CP048240.1,226937,1
CP048240.1,227739,2
CP048240.1,229056,1
CP048240.1,229183,1
CP048240.1,230019,1
CP048240.1,235291,1
CP048240.1,235593,1
CP048240.1,235939,1
CP048240.1,238131,1
CP048240.1,241085,1
CP048240.1,241187,2
CP048240.1,241222,2
CP048240.1,241852,1
CP048240.1,241934,1
CP048240.1,241941,1
CP048240.1,244523,1
CP048240.1,245906,3
CP048240.1,245913,2
CP048240.1,246394,1
CP048240.1,246403,2
CP048240.1,246408,2
CP048240.1,246409,1
CP048240.1,246455,1
CP048240.1,247881,1
CP048240.1,250108,2
CP048240.1,250257,1
CP048240.1,250264,1
CP048240.1,250272,1
CP048240.1,250347,1
CP048240.1,250354,2
CP048240.1,250456,2
CP048240.1,254709,2
CP048240.1,254789,2
CP048240.1,254827,1
CP048240.1,254947,1
CP048240.1,254999,1
CP048240.1,255048,1
CP048240.1,255049,1
CP048240.1,255222,1
CP048240.1,255332,1
CP048240.1,256915,1
CP048240.1,257194,1
CP048240.1,257236,1
CP048240.1,258331,1
CP048240.1,258429,1
CP048240.1,259719,1
CP048240.1,260060,1
CP048240.1,260230,1
CP048240.1,260289,1
CP048240.1,262105,1
CP048240.1,263141,2
CP048240.1,263237,1
CP048240.1,263317,1
CP048240.1,264249,1
CP048240.1,264904,1
CP048240.1,264912,1
CP048240.1,265385,2
CP048240.1,265425,1
CP048240.1,267746,1
CP048240.1,268188,1
CP048240.1,268222,1
CP048240.1,268253,1
CP048240.1,268299,1
CP048240.1,268309,1
CP048240.1,268367,1
CP048240.1,270366,1
CP048240.1,270633,1
CP048240.1,270815,1
CP048240.1,270826,1
CP048240.1,273143,1
CP048240.1,274782,3
CP048240.1,274789,1
CP048240.1,274986,1
CP048240.1,275680,1
CP048240.1,275947,1
CP048240.1,276399,1
CP048240.1,276405,1
CP048240.1,276437,2
CP048240.1,276465,2
CP048240.1,276547,1
CP048240.1,276554,1
CP048240.1,276912,1
CP048240.1,276973,1
CP048240.1,277353,1
CP048240.1,277902,3
CP048240.1,279091,2
CP048240.1,279205,1
CP048240.1,279356,1
CP048240.1,279487,1
CP048240.1,279494,1
CP048240.1,279825,1
CP048240.1,280166,1
CP048240.1,282947,1
CP048240.1,283004,1
CP048240.1,283123,3
CP048240.1,283130,2
CP048240.1,283934,1
CP048240.1,287178,1
CP048240.1,288193,3
CP048240.1,289419,1
CP048240.1,291420,1
CP048240.1,291672,1
CP048240.1,291902,1
CP048240.1,291934,3
CP048240.1,291941,1
CP048240.1,292014,1
CP048240.1,292062,3
CP048240.1,292069,2
CP048240.1,292106,1
CP048240.1,292125,1
CP048240.1,292132,2
CP048240.1,292144,1
CP048240.1,292146,1
CP048240.1,292422,1
CP048240.1,292448,1
CP048240.1,293138,1
CP048240.1,293669,1
CP048240.1,294107,1
CP048240.1,294805,1
CP048240.1,296273,1
CP048240.1,296284,1
CP048240.1,296905,1
CP048240.1,301966,1
CP048240.1,307262,1
CP048240.1,307286,1
CP048240.1,307344,2
CP048240.1,314125,1
CP048240.1,316098,1
CP048240.1,316120,2
CP048240.1,316237,1
CP048240.1,316378,1
CP048240.1,316549,1
CP048240.1,319658,1
CP048240.1,319679,1
CP048240.1,319807,1
CP048240.1,320194,1
CP048240.1,323056,1
CP048240.1,324694,1
CP048240.1,324723,1
CP048240.1,324734,1
CP048240.1,324737,3
CP048240.1,324739,2
CP048240.1,324767,1
CP048240.1,324810,3
CP048240.1,324827,1
CP048240.1,325535,1
CP048240.1,332538,1
CP048240.1,334371,1
CP048240.1,335379,3
CP048240.1,335975,1
CP048240.1,336113,1
CP048240.1,343359,2
CP048240.1,343578,1
CP048240.1,343606,2
CP048240.1,344527,2
CP048240.1,345312,1
CP048240.1,346090,1
CP048240.1,346445,1
CP048240.1,346447,3
CP048240.1,354361,1
CP048240.1,355775,1
CP048240.1,363900,1
CP048240.1,374641,1
CP048240.1,376561,4
CP048240.1,376979,1
CP048240.1,377072,1
CP048240.1,377197,1
CP048240.1,377233,2
CP048240.1,378282,1
CP048240.1,378474,1
CP048240.1,386044,2
CP048240.1,386108,3
CP048240.1,388666,1
CP048240.1,390228,1
CP048240.1,396640,1
CP048240.1,396947,1
CP048240.1,400224,1
CP048240.1,400381,1
CP048240.1,401110,1
CP048240.1,401136,1
CP048240.1,408742,1
CP048240.1,409012,1
CP048240.1,409408,2
CP048240.1,409490,1
CP048240.1,409616,1
CP048240.1,409918,1
CP048240.1,414151,1
CP048240.1,414158,1
CP048240.1,414485,1
CP048240.1,417628,2
CP048240.1,417652,2
CP048240.1,417682,1
CP048240.1,420289,2
CP048240.1,425586,1
CP048240.1,429459,1
CP048240.1,429533,1
CP048240.1,429557,1
CP048240.1,429603,1
CP048240.1,429733,1
CP048240.1,429821,2
CP048240.1,436000,1
CP048240.1,437924,1
CP048240.1,438115,1
CP048240.1,441387,1
CP048240.1,447544,2
CP048240.1,447551,1
CP048240.1,447709,2
CP048240.1,450168,2
CP048240.1,451356,2
CP048240.1,451676,1
CP048240.1,452445,1
CP048240.1,459091,2
CP048240.1,463637,1
CP048240.1,467971,1
CP048240.1,470613,1
CP048240.1,470673,2
CP048240.1,471560,1
CP048240.1,472164,3
CP048240.1,477191,1
CP048240.1,479021,2
CP048240.1,479425,1
CP048240.1,481259,1
CP048240.1,486699,2
CP048240.1,490664,2
CP048240.1,529185,1
CP048240.1,530385,2
CP048240.1,535122,1
CP048240.1,537361,1
CP048240.1,539633,1
CP048240.1,543491,1
CP048240.1,543525,4
CP048240.1,554645,1
CP048240.1,556425,1
CP048240.1,560151,1
CP048240.1,563128,1
CP048240.1,567654,1
CP048240.1,567762,2
CP048240.1,567844,1
CP048240.1,568169,3
CP048240.1,568956,1
CP048240.1,568961,2
CP048240.1,569001,2
CP048240.1,571161,1
CP048240.1,575399,1
CP048240.1,575474,1
CP048240.1,577910,1
CP048240.1,578206,1
CP048240.1,578298,1
CP048240.1,578349,1
CP048240.1,585373,1
CP048240.1,588352,1
CP048240.1,589001,1
CP048240.1,589026,1
CP048240.1,589236,1
CP048240.1,589533,1
CP048240.1,602292,1
CP048240.1,602599,1
CP048240.1,606521,1
CP048240.1,615048,1
CP048240.1,616342,1
CP048240.1,616442,1
CP048240.1,626898,2
CP048240.1,630832,1
CP048240.1,633951,1
CP048240.1,649518,1
CP048240.1,653866,1
CP048240.1,656313,1
CP048240.1,658641,1
CP048240.1,664493,1
CP048240.1,665122,1
CP048240.1,669913,1
CP048240.1,675363,1
CP048240.1,675653,2
CP048240.1,682740,1
CP048240.1,683809,1
CP048240.1,686867,1
CP048240.1,689916,1
CP048240.1,689921,1
CP048240.1,691599,1
CP048240.1,712897,1
CP048240.1,714090,1
CP048240.1,714720,2
CP048240.1,717418,1
CP048240.1,717556,1
CP048240.1,721334,1
CP048240.1,721921,1
CP048240.1,726653,1
CP048240.1,726670,1
CP048240.1,728737,2
CP048240.1,728877,1
CP048240.1,729250,1
CP048240.1,729408,2
CP048240.1,734308,1
CP048240.1,734365,1
CP048240.1,734690,1
CP048240.1,734693,1
CP048240.1,738358,1
CP048240.1,743100,1
CP048240.1,745435,2
CP048240.1,748393,1
CP048240.1,748426,1
CP048240.1,751971,1
CP048240.1,752582,1
CP048240.1,763926,1
CP048240.1,764601,1
CP048240.1,770717,2
CP048240.1,770819,2
CP048240.1,774721,1
CP048240.1,776185,1
CP048240.1,788624,1
CP048240.1,793808,2
CP048240.1,795502,2
CP048240.1,795576,2
CP048240.1,811901,1
CP048240.1,819022,1
CP048240.1,820600,2
CP048240.1,824073,1
CP048240.1,830166,1
CP048240.1,830195,2
CP048240.1,843509,1
CP048240.1,844641,2
CP048240.1,849888,1
CP048240.1,852149,1
CP048240.1,865149,2
CP048240.1,865167,1
CP048240.1,865319,2
CP048240.1,873849,1
CP048240.1,876812,1
CP048240.1,877241,1
CP048240.1,879455,1
CP048240.1,879977,1
CP048240.1,882241,1
CP048240.1,882317,1
CP048240.1,884737,1
CP048240.1,884894,1
CP048240.1,884969,1
CP048240.1,887149,1
CP048240.1,887351,1
CP048240.1,889024,1
CP048240.1,889031,1
CP048240.1,889145,1
CP048240.1,892028,1
CP048240.1,892368,1
CP048240.1,906393,1
CP048240.1,914570,1
CP048240.1,914772,1
CP048240.1,915995,1
CP048240.1,919233,1
CP048240.1,932894,1
CP048240.1,932935,1
CP048240.1,933109,1
CP048240.1,933630,1
CP048240.1,933731,1
CP048240.1,933975,1
CP048240.1,954689,1
CP048240.1,971904,1
CP048240.1,975094,2
CP048240.1,975178,2
CP048240.1,975199,1
CP048240.1,980046,1
CP048240.1,980051,3
CP048240.1,980058,1
CP048240.1,980181,3
CP048240.1,994360,1
CP048240.1,996981,2
CP048240.1,997159,2
CP048240.1,997783,1
CP048240.1,997832,1
CP048240.1,997964,1
CP048240.1,1003769,2
CP048240.1,1008777,2
CP048240.1,1013281,1
CP048240.1,1026970,1
CP048240.1,1030412,2
CP048240.1,1031628,1
CP048240.1,1032249,2
CP048240.1,1032358,1
CP048240.1,1038409,1
CP048240.1,1040868,1
CP048240.1,1041331,1
CP048240.1,1045037,1
CP048240.1,1045191,1
CP048240.1,1050925,1
CP048240.1,1054384,1
CP048240.1,1060728,1
CP048240.1,1060958,1
CP048240.1,1060969,1
CP048240.1,1064631,1
CP048240.1,1065043,3
CP048240.1,1065282,1
CP048240.1,1065591,2
CP048240.1,1065712,2
CP048240.1,1065957,1
CP048240.1,1076728,1
CP048240.1,1076730,1
CP048240.1,1076810,2
CP048240.1,1099724,1
CP048240.1,1103099,1
CP048240.1,1103133,1
CP048240.1,1114333,1
CP048240.1,1114667,1
CP048240.1,1117104,3
CP048240.1,1119056,1
CP048240.1,1119177,1
CP048240.1,1127178,1
CP048240.1,1129936,2
CP048240.1,1133378,2
CP048240.1,1133432,1
CP048240.1,1151274,1
CP048240.1,1151281,3
CP048240.1,1151438,2
CP048240.1,1151627,1
CP048240.1,1152933,1
CP048240.1,1154672,1
CP048240.1,1157866,1
CP048240.1,1161671,1
CP048240.1,1172012,1
CP048240.1,1172446,3
CP048240.1,1172600,1
CP048240.1,1178092,1
CP048240.1,1183703,1
CP048240.1,1187716,1
CP048240.1,1188495,1
CP048240.1,1198853,1
CP048240.1,1199585,1
CP048240.1,1204111,1
CP048240.1,1204429,1
CP048240.1,1204848,1
CP048240.1,1206495,1
CP048240.1,1212056,1
CP048240.1,1212110,1
CP048240.1,1226707,1
CP048240.1,1228072,1
CP048240.1,1228147,1
CP048240.1,1237710,1
CP048240.1,1240384,1
CP048240.1,1250879,1
CP048240.1,1260270,1
CP048240.1,1260749,1
CP048240.1,1261580,1
CP048240.1,1263258,1
CP048240.1,1263446,1
CP048240.1,1270466,1
CP048240.1,1270478,2
CP048240.1,1272613,1
CP048240.1,1276154,2
CP048240.1,1276156,2
CP048240.1,1276161,1
CP048240.1,1276163,1
CP048240.1,1277381,1
CP048240.1,1283056,1
CP048240.1,1289521,1
CP048240.1,1293690,1
CP048240.1,1294010,2
CP048240.1,1295644,1
CP048240.1,1299969,1
CP048241.1,20427,1
CP048241.1,24519,1
CP048241.1,24616,1
CP048241.1,24637,1
CP048241.1,27289,1
CP048241.1,29322,1
CP048241.1,39251,1
CP048241.1,39297,2
CP048241.1,43105,1
CP048241.1,44112,2
CP048241.1,44119,2
CP048241.1,47163,1
CP048241.1,53888,1
CP048241.1,58180,1
CP048241.1,58285,1
CP048241.1,58292,1
CP048241.1,58338,2
CP048241.1,71766,1
CP048241.1,73033,1
CP048241.1,74211,1
CP048241.1,74218,1
CP048241.1,76318,2
CP048241.1,93083,1
CP048241.1,93152,1
CP048241.1,106586,1
CP048241.1,106630,1
CP048241.1,110247,1
CP048241.1,110350,1
CP048241.1,110466,1
CP048241.1,112493,1
CP048241.1,112695,2
CP048241.1,112723,1
CP048241.1,112730,1
CP048241.1,112860,1
CP048241.1,113520,1
CP048241.1,113604,1
CP048241.1,113967,2
CP048241.1,116171,4
CP048241.1,116430,1
CP048241.1,116575,1
CP048241.1,116700,2
CP048241.1,116724,1
CP048241.1,118762,1
CP048241.1,120542,1
CP048241.1,123642,1
CP048241.1,123649,1
CP048241.1,141975,1
CP048241.1,146670,2
CP048241.1,154771,2
CP048241.1,162773,2
CP048241.1,166768,1
CP048241.1,167002,2
CP048241.1,172814,1
CP048241.1,182032,1
CP048241.1,184979,1
CP048241.1,188021,3
CP048241.1,188024,1
CP048241.1,188074,2
CP048241.1,188081,1
CP048241.1,223322,1
CP048241.1,223323,1
CP048241.1,223628,2
CP048241.1,223992,2
CP048241.1,224068,2
CP048241.1,224093,2
CP048241.1,232782,1
CP048241.1,241685,1
CP048241.1,241688,1
CP048241.1,242117,1
CP048241.1,251658,2
CP048241.1,257202,1
CP048241.1,271643,2
CP048241.1,271659,1
CP048241.1,273755,1
CP048241.1,276128,1
CP048241.1,282265,1
CP048241.1,282347,2
CP048241.1,282389,2
CP048241.1,297634,1
CP048241.1,302300,2
CP048241.1,314392,1
CP048241.1,323793,1
CP048241.1,337376,1
CP048241.1,337383,1
CP048241.1,337814,1
CP048241.1,351076,1
CP048241.1,352121,1
CP048241.1,354904,1
CP048241.1,355309,1
CP048241.1,364242,1
CP048241.1,366613,2
CP048241.1,370436,2
CP048241.1,374238,1
CP048241.1,375734,1
CP048241.1,375933,1
CP048241.1,376155,1
CP048241.1,381066,1
CP048241.1,381166,1
CP048241.1,383488,1
CP048241.1,386382,1
CP048241.1,386728,1
CP048241.1,387059,1
CP048241.1,389379,1
CP048241.1,391714,1
CP048241.1,392768,1
CP048241.1,404791,2
CP048241.1,407710,1
CP048241.1,407820,1
CP048241.1,408273,1
CP048241.1,408304,1
CP048241.1,420135,1
CP048241.1,424130,1
CP048241.1,431689,1
CP048241.1,431795,1
CP048241.1,431846,1
CP048241.1,445056,1
CP048241.1,445566,1
CP048241.1,456621,1
CP048241.1,457355,3
CP048241.1,457416,1
CP048241.1,457467,1
CP048241.1,457497,2
CP048241.1,457604,1
CP048241.1,460118,1
CP048241.1,461044,2
CP048241.1,461101,1
CP048241.1,461234,1
CP048241.1,461798,1
CP048241.1,463171,1
CP048241.1,467419,1
CP048241.1,468360,1
CP048241.1,469601,2
CP048241.1,470350,1
CP048241.1,476839,1
CP048241.1,477093,1
CP048241.1,477318,2
CP048241.1,477821,1
CP048241.1,483951,1
CP048241.1,486754,3
CP048241.1,489745,1
CP048241.1,489870,1
CP048241.1,490412,1
CP048241.1,490416,2
CP048241.1,490692,2
CP048241.1,494498,1
CP048241.1,495371,1
CP048241.1,500808,1
CP048241.1,501287,1
CP048241.1,513367,1
CP048241.1,515004,1
CP048241.1,518906,1
CP048241.1,521191,1
CP048241.1,522507,1
CP048241.1,542358,1
CP048241.1,544135,2
CP048241.1,547292,1
CP048241.1,557248,1
CP048241.1,557955,2
CP048241.1,566368,1
CP048241.1,570259,1
CP048241.1,570266,1
CP048241.1,571246,2
CP048241.1,571688,1
CP048241.1,571757,1
CP048241.1,574001,4
CP048241.1,589166,1
CP048241.1,589656,1
CP048241.1,601095,2
CP048241.1,602283,1
CP048241.1,610040,1
CP048241.1,610380,2
CP048241.1,618784,1
CP048241.1,618817,2
CP048241.1,625387,2
CP048241.1,625456,4
CP048241.1,628300,1
CP048241.1,636421,1
CP048241.1,639095,1
CP048241.1,639207,2
CP048241.1,640342,1
CP048241.1,641313,1
CP048241.1,644296,1
CP048241.1,644304,1
CP048241.1,647883,2
CP048241.1,648166,1
CP048241.1,648265,1
CP048241.1,649462,1
CP048241.1,656518,1
CP048241.1,656690,1
CP048241.1,659443,1
CP048241.1,661060,1
CP048241.1,661105,1
CP048241.1,664376,1
CP048241.1,664965,1
CP048241.1,666187,1
CP048241.1,667944,1
CP048241.1,670129,2
CP048241.1,670349,2
CP048241.1,671942,1
CP048241.1,672104,1
CP048241.1,682596,1
CP048241.1,689380,3
CP048241.1,689550,3
CP048241.1,691003,1
CP048241.1,691112,1
CP048241.1,693712,2
CP048241.1,693765,2
CP048241.1,693772,1
CP048241.1,693902,2
CP048241.1,693909,1
CP048241.1,693952,2
CP048241.1,704685,1
CP048241.1,715145,1
CP048241.1,715261,1
CP048241.1,720083,1
CP048241.1,726672,1
CP048241.1,726676,1
CP048241.1,726936,1
CP048241.1,727255,1
CP048241.1,732705,1
CP048241.1,752702,1
CP048241.1,755303,1
CP048241.1,756843,2
CP048241.1,758263,2
CP048241.1,758362,1
CP048241.1,758566,1
CP048241.1,768186,1
CP048241.1,775445,1
CP048241.1,778794,1
CP048241.1,780503,1
CP048241.1,783143,1
CP048241.1,783219,1
CP048241.1,783340,1
CP048241.1,783610,1
CP048241.1,789827,1
CP048241.1,789959,1
CP048241.1,793109,1
CP048241.1,794635,1
CP048241.1,794642,1
CP048241.1,799818,1
CP048241.1,799819,2
CP048241.1,815579,1
CP048241.1,815712,1
CP048241.1,819185,2
CP048241.1,834712,2
CP048241.1,838142,2
CP048241.1,841291,1
CP048241.1,841297,2
CP048241.1,841298,3
CP048241.1,841304,1
CP048241.1,845220,1
CP048241.1,846055,1
CP048241.1,852531,1
CP048241.1,854031,6
CP048241.1,854038,2
CP048241.1,854756,1
CP048241.1,864723,1
CP048241.1,864731,1
CP048241.1,865457,2
CP048241.1,866454,1
CP048241.1,875643,2
CP048241.1,882711,1
CP048241.1,887293,3
CP048241.1,893984,1
CP048241.1,894357,1
CP048241.1,900189,1
CP048241.1,900302,1
CP048241.1,900309,1
CP048241.1,900555,1
CP048241.1,908505,1
CP048241.1,910411,1
CP048241.1,910413,3
CP048241.1,910420,1
CP048241.1,910422,1
CP048241.1,911547,1
CP048241.1,913178,1
CP048241.1,914892,2
CP048241.1,917974,1
CP048241.1,923160,1
CP048241.1,923201,1
CP048241.1,923205,3
CP048241.1,923207,1
CP048241.1,923236,1
CP048241.1,923435,1
CP048241.1,923479,1
CP048241.1,924755,1
CP048241.1,927256,1
CP048241.1,927261,1
CP048241.1,927441,2
CP048241.1,927448,1
CP048241.1,927470,1
CP048241.1,927579,3
CP048241.1,927638,2
CP048241.1,927647,3
CP048241.1,928544,1
CP048241.1,930065,1
CP048241.1,931268,1
CP048241.1,932517,1
CP048241.1,933867,1
CP048241.1,940432,1
CP048241.1,941794,1
CP048241.1,943003,1
CP048241.1,943075,1
CP048241.1,943692,1
CP048241.1,949474,1
CP048241.1,949741,1
CP048241.1,951247,1
CP048241.1,951427,1
CP048241.1,979631,1
CP048241.1,982297,1
CP048241.1,983624,1
CP048241.1,983632,1
CP048241.1,983982,1
CP048241.1,984189,1
CP048241.1,984795,1
CP048241.1,984799,1
CP048241.1,984916,1
CP048241.1,985813,2
CP048241.1,991902,1
CP048241.1,1005065,1
CP048241.1,1005145,1
CP048241.1,1005213,1
CP048241.1,1005521,1
CP048241.1,1008339,1
CP048241.1,1009150,1
CP048241.1,1015885,1
CP048241.1,1021886,1
CP048241.1,1022188,1
CP048241.1,1022249,1
CP048241.1,1022300,1
CP048241.1,1023238,1
CP048241.1,1023698,1
CP048241.1,1031686,2
CP048241.1,1031982,2
CP048241.1,1032537,1
CP048241.1,1032662,1
CP048241.1,1037345,1
CP048241.1,1039188,2
CP048241.1,1041870,1
CP048241.1,1053010,1
CP048241.1,1055826,1
CP048241.1,1055833,1
CP048241.1,1060898,2
CP048241.1,1061049,1
CP048241.1,1063640,1
CP048241.1,1065981,1
CP048241.1,1066252,1
CP048241.1,1067739,1
CP048241.1,1068333,1
CP048241.1,1076005,2
CP048241.1,1078072,1
CP048241.1,1078890,1
CP048241.1,1087545,1
CP048241.1,1087565,1
CP048241.1,1087578,2
CP048241.1,1087839,2
CP048241.1,1088359,1
CP048241.1,1088580,1
CP048241.1,1088658,1
CP048241.1,1096940,1
CP048241.1,1100451,1
CP048241.1,1101063,2
CP048241.1,1106443,3
CP048241.1,1106687,1
CP048241.1,1106743,1
CP048241.1,1106788,1
CP048241.1,1107410,1
CP048241.1,1114715,1
CP048241.1,1128638,2
CP048241.1,1135490,1
CP048241.1,1137695,3
CP048241.1,1150252,1
CP048241.1,1150326,1
CP048241.1,1151266,1
CP048241.1,1157079,1
CP048241.1,1159038,1
CP048241.1,1159771,1
CP048241.1,1161781,2
CP048241.1,1162172,2
CP048241.1,1171714,1
CP048241.1,1171721,2
CP048241.1,1171775,2
CP048241.1,1171822,1
CP048241.1,1172186,1
CP048241.1,1173521,1
CP048241.1,1177851,1
CP048241.1,1177859,1
CP048241.1,1178150,1
CP048241.1,1178652,1
CP048241.1,1180104,1
CP048241.1,1183021,2
CP048241.1,1183873,1
CP048241.1,1193965,1
CP048241.1,1194594,1
CP048241.1,1202797,2
CP048241.1,1205903,3
CP048241.1,1230883,1
CP048241.1,1230920,1
CP048241.1,1230989,2
CP048241.1,1231126,1
CP048241.1,1231152,1
CP048241.1,1231291,2
CP048241.1,1232650,1
CP048241.1,1233152,1
CP048241.1,1234886,1
CP048241.1,1236368,1
CP048241.1,1238092,1
CP048241.1,1238350,1
CP048241.1,1241620,1
CP048241.1,1242598,1
CP048241.1,1243230,1
CP048241.1,1243588,2
CP048241.1,1243664,1
CP048241.1,1243684,2
CP048241.1,1244559,1
CP048241.1,1244810,2
CP048241.1,1246401,1
CP048241.1,1246435,1
CP048241.1,1253523,1
CP048241.1,1253544,1
CP048241.1,1253806,1
CP048241.1,1254030,3
CP048241.1,1254150,1
CP048241.1,1254311,1
CP048241.1,1260617,1
CP048241.1,1260707,1
CP048241.1,1260840,1
CP048241.1,1260916,2
CP048241.1,1260918,2
CP048241.1,1260923,1
CP048241.1,1261122,3
CP048241.1,1261129,2
CP048241.1,1261183,2
CP048241.1,1261279,1
CP048241.1,1261288,1
CP048241.1,1273726,2
CP048241.1,1273733,2
CP048241.1,1273871,1
CP048241.1,1273951,2
CP048241.1,1274092,1
CP048241.1,1274253,1
CP048241.1,1275196,1
CP048241.1,1286289,1
CP048241.1,1286597,2
CP048241.1,1286712,1
CP048241.1,1287022,1
CP048241.1,1291479,1
CP048241.1,1308070,1
CP048241.1,1311365,1
CP048241.1,1312260,1
CP048241.1,1316353,1
CP048241.1,1316761,1
CP048241.1,1318079,1
CP048241.1,1321574,1
CP048241.1,1321602,1
CP048241.1,1321727,1
CP048241.1,1323054,1
CP048241.1,1323165,1
CP048241.1,1323488,1
CP048241.1,1323788,1
CP048241.1,1325549,1
CP048241.1,1332762,1
CP048241.1,1333964,2
CP048241.1,1336520,3
CP048241.1,1345192,2
CP048241.1,1346212,1
CP048241.1,1349154,1
CP048241.1,1349225,1
CP048241.1,1349318,1
CP048241.1,1349355,1
CP048241.1,1349726,2
CP048241.1,1349792,1
CP048241.1,1349799,2
CP048241.1,1349835,2
CP048241.1,1350007,1
CP048241.1,1350014,3
CP048241.1,1350090,2
CP048241.1,1350184,1
CP048241.1,1350193,2
CP048241.1,1351087,1
CP048241.1,1351612,1
CP048241.1,1351916,2
CP048241.1,1357599,1
CP048241.1,1358054,1
CP048241.1,1358152,1
CP048241.1,1358202,1
CP048241.1,1358209,2
CP048241.1,1358214,3
CP048241.1,1358975,3
CP048241.1,1358991,1
CP048241.1,1358998,3
CP048241.1,1359005,1
CP048241.1,1359482,1
CP048241.1,1359511,1
CP048241.1,1359618,1
CP048241.1,1359931,1
CP048241.1,1360650,1
CP048241.1,1360700,1
CP048241.1,1360723,1
CP048241.1,1361093,1
CP048241.1,1361592,1
CP048241.1,1361942,1
CP048241.1,1362370,5
CP048241.1,1363365,1
CP048241.1,1363740,2
CP048241.1,1369055,1
CP048241.1,1369640,1
CP048241.1,1373107,2
CP048241.1,1375043,1
CP048241.1,1375050,1
CP048241.1,1375091,1
CP048241.1,1376833,1
CP048241.1,1376840,2
CP048241.1,1376855,1
CP048241.1,1377031,1
CP048241.1,1377437,1
CP048241.1,1377450,2
CP048241.1,1378856,1
CP048241.1,1380113,3
CP048241.1,1380163,1
CP048241.1,1380345,1
CP048241.1,1383515,1
CP048241.1,1383525,1
CP048241.1,1383599,1
CP048241.1,1383728,1
CP048241.1,1383755,3
CP048241.1,1383777,1
CP048241.1,1383896,1
CP048241.1,1384179,1
CP048241.1,1384395,1
CP048241.1,1384485,1
CP048241.1,1384538,1
CP048241.1,1384545,1
CP048241.1,1384872,3
CP048241.1,1389251,2
CP048241.1,1389468,1
CP048241.1,1389475,2
CP048241.1,1389477,1
CP048241.1,1389704,1
CP048241.1,1389962,1
CP048241.1,1390021,1
CP048241.1,1390094,1
CP048241.1,1390492,1
CP048241.1,1391972,1
CP048241.1,1393812,1
CP048241.1,1394164,1
CP048241.1,1394502,1
CP048241.1,1394803,1
CP048241.1,1399169,1
CP048241.1,1399180,1
CP048241.1,1399497,2
CP048241.1,1399537,1
CP048241.1,1413556,1
CP048241.1,1416586,1
CP048241.1,1416902,1
CP048241.1,1418029,1
CP048241.1,1419730,1
CP048241.1,1426460,1
CP048241.1,1432790,1
CP048241.1,1432855,2
CP048241.1,1433039,1
CP048241.1,1433499,1
CP048241.1,1433866,2
CP048241.1,1433935,1
CP048241.1,1433939,2
CP048241.1,1434284,1
CP048241.1,1437378,1
CP048241.1,1452749,1
CP048241.1,1454419,1
CP048241.1,1456432,1
CP048241.1,1456476,1
CP048241.1,1456484,1
CP048241.1,1456733,1
CP048241.1,1456806,1
CP048241.1,1458302,1
CP048241.1,1466091,1
CP048241.1,1468023,1
CP048241.1,1468454,1
CP048241.1,1468494,1
CP048241.1,1471951,2
CP048241.1,1472150,1
CP048241.1,1472266,2
CP048241.1,1472287,1
CP048241.1,1472295,1
CP048241.1,1472409,1
CP048241.1,1472454,2
CP048241.1,1472593,3
CP048241.1,1472711,1
CP048241.1,1472870,2
CP048241.1,1472901,1
CP048241.1,1479012,1
CP048241.1,1479126,1
CP048241.1,1480274,1
CP048241.1,1482783,1
CP048241.1,1482808,2
CP048241.1,1482900,1
CP048241.1,1482921,1
CP048241.1,1483205,3
CP048241.1,1483206,1
CP048241.1,1483213,1
CP048241.1,1485463,1
CP048241.1,1490449,1
CP048241.1,1490457,1
CP048241.1,1490479,1
CP048241.1,1492305,1
CP048241.1,1495694,1
CP048241.1,1495891,1
CP048241.1,1495982,1
CP048241.1,1496280,1
CP048241.1,1497765,1
CP048241.1,1500364,2
CP048241.1,1504381,2
CP048241.1,1509260,2
CP048241.1,1509439,1
CP048241.1,1512550,1
CP048241.1,1515662,1
CP048241.1,1515665,1
CP048241.1,1515672,4
CP048241.1,1516478,2
CP048241.1,1522736,2
CP048241.1,1544091,1
CP048241.1,1544312,1
CP048241.1,1545020,2
CP048241.1,1545105,1
CP048241.1,1545112,1
CP048241.1,1545309,1
CP048241.1,1545378,1
CP048241.1,1545438,1
CP048241.1,1549460,1
CP048241.1,1553751,1
CP048241.1,1554517,1
CP048241.1,1554807,4
CP048241.1,1569306,1
CP048241.1,1570089,1
CP048241.1,1571065,1
CP048241.1,1572748,1
CP048241.1,1575814,1
CP048241.1,1578406,1
CP048241.1,1581673,1
CP048241.1,1584803,1
CP048241.1,1590252,1
CP048241.1,1595721,2
CP048241.1,1597704,1
CP048241.1,1598161,1
CP048241.1,1600048,1
CP048241.1,1605068,1
CP048241.1,1607446,6
CP048241.1,1610570,1
CP048241.1,1620438,1
CP048241.1,1620974,1
CP048241.1,1640618,1
CP048241.1,1648985,1
CP048241.1,1662894,2
CP048241.1,1677058,1
CP048241.1,1677694,1
CP048241.1,1681119,1
CP048241.1,1682727,1
CP048241.1,1682771,2
CP048241.1,1713821,2
CP048241.1,1718710,1
CP048241.1,1721517,1
CP048241.1,1721728,1
CP048241.1,1732056,1
CP048241.1,1756378,2
CP048241.1,1761260,1
CP048241.1,1762679,1
CP048241.1,1763513,1
CP048241.1,1765214,2
CP048241.1,1767281,1
CP048241.1,1767568,1
CP048241.1,1767669,1
CP048241.1,1780345,1
CP048241.1,1780800,1
CP048241.1,1795066,2
CP048241.1,1810519,1
CP048241.1,1830984,2
CP048241.1,1831079,1
CP048241.1,1831137,1
CP048241.1,1839844,3
CP048242.1,29728,1
CP048242.1,30507,1
CP048242.1,34230,1
CP048242.1,34980,1
CP048242.1,36553,1
CP048242.1,47460,1
CP048242.1,56608,1
CP048242.1,57130,1
CP048242.1,57375,3
CP048242.1,57390,2
CP048242.1,57728,1
CP048242.1,57735,1
CP048242.1,61912,1
CP048242.1,65748,2
CP048242.1,77004,1
CP048242.1,78422,1
CP048242.1,78653,1
CP048242.1,98518,2
CP048242.1,98665,2
CP048242.1,98672,1
CP048242.1,98748,1
CP048242.1,98755,1
CP048242.1,107009,1
CP048242.1,107260,1
CP048242.1,108096,1
CP048242.1,108354,1
CP048242.1,108393,1
CP048242.1,108429,1
CP048242.1,108501,1
CP048242.1,108562,1
CP048242.1,110159,2
CP048242.1,124876,1
CP048242.1,124973,1
CP048242.1,140107,1
CP048242.1,146087,1
CP048242.1,148515,1
CP048242.1,160805,2
CP048242.1,160812,1
CP048242.1,161174,1
CP048242.1,161577,1
CP048242.1,161742,2
CP048242.1,177688,1
CP048242.1,178456,1
CP048242.1,178764,1
CP048242.1,185812,1
CP048242.1,185850,1
CP048242.1,187436,1
CP048242.1,192536,1
CP048242.1,192587,1
CP048242.1,192669,2
CP048242.1,192671,2
CP048242.1,193201,1
CP048242.1,194643,1
CP048242.1,201885,1
CP048242.1,203589,1
CP048242.1,210713,1
CP048242.1,211089,1
CP048242.1,224941,1
CP048242.1,227436,1
CP048242.1,231157,2
CP048242.1,234813,1
CP048242.1,235048,1
CP048242.1,235983,1
CP048242.1,235990,1
CP048242.1,238574,1
CP048242.1,239220,1
CP048242.1,240627,1
CP048242.1,240978,1
CP048242.1,266370,1
CP048242.1,269260,1
CP048242.1,269612,1
CP048242.1,274557,1
CP048242.1,288536,1
CP048242.1,294817,1
CP048242.1,295611,1
CP048242.1,295648,1
CP048242.1,295762,1
CP048242.1,311189,5
CP048242.1,311196,4
CP048242.1,311197,1
CP048242.1,311352,3
CP048242.1,311359,1
CP048242.1,313385,1
CP048242.1,313733,1
CP048242.1,319195,1
CP048242.1,322738,1
CP048242.1,332015,1
CP048242.1,332580,1
CP048242.1,339106,1
CP048242.1,354529,1
CP048242.1,358064,1
CP048242.1,358148,1
CP048242.1,363138,1
CP048242.1,366765,1
CP048242.1,379745,1
CP048242.1,379966,1
CP048242.1,380158,1
CP048242.1,380168,1
CP048242.1,381301,1
CP048242.1,382736,1
CP048242.1,382925,1
CP048242.1,384786,1
CP048242.1,385471,2
CP048242.1,386288,1
CP048242.1,396172,1
CP048242.1,399359,1
CP048242.1,406649,1
CP048242.1,431997,1
CP048242.1,432750,1
CP048242.1,441493,3
CP048242.1,445364,3
CP048242.1,445375,1
CP048242.1,445395,1
CP048242.1,461504,1
CP048242.1,464303,1
CP048242.1,464373,2
CP048242.1,464587,2
CP048242.1,472398,1
CP048242.1,472710,5
CP048242.1,473486,1
CP048242.1,473493,2
CP048242.1,473557,1
CP048242.1,502147,1
CP048242.1,531007,1
CP048242.1,531126,1
CP048242.1,531371,1
CP048242.1,531455,1
CP048242.1,531476,1
CP048242.1,531482,1
CP048242.1,540177,1
CP048242.1,540313,2
CP048242.1,542648,1
CP048242.1,542713,1
CP048242.1,551435,2
CP048242.1,560811,1
CP048242.1,567237,1
CP048242.1,573075,1
CP048242.1,585388,1
CP048242.1,589403,1
CP048242.1,593170,1
CP048242.1,594007,1
CP048242.1,610550,2
CP048242.1,612490,1
CP048242.1,613557,1
CP048242.1,615678,1
CP048242.1,616558,1
CP048242.1,621389,1
CP048242.1,622395,1
CP048242.1,623362,1
CP048242.1,623422,1
CP048242.1,623845,1
CP048242.1,624147,2
CP048242.1,624154,1
CP048242.1,624645,1
CP048242.1,627775,1
CP048242.1,634995,1
CP048242.1,637719,2
CP048242.1,648055,1
CP048242.1,648616,1
CP048242.1,651529,1
CP048242.1,651666,1
CP048242.1,656690,1
CP048242.1,657221,1
CP048242.1,662751,1
CP048242.1,664803,1
CP048242.1,665220,2
CP048242.1,668232,1
CP048242.1,668398,1
CP048242.1,668458,1
CP048242.1,668555,2
CP048242.1,668560,1
CP048242.1,668563,1
CP048242.1,668649,1
CP048242.1,668803,1
CP048242.1,668934,1
CP048242.1,669930,1
CP048242.1,672228,1
CP048242.1,678951,1
CP048242.1,678989,1
CP048242.1,680928,1
CP048242.1,680993,1
CP048242.1,683212,1
CP048242.1,685563,1
CP048242.1,697950,1
CP048242.1,698622,1
CP048242.1,703390,1
CP048242.1,712039,2
CP048242.1,725568,1
CP048242.1,733116,1
CP048242.1,733264,2
CP048242.1,735171,1
CP048242.1,738655,1
CP048242.1,746990,1
CP048242.1,747033,1
CP048242.1,747922,1
CP048242.1,749631,1
CP048242.1,749795,2
CP048242.1,751383,1
CP048242.1,751580,1
CP048242.1,751648,1
CP048242.1,751790,1
CP048242.1,755442,1
CP048242.1,755529,1
CP048242.1,755538,2
CP048242.1,755756,1
CP048242.1,756098,1
CP048242.1,756125,1
CP048242.1,756250,1
CP048242.1,756813,1
CP048242.1,758533,1
CP048242.1,760319,1
CP048242.1,770705,1
CP048242.1,771370,2
CP048242.1,773289,1
CP048242.1,773718,3
CP048242.1,778171,1
CP048242.1,778178,1
CP048242.1,778523,1
CP048242.1,786477,1
CP048242.1,786521,2
CP048242.1,786551,1
CP048242.1,786572,1
CP048242.1,786652,1
CP048242.1,787248,1
CP048242.1,793724,1
CP048242.1,800691,1
CP048242.1,800788,1
CP048242.1,800815,2
CP048242.1,800858,1
CP048242.1,801097,3
CP048242.1,801209,2
CP048242.1,803295,3
CP048242.1,817994,1
CP048242.1,822969,1
CP048242.1,845330,1
CP048242.1,849926,1
CP048242.1,849961,1
CP048242.1,855690,1
CP048242.1,856246,1
CP048242.1,856391,1
CP048242.1,856423,1
CP048242.1,856476,1
CP048242.1,856714,1
CP048242.1,859860,1
CP048242.1,859924,1
CP048242.1,859926,1
CP048242.1,859993,1
CP048242.1,860000,1
CP048242.1,860050,1
CP048242.1,860912,2
CP048242.1,860929,1
CP048242.1,861052,1
CP048242.1,861118,1
CP048242.1,862096,2
CP048242.1,862450,1
CP048242.1,862451,1
CP048242.1,862506,1
CP048242.1,864460,2
CP048242.1,864598,1
CP048242.1,868445,1
CP048242.1,869811,1
CP048242.1,871495,1
CP048242.1,875063,1
CP048242.1,881883,2
CP048242.1,882374,1
CP048242.1,882922,1
CP048242.1,885691,1
CP048242.1,888637,1
CP048242.1,889098,1
CP048242.1,891572,1
CP048242.1,891579,1
CP048242.1,891719,2
CP048242.1,891999,1
CP048242.1,898271,1
CP048242.1,898387,5
CP048242.1,899477,1
CP048242.1,905685,1
CP048242.1,907076,1
CP048242.1,907166,1
CP048242.1,909028,1
CP048242.1,918483,1
CP048242.1,931311,1
CP048242.1,932507,1
CP048242.1,933756,1
CP048242.1,934435,2
CP048242.1,935268,1
CP048242.1,950626,1
CP048242.1,950684,1
CP048242.1,950784,1
CP048242.1,954048,1
CP048242.1,955414,1
CP048242.1,955973,1
CP048242.1,968997,1
CP048242.1,971259,1
CP048242.1,971792,1
CP048242.1,971859,1
CP048242.1,971862,1
CP048242.1,973247,2
CP048242.1,973299,2
CP048242.1,975648,1
CP048242.1,976057,1
CP048242.1,980095,1
CP048242.1,989785,2
CP048242.1,992967,1
CP048242.1,993345,1
CP048242.1,995579,1
CP048242.1,995583,4
CP048242.1,995590,10
CP048242.1,995830,3
CP048242.1,996021,2
CP048242.1,996114,2
CP048242.1,997708,1
CP048242.1,997833,1
CP048242.1,997925,2
CP048242.1,998043,1
CP048242.1,1000777,1
CP048242.1,1001167,3
CP048242.1,1001358,1
CP048242.1,1001840,2
CP048242.1,1002522,1
CP048242.1,1002718,1
CP048242.1,1003196,1
CP048242.1,1003925,1
CP048242.1,1003948,1
CP048242.1,1005077,1
CP048242.1,1005244,1
CP048242.1,1006769,1
CP048242.1,1010463,1
CP048242.1,1011093,1
CP048242.1,1012548,1
CP048242.1,1012554,1
CP048242.1,1012633,1
CP048242.1,1012672,1
CP048242.1,1012683,1
CP048242.1,1012772,1
CP048242.1,1012917,2
CP048242.1,1012926,1
CP048242.1,1012927,1
CP048242.1,1015016,1
CP048242.1,1017076,1
CP048242.1,1030458,1
CP048242.1,1030981,2
CP048242.1,1031022,1
CP048242.1,1031033,1
CP048242.1,1031218,1
CP048242.1,1031223,1
CP048242.1,1031647,1
CP048242.1,1032751,1
CP048242.1,1036285,1
CP048242.1,1037905,1
CP048242.1,1037937,1
CP048242.1,1038008,1
CP048242.1,1039889,3
CP048242.1,1039896,2
CP048242.1,1040182,1
CP048242.1,1040189,1
CP048242.1,1040197,1
CP048242.1,1043123,1
CP048242.1,1043441,1
CP048242.1,1048409,1
CP048242.1,1048548,1
CP048242.1,1050602,1
CP048242.1,1050604,2
CP048242.1,1051008,1
CP048242.1,1051332,1
CP048242.1,1051956,1
CP048242.1,1052292,1
CP048242.1,1054016,2
CP048242.1,1054073,1
CP048242.1,1054080,2
CP048242.1,1054166,1
CP048242.1,1054313,2
CP048242.1,1054342,3
CP048242.1,1054379,1
CP048242.1,1054433,1
CP048242.1,1054518,2
CP048242.1,1054525,1
CP048242.1,1054533,1
CP048242.1,1054583,1
CP048242.1,1054590,2
CP048242.1,1054625,1
CP048242.1,1054663,2
CP048242.1,1054668,2
CP048242.1,1054674,1
CP048242.1,1054675,3
CP048242.1,1054681,4
CP048242.1,1054699,1
CP048242.1,1054706,1
CP048242.1,1054720,1
CP048242.1,1054727,2
CP048242.1,1054757,1
CP048242.1,1054798,1
CP048242.1,1054839,2
CP048242.1,1054932,1
CP048242.1,1055502,1
CP048242.1,1057658,1
CP048242.1,1057721,1
CP048242.1,1057741,1
CP048242.1,1057789,1
CP048242.1,1057852,1
CP048242.1,1058324,1
CP048242.1,1059153,1
CP048242.1,1059810,1
CP048242.1,1060279,1
CP048242.1,1068928,1
CP048242.1,1069011,2
CP048242.1,1069105,2
CP048242.1,1069124,1
CP048242.1,1069629,1
CP048242.1,1070134,1
CP048242.1,1070692,1
CP048242.1,1071289,1
CP048242.1,1071827,1
CP048242.1,1073242,1
CP048242.1,1074216,1
CP048242.1,1077254,1
CP048242.1,1077255,1
CP048242.1,1078437,1
CP048242.1,1082712,1
CP048242.1,1085136,1
CP048242.1,1089217,1
CP048242.1,1089406,1
CP048242.1,1090016,1
CP048242.1,1090149,1
CP048242.1,1090154,1
CP048242.1,1090169,1
CP048242.1,1090225,1
CP048242.1,1090235,1
CP048242.1,1090248,2
CP048242.1,1090278,2
CP048242.1,1090291,1
CP048242.1,1090315,2
CP048242.1,1090322,1
CP048242.1,1092824,2
CP048242.1,1092854,1
CP048242.1,1096934,1
CP048242.1,1098830,1
CP048242.1,1098854,1
CP048242.1,1098861,1
CP048242.1,1098896,1
CP048242.1,1099010,1
CP048242.1,1103244,1
CP048242.1,1103257,1
CP048242.1,1103264,1
CP048242.1,1103266,2
CP048242.1,1103632,1
CP048242.1,1103699,1
CP048242.1,1115677,1
CP048242.1,1115953,1
CP048242.1,1116009,1
CP048242.1,1131074,1
CP048242.1,1131275,1
CP048242.1,1135839,2
CP048242.1,1135857,1
CP048242.1,1136839,1
CP048242.1,1138601,3
CP048242.1,1141611,2
CP048242.1,1168081,1
CP048242.1,1172661,1
CP048242.1,1172668,2
CP048242.1,1172710,2
CP048242.1,1172930,1
CP048242.1,1173656,1
CP048242.1,1173701,2
CP048242.1,1174230,3
CP048242.1,1174979,1
CP048242.1,1175143,1
CP048242.1,1175566,1
CP048242.1,1176281,1
CP048242.1,1176408,1
CP048242.1,1176875,1
CP048242.1,1177025,1
CP048242.1,1177173,4
CP048242.1,1177216,1
CP048242.1,1184974,1
CP048242.1,1194296,1
CP048242.1,1198282,1
CP048242.1,1202367,1
CP048242.1,1202431,1
CP048242.1,1205982,1
CP048242.1,1207649,1
CP048242.1,1208157,1
CP048242.1,1208981,1
CP048242.1,1224476,1
CP048242.1,1227851,1
CP048242.1,1227944,1
CP048242.1,1228201,1
CP048242.1,1228228,1
CP048242.1,1236823,1
CP048242.1,1242111,1
CP048242.1,1242160,1
CP048242.1,1244597,1
CP048242.1,1245682,1
CP048242.1,1245769,1
CP048242.1,1245785,1
CP048242.1,1248327,1
CP048242.1,1249472,1
CP048242.1,1249723,1
CP048242.1,1249730,4
CP048242.1,1249769,1
CP048242.1,1249826,1
CP048242.1,1250333,1
CP048242.1,1255346,1
CP048242.1,1263574,1
CP048242.1,1263581,3
CP048242.1,1263731,1
CP048242.1,1265680,1
CP048242.1,1270086,2
CP048242.1,1270625,2
CP048242.1,1275383,2
CP048242.1,1275698,1
CP048242.1,1284970,1
CP048242.1,1285250,1
CP048242.1,1285774,1
CP048242.1,1286488,2
CP048242.1,1306184,1
CP048242.1,1306419,1
CP048242.1,1306973,1
CP048242.1,1306976,1
CP048242.1,1307185,1
CP048242.1,1307464,1
CP048242.1,1307877,1
CP048242.1,1307890,1
CP048242.1,1313270,1
CP048242.1,1313652,3
CP048242.1,1316377,1
CP048242.1,1317740,3
CP048242.1,1318167,1
CP048242.1,1319259,1
CP048242.1,1320348,1
CP048242.1,1341478,1
CP048242.1,1349317,1
CP048242.1,1358760,1
CP048242.1,1358767,2
CP048242.1,1369166,1
CP048242.1,1369169,2
CP048242.1,1386236,1
CP048242.1,1393291,1
CP048242.1,1396281,1
CP048242.1,1402304,1
CP048242.1,1403386,3
CP048242.1,1403472,1
CP048242.1,1408500,2
CP048242.1,1408720,2
CP048242.1,1420240,1
CP048242.1,1421693,1
